timestamp,trade_direction,label,ml_prob,ml_prob_elite,ml_prob_top,ml_prob_ensemble,quality_score,ensemble_votes
2025-05-13 15:10:00+00:00,long,0,0.0005576448,0.00038035217,0.0035644749,0.16746038,2,0
2025-05-13 15:11:00+00:00,long,0,0.0002377291,0.0002503834,0.0026400678,0.1674634,2,0
2025-05-13 15:12:00+00:00,long,0,0.00738267,0.008227875,0.058140345,0.17379083,2,0
2025-05-13 15:13:00+00:00,long,0,0.00022417835,0.00023829234,0.004055364,0.16742398,2,0
2025-05-13 15:14:00+00:00,long,0,0.00028095735,0.00013461524,0.0016463905,0.16878082,2,0
2025-05-13 15:15:00+00:00,long,0,0.0006377171,0.00030082767,0.0069489,0.16778512,2,0
2025-05-13 15:16:00+00:00,long,0,0.00029340165,0.0001190422,0.0019264092,0.16757862,2,0
2025-05-13 15:17:00+00:00,long,0,0.0016027924,0.0010392774,0.017930884,0.16993064,2,0
2025-05-13 15:18:00+00:00,long,0,0.0047664717,0.0016765799,0.08967972,0.17319097,2,0
2025-05-13 15:19:00+00:00,long,0,0.0023230475,0.00075480767,0.0096793575,0.17234325,2,0
2025-05-13 15:20:00+00:00,long,0,0.000882648,0.00025392315,0.0055219308,0.16740763,2,0
2025-05-13 15:21:00+00:00,long,0,0.0042700423,0.032605495,0.4075268,0.18706793,2,0
2025-05-13 15:22:00+00:00,long,0,0.00024699632,0.0001832278,0.0023981987,0.16914274,2,0
2025-05-13 15:23:00+00:00,long,0,0.004660248,0.00433033,0.1096378,0.17165686,2,0
2025-05-13 15:24:00+00:00,long,0,0.0023667521,0.004048387,0.42182654,0.17009889,2,0
2025-05-13 15:25:00+00:00,long,0,0.02377506,0.88011295,0.5512402,0.17148937,1,0
2025-05-13 15:26:00+00:00,long,0,0.00053957093,0.00028331124,0.005217603,0.17312557,2,0
2025-05-13 15:27:00+00:00,long,0,0.007817878,0.002835664,0.2000299,0.17417996,2,0
2025-05-13 15:28:00+00:00,long,0,0.00034346516,0.0005076455,0.0026340683,0.16761416,2,0
2025-05-13 15:29:00+00:00,long,0,0.00088021444,0.0005696833,0.0075649526,0.16771042,2,0
2025-05-13 15:30:00+00:00,long,0,0.0003032575,0.00016655253,0.0019593318,0.1672924,2,0
2025-05-13 15:31:00+00:00,long,0,0.00040182602,0.00016564471,0.001877227,0.1696691,2,0
2025-05-13 15:32:00+00:00,long,0,0.010775603,0.0033983914,0.3544511,0.17306828,2,0
2025-05-13 15:33:00+00:00,long,0,0.0004937961,0.00017165729,0.0080021955,0.1677923,2,0
2025-05-13 15:34:00+00:00,long,0,0.00030196412,0.00025038482,0.0031580464,0.16730262,2,0
2025-05-13 15:35:00+00:00,long,0,0.004673788,0.0024028667,0.15362005,0.17242475,2,0
2025-05-13 15:36:00+00:00,long,0,0.000758214,0.00025200765,0.006577989,0.16749047,2,0
2025-05-13 15:37:00+00:00,long,0,0.0006464423,0.0001090084,0.0017305639,0.16884576,2,0
2025-05-13 15:38:00+00:00,long,0,0.3005605,0.35676202,0.7579903,0.23650937,2,0
2025-05-13 15:39:00+00:00,long,0,0.0008259345,0.00035159793,0.012849986,0.16856098,2,0
2025-05-13 15:40:00+00:00,long,0,0.0011291326,0.00043127715,0.007998245,0.17043483,2,0
2025-05-13 15:41:00+00:00,long,0,0.008618819,0.001982198,0.04552077,0.17981471,2,0
2025-05-13 15:42:00+00:00,long,0,0.00040044577,0.00039443158,0.0020165625,0.16732581,2,0
2025-05-13 15:43:00+00:00,long,0,0.0034350385,0.0009781142,0.012640015,0.17025392,2,0
2025-05-13 15:44:00+00:00,long,0,0.16385514,0.082795076,0.7385959,0.2348425,2,0
2025-05-13 15:45:00+00:00,long,0,0.0017865177,0.0018590133,0.05406829,0.17316735,2,0
2025-05-13 15:46:00+00:00,long,0,0.00046808418,0.00072523236,0.004913235,0.16745062,2,0
2025-05-13 15:47:00+00:00,long,0,0.0046688993,0.005037908,0.10700927,0.17496608,2,0
2025-05-13 15:48:00+00:00,long,0,0.0012689686,0.00096906803,0.0107930405,0.1719206,2,0
2025-05-13 15:49:00+00:00,long,0,0.0006607245,0.00078974443,0.005486779,0.16791934,2,0
2025-05-13 15:50:00+00:00,long,0,0.14929588,0.007315843,0.41000408,0.18843645,2,0
2025-05-14 14:19:00+00:00,long,0,0.00035480654,0.01551537,0.0001468635,0.17526227,1,0
2025-05-14 14:20:00+00:00,long,0,0.0008432207,0.41033918,0.001944186,0.30627844,1,0
2025-05-14 14:21:00+00:00,short,0,0.0024754016,0.000433177,0.003219078,0.17628787,2,0
2025-05-14 14:22:00+00:00,long,0,0.0014254331,0.76326245,0.001733905,0.29797527,1,0
2025-05-14 14:23:00+00:00,short,0,0.0017999936,0.00030933207,0.0016299644,0.2174102,2,0
2025-05-14 14:24:00+00:00,long,0,0.00068071915,0.00017940237,0.00038580902,0.18248577,2,0
2025-05-14 14:25:00+00:00,long,0,0.00089410477,0.10349101,0.000461853,0.19802678,1,0
2025-05-14 14:26:00+00:00,long,0,0.0006661256,0.035396855,0.00053656526,0.17743273,1,0
2025-05-14 14:27:00+00:00,long,0,0.0005544678,0.036707606,0.0003467701,0.17298956,1,0
2025-05-14 14:28:00+00:00,long,0,0.0003497634,0.3404094,0.0005374185,0.23596312,1,0
2025-05-14 14:29:00+00:00,long,0,0.00082898117,0.8189832,0.001984708,0.33113456,1,0
2025-05-14 14:30:00+00:00,short,0,0.0011293886,0.025674472,0.0016356013,0.17618652,1,0
2025-05-14 14:31:00+00:00,long,0,0.00045181104,0.01551977,0.00021912152,0.16966695,1,0
2025-05-14 14:32:00+00:00,short,0,0.00036593416,0.00014911222,0.00030400752,0.16977811,2,0
2025-05-14 14:33:00+00:00,short,0,0.0009364849,0.00025909004,0.0034840617,0.17753364,2,0
2025-05-14 14:34:00+00:00,long,0,0.00025083093,0.0001400648,0.0002884362,0.1692698,2,0
2025-05-14 14:35:00+00:00,long,0,0.00081705686,0.5904159,0.0016589541,0.2576673,1,0
2025-05-14 14:36:00+00:00,long,0,0.00012859298,0.052545372,0.000477268,0.19834082,1,0
2025-05-14 14:37:00+00:00,long,0,0.00019624084,0.03371413,0.0002943871,0.17762566,1,0
2025-05-14 14:38:00+00:00,short,0,0.00024111163,0.01955657,0.0005960469,0.17489934,1,0
2025-05-14 14:39:00+00:00,short,0,0.0007778547,0.00022119164,0.0026245757,0.17334193,2,0
2025-05-14 14:40:00+00:00,short,0,0.0003511392,0.0006636499,0.00043577072,0.16879213,2,0
2025-05-14 14:41:00+00:00,short,0,0.0013268926,0.0017075854,0.0031745154,0.17315723,2,0
2025-05-14 14:42:00+00:00,short,0,0.23564512,0.13003078,0.4749448,0.3851076,2,0
2025-05-14 14:43:00+00:00,short,0,0.0006591841,0.0012239185,0.000433591,0.16949902,2,0
2025-05-14 14:44:00+00:00,short,1,0.95460886,0.9085173,0.881577,0.68914247,3,2
2025-05-14 14:45:00+00:00,short,0,0.0021939864,0.006852732,0.0035563493,0.2073152,2,0
2025-05-14 14:46:00+00:00,long,0,0.00037669158,0.0011038502,0.00028499332,0.17678587,2,0
2025-05-14 14:47:00+00:00,long,0,0.00032745345,0.0044127377,0.00099567,0.19482772,2,0
2025-05-14 14:48:00+00:00,long,0,0.00034047398,0.041518718,0.00010835042,0.16806148,1,0
2025-05-14 14:49:00+00:00,short,0,0.0016265034,0.0025414024,0.0050368877,0.18261282,2,0
2025-05-14 14:50:00+00:00,short,0,0.0006821709,0.00088581705,0.0005016656,0.16899775,2,0
2025-05-14 14:51:00+00:00,short,0,0.00080750894,0.0011552734,0.0013193054,0.1750058,2,0
2025-05-14 14:52:00+00:00,long,0,0.00021119937,0.3729176,0.0006664222,0.17740303,1,0
2025-05-14 14:53:00+00:00,short,0,0.000534475,0.05208694,0.00045207338,0.16893746,1,0
2025-05-14 14:54:00+00:00,short,0,0.0006552999,0.051946975,0.00097718,0.16889483,1,0
2025-05-14 14:55:00+00:00,long,0,0.00023546204,0.2242526,0.0006588798,0.18395595,1,0
2025-05-14 14:56:00+00:00,long,0,0.00024653942,0.02478998,0.00033385848,0.17034884,1,0
2025-05-14 14:57:00+00:00,short,0,0.00037944625,0.03490353,0.00055038836,0.16864686,1,0
2025-05-14 14:58:00+00:00,long,0,0.00042646876,0.07362783,0.0011240082,0.16958626,1,0
2025-05-14 14:59:00+00:00,short,0,0.0003670373,0.03978048,0.0013347612,0.17317057,1,0
2025-05-14 15:00:00+00:00,short,0,0.0005007421,0.06738505,0.0012244316,0.1874099,1,0
2025-05-14 15:01:00+00:00,short,0,0.00011612036,0.030193098,0.00021169311,0.17007452,1,0
2025-05-14 15:02:00+00:00,long,0,0.00015059784,0.029260138,0.0004906623,0.17195402,1,0
2025-05-14 15:03:00+00:00,short,0,0.00013727856,0.012889526,0.00020713164,0.1707201,1,0
2025-05-14 15:04:00+00:00,short,0,0.00016723332,0.019124864,0.00022735941,0.16974519,1,0
2025-05-14 15:05:00+00:00,long,0,8.2190374e-05,0.008579156,8.5298496e-05,0.1675381,1,0
2025-05-14 15:06:00+00:00,long,0,9.752662e-05,0.03462565,0.00042802785,0.17170306,1,0
2025-05-14 15:07:00+00:00,long,0,7.135468e-05,0.007941581,0.00019657868,0.16767383,1,0
2025-05-14 15:08:00+00:00,long,0,6.9151174e-05,0.0083060125,0.00029554602,0.1676432,1,0
2025-05-14 15:09:00+00:00,short,0,0.0003488604,0.03533943,0.0038603626,0.18522221,1,0
2025-05-14 15:10:00+00:00,long,0,0.00042754094,0.46304432,0.001306852,0.20969112,1,0
2025-05-14 15:11:00+00:00,long,0,0.00016027417,0.014784033,0.000283592,0.16813207,1,0
2025-05-14 15:12:00+00:00,long,0,0.000730425,0.6697652,0.0026371968,0.241921,1,0
2025-05-14 15:13:00+00:00,short,0,0.00061979645,0.042636223,0.0006585016,0.19338353,1,0
2025-05-14 15:14:00+00:00,short,0,0.0024113527,0.15156382,0.007429874,0.17836235,1,0
2025-05-14 15:15:00+00:00,short,0,0.0031356527,0.0029470564,0.0053174184,0.19500327,2,0
2025-05-14 15:16:00+00:00,long,0,0.00050763076,0.13535875,0.0004368042,0.18491149,1,0
2025-05-14 15:17:00+00:00,short,0,0.0013003282,0.0016141398,0.0018005866,0.19690712,2,0
2025-05-14 15:18:00+00:00,short,0,0.00061800005,0.0007908104,0.00015818066,0.1704818,2,0
2025-05-14 15:19:00+00:00,short,0,0.0033166476,0.005082356,0.0065158005,0.18517299,2,0
2025-05-14 15:20:00+00:00,long,0,0.00018460845,0.00066599454,0.00023718122,0.174447,2,0
2025-05-14 15:21:00+00:00,short,0,0.00096834346,0.0022438394,0.0019559965,0.2251326,2,0
2025-05-14 15:22:00+00:00,short,0,0.0003102651,0.00082759757,0.000114299466,0.17402834,2,0
2025-05-14 15:23:00+00:00,short,0,0.00083018234,0.0021981576,0.00038368022,0.22332998,2,0
2025-05-14 15:24:00+00:00,long,0,0.0052625095,0.9651389,0.012614367,0.20910461,1,0
2025-05-14 15:25:00+00:00,short,0,0.0019432489,0.22807644,0.010163242,0.20102334,1,0
2025-05-14 15:26:00+00:00,short,0,0.0026044918,0.0023710523,0.0057160286,0.1851929,2,0
2025-05-14 15:27:00+00:00,short,0,0.0011135517,0.0021919925,0.00081288663,0.19510119,2,0
2025-05-14 15:28:00+00:00,short,0,0.0032808569,0.00868652,0.006594468,0.18984152,2,0
2025-05-14 15:29:00+00:00,short,0,0.00075904105,0.00075077993,0.00027164313,0.1698404,2,0
2025-05-14 15:30:00+00:00,long,0,0.0003029266,0.00042111197,0.00014023465,0.16768299,2,0
2025-05-14 15:31:00+00:00,short,0,0.0005173346,0.00082420994,0.00023326415,0.1701308,2,0
2025-05-14 15:32:00+00:00,long,0,0.0007248444,0.05681551,0.0005227046,0.17139082,1,0
2025-05-14 15:33:00+00:00,short,0,0.0009799742,0.06658457,0.0006969486,0.1764955,1,0
2025-05-14 15:34:00+00:00,long,0,0.00021722709,0.024930412,5.8922968e-05,0.1675002,1,0
2025-05-14 15:35:00+00:00,long,0,0.00027617897,0.035509866,0.0006968683,0.17100857,1,0
2025-05-14 15:36:00+00:00,short,0,0.0031506636,0.11563285,0.002630503,0.18390237,1,0
2025-05-14 15:37:00+00:00,short,0,0.002146221,0.097825855,0.0012474159,0.18564034,1,0
2025-05-14 15:38:00+00:00,short,0,0.012675788,0.0053038793,0.017263256,0.19331758,2,0
2025-05-14 15:39:00+00:00,long,0,0.0002753781,0.043631878,0.0013629438,0.171489,1,0
2025-05-14 15:40:00+00:00,long,0,0.0027766663,0.82890236,0.003537017,0.17593515,1,0
2025-05-14 15:41:00+00:00,long,0,0.000117402866,0.025067888,0.00023697889,0.1675247,1,0
2025-05-14 15:42:00+00:00,short,0,0.0002654013,0.03625333,0.00036056666,0.1692846,1,0
2025-05-14 15:43:00+00:00,long,0,0.00014549821,0.032734472,0.00039702494,0.17031185,1,0
2025-05-14 15:44:00+00:00,long,0,0.00018120166,0.037687156,0.000163475,0.16816853,1,0
2025-05-14 15:45:00+00:00,long,0,0.0002852143,0.0835628,0.0004499279,0.19200332,1,0
2025-05-14 15:46:00+00:00,short,0,0.0013764441,0.10428232,0.001973053,0.24529307,1,0
2025-05-14 15:47:00+00:00,short,0,0.0012898699,0.110875286,0.00079871895,0.24418329,1,0
2025-05-14 15:48:00+00:00,short,0,0.009383978,0.0072601484,0.0026398494,0.28310767,2,0
2025-05-14 15:49:00+00:00,short,0,0.0003806235,0.068246245,0.00034618512,0.17144705,1,0
2025-05-14 15:50:00+00:00,long,0,0.0011448141,0.56527793,0.0015585144,0.28652206,1,0
2025-05-15 14:19:00+00:00,short,0,0.0010865958,0.37743336,0.001114054,0.18595289,1,0
2025-05-15 14:20:00+00:00,long,0,0.013831331,0.8802846,0.058795843,0.20391057,1,0
2025-05-15 14:21:00+00:00,long,0,0.006947795,0.7220728,0.06463449,0.2058687,1,0
2025-05-15 14:22:00+00:00,long,0,0.0016029777,0.50083536,0.009004659,0.18368931,1,0
2025-05-15 14:23:00+00:00,short,0,0.0043223337,0.9414475,0.004078367,0.21553521,1,0
2025-05-15 14:24:00+00:00,long,0,0.17978933,0.9683515,0.6422016,0.31352356,1,0
2025-05-15 14:25:00+00:00,short,0,0.0017736009,0.44356978,0.0024950053,0.18442695,1,0
2025-05-15 14:26:00+00:00,long,0,0.007279695,0.6795384,0.051310934,0.21239237,1,0
2025-05-15 14:27:00+00:00,long,0,0.0015201567,0.5473974,0.00801522,0.18627013,1,0
2025-05-15 14:28:00+00:00,long,1,0.9608323,0.9899156,0.8769579,0.7358087,2,2
2025-05-15 14:29:00+00:00,long,0,0.035869274,0.95403874,0.17871353,0.2699758,1,0
2025-05-15 14:30:00+00:00,short,0,0.00019048068,0.12908281,0.00051293656,0.17253534,1,0
2025-05-15 14:31:00+00:00,short,0,0.00038168725,0.08752939,0.00025244677,0.17238061,1,0
2025-05-15 14:32:00+00:00,long,0,0.085200846,0.97208774,0.8707116,0.39564228,1,0
2025-05-15 14:33:00+00:00,short,0,0.00016679952,0.111927666,0.00032657833,0.17538549,1,0
2025-05-15 14:34:00+00:00,short,0,0.00015019286,0.095368676,0.00027830972,0.17431618,1,0
2025-05-15 14:35:00+00:00,short,0,0.0068261656,0.96110106,0.006263426,0.18447433,1,0
2025-05-15 14:36:00+00:00,short,0,0.00028708883,0.1656432,0.0005431605,0.18368445,1,0
2025-05-15 14:37:00+00:00,short,0,0.00038014757,0.20297872,0.001336413,0.19114733,1,0
2025-05-15 14:38:00+00:00,short,0,0.00015884827,0.27272895,0.0012981021,0.19433928,1,0
2025-05-15 14:39:00+00:00,short,0,0.00023140297,0.2509377,0.0016311754,0.20770425,1,0
2025-05-15 14:40:00+00:00,long,0,0.040753204,0.9697383,0.4499713,0.38701102,1,0
2025-05-15 14:41:00+00:00,short,0,0.01223225,0.9449393,0.010887585,0.1936434,1,0
2025-05-15 14:42:00+00:00,long,0,0.18011771,0.9886154,0.3744974,0.36707136,1,0
2025-05-15 14:43:00+00:00,short,0,0.00018714282,0.14698473,0.00093793595,0.18018395,1,0
2025-05-15 14:44:00+00:00,long,0,0.3559133,0.980232,0.8197027,0.5785553,1,0
2025-05-15 14:45:00+00:00,long,1,0.9641081,0.98981315,0.9404341,0.77907324,2,2
2025-05-15 14:46:00+00:00,short,0,0.0004126384,0.1107163,0.0010405664,0.17431158,1,0
2025-05-15 14:47:00+00:00,short,0,0.0033552214,0.40341112,0.0025823787,0.17696221,1,0
2025-05-15 14:48:00+00:00,short,0,0.0032300933,0.42415357,0.0025823787,0.17677395,1,0
2025-05-15 14:49:00+00:00,short,0,0.0023049333,0.3043984,0.002861625,0.17829318,1,0
2025-05-15 14:50:00+00:00,short,0,0.0022844817,0.2833783,0.00296929,0.18060152,1,0
2025-05-15 14:51:00+00:00,long,0,0.00080971734,0.18893488,0.010070535,0.29482862,1,0
2025-05-15 14:52:00+00:00,long,0,0.0067622303,0.9104493,0.069252566,0.39479002,1,0
2025-05-15 14:53:00+00:00,short,0,0.00043365217,0.09712357,0.0006973801,0.18055622,1,0
2025-05-15 14:54:00+00:00,long,0,0.00080313865,0.22445114,0.01650541,0.31682375,1,0
2025-05-15 14:55:00+00:00,short,0,0.0007259318,0.1685922,0.0013160877,0.33559215,1,0
2025-05-15 14:56:00+00:00,long,0,0.02580657,0.94386494,0.057189755,0.47290552,1,1
2025-05-15 14:57:00+00:00,short,0,0.00057286676,0.08678058,0.0017178407,0.26766837,1,0
2025-05-15 14:58:00+00:00,long,1,0.9563349,0.9931716,0.9265127,0.711999,2,2
2025-05-15 14:59:00+00:00,long,0,0.06555915,0.9777034,0.30841288,0.5860924,1,1
2025-05-15 15:00:00+00:00,short,0,0.0012605451,0.18322715,0.0015956933,0.17324291,1,0
2025-05-15 15:01:00+00:00,long,0,0.005091534,0.8763672,0.011749605,0.39250693,1,0
2025-05-15 15:02:00+00:00,long,0,0.0010087129,0.49082032,0.0036999546,0.179574,1,0
2025-05-15 15:03:00+00:00,long,0,0.00043496996,0.14058037,0.0013253285,0.17643726,1,0
2025-05-15 15:04:00+00:00,long,0,0.0013497382,0.86522293,0.0058975983,0.20687942,1,0
2025-05-15 15:05:00+00:00,long,0,0.00064971927,0.113034405,0.0013404845,0.17738922,1,0
2025-05-15 15:06:00+00:00,long,0,0.0009258528,0.12529,0.0014998262,0.18627018,1,0
2025-05-15 15:07:00+00:00,long,1,0.9486644,0.9811756,0.7899949,0.6542681,2,2
2025-05-15 15:08:00+00:00,long,0,0.033613056,0.9249188,0.04448038,0.43431926,1,0
2025-05-15 15:09:00+00:00,long,0,0.01106187,0.90542686,0.02742004,0.40057668,1,0
2025-05-15 15:10:00+00:00,short,0,0.0015685465,0.282314,0.0057050064,0.20950119,1,0
2025-05-15 15:11:00+00:00,long,0,0.0006827303,0.29954356,0.006016731,0.18034635,1,0
2025-05-15 15:12:00+00:00,short,0,0.0025932873,0.45017046,0.010617426,0.2302324,1,0
2025-05-15 15:13:00+00:00,long,0,0.037439127,0.9396538,0.11612091,0.4446312,1,0
2025-05-15 15:14:00+00:00,long,0,0.0025040705,0.28313917,0.059771325,0.26424077,1,0
2025-05-15 15:15:00+00:00,long,0,0.00268584,0.44861352,0.098615885,0.26132396,1,0
2025-05-15 15:16:00+00:00,long,0,0.0013734782,0.53517956,0.006146339,0.19614802,1,0
2025-05-15 15:17:00+00:00,long,0,0.00074370176,0.22930646,0.0048861615,0.18309952,1,0
2025-05-15 15:18:00+00:00,long,0,0.0015793098,0.5134064,0.005966858,0.19441986,1,0
2025-05-15 15:19:00+00:00,long,0,0.0009666557,0.26679537,0.007158046,0.20696199,1,0
2025-05-15 15:20:00+00:00,long,0,0.0017912195,0.31747237,0.036477998,0.2790152,1,0
2025-05-15 15:21:00+00:00,long,0,0.00043018453,0.057957217,0.0020535784,0.17344029,1,0
2025-05-15 15:22:00+00:00,long,0,0.0036869296,0.31625488,0.042283975,0.19754879,1,0
2025-05-15 15:23:00+00:00,long,0,0.22946517,0.9843797,0.8342383,0.6944949,1,1
2025-05-15 15:24:00+00:00,long,0,0.0002960858,0.11471739,0.0025134843,0.20055848,1,0
2025-05-15 15:25:00+00:00,long,0,0.035454012,0.72901845,0.4074729,0.44195977,1,0
2025-05-15 15:26:00+00:00,long,0,0.00030071294,0.05246052,0.0012181057,0.19135028,1,0
2025-05-15 15:27:00+00:00,long,0,0.06922903,0.9627105,0.5687094,0.5912377,1,0
2025-05-15 15:28:00+00:00,long,0,0.00040734126,0.27086774,0.0034833017,0.19072978,1,0
2025-05-15 15:29:00+00:00,long,0,0.00060271216,0.111169964,0.0015337944,0.1940565,1,0
2025-05-15 15:30:00+00:00,long,0,0.00059127767,0.1047006,0.0023823087,0.2101301,1,0
2025-05-15 15:31:00+00:00,long,0,0.033068363,0.9106876,0.31628388,0.4266379,1,0
2025-05-15 15:32:00+00:00,long,0,0.0049463687,0.3366695,0.058150973,0.29054287,1,0
2025-05-15 15:33:00+00:00,long,0,0.020827971,0.9226101,0.28393623,0.4218906,1,0
2025-05-15 15:34:00+00:00,long,0,0.09704073,0.9704264,0.5052939,0.56044185,1,1
2025-05-15 15:35:00+00:00,short,0,0.09779937,0.9522996,0.4711418,0.69219583,1,2
2025-05-15 15:36:00+00:00,long,0,0.0012496356,0.1536036,0.028785681,0.3738111,1,0
2025-05-15 15:37:00+00:00,long,0,0.0123787,0.9625426,0.047572896,0.2618756,1,0
2025-05-15 15:38:00+00:00,short,0,0.13533443,0.9620466,0.43176106,0.7127969,1,2
2025-05-15 15:39:00+00:00,long,0,0.0008552908,0.1986566,0.031987526,0.32863227,1,0
2025-05-15 15:40:00+00:00,long,0,0.0014696178,0.08344734,0.01309124,0.18854223,1,0
2025-05-15 15:41:00+00:00,long,0,0.0019622291,0.1765248,0.018987134,0.25268188,1,0
2025-05-15 15:42:00+00:00,long,0,0.016132062,0.86162114,0.18638796,0.3852457,1,0
2025-05-15 15:43:00+00:00,long,0,0.0006706182,0.07315027,0.005407508,0.23597692,1,0
2025-05-15 15:44:00+00:00,long,0,0.00021743514,0.0526426,0.0011274569,0.18653186,1,0
2025-05-15 15:45:00+00:00,long,0,0.070101395,0.9600664,0.361394,0.5238759,1,1
2025-05-15 15:46:00+00:00,long,0,0.0011856378,0.20672609,0.0061104354,0.18388379,1,0
2025-05-15 15:47:00+00:00,long,0,0.0008054222,0.11196258,0.0021297662,0.17779064,1,0
2025-05-15 15:48:00+00:00,long,0,0.0008167871,0.09442666,0.0020430156,0.17771985,1,0
2025-05-15 15:49:00+00:00,long,1,0.9744879,0.9986076,0.9199611,0.7691629,2,2
2025-05-15 15:50:00+00:00,long,0,0.056441586,0.9604295,0.37929687,0.5940128,1,1
2025-05-16 14:19:00+00:00,long,0,0.002689361,0.0014650758,0.032744963,0.17613842,2,0
2025-05-16 14:20:00+00:00,long,0,0.07201646,0.03136741,0.078529425,0.4976921,2,0
2025-05-16 14:21:00+00:00,long,0,0.00037871354,0.00038061876,0.0028476717,0.1740899,2,0
2025-05-16 14:22:00+00:00,long,0,0.000623293,0.00044043324,0.0037133307,0.17485644,2,0
2025-05-16 14:23:00+00:00,long,0,0.002739433,0.002777427,0.0056802216,0.20073044,2,0
2025-05-16 14:24:00+00:00,long,0,0.0022227596,0.0015140034,0.008308605,0.17449759,2,0
2025-05-16 14:25:00+00:00,long,0,0.007156566,0.021120833,0.15807249,0.24931248,2,0
2025-05-16 14:26:00+00:00,long,0,0.00074550876,0.0012890827,0.0033758888,0.17450601,2,0
2025-05-16 14:27:00+00:00,long,0,0.014169068,0.018178174,0.020160396,0.27443245,2,0
2025-05-16 14:28:00+00:00,long,0,0.0017322288,0.0017057452,0.004529739,0.17540328,2,0
2025-05-16 14:29:00+00:00,long,0,0.010167905,0.01679867,0.016939845,0.24390507,2,0
2025-05-16 14:30:00+00:00,long,0,0.0019931593,0.00086432614,0.004142931,0.17211944,2,0
2025-05-16 14:31:00+00:00,long,0,0.00347992,0.0033549818,0.005803192,0.17923667,2,0
2025-05-16 14:32:00+00:00,long,0,0.019687474,0.015584585,0.017465193,0.21329308,2,0
2025-05-16 14:33:00+00:00,long,0,0.10224589,0.07515633,0.14503999,0.54482526,2,0
2025-05-16 14:34:00+00:00,long,0,0.11915051,0.9493846,0.24955602,0.3925706,1,0
2025-05-16 14:35:00+00:00,long,1,0.9825966,0.9965849,0.94462574,0.7904044,2,2
2025-05-16 14:36:00+00:00,long,0,0.003326357,0.15316655,0.010644714,0.1875201,1,0
2025-05-16 14:37:00+00:00,long,0,0.017663186,0.5511427,0.04669001,0.24588688,1,0
2025-05-16 14:38:00+00:00,long,0,0.0013296498,0.00084553816,0.0010204002,0.17119813,2,0
2025-05-16 14:39:00+00:00,long,0,0.00027233813,0.00010374355,0.0010433949,0.16887517,2,0
2025-05-16 14:40:00+00:00,long,0,0.00036159833,0.00031272465,0.00087248476,0.17239487,2,0
2025-05-16 14:41:00+00:00,long,0,0.0012005761,0.003233007,0.004577402,0.23016942,2,0
2025-05-16 14:42:00+00:00,long,0,0.0010795009,0.0009001447,0.0011884907,0.17313515,2,0
2025-05-16 14:43:00+00:00,long,0,0.009141583,0.04753424,0.012126292,0.31592706,2,0
2025-05-16 14:44:00+00:00,long,0,0.00037157297,0.00065467914,0.000900116,0.17813891,2,0
2025-05-16 14:45:00+00:00,long,0,0.00039995267,0.00044760038,0.0008278551,0.17851524,2,0
2025-05-16 14:46:00+00:00,long,0,0.0011064301,0.00071794353,0.0052209552,0.17955337,2,0
2025-05-16 14:47:00+00:00,long,1,0.98427385,0.957472,0.8834754,0.7550687,3,2
2025-05-16 14:48:00+00:00,long,0,0.0018633247,0.0005530071,0.0010850722,0.21873617,2,0
2025-05-16 14:49:00+00:00,long,1,0.9832177,0.95240986,0.87558687,0.766088,3,2
2025-05-16 14:50:00+00:00,long,0,0.002024761,0.0015436235,0.0063863145,0.19512387,2,0
2025-05-16 14:51:00+00:00,long,0,0.0005057358,0.0005817256,0.0040374026,0.21030915,2,0
2025-05-16 14:52:00+00:00,long,0,0.0012801625,0.0030787515,0.015558461,0.25847962,2,0
2025-05-16 14:53:00+00:00,long,0,0.0173313,0.03977373,0.13651617,0.4261378,2,0
2025-05-16 14:54:00+00:00,long,0,0.0011421671,0.001864707,0.003647009,0.173171,2,0
2025-05-16 14:55:00+00:00,long,0,0.00016079968,0.0005426466,0.001032087,0.17854281,2,0
2025-05-16 14:56:00+00:00,long,0,0.00021838193,0.00051724014,0.0052943383,0.20959474,2,0
2025-05-16 14:57:00+00:00,long,0,0.18615931,0.27291158,0.4120908,0.5291619,2,0
2025-05-16 14:58:00+00:00,long,0,0.00019438416,0.00044964364,0.001897424,0.17692499,2,0
2025-05-16 14:59:00+00:00,long,0,0.0011142492,0.00074958714,0.0017225122,0.17078243,2,0
2025-05-16 15:00:00+00:00,long,0,0.000881041,0.001017802,0.004025333,0.17266683,2,0
2025-05-16 15:01:00+00:00,long,0,0.0005099917,0.0015227245,0.0021247477,0.17178203,2,0
2025-05-16 15:02:00+00:00,long,0,0.0007659796,0.00033310248,0.002524549,0.170134,2,0
2025-05-16 15:03:00+00:00,long,0,0.0009263663,0.00053685636,0.0053091347,0.17427213,2,0
2025-05-16 15:04:00+00:00,long,0,0.0007647685,0.0008967274,0.0019490395,0.17289127,2,0
2025-05-16 15:05:00+00:00,long,0,0.0017538195,0.00089467445,0.008621436,0.17498535,2,0
2025-05-16 15:06:00+00:00,long,0,0.011342427,0.0061862413,0.031762723,0.21686988,2,0
2025-05-16 15:07:00+00:00,long,0,0.010308919,0.0070680273,0.027475532,0.24438255,2,0
2025-05-16 15:08:00+00:00,long,0,0.0012450698,0.001424456,0.0035673212,0.17195088,2,0
2025-05-16 15:09:00+00:00,long,0,0.0011244002,0.00088744296,0.0015806021,0.17312117,2,0
2025-05-16 15:10:00+00:00,long,0,0.0013144992,0.0014694618,0.0024450948,0.17171091,2,0
2025-05-16 15:11:00+00:00,long,0,0.014422129,0.009003987,0.18495886,0.32653856,2,0
2025-05-16 15:12:00+00:00,long,0,0.0013503567,0.0012682031,0.0067326413,0.17745198,2,0
2025-05-16 15:13:00+00:00,long,0,0.0005892397,0.0005326726,0.009137675,0.17556475,2,0
2025-05-16 15:14:00+00:00,long,0,0.00050706085,0.00046056838,0.003621424,0.17197646,2,0
2025-05-16 15:15:00+00:00,long,0,0.0009002253,0.00028448703,0.005058707,0.17511801,2,0
2025-05-16 15:16:00+00:00,long,0,0.00030106923,0.0006626848,0.0027875898,0.17545585,2,0
2025-05-16 15:17:00+00:00,long,0,0.0003094489,0.0004555638,0.008724171,0.17873181,2,0
2025-05-16 15:18:00+00:00,long,0,0.0010317832,0.001141998,0.011335798,0.18895954,2,0
2025-05-16 15:19:00+00:00,long,0,0.010244278,0.008407184,0.37617907,0.4481007,2,0
2025-05-16 15:20:00+00:00,long,0,0.002435605,0.002855039,0.014052504,0.33079937,2,0
2025-05-16 15:21:00+00:00,long,0,0.0012397015,0.0013093544,0.0073110545,0.31611308,2,0
2025-05-16 15:22:00+00:00,long,0,0.0005946868,0.0008619952,0.04965948,0.1837544,2,0
2025-05-16 15:23:00+00:00,long,0,0.0010803456,0.0007816286,0.01293937,0.17594714,2,0
2025-05-16 15:24:00+00:00,long,0,0.05004131,0.02332866,0.3070729,0.2659021,2,0
2025-05-16 15:25:00+00:00,long,0,0.0017715666,0.002843875,0.0021159593,0.1746021,2,0
2025-05-16 15:26:00+00:00,long,0,0.029280465,0.028338544,0.050635338,0.28221288,2,0
2025-05-16 15:27:00+00:00,long,0,0.0022152164,0.0020616208,0.008259215,0.17594422,2,0
2025-05-16 15:28:00+00:00,long,0,0.059613124,0.064376645,0.17423448,0.41266346,2,0
2025-05-16 15:29:00+00:00,long,0,0.0026862335,0.0019852114,0.009968439,0.17646472,2,0
2025-05-16 15:30:00+00:00,long,0,0.0028500028,0.0025878893,0.00819969,0.17888884,2,0
2025-05-16 15:31:00+00:00,long,0,0.05349849,0.018658372,0.037857622,0.38348207,2,0
2025-05-16 15:32:00+00:00,long,0,0.003322191,0.0027944483,0.004785058,0.1794033,2,0
2025-05-16 15:33:00+00:00,long,0,0.0033989681,0.0030041588,0.003100792,0.17986499,2,0
2025-05-16 15:34:00+00:00,long,0,0.0042923638,0.0028934416,0.010820362,0.1758784,2,0
2025-05-16 15:35:00+00:00,long,0,0.009687901,0.006435166,0.023881037,0.19493677,2,0
2025-05-16 15:36:00+00:00,long,0,0.08189748,0.021487944,0.17163786,0.49287,2,0
2025-05-16 15:37:00+00:00,long,0,0.002618143,0.0013140242,0.014208467,0.19230615,2,0
2025-05-16 15:38:00+00:00,long,0,0.0017491898,0.0017801947,0.016440943,0.201778,2,0
2025-05-16 15:39:00+00:00,long,0,0.0019433895,0.0030066762,0.015105133,0.18961358,2,0
2025-05-16 15:40:00+00:00,long,0,0.0032333713,0.001653713,0.046950698,0.20479359,2,0
2025-05-16 15:41:00+00:00,long,0,0.002942779,0.0022074622,0.030673398,0.1796626,2,0
2025-05-16 15:42:00+00:00,long,0,0.09841898,0.014296603,0.19500701,0.48522702,2,0
2025-05-16 15:43:00+00:00,long,0,0.0038112593,0.0028592395,0.028531136,0.19524272,2,0
2025-05-16 15:44:00+00:00,long,0,0.006359607,0.0024023766,0.022217678,0.21038182,2,0
2025-05-16 15:45:00+00:00,long,0,0.010212091,0.002678977,0.045397267,0.19519217,2,0
2025-05-16 15:46:00+00:00,long,0,0.23970996,0.5800186,0.8941611,0.6107057,2,1
2025-05-16 15:47:00+00:00,long,0,0.0075611547,0.0036797358,0.01223327,0.18377787,2,0
2025-05-16 15:48:00+00:00,long,0,0.39523625,0.26089793,0.8967385,0.6902283,2,1
2025-05-16 15:49:00+00:00,long,0,0.0065061892,0.0032626372,0.02438174,0.18401419,2,0
2025-05-16 15:50:00+00:00,long,0,0.070207685,0.021596564,0.13036598,0.3579626,2,0
2025-05-19 14:19:00+00:00,short,0,0.00019227479,0.058269087,5.6845864e-05,0.17227381,1,0
2025-05-19 14:20:00+00:00,short,0,9.285186e-05,0.12089951,0.00014456225,0.22003017,1,0
2025-05-19 14:21:00+00:00,short,0,0.00027013538,0.7701451,0.0004728134,0.18741499,1,0
2025-05-19 14:22:00+00:00,short,0,0.044067074,0.9698935,0.337087,0.47545,1,0
2025-05-19 14:23:00+00:00,short,0,8.906802e-05,0.055905573,0.000100390585,0.17537415,1,0
2025-05-19 14:24:00+00:00,short,0,0.20896818,0.9921639,0.090813845,0.3120714,1,0
2025-05-19 14:25:00+00:00,short,0,0.016895656,0.9812134,0.08358539,0.3413553,1,0
2025-05-19 14:26:00+00:00,short,0,0.00010620633,0.10299086,0.00017373553,0.1767887,1,0
2025-05-19 14:27:00+00:00,short,0,0.0010824847,0.916034,0.0076069343,0.20087944,1,0
2025-05-19 14:28:00+00:00,short,0,0.00018803896,0.103834346,0.00018275861,0.17241704,1,0
2025-05-19 14:29:00+00:00,short,0,0.41916507,0.36131597,0.8655216,0.6188113,2,1
2025-05-19 14:30:00+00:00,short,0,0.0002797457,0.2828766,0.0002511159,0.20634915,1,0
2025-05-19 14:31:00+00:00,short,0,0.0001729656,0.058321234,6.144008e-05,0.17881984,1,0
2025-05-19 14:32:00+00:00,long,0,0.0060647614,0.97797626,0.074702844,0.4272909,1,0
2025-05-19 14:33:00+00:00,long,0,0.00023728685,0.13332406,0.00032774455,0.18493645,1,0
2025-05-19 14:34:00+00:00,short,0,0.00015512593,0.082773246,5.965725e-05,0.17622487,1,0
2025-05-19 14:35:00+00:00,long,0,0.00025225888,0.11737728,0.00016268506,0.17503822,1,0
2025-05-19 14:36:00+00:00,long,0,0.0011175334,0.9478111,0.0018692083,0.27547884,1,0
2025-05-19 14:37:00+00:00,long,0,0.00020090837,0.090730295,0.0003147922,0.1835537,1,0
2025-05-19 14:38:00+00:00,long,1,0.9730848,0.99296886,0.9328136,0.7676961,2,2
2025-05-19 14:39:00+00:00,long,0,0.0013327815,0.9507389,0.0014089396,0.22598875,1,0
2025-05-19 14:40:00+00:00,short,0,0.00010389472,0.11041728,6.9401416e-05,0.19993646,1,0
2025-05-19 14:41:00+00:00,long,0,0.0007701974,0.78504443,0.00034713742,0.2544551,1,0
2025-05-19 14:42:00+00:00,long,0,0.0003722684,0.16388573,0.00038023526,0.26624882,1,0
2025-05-19 14:43:00+00:00,short,0,0.0013275834,0.26341182,0.00039808708,0.17216252,1,0
2025-05-19 14:44:00+00:00,short,0,0.00019493504,0.119623385,6.49787e-05,0.20251451,1,0
2025-05-19 14:45:00+00:00,short,0,0.00012731395,0.10386561,9.406137e-05,0.19667347,1,0
2025-05-19 14:46:00+00:00,long,0,0.1462815,0.9954135,0.38444474,0.747447,1,2
2025-05-19 14:47:00+00:00,long,0,0.0023874876,0.8441295,0.0014812653,0.2690774,1,0
2025-05-19 14:48:00+00:00,long,0,0.0001407189,0.05587153,0.0002686677,0.2208153,1,0
2025-05-19 14:49:00+00:00,short,0,0.00011167502,0.0784908,7.606548e-05,0.18212469,1,0
2025-05-19 14:50:00+00:00,short,0,0.00031046427,0.07234223,0.000110336645,0.18273026,1,0
2025-05-19 14:51:00+00:00,short,0,0.25974998,0.98419636,0.07806149,0.25020686,1,0
2025-05-19 14:52:00+00:00,short,1,0.9612421,0.9962612,0.8914972,0.6324487,2,1
2025-05-19 14:53:00+00:00,short,0,0.00036580127,0.06696477,0.00015491145,0.17072763,1,0
2025-05-19 14:54:00+00:00,long,0,0.0006642194,0.7499862,0.0007131239,0.3228097,1,0
2025-05-19 14:55:00+00:00,long,0,0.13648048,0.9843238,0.26606086,0.5350058,1,0
2025-05-19 14:56:00+00:00,long,0,0.0025873035,0.9177835,0.00489893,0.33154976,1,0
2025-05-19 14:57:00+00:00,long,0,0.00022185699,0.13250986,0.00040858964,0.24846983,1,0
2025-05-19 14:58:00+00:00,short,1,0.97163826,0.9962049,0.8817577,0.5517649,2,1
2025-05-19 14:59:00+00:00,short,0,0.0011011541,0.32700875,0.00096047187,0.17794971,1,0
2025-05-19 15:00:00+00:00,short,0,0.00038840921,0.07296174,0.0001308515,0.1749031,1,0
2025-05-19 15:01:00+00:00,short,0,0.00067203667,0.09520685,0.00019681668,0.17228632,1,0
2025-05-19 15:02:00+00:00,short,0,0.0072239493,0.7628494,0.0015998245,0.18347152,1,0
2025-05-19 15:03:00+00:00,short,0,0.00058529526,0.052799005,0.00019993815,0.17403261,1,0
2025-05-19 15:04:00+00:00,short,0,0.00036814858,0.117741935,0.0005223732,0.21274829,1,0
2025-05-19 15:05:00+00:00,long,0,0.0012319032,0.6281343,0.0017565908,0.300506,1,0
2025-05-19 15:06:00+00:00,long,1,0.97385275,0.9934356,0.929965,0.6838562,2,1
2025-05-19 15:07:00+00:00,long,0,0.0021230874,0.7521965,0.0017849902,0.35021305,1,0
2025-05-19 15:08:00+00:00,short,0,0.0052073123,0.36617193,0.0022717544,0.17872868,1,0
2025-05-19 15:09:00+00:00,long,0,0.012569576,0.92667776,0.011493485,0.3385919,1,0
2025-05-19 15:10:00+00:00,short,0,0.0023642024,0.19382681,0.001342569,0.17632031,1,0
2025-05-19 15:11:00+00:00,long,0,0.0012973574,0.36488068,0.0022963972,0.3380494,1,0
2025-05-19 15:12:00+00:00,short,0,0.00034902774,0.06616961,0.0011369193,0.19943567,1,0
2025-05-19 15:13:00+00:00,long,0,0.01555237,0.8819204,0.091124035,0.38298237,1,0
2025-05-19 15:14:00+00:00,long,0,0.024815982,0.9507744,0.023573674,0.39736533,1,0
2025-05-19 15:15:00+00:00,short,0,0.6140891,0.9946707,0.32651263,0.4483668,1,0
2025-05-19 15:16:00+00:00,short,0,0.0018821493,0.285516,0.001125572,0.1764757,1,0
2025-05-19 15:17:00+00:00,long,0,0.34410697,0.98973256,0.85522735,0.7313743,1,2
2025-05-19 15:18:00+00:00,long,1,0.97133476,0.9912197,0.93294317,0.761178,2,2
2025-05-19 15:19:00+00:00,long,0,0.005533881,0.8900784,0.009420636,0.392508,1,0
2025-05-19 15:20:00+00:00,short,0,0.0005212071,0.06227469,0.00020814927,0.18768765,1,0
2025-05-19 15:21:00+00:00,long,0,0.00037886068,0.09133686,0.001009637,0.32951882,1,0
2025-05-19 15:22:00+00:00,long,0,0.0020136272,0.84373313,0.012895442,0.3298392,1,0
2025-05-19 15:23:00+00:00,short,0,0.0005926365,0.08047999,0.0002206217,0.19076951,1,0
2025-05-19 15:24:00+00:00,short,0,0.00025862042,0.067459844,0.0008051524,0.19841456,1,0
2025-05-19 15:25:00+00:00,short,0,0.0005229374,0.07567758,0.00047752986,0.18843591,1,0
2025-05-19 15:26:00+00:00,short,0,0.00073481124,0.09472966,0.0005297597,0.21283706,1,0
2025-05-19 15:27:00+00:00,long,0,0.001065958,0.108134456,0.0014078483,0.20562004,1,0
2025-05-19 15:28:00+00:00,short,0,0.00095325656,0.055160414,0.00037382895,0.1761718,1,0
2025-05-19 15:29:00+00:00,long,0,0.0062122215,0.76771396,0.0290287,0.38136673,1,0
2025-05-19 15:30:00+00:00,long,0,0.11547395,0.99094486,0.16698103,0.45126,1,0
2025-05-19 15:31:00+00:00,long,1,0.9682579,0.9872012,0.8904615,0.6590723,2,1
2025-05-19 15:32:00+00:00,short,0,0.00063264533,0.056192264,0.00033977666,0.1755781,1,0
2025-05-19 15:33:00+00:00,long,0,0.0057918243,0.8124271,0.009130835,0.3626682,1,0
2025-05-19 15:34:00+00:00,short,0,0.0004279471,0.03977098,0.00022547803,0.18302453,1,0
2025-05-19 15:35:00+00:00,long,0,0.019747717,0.8440643,0.084509335,0.45919108,1,1
2025-05-19 15:36:00+00:00,long,0,0.001042387,0.08703707,0.0070101824,0.23297624,1,0
2025-05-19 15:37:00+00:00,long,0,0.0008092079,0.16480803,0.0013656236,0.17345315,1,0
2025-05-19 15:38:00+00:00,short,0,0.0005297263,0.041978564,0.0035066046,0.1753757,1,0
2025-05-19 15:39:00+00:00,long,0,0.000675026,0.050545465,0.005486766,0.23942126,1,0
2025-05-19 15:40:00+00:00,long,0,0.0004927856,0.121697366,0.0014512124,0.17489006,1,0
2025-05-19 15:41:00+00:00,long,0,0.0006464802,0.116881125,0.0014376936,0.17389143,1,0
2025-05-19 15:42:00+00:00,long,0,0.029996287,0.876504,0.09678369,0.48256636,1,1
2025-05-19 15:43:00+00:00,long,0,0.18467475,0.9460758,0.5047321,0.61568934,1,1
2025-05-19 15:44:00+00:00,long,0,0.00016373691,0.023807257,0.00050813763,0.17869796,1,0
2025-05-19 15:45:00+00:00,long,0,0.00054605625,0.1876537,0.005462978,0.28342518,1,0
2025-05-19 15:46:00+00:00,long,0,0.0014060389,0.8109507,0.007723879,0.3067932,1,0
2025-05-19 15:47:00+00:00,long,0,0.00026083025,0.04561925,0.0005154278,0.1698304,1,0
2025-05-19 15:48:00+00:00,long,0,0.0004271228,0.094774485,0.009407447,0.30396175,1,0
2025-05-19 15:49:00+00:00,long,0,0.00051221123,0.14344177,0.001173317,0.171486,1,0
2025-05-19 15:50:00+00:00,long,0,0.00022398222,0.02787071,0.0005812332,0.17204142,1,0
2025-05-20 14:19:00+00:00,short,0,0.0038917677,0.37840664,0.005543368,0.28167462,1,0
2025-05-20 14:20:00+00:00,short,0,0.0002580662,0.03212167,0.0004431175,0.19197959,1,0
2025-05-20 14:21:00+00:00,long,0,0.00030277792,0.05915211,0.00015277577,0.17419584,1,0
2025-05-20 14:22:00+00:00,long,0,0.00010011621,0.010170766,0.00010647586,0.16803437,1,0
2025-05-20 14:23:00+00:00,long,0,0.00024008416,0.013210558,7.413991e-05,0.16785367,1,0
2025-05-20 14:24:00+00:00,short,0,0.0002422444,0.027866697,0.00013644491,0.16952515,1,0
2025-05-20 14:25:00+00:00,short,0,0.0022539534,0.12971899,0.003242055,0.23703665,1,0
2025-05-20 14:26:00+00:00,long,0,0.0008194181,0.6932682,0.0013015685,0.20268665,1,0
2025-05-20 14:27:00+00:00,long,0,0.00090050587,0.7158436,0.0026354527,0.1999924,1,0
2025-05-20 14:28:00+00:00,long,0,0.00041117158,0.023910249,0.00018855208,0.16808678,1,0
2025-05-20 14:29:00+00:00,long,0,0.00047614946,0.6878098,0.0010359901,0.18616499,1,0
2025-05-20 14:30:00+00:00,short,0,0.0027430959,0.14271802,0.0030533546,0.18207908,1,0
2025-05-20 14:31:00+00:00,short,0,0.001579479,0.26317316,0.003999488,0.20615293,1,0
2025-05-20 14:32:00+00:00,short,0,0.00068100524,0.06129904,0.0004303308,0.18979447,1,0
2025-05-20 14:33:00+00:00,short,0,0.0013511304,0.0696616,0.0013170814,0.18087621,1,0
2025-05-20 14:34:00+00:00,long,0,0.00023741538,0.525893,0.0011157623,0.20072122,1,0
2025-05-20 14:35:00+00:00,short,0,0.0008150103,0.07931364,0.0011884341,0.18119568,1,0
2025-05-20 14:36:00+00:00,short,0,0.0009597574,0.06163188,0.0007187253,0.18159439,1,0
2025-05-20 14:37:00+00:00,long,0,0.00066383684,0.8076661,0.0048764125,0.1840358,1,0
2025-05-20 14:38:00+00:00,long,0,0.0003151949,0.028864851,0.00029692057,0.16768117,1,0
2025-05-20 14:39:00+00:00,long,0,0.05747222,0.9973015,0.11448961,0.2718927,1,0
2025-05-20 14:40:00+00:00,long,0,0.011671153,0.9810647,0.014207278,0.35008153,1,0
2025-05-20 14:41:00+00:00,long,0,0.0003519563,0.04112262,0.00033009387,0.18352257,1,0
2025-05-20 14:42:00+00:00,short,0,0.00040988016,0.05085898,0.0009319924,0.19382757,1,0
2025-05-20 14:43:00+00:00,short,0,0.00054678257,0.07285586,0.0009750741,0.20332855,1,0
2025-05-20 14:44:00+00:00,long,0,0.00036786037,0.059677184,0.0006565074,0.17853397,1,0
2025-05-20 14:45:00+00:00,short,0,0.00080541684,0.03488996,0.0009532547,0.19011939,1,0
2025-05-20 14:46:00+00:00,short,0,0.001371392,0.047716152,0.0016292926,0.20124029,1,0
2025-05-20 14:47:00+00:00,short,0,0.0011750959,0.056420792,0.0013669026,0.19380318,1,0
2025-05-20 14:48:00+00:00,short,0,0.0006768213,0.037065536,0.0015359721,0.19709001,1,0
2025-05-20 14:49:00+00:00,short,0,0.00090100366,0.045296624,0.00176292,0.21034396,1,0
2025-05-20 14:50:00+00:00,long,0,0.00032789863,0.06122352,0.0010096629,0.20657969,1,0
2025-05-20 14:51:00+00:00,short,0,0.0011773115,0.041258667,0.0016464666,0.2100677,1,0
2025-05-20 14:52:00+00:00,long,0,0.0002606684,0.023061508,0.00045252373,0.17032403,1,0
2025-05-20 14:53:00+00:00,short,0,0.00089140824,0.039544784,0.0036378303,0.20795496,1,0
2025-05-20 14:54:00+00:00,long,0,0.0008113613,0.5157048,0.0014394979,0.24235255,1,0
2025-05-20 14:55:00+00:00,short,0,0.00019092108,0.024714258,0.0006982866,0.19828422,1,0
2025-05-20 14:56:00+00:00,long,0,0.0004976473,0.4564852,0.0013771816,0.22181654,1,0
2025-05-20 14:57:00+00:00,short,0,0.00024285214,0.024586217,0.0003642876,0.17218108,1,0
2025-05-20 14:58:00+00:00,short,0,0.0016889473,0.11893779,0.002916493,0.18255526,1,0
2025-05-20 14:59:00+00:00,short,0,0.0009163177,0.055313393,0.00237466,0.20094347,1,0
2025-05-20 15:00:00+00:00,short,0,0.00033757417,0.041239284,0.00026890912,0.17181154,1,0
2025-05-20 15:01:00+00:00,short,0,0.0007385753,0.044147853,0.0017875563,0.23159844,1,0
2025-05-20 15:02:00+00:00,long,0,0.00018948909,0.04246143,0.00060200086,0.20350933,1,0
2025-05-20 15:03:00+00:00,short,0,0.00052038237,0.021836204,0.0013354619,0.22405082,1,0
2025-05-20 15:04:00+00:00,long,0,0.00012858538,0.011221412,0.00019135357,0.16940378,1,0
2025-05-20 15:05:00+00:00,long,0,0.0002288034,0.17855106,0.0008277805,0.19299977,1,0
2025-05-20 15:06:00+00:00,short,0,0.0007652646,0.034893636,0.0016197838,0.19519274,1,0
2025-05-20 15:07:00+00:00,long,0,0.00023568392,0.049763042,0.0006684468,0.17522918,1,0
2025-05-20 15:08:00+00:00,long,0,0.0001914441,0.04792599,0.0006460263,0.17580259,1,0
2025-05-20 15:09:00+00:00,short,0,0.00055083784,0.027367374,0.002380727,0.19884844,1,0
2025-05-20 15:10:00+00:00,long,0,0.0010128205,0.63800985,0.006353186,0.1977442,1,0
2025-05-20 15:11:00+00:00,long,0,0.00033022574,0.26341847,0.0009918772,0.19731617,1,0
2025-05-20 15:12:00+00:00,short,0,0.00022272342,0.020724202,0.0002947831,0.17024769,1,0
2025-05-20 15:13:00+00:00,long,0,0.00021693193,0.019608824,0.00029587332,0.16874139,1,0
2025-05-20 15:14:00+00:00,long,0,0.00022406573,0.014711552,0.000951804,0.17207329,1,0
2025-05-20 15:15:00+00:00,short,0,0.00021093494,0.031294774,0.0009919816,0.19209854,1,0
2025-05-20 15:16:00+00:00,long,0,0.00050500745,0.47773919,0.0022649546,0.22395925,1,0
2025-05-20 15:17:00+00:00,long,0,0.000104363295,0.016576776,0.0002259586,0.17005622,1,0
2025-05-20 15:18:00+00:00,short,0,0.00015296892,0.022548847,0.0002630366,0.17164923,1,0
2025-05-20 15:19:00+00:00,long,0,0.00011474195,0.073253736,0.0008089797,0.1961549,1,0
2025-05-20 15:20:00+00:00,short,0,0.0042603035,0.10898308,0.005869764,0.18221186,1,0
2025-05-20 15:21:00+00:00,long,0,0.00026777244,0.022192618,0.000838865,0.1694154,1,0
2025-05-20 15:22:00+00:00,long,0,0.0002664225,0.023673967,0.00048701544,0.17175388,1,0
2025-05-20 15:23:00+00:00,short,0,0.002048623,0.09995348,0.0037429251,0.19002819,1,0
2025-05-20 15:24:00+00:00,long,0,0.00019386312,0.050646685,0.0010132297,0.20428886,1,0
2025-05-20 15:25:00+00:00,short,0,0.000119023585,0.016877243,0.00021094098,0.16984259,1,0
2025-05-20 15:26:00+00:00,short,0,0.00016206528,0.027331661,0.001727591,0.19454019,1,0
2025-05-20 15:27:00+00:00,long,0,0.00013530412,0.03285833,0.0009642761,0.17684036,1,0
2025-05-20 15:28:00+00:00,long,0,0.00072246656,0.4971179,0.0023697647,0.19943987,1,0
2025-05-20 15:29:00+00:00,short,0,0.00064012053,0.056410458,0.0016096967,0.18813334,1,0
2025-05-20 15:30:00+00:00,long,0,0.0005133428,0.217912,0.0009977478,0.18612142,1,0
2025-05-20 15:31:00+00:00,short,0,0.0008779467,0.0664757,0.0030895509,0.2054158,1,0
2025-05-20 15:32:00+00:00,long,0,0.00027257245,0.026746036,0.00029587332,0.16842262,1,0
2025-05-20 15:33:00+00:00,long,0,0.0005354742,0.43417054,0.0013381285,0.18860365,1,0
2025-05-20 15:34:00+00:00,short,0,0.00078437966,0.053931005,0.002973019,0.200754,1,0
2025-05-20 15:35:00+00:00,long,0,0.00028820417,0.060252406,0.00092385814,0.17328198,1,0
2025-05-20 15:36:00+00:00,long,0,0.00033259476,0.23705825,0.0011909073,0.18352835,1,0
2025-05-20 15:37:00+00:00,long,0,0.002204832,0.8419647,0.0031519786,0.20557751,1,0
2025-05-20 15:38:00+00:00,short,0,0.0009178512,0.08566419,0.0023302643,0.20249166,1,0
2025-05-20 15:39:00+00:00,long,0,0.0012132961,0.8511721,0.0030354795,0.19581203,1,0
2025-05-20 15:40:00+00:00,long,0,0.00053570926,0.03468482,0.0010020541,0.16934037,1,0
2025-05-20 15:41:00+00:00,short,0,0.00089776865,0.08688306,0.0046370523,0.20245917,1,0
2025-05-20 15:42:00+00:00,long,0,0.00047223215,0.059017308,0.0009996741,0.16957362,1,0
2025-05-20 15:43:00+00:00,long,0,0.000348748,0.26748684,0.000750117,0.18223514,1,0
2025-05-20 15:44:00+00:00,long,0,0.0006525319,0.047715653,0.0013552455,0.17409782,1,0
2025-05-20 15:45:00+00:00,long,0,0.000413142,0.03492844,0.00040493655,0.17062789,1,0
2025-05-20 15:46:00+00:00,long,0,0.0005606736,0.08287189,0.00060189416,0.17827499,1,0
2025-05-20 15:47:00+00:00,long,0,0.00089639844,0.0394808,0.0009646515,0.17990045,1,0
2025-05-20 15:48:00+00:00,short,0,0.0014017212,0.09442982,0.0023325079,0.1757228,1,0
2025-05-20 15:49:00+00:00,long,0,0.0005694697,0.043293417,0.0004168023,0.18937342,1,0
2025-05-20 15:50:00+00:00,long,0,0.0003552728,0.047941126,0.00052909553,0.17035937,1,0
2025-05-21 14:19:00+00:00,short,0,0.0030996453,0.013781313,0.005827245,0.21785112,2,0
2025-05-21 14:20:00+00:00,short,0,0.21594389,0.27532092,0.7089954,0.49426433,2,0
2025-05-21 14:21:00+00:00,short,0,0.08544783,0.043766513,0.2591947,0.36471567,2,0
2025-05-21 14:22:00+00:00,short,0,0.0003111164,0.0014060617,0.0005951316,0.17172182,2,0
2025-05-21 14:23:00+00:00,short,0,0.00019729749,0.00074032636,0.00035692248,0.16886604,2,0
2025-05-21 14:24:00+00:00,short,0,0.00033693176,0.0024174247,0.0009300068,0.16897826,2,0
2025-05-21 14:25:00+00:00,short,0,0.00039074448,0.003300348,0.00096489,0.16917624,2,0
2025-05-21 14:26:00+00:00,short,0,0.26076663,0.5966349,0.74736494,0.5945541,2,1
2025-05-21 14:27:00+00:00,short,0,0.017346477,0.011518015,0.1705195,0.23907737,2,0
2025-05-21 14:28:00+00:00,short,0,0.0018420097,0.008845766,0.0033164236,0.17866993,2,0
2025-05-21 14:29:00+00:00,short,0,0.00032228406,0.00077246974,0.00039376513,0.16751939,2,0
2025-05-21 14:30:00+00:00,short,0,0.037092377,0.093322344,0.14528748,0.39804745,2,0
2025-05-21 14:31:00+00:00,short,0,0.0046693315,0.007490741,0.026331883,0.19519536,2,0
2025-05-21 14:32:00+00:00,short,0,0.005069605,0.0040978757,0.009802288,0.18403639,2,0
2025-05-21 14:33:00+00:00,short,1,0.9921163,0.9951381,0.9866062,0.81216747,3,2
2025-05-21 14:34:00+00:00,short,0,0.032115474,0.023710743,0.069824435,0.29289043,2,0
2025-05-21 14:35:00+00:00,short,0,0.00062210124,0.0024034088,0.0013897364,0.17069806,2,0
2025-05-21 14:36:00+00:00,short,1,0.9829131,0.95839375,0.9530759,0.8109114,3,2
2025-05-21 14:37:00+00:00,short,0,0.00065461016,0.0014118683,0.00046191752,0.16958128,2,0
2025-05-21 14:38:00+00:00,short,0,0.00050811557,0.0014268095,0.0008451202,0.1702495,2,0
2025-05-21 14:39:00+00:00,short,0,0.117272146,0.053355288,0.28489786,0.5383258,2,1
2025-05-21 14:40:00+00:00,short,0,0.000943381,0.0013158106,0.0011617534,0.16937383,2,0
2025-05-21 14:41:00+00:00,short,1,0.99682766,0.9974032,0.9854718,0.8172112,3,2
2025-05-21 14:42:00+00:00,short,0,0.010090753,0.010185034,0.0050538396,0.18633525,2,0
2025-05-21 14:43:00+00:00,short,0,0.012034766,0.013978347,0.005948328,0.18717285,2,0
2025-05-21 14:44:00+00:00,short,1,0.9887355,0.9869343,0.9676491,0.7965255,3,2
2025-05-21 14:45:00+00:00,short,1,0.9690103,0.9348376,0.9019766,0.73078966,3,2
2025-05-21 14:46:00+00:00,short,0,0.00029205644,0.0008733527,0.00038887528,0.16779695,2,0
2025-05-21 14:47:00+00:00,short,0,0.00055821706,0.0022182951,0.001673361,0.17010103,2,0
2025-05-21 14:48:00+00:00,short,0,0.028226841,0.032318532,0.19502272,0.47968873,2,1
2025-05-21 14:49:00+00:00,short,0,0.24321613,0.28738752,0.76327664,0.71573496,2,2
2025-05-21 14:50:00+00:00,short,0,0.000158206,0.0005105046,0.00027233476,0.1675626,2,0
2025-05-21 14:51:00+00:00,short,0,0.009112543,0.0075339023,0.022995805,0.24286652,2,0
2025-05-21 14:52:00+00:00,short,0,0.0020413217,0.0032726699,0.020380674,0.19640176,2,0
2025-05-21 14:53:00+00:00,short,0,0.00019256101,0.0009672242,0.00075855403,0.17007755,2,0
2025-05-21 14:54:00+00:00,short,0,0.00030774745,0.0014438027,0.0010926807,0.17470054,2,0
2025-05-21 14:55:00+00:00,short,0,0.0023072439,0.0050526625,0.019029627,0.17540516,2,0
2025-05-21 14:56:00+00:00,short,0,0.018952511,0.01455209,0.043950386,0.29731336,2,0
2025-05-21 14:57:00+00:00,short,0,0.00021369755,0.0007051088,0.00052253006,0.16919662,2,0
2025-05-21 14:58:00+00:00,short,0,0.0015916032,0.0046831006,0.009139428,0.2050686,2,0
2025-05-21 14:59:00+00:00,short,0,0.010718783,0.01316535,0.07170817,0.30583778,2,0
2025-05-21 15:00:00+00:00,short,0,0.003069288,0.004088776,0.0024632872,0.17161767,2,0
2025-05-21 15:01:00+00:00,short,0,0.023946088,0.030955296,0.081925094,0.297282,2,0
2025-05-21 15:02:00+00:00,short,1,0.9922078,0.9684553,0.9779674,0.8027474,3,2
2025-05-21 15:03:00+00:00,short,0,0.0014049166,0.0010732593,0.0031590718,0.19093435,2,0
2025-05-21 15:04:00+00:00,short,0,0.0025510497,0.0026591062,0.0027641815,0.171661,2,0
2025-05-21 15:05:00+00:00,short,0,0.0012333537,0.0018864898,0.0013578474,0.1704851,2,0
2025-05-21 15:06:00+00:00,short,0,0.06573676,0.11663032,0.19880316,0.42600775,2,0
2025-05-21 15:07:00+00:00,short,1,0.9923091,0.97513026,0.96832037,0.7940332,3,2
2025-05-21 15:08:00+00:00,short,0,0.00030395738,0.0005911286,0.00032390922,0.16853671,2,0
2025-05-21 15:09:00+00:00,short,0,0.028553264,0.041269325,0.10439439,0.2824264,2,0
2025-05-21 15:10:00+00:00,short,1,0.9905267,0.96850723,0.9511455,0.7906087,3,2
2025-05-21 15:11:00+00:00,short,0,0.0047580237,0.0044143004,0.0026194071,0.17172353,2,0
2025-05-21 15:12:00+00:00,short,0,0.0007870811,0.0019858284,0.000546201,0.1711511,2,0
2025-05-21 15:13:00+00:00,short,0,0.00060978945,0.001365069,0.00039725553,0.16806205,2,0
2025-05-21 15:14:00+00:00,short,1,0.99587053,0.9929744,0.9805711,0.80385137,3,2
2025-05-21 15:15:00+00:00,short,0,0.0149005735,0.012860455,0.0064853257,0.22444384,2,0
2025-05-21 15:16:00+00:00,short,0,0.0032581915,0.008422335,0.002620096,0.17321093,2,0
2025-05-21 15:17:00+00:00,short,0,0.0024141783,0.008421682,0.0032871985,0.17660248,2,0
2025-05-21 15:18:00+00:00,short,0,0.00021848586,0.0015872335,0.00043646377,0.16719012,2,0
2025-05-21 15:19:00+00:00,short,0,0.00056739384,0.0026943306,0.00070684025,0.16927302,2,0
2025-05-21 15:20:00+00:00,short,0,0.00035554756,0.0041038482,0.0007924376,0.16894758,2,0
2025-05-21 15:21:00+00:00,short,0,0.00015233253,0.0016375749,0.00049963506,0.16760139,2,0
2025-05-21 15:22:00+00:00,short,0,0.0001339949,0.0008594757,0.0013075492,0.16731977,2,0
2025-05-21 15:23:00+00:00,short,0,0.00027888687,0.0028369143,0.00077021465,0.16971928,2,0
2025-05-21 15:24:00+00:00,short,0,0.00032483606,0.0015735803,0.000847806,0.1689782,2,0
2025-05-21 15:25:00+00:00,short,1,0.96922183,0.9406421,0.87154865,0.73572737,3,2
2025-05-21 15:26:00+00:00,short,0,0.0002339292,0.00074061885,0.00044741863,0.16755648,2,0
2025-05-21 15:27:00+00:00,short,0,0.06870279,0.13634703,0.16603343,0.40281057,2,0
2025-05-21 15:28:00+00:00,short,0,0.00042554893,0.0013827349,0.00031757265,0.16844164,2,0
2025-05-21 15:29:00+00:00,short,0,0.0003269241,0.0011662202,0.00059393,0.1725872,2,0
2025-05-21 15:30:00+00:00,short,0,0.0006488332,0.0012481528,0.00068935857,0.17292641,2,0
2025-05-21 15:31:00+00:00,short,0,0.0010012224,0.0006730462,0.0010993341,0.17048039,2,0
2025-05-21 15:32:00+00:00,short,0,0.00040018492,0.00069845363,0.0004491756,0.16899477,2,0
2025-05-21 15:33:00+00:00,short,0,0.00046999686,0.0010607323,0.00030474836,0.16818674,2,0
2025-05-21 15:34:00+00:00,short,1,0.99073875,0.9762992,0.9437531,0.7831376,3,2
2025-05-21 15:35:00+00:00,short,0,0.00020904168,0.0005365067,0.0001768984,0.16964944,2,0
2025-05-21 15:36:00+00:00,short,0,0.0017016681,0.0015629572,0.00407901,0.18316358,2,0
2025-05-21 15:37:00+00:00,short,0,0.028388042,0.017233988,0.06769894,0.25594902,2,0
2025-05-21 15:38:00+00:00,short,0,0.00038824946,0.0012145131,0.0012736699,0.17245422,2,0
2025-05-21 15:39:00+00:00,short,1,0.9938507,0.9915917,0.9826407,0.8093911,3,2
2025-05-21 15:40:00+00:00,short,0,0.00011852107,0.0009463433,0.00029200077,0.16998033,2,0
2025-05-21 15:41:00+00:00,short,0,5.8286543e-05,0.00031172743,0.00021687175,0.1675008,2,0
2025-05-21 15:42:00+00:00,short,0,0.00014630219,0.0005749319,0.00036855784,0.17081882,2,0
2025-05-21 15:43:00+00:00,short,0,0.013465449,0.016136544,0.036116723,0.4051167,2,0
2025-05-21 15:44:00+00:00,short,1,0.9835687,0.9920506,0.973357,0.80795974,3,2
2025-05-21 15:45:00+00:00,short,0,0.0029217545,0.004618295,0.0028535868,0.18393052,2,0
2025-05-21 15:46:00+00:00,short,0,0.5427228,0.58404386,0.9133216,0.7597918,2,2
2025-05-21 15:47:00+00:00,short,0,0.27770796,0.68675447,0.853338,0.7727971,2,2
2025-05-21 15:48:00+00:00,short,0,0.15176055,0.14031692,0.6571856,0.4948144,2,1
2025-05-21 15:49:00+00:00,short,0,0.0010722511,0.009947496,0.006268587,0.17380236,2,0
2025-05-21 15:50:00+00:00,short,1,0.9453644,0.89968723,0.915264,0.7654632,3,2
2025-05-22 14:19:00+00:00,long,0,0.00042117984,0.00042956127,0.00010327353,0.1733662,2,0
2025-05-22 14:20:00+00:00,long,0,0.0003071627,0.0002190624,0.00018444411,0.1713834,2,0
2025-05-22 14:21:00+00:00,short,0,0.00035247658,0.0006077842,0.0011848198,0.18006568,2,0
2025-05-22 14:22:00+00:00,long,0,0.15234187,0.18041272,0.8909806,0.5526028,2,1
2025-05-22 14:23:00+00:00,short,0,0.00054928253,0.001051936,0.0016898128,0.17828333,2,0
2025-05-22 14:24:00+00:00,short,0,0.0001310999,0.00021278608,4.7513975e-05,0.16931663,2,0
2025-05-22 14:25:00+00:00,short,0,0.04069192,0.9569111,0.21096328,0.44827378,1,0
2025-05-22 14:26:00+00:00,long,0,0.00013582235,0.017376486,0.00020854062,0.17124824,1,0
2025-05-22 14:27:00+00:00,long,0,0.00019521794,0.013312152,7.560367e-05,0.17004198,1,0
2025-05-22 14:28:00+00:00,short,0,9.4413175e-05,0.01410822,6.651876e-05,0.1691006,1,0
2025-05-22 14:29:00+00:00,short,0,0.0006461026,0.15692727,0.002229078,0.17725833,1,0
2025-05-22 14:30:00+00:00,short,0,0.0006120851,0.0975766,0.0009820285,0.1867739,1,0
2025-05-22 14:31:00+00:00,long,0,0.00014672942,0.011359796,0.00010828009,0.16759183,1,0
2025-05-22 14:32:00+00:00,short,0,0.0014803206,0.25700396,0.0033443512,0.19601125,1,0
2025-05-22 14:33:00+00:00,short,0,0.00032267423,0.03650381,0.00070621003,0.17921789,1,0
2025-05-22 14:34:00+00:00,long,0,0.0010714108,0.6723505,0.00053721596,0.17686391,1,0
2025-05-22 14:35:00+00:00,short,0,0.00038503448,0.055806067,0.0014491583,0.2203782,1,0
2025-05-22 14:36:00+00:00,short,0,0.00010204926,0.017727545,0.00013446207,0.17210013,1,0
2025-05-22 14:37:00+00:00,long,0,0.003652447,0.007433648,0.0019292708,0.18179208,2,0
2025-05-22 14:38:00+00:00,long,0,0.00019449818,0.00045212833,0.0001725,0.17580192,2,0
2025-05-22 14:39:00+00:00,long,0,0.00026921387,0.000694367,0.00020146006,0.17153229,2,0
2025-05-22 14:40:00+00:00,long,0,8.179904e-05,0.00020486387,0.00021582592,0.16765064,2,0
2025-05-22 14:41:00+00:00,long,0,8.782124e-05,0.00014931681,0.0002414325,0.16782689,2,0
2025-05-22 14:42:00+00:00,short,0,0.00012616983,0.00032069153,0.00030646272,0.17524733,2,0
2025-05-22 14:43:00+00:00,short,0,9.739911e-05,0.000280551,0.0001987487,0.17038852,2,0
2025-05-22 14:44:00+00:00,long,0,0.00051233184,0.0017630256,0.00025658507,0.17269345,2,0
2025-05-22 14:45:00+00:00,long,1,0.9716481,0.94170254,0.9244435,0.7426595,3,2
2025-05-22 14:46:00+00:00,short,0,0.00013369,0.0006080661,0.00017790555,0.18356849,2,0
2025-05-22 14:47:00+00:00,long,0,0.0005076199,0.0010298289,0.00022674979,0.18020684,2,0
2025-05-22 14:48:00+00:00,short,0,0.00018057505,0.0010412431,0.00017790555,0.1943391,2,0
2025-05-22 14:49:00+00:00,long,0,0.10036559,0.10927532,0.07437182,0.34684798,2,0
2025-05-22 14:50:00+00:00,long,0,0.00031940176,0.00039444494,0.00090089376,0.17436557,2,0
2025-05-22 14:51:00+00:00,short,0,0.00015811852,0.0006977541,0.00016877308,0.18515928,2,0
2025-05-22 14:52:00+00:00,short,0,0.0003544872,0.02183367,0.0016722939,0.17354262,1,0
2025-05-22 14:53:00+00:00,long,0,0.003402444,0.0065899184,0.003384359,0.18541007,2,0
2025-05-22 14:54:00+00:00,long,0,0.00011175023,0.00023006934,0.00014940911,0.17023301,2,0
2025-05-22 14:55:00+00:00,long,0,0.018555367,0.026482156,0.09529017,0.352,2,0
2025-05-22 14:56:00+00:00,short,0,0.00011183103,0.0004995003,0.00013884436,0.1885223,2,0
2025-05-22 14:57:00+00:00,short,0,0.00018669905,0.019856835,0.000407604,0.18650812,1,0
2025-05-22 14:58:00+00:00,short,0,0.0008209273,0.2471691,0.0016802929,0.19453357,1,0
2025-05-22 14:59:00+00:00,long,0,0.0003577,0.046135705,0.00017330602,0.18105781,1,0
2025-05-22 15:00:00+00:00,short,0,0.0008320881,0.16649587,0.0021289254,0.1773507,1,0
2025-05-22 15:01:00+00:00,short,0,0.00018029289,0.032452505,0.00010758301,0.17283525,1,0
2025-05-22 15:02:00+00:00,long,0,0.00084399636,0.5792528,0.00036009264,0.29830608,1,0
2025-05-22 15:03:00+00:00,short,0,0.00018658853,0.015067448,0.0004326983,0.19321592,1,0
2025-05-22 15:04:00+00:00,short,0,0.0004988558,0.03669751,0.00078242336,0.17758091,1,0
2025-05-22 15:05:00+00:00,long,1,0.9689059,0.9623009,0.97436935,0.7743781,3,2
2025-05-22 15:06:00+00:00,long,0,0.0032583275,0.015420201,0.022409307,0.24756144,2,0
2025-05-22 15:07:00+00:00,long,0,0.00020494925,0.00056579855,0.00024386143,0.16923219,2,0
2025-05-22 15:08:00+00:00,short,0,0.00043377947,0.0014342893,0.0015449609,0.18817036,2,0
2025-05-22 15:09:00+00:00,short,0,0.00013500731,0.02030274,0.0001870852,0.19547737,1,0
2025-05-22 15:10:00+00:00,long,0,0.3995025,0.4686497,0.6232865,0.6187111,2,1
2025-05-22 15:11:00+00:00,short,0,0.00013626354,0.00089769723,0.00017644087,0.19280873,2,0
2025-05-22 15:12:00+00:00,short,0,0.00097457063,0.20952094,0.0019582515,0.17846835,1,0
2025-05-22 15:13:00+00:00,long,0,0.00025109723,0.07106522,0.00020158476,0.1825778,1,0
2025-05-22 15:14:00+00:00,short,0,0.00023659827,0.023202121,0.00019783454,0.18977495,1,0
2025-05-22 15:15:00+00:00,long,0,0.0012507597,0.00153401,0.000477417,0.18899067,2,0
2025-05-22 15:16:00+00:00,long,0,0.00044878316,0.0009794249,0.00044821517,0.1745819,2,0
2025-05-22 15:17:00+00:00,short,0,0.00045706797,0.0348242,0.00072635943,0.1889974,1,0
2025-05-22 15:18:00+00:00,short,0,0.0003696312,0.040590975,0.00043349343,0.19332892,1,0
2025-05-22 15:19:00+00:00,long,0,0.00011223389,0.011622593,0.00023486718,0.16906972,1,0
2025-05-22 15:20:00+00:00,short,0,0.000113142305,0.0159865,0.00010470929,0.17037903,1,0
2025-05-22 15:21:00+00:00,long,0,9.092579e-05,0.011953048,0.00015595811,0.1723556,1,0
2025-05-22 15:22:00+00:00,short,0,0.00012304971,0.013905183,0.00011106629,0.17328893,1,0
2025-05-22 15:23:00+00:00,short,0,0.0008022036,0.18290558,0.0018157425,0.18103023,1,0
2025-05-22 15:24:00+00:00,long,0,0.00011578545,0.015612898,0.00013299627,0.17132044,1,0
2025-05-22 15:25:00+00:00,long,0,0.00023146409,0.4334466,0.00046111902,0.1914651,1,0
2025-05-22 15:26:00+00:00,long,0,0.000567393,0.0029267583,0.0012507525,0.17663322,2,0
2025-05-22 15:27:00+00:00,long,0,0.00010290529,0.0001916543,0.0003912941,0.17390054,2,0
2025-05-22 15:28:00+00:00,long,0,9.2423776e-05,0.00028525863,0.0002271172,0.17178363,2,0
2025-05-22 15:29:00+00:00,long,0,0.0003160766,0.0012400954,0.0004599377,0.19000733,2,0
2025-05-22 15:30:00+00:00,short,0,0.00021070537,0.0008098686,0.00047516084,0.2140133,2,0
2025-05-22 15:31:00+00:00,short,0,0.0002641736,0.032002073,0.00063874683,0.19294946,1,0
2025-05-22 15:32:00+00:00,short,0,0.00033502452,0.040537927,0.000778122,0.19953154,1,0
2025-05-22 15:33:00+00:00,short,0,7.6546894e-05,0.023146607,5.94223e-05,0.17464359,1,0
2025-05-22 15:34:00+00:00,long,0,0.0006001527,0.00094920985,0.00033076707,0.22958426,2,0
2025-05-22 15:35:00+00:00,long,0,0.00055392657,0.0010891826,0.00088728865,0.2035145,2,0
2025-05-22 15:36:00+00:00,long,0,0.00013628537,0.0004383474,0.00015876257,0.1782131,2,0
2025-05-22 15:37:00+00:00,long,0,0.00068756606,0.0016301158,0.00030642154,0.17478804,2,0
2025-05-22 15:38:00+00:00,long,0,0.00084809976,0.002147505,0.0008502322,0.21500462,2,0
2025-05-22 15:39:00+00:00,long,0,0.039163038,0.08178277,0.17979512,0.35272792,2,0
2025-05-22 15:40:00+00:00,long,0,0.050077032,0.04336307,0.085550584,0.45110413,2,0
2025-05-22 15:41:00+00:00,long,0,0.0056459173,0.003019449,0.00039862006,0.26242378,2,0
2025-05-22 15:42:00+00:00,short,0,0.00089738984,0.006473529,0.0010594765,0.17888135,2,0
2025-05-22 15:43:00+00:00,long,0,0.0048332866,0.0055982303,0.0004540728,0.2600102,2,0
2025-05-22 15:44:00+00:00,short,0,0.00073510647,0.06629698,0.0005713326,0.17967059,1,0
2025-05-22 15:45:00+00:00,long,0,0.0018085997,0.0031352204,0.0005667747,0.19627766,2,0
2025-05-22 15:46:00+00:00,short,0,0.00030676878,0.05716013,0.00027050727,0.23399639,1,0
2025-05-22 15:47:00+00:00,long,0,0.0004520613,0.0396633,0.00023763596,0.17601554,1,0
2025-05-22 15:48:00+00:00,long,0,0.00039959958,0.042132266,0.00016109325,0.17766999,1,0
2025-05-22 15:49:00+00:00,long,0,0.00031163177,0.03618342,0.00018491781,0.21100585,1,0
2025-05-22 15:50:00+00:00,short,0,0.0009935143,0.18748425,0.0017030953,0.17385371,1,0
2025-05-23 14:19:00+00:00,short,0,0.0004660726,0.00072895916,0.0005819377,0.17872989,2,0
2025-05-23 14:20:00+00:00,short,0,0.0019577642,0.005276406,0.0045124544,0.19864075,2,0
2025-05-23 14:21:00+00:00,short,0,0.0005816696,0.0013094615,0.00084779307,0.17096347,2,0
2025-05-23 14:22:00+00:00,short,0,0.053568736,0.16782293,0.40404665,0.3293588,2,0
2025-05-23 14:23:00+00:00,short,0,0.00021018449,0.000821975,0.00068030827,0.17140554,2,0
2025-05-23 14:24:00+00:00,short,0,0.004937892,0.011754533,0.02346812,0.19822584,2,0
2025-05-23 14:25:00+00:00,short,0,0.00032848906,0.0016317904,0.00047620575,0.18529558,2,0
2025-05-23 14:26:00+00:00,short,0,0.10959824,0.09648708,0.63334644,0.40661117,2,0
2025-05-23 14:27:00+00:00,short,0,0.0012988953,0.0041043456,0.00076748256,0.17430955,2,0
2025-05-23 14:28:00+00:00,short,0,0.0014631588,0.111111626,0.0003405264,0.18040769,1,0
2025-05-23 14:29:00+00:00,short,0,0.0047056987,0.4257215,0.0015699818,0.18608493,1,0
2025-05-23 14:30:00+00:00,short,0,0.0009908496,0.18427975,0.0010753686,0.18117534,1,0
2025-05-23 14:31:00+00:00,short,0,0.0018348581,0.11848985,0.0005388239,0.17495005,1,0
2025-05-23 14:32:00+00:00,short,0,0.003599033,0.3731936,0.0012467531,0.18139438,1,0
2025-05-23 14:33:00+00:00,long,0,0.0055526122,0.8947746,0.033520307,0.20297937,1,0
2025-05-23 14:34:00+00:00,long,0,0.0035066246,0.92774,0.04163936,0.20770772,1,0
2025-05-23 14:35:00+00:00,long,0,0.11543585,0.98088694,0.3103328,0.38066527,1,0
2025-05-23 14:36:00+00:00,long,0,0.0045101545,0.015699059,0.012001434,0.18425845,2,0
2025-05-23 14:37:00+00:00,short,0,0.0014384394,0.28210464,0.00084255234,0.18383636,1,0
2025-05-23 14:38:00+00:00,long,0,0.002838775,0.9353945,0.015022613,0.20731592,1,0
2025-05-23 14:39:00+00:00,short,0,0.00084991223,0.07549724,0.0004317595,0.17455138,1,0
2025-05-23 14:40:00+00:00,short,0,0.00039077463,0.03887752,0.0008062868,0.21521224,1,0
2025-05-23 14:41:00+00:00,long,0,0.008785643,0.8886001,0.0786695,0.34359124,1,0
2025-05-23 14:42:00+00:00,short,0,0.0007041885,0.064835116,0.0007876619,0.17404212,1,0
2025-05-23 14:43:00+00:00,long,0,0.0008101067,0.362124,0.008426493,0.28407878,1,0
2025-05-23 14:44:00+00:00,short,0,0.00022459019,0.06443738,0.00021752472,0.20061362,1,0
2025-05-23 14:45:00+00:00,short,0,0.006327291,0.93463147,0.032103136,0.21164738,1,0
2025-05-23 14:46:00+00:00,short,0,0.00044164553,0.038159806,0.00062361825,0.17793827,1,0
2025-05-23 14:47:00+00:00,long,0,0.0001988395,0.0368429,0.0006462815,0.17043181,1,0
2025-05-23 14:48:00+00:00,short,0,0.093598224,0.9859024,0.2662763,0.42338207,1,0
2025-05-23 14:49:00+00:00,long,0,0.0062956363,0.9324627,0.045629427,0.23185693,1,0
2025-05-23 14:50:00+00:00,short,0,0.000253974,0.04164016,0.00076522486,0.18954204,1,0
2025-05-23 14:51:00+00:00,short,0,0.009674765,0.92500585,0.035948563,0.24797213,1,0
2025-05-23 14:52:00+00:00,short,0,0.00085439807,0.119788386,0.0010197199,0.17932981,1,0
2025-05-23 14:53:00+00:00,long,0,0.2702107,0.9948841,0.44348925,0.53216356,1,1
2025-05-23 14:54:00+00:00,long,0,0.00026965342,0.05450032,0.0016542122,0.17714937,1,0
2025-05-23 14:55:00+00:00,long,0,0.0003392599,0.4051694,0.0017687819,0.19821845,1,0
2025-05-23 14:56:00+00:00,short,0,0.0010494351,0.20688866,0.0012576141,0.17838001,1,0
2025-05-23 14:57:00+00:00,long,1,0.93298155,0.8941934,0.80325437,0.6699085,3,2
2025-05-23 14:58:00+00:00,long,0,0.0006432646,0.04911464,0.0007729396,0.19379435,1,0
2025-05-23 14:59:00+00:00,long,0,0.00032394845,0.003869494,0.0011691756,0.1792105,2,0
2025-05-23 15:00:00+00:00,short,0,0.00081120245,0.21131049,0.0015919966,0.17446524,1,0
2025-05-23 15:01:00+00:00,long,0,0.00042746513,0.5963812,0.00055001,0.27804014,1,0
2025-05-23 15:02:00+00:00,short,0,0.0006892627,0.2161655,0.0022381798,0.17480205,1,0
2025-05-23 15:03:00+00:00,short,0,0.0006557535,0.1318635,0.0024633363,0.1739365,1,0
2025-05-23 15:04:00+00:00,short,0,0.00023322077,0.017391425,0.0006422535,0.19221608,1,0
2025-05-23 15:05:00+00:00,short,0,0.011926968,0.7763714,0.032594834,0.24384546,1,0
2025-05-23 15:06:00+00:00,long,0,0.0010044336,0.65938604,0.006685016,0.18548413,1,0
2025-05-23 15:07:00+00:00,long,0,0.00090133003,0.74939543,0.008411255,0.19553815,1,0
2025-05-23 15:08:00+00:00,short,0,0.00027668974,0.026454432,0.0009814453,0.17586106,1,0
2025-05-23 15:09:00+00:00,long,0,0.30985168,0.29872912,0.75476646,0.6160216,2,1
2025-05-23 15:10:00+00:00,short,0,0.00039937565,0.033032972,0.0006731042,0.17450745,1,0
2025-05-23 15:11:00+00:00,short,0,0.0006062476,0.1281147,0.002056018,0.17350401,1,0
2025-05-23 15:12:00+00:00,short,0,0.00034993864,0.033235356,0.00048244925,0.1946041,1,0
2025-05-23 15:13:00+00:00,long,0,0.0006763564,0.11509653,0.0013970741,0.232017,1,0
2025-05-23 15:14:00+00:00,short,0,0.00024080652,0.026124628,0.0002977032,0.19433813,1,0
2025-05-23 15:15:00+00:00,long,0,0.0009246427,0.5357688,0.0036552818,0.24397524,1,0
2025-05-23 15:16:00+00:00,long,0,0.23068781,0.2860101,0.62206614,0.6139488,2,1
2025-05-23 15:17:00+00:00,long,0,0.00033183905,0.00047885996,0.0008550851,0.18425286,2,0
2025-05-23 15:18:00+00:00,short,0,0.00057987723,0.051212907,0.0010074395,0.17550057,1,0
2025-05-23 15:19:00+00:00,long,0,0.00033457702,0.026025841,0.0018633654,0.19129509,1,0
2025-05-23 15:20:00+00:00,short,0,0.00024573074,0.021030514,0.0005531304,0.20475507,1,0
2025-05-23 15:21:00+00:00,short,0,0.0004758822,0.022136202,0.0002943158,0.20257865,1,0
2025-05-23 15:22:00+00:00,short,0,0.37131378,0.97419995,0.37975508,0.47286525,1,0
2025-05-23 15:23:00+00:00,short,0,0.0005446798,0.018763168,0.0013371042,0.17333196,1,0
2025-05-23 15:24:00+00:00,short,0,0.00070900586,0.066483155,0.002510864,0.17897902,1,0
2025-05-23 15:25:00+00:00,long,0,0.00014092984,0.011868215,0.00063579844,0.17351528,1,0
2025-05-23 15:26:00+00:00,long,0,0.00017543533,0.013901177,0.0006676882,0.17573087,1,0
2025-05-23 15:27:00+00:00,short,0,0.00031302412,0.027125489,0.0013125656,0.19056016,1,0
2025-05-23 15:28:00+00:00,long,0,0.0024286972,0.597735,0.007623349,0.2888185,1,0
2025-05-23 15:29:00+00:00,short,1,0.95985645,0.98181754,0.8375196,0.5419324,2,1
2025-05-23 15:30:00+00:00,short,0,0.0001768569,0.034443602,0.0011389924,0.18582468,1,0
2025-05-23 15:31:00+00:00,short,0,9.2287446e-05,0.014839518,0.0003095926,0.16954185,1,0
2025-05-23 15:32:00+00:00,long,0,0.00014298133,0.015556415,0.00077497924,0.16998686,1,0
2025-05-23 15:33:00+00:00,long,0,0.0001447809,0.02271239,0.0007247287,0.17921758,1,0
2025-05-23 15:34:00+00:00,long,0,0.004279582,0.004307745,0.08443237,0.31359076,2,0
2025-05-23 15:35:00+00:00,short,0,0.0001272807,0.019998496,0.0004495344,0.18401285,1,0
2025-05-23 15:36:00+00:00,long,0,0.026368419,0.07222666,0.5022966,0.37493816,2,0
2025-05-23 15:37:00+00:00,long,0,0.00064585265,0.0008131089,0.0025531398,0.18145637,2,0
2025-05-23 15:38:00+00:00,long,0,0.027235566,0.03476991,0.6108835,0.45395494,2,0
2025-05-23 15:39:00+00:00,long,0,0.00056891475,0.001437259,0.0027568212,0.18867476,2,0
2025-05-23 15:40:00+00:00,short,0,0.0006774638,0.0011432905,0.0011325992,0.18381219,2,0
2025-05-23 15:41:00+00:00,short,0,0.00072632416,0.032273807,0.0015121836,0.18550539,1,0
2025-05-23 15:42:00+00:00,short,0,0.0005757805,0.018246263,0.0005971296,0.18042733,1,0
2025-05-23 15:43:00+00:00,short,0,0.00033939045,0.020351406,0.0014809198,0.28301695,1,0
2025-05-23 15:44:00+00:00,short,0,0.00071494654,0.026446382,0.0004925578,0.2037477,1,0
2025-05-23 15:45:00+00:00,short,0,0.0003050472,0.050299186,0.0013205808,0.19024658,1,0
2025-05-23 15:46:00+00:00,short,0,0.0002030888,0.020862255,0.0014156125,0.18912317,1,0
2025-05-23 15:47:00+00:00,short,0,0.00066414534,0.10980536,0.0029437488,0.17705281,1,0
2025-05-23 15:48:00+00:00,long,0,0.0045665493,0.79352844,0.054772418,0.2645416,1,0
2025-05-23 15:49:00+00:00,short,0,0.000387618,0.031885136,0.00074499386,0.1916881,1,0
2025-05-23 15:50:00+00:00,short,0,0.00028417664,0.035375543,0.0012444521,0.18530732,1,0
2025-05-27 14:19:00+00:00,long,0,8.874737e-05,0.00015364985,8.777821e-05,0.16752155,2,0
2025-05-27 14:20:00+00:00,long,0,0.0002665508,0.00040419374,0.0008735379,0.16880204,2,0
2025-05-27 14:21:00+00:00,long,0,0.008147119,0.0077265287,0.0151855545,0.20226598,2,0
2025-05-27 14:22:00+00:00,long,0,0.50548375,0.5195423,0.9058264,0.70832545,2,2
2025-05-27 14:23:00+00:00,long,0,0.031580392,0.14746867,0.40989125,0.43869448,2,0
2025-05-27 14:24:00+00:00,long,0,0.0003337436,0.00027916886,0.00022264359,0.16747294,2,0
2025-05-27 14:25:00+00:00,long,0,0.0007586289,0.0016015994,0.00029297342,0.16944231,2,0
2025-05-27 14:26:00+00:00,long,0,0.0025242753,0.005645251,0.0041547697,0.1801887,2,0
2025-05-27 14:27:00+00:00,long,1,0.97444147,0.9186907,0.92050284,0.78384954,3,2
2025-05-27 14:28:00+00:00,long,0,0.008290763,0.01723281,0.01374232,0.21528389,2,0
2025-05-27 14:29:00+00:00,long,0,0.0006496849,0.0003871468,0.00010647983,0.1675966,2,0
2025-05-27 14:30:00+00:00,long,0,0.0012173146,0.001531367,0.0018689041,0.1743815,2,0
2025-05-27 14:31:00+00:00,long,0,0.00040295342,0.00044416988,0.0005773577,0.16905087,2,0
2025-05-27 14:32:00+00:00,long,0,0.00038126615,0.00026098272,0.0004908712,0.16890574,2,0
2025-05-27 14:33:00+00:00,long,0,0.0064778333,0.018608194,0.028486485,0.20755567,2,0
2025-05-27 14:34:00+00:00,long,0,0.0005224053,0.0007581157,0.00028651214,0.16872655,2,0
2025-05-27 14:35:00+00:00,long,0,0.0006430985,0.00084496196,0.00065219833,0.16882896,2,0
2025-05-27 14:36:00+00:00,long,0,0.00014438151,0.00017249984,8.598647e-05,0.16732387,2,0
2025-05-27 14:37:00+00:00,long,0,0.00027396527,0.00043858978,0.00023907222,0.16840571,2,0
2025-05-27 14:38:00+00:00,long,0,0.30115664,0.29416192,0.66996187,0.6882084,2,2
2025-05-27 14:39:00+00:00,long,0,0.00014007016,0.00014708255,0.00012639465,0.16773409,2,0
2025-05-27 14:40:00+00:00,long,0,0.007054984,0.005360184,0.026924487,0.22183375,2,0
2025-05-27 14:41:00+00:00,long,0,9.386129e-05,0.000120194,0.0008334498,0.18048972,2,0
2025-05-27 14:42:00+00:00,long,0,0.000105274965,0.00044145065,0.0004994208,0.17001055,2,0
2025-05-27 14:43:00+00:00,long,0,0.000120015335,0.0013768433,0.0006001521,0.17125733,2,0
2025-05-27 14:44:00+00:00,long,0,9.393363e-05,8.467576e-05,0.00016012967,0.16979639,2,0
2025-05-27 14:45:00+00:00,long,0,0.000163487,0.00023646386,0.0023562675,0.20191693,2,0
2025-05-27 14:46:00+00:00,long,0,0.010480677,0.036530983,0.13623889,0.31241235,2,0
2025-05-27 14:47:00+00:00,long,0,0.22297382,0.21905121,0.86701393,0.6497404,2,1
2025-05-27 14:48:00+00:00,long,0,0.00024738166,0.00028325236,0.0045868806,0.20809467,2,0
2025-05-27 14:49:00+00:00,long,0,0.00031612,0.0012015587,0.0048247417,0.23430388,2,0
2025-05-27 14:50:00+00:00,long,0,0.11163399,0.11640536,0.8098639,0.5903574,2,1
2025-05-27 14:51:00+00:00,long,0,0.00026792055,0.0011878914,0.004421532,0.20816188,2,0
2025-05-27 14:52:00+00:00,long,0,7.8608165e-05,0.000121359255,0.00014558855,0.16941608,2,0
2025-05-27 14:53:00+00:00,long,0,0.00022275082,0.00013942746,0.0008202326,0.17958044,2,0
2025-05-27 14:54:00+00:00,long,0,6.8299785e-05,0.0003073273,0.00065430143,0.16900636,2,0
2025-05-27 14:55:00+00:00,long,0,0.0010425131,0.0025098443,0.0038075314,0.21606939,2,0
2025-05-27 14:56:00+00:00,long,0,0.21569027,0.3061638,0.8433122,0.7018226,2,2
2025-05-27 14:57:00+00:00,long,0,0.0013163878,0.0034106162,0.0022915995,0.17510194,2,0
2025-05-27 14:58:00+00:00,long,0,0.0010380732,0.0018326028,0.0021669867,0.17403972,2,0
2025-05-27 14:59:00+00:00,long,0,0.00013588634,0.000120200195,0.00014487689,0.16893925,2,0
2025-05-27 15:00:00+00:00,long,0,0.0025825065,0.0100989295,0.0040126364,0.23268683,2,0
2025-05-27 15:01:00+00:00,long,0,0.00014287516,0.00036334113,0.00020820742,0.16936325,2,0
2025-05-27 15:02:00+00:00,long,0,0.11509711,0.103412665,0.11075059,0.3964484,2,0
2025-05-27 15:03:00+00:00,long,0,0.0031058902,0.00816562,0.005446947,0.21422471,2,0
2025-05-27 15:04:00+00:00,long,1,0.9590922,0.9220904,0.8928615,0.78358704,3,2
2025-05-27 15:05:00+00:00,long,0,0.00013517607,0.0005119101,0.00018906967,0.16892058,2,0
2025-05-27 15:06:00+00:00,long,0,0.00019700124,0.00036298574,0.00011503031,0.16986935,2,0
2025-05-27 15:07:00+00:00,long,0,0.0020148435,0.00621471,0.005033083,0.21143138,2,0
2025-05-27 15:08:00+00:00,long,0,0.0001668345,0.00042718957,7.452624e-05,0.16955882,2,0
2025-05-27 15:09:00+00:00,long,0,0.013055059,0.035827473,0.029348113,0.27095988,2,0
2025-05-27 15:10:00+00:00,long,0,0.0036050244,0.004989395,0.019468246,0.21485041,2,0
2025-05-27 15:11:00+00:00,long,0,0.00014174778,0.00039056683,0.00011337786,0.16976057,2,0
2025-05-27 15:12:00+00:00,long,0,0.0027116062,0.0031371193,0.013466363,0.2177633,2,0
2025-05-27 15:13:00+00:00,long,0,0.0042357286,0.0033467456,0.015555691,0.21588415,2,0
2025-05-27 15:14:00+00:00,long,0,0.0005877278,0.0016894628,0.0007653926,0.1707338,2,0
2025-05-27 15:15:00+00:00,long,0,0.616487,0.6025335,0.85368574,0.71689636,2,2
2025-05-27 15:16:00+00:00,long,0,0.0020567381,0.006727506,0.0042464193,0.23412354,2,0
2025-05-27 15:17:00+00:00,long,0,0.0015687199,0.0020298306,0.0023607262,0.1817643,2,0
2025-05-27 15:18:00+00:00,long,0,0.00013921954,0.00016110786,0.000103929,0.17267984,2,0
2025-05-27 15:19:00+00:00,long,0,0.0020439345,0.002278874,0.0014555799,0.17852385,2,0
2025-05-27 15:20:00+00:00,long,1,0.96619606,0.8880592,0.8456789,0.7380574,3,2
2025-05-27 15:21:00+00:00,long,0,0.0009245098,0.0012429832,0.0004734304,0.17351042,2,0
2025-05-27 15:22:00+00:00,long,0,0.06532553,0.18262787,0.08268382,0.42694366,2,0
2025-05-27 15:23:00+00:00,long,0,0.0014088899,0.0044300896,0.000115909956,0.17024647,2,0
2025-05-27 15:24:00+00:00,long,0,0.00073144725,0.0019090354,0.0017907831,0.17244996,2,0
2025-05-27 15:25:00+00:00,long,0,0.0009061218,0.0035109646,0.00032324012,0.17863972,2,0
2025-05-27 15:26:00+00:00,long,0,0.013530583,0.06410608,0.00797202,0.41219923,2,0
2025-05-27 15:27:00+00:00,long,0,0.0006087605,0.012000547,8.327848e-05,0.17347908,2,0
2025-05-27 15:28:00+00:00,long,0,0.00029462407,0.0014676787,0.0001983969,0.17087747,2,0
2025-05-27 15:29:00+00:00,long,1,0.9772448,0.9703273,0.959801,0.79649186,3,2
2025-05-27 15:30:00+00:00,long,0,0.0017853301,0.010783682,0.00036767,0.18258514,2,0
2025-05-27 15:31:00+00:00,long,0,0.00041900753,0.001010751,0.000115199335,0.17156065,2,0
2025-05-27 15:32:00+00:00,long,0,0.0012111588,0.0065926537,0.00051117776,0.17223112,2,0
2025-05-27 15:33:00+00:00,long,0,0.12147541,0.126192,0.17980891,0.5609326,2,0
2025-05-27 15:34:00+00:00,long,0,0.0011411009,0.0028537444,0.000621689,0.17995684,2,0
2025-05-27 15:35:00+00:00,long,0,0.00031738624,0.0004477316,0.00020480137,0.17168581,2,0
2025-05-27 15:36:00+00:00,long,0,0.00023696964,0.00040041178,0.00017278033,0.16995126,2,0
2025-05-27 15:37:00+00:00,long,1,0.9710504,0.9251748,0.9357918,0.79251534,3,2
2025-05-27 15:38:00+00:00,long,0,0.0072067,0.014485748,0.012125304,0.3073276,2,0
2025-05-27 15:39:00+00:00,long,0,0.00045407654,0.0005511191,0.0005801393,0.1803831,2,0
2025-05-27 15:40:00+00:00,long,0,0.00027716975,0.00050422637,0.0005373517,0.16907911,2,0
2025-05-27 15:41:00+00:00,long,0,0.0307339,0.07071232,0.15298854,0.48428464,2,0
2025-05-27 15:42:00+00:00,long,0,0.00025131184,0.0006406707,0.0006771636,0.16997777,2,0
2025-05-27 15:43:00+00:00,long,0,0.0006025982,0.0018251297,0.0020527607,0.22420053,2,0
2025-05-27 15:44:00+00:00,long,0,0.43528885,0.5332517,0.5914719,0.7297781,2,2
2025-05-27 15:45:00+00:00,long,0,0.005880667,0.003806007,0.056884937,0.18829902,2,0
2025-05-27 15:46:00+00:00,long,0,0.004123839,0.0044458443,0.02999084,0.18380846,2,0
2025-05-27 15:47:00+00:00,long,0,0.0009473907,0.005205453,0.004527065,0.23220177,2,0
2025-05-27 15:48:00+00:00,long,0,0.00052694173,0.000601663,0.0013725464,0.17586903,2,0
2025-05-27 15:49:00+00:00,long,0,0.000189931,0.00053113844,0.001742656,0.17886887,2,0
2025-05-27 15:50:00+00:00,long,0,7.883811e-05,0.00019846919,0.00013559045,0.1685565,2,0
2025-05-28 14:19:00+00:00,long,0,0.11900474,0.9894694,0.042002425,0.32916084,1,0
2025-05-28 14:20:00+00:00,short,0,0.004520569,0.29639864,0.0036558723,0.16834606,1,0
2025-05-28 14:21:00+00:00,short,0,0.077599786,0.79406965,0.10102111,0.20712727,1,0
2025-05-28 14:22:00+00:00,short,0,0.004485107,0.31640244,0.0063796495,0.17144056,1,0
2025-05-28 14:23:00+00:00,long,1,0.9833687,0.9952415,0.9794493,0.7720144,2,2
2025-05-28 14:24:00+00:00,long,0,0.0029101078,0.39771616,0.0026473124,0.17061943,1,0
2025-05-28 14:25:00+00:00,long,0,0.0029918244,0.93003964,0.0015622758,0.19796686,1,0
2025-05-28 14:26:00+00:00,long,0,0.0025396852,0.9097289,0.0020266995,0.19563071,1,0
2025-05-28 14:27:00+00:00,short,0,0.08143147,0.8849683,0.11435783,0.31717506,1,0
2025-05-28 14:28:00+00:00,long,0,0.0013864811,0.8773674,0.0006911775,0.19375806,1,0
2025-05-28 14:29:00+00:00,long,0,0.003029531,0.78307366,0.001234297,0.18575054,1,0
2025-05-28 14:30:00+00:00,long,0,0.0014798223,0.36842105,0.0020836468,0.16861986,1,0
2025-05-28 14:31:00+00:00,long,0,0.014244363,0.96724975,0.011882137,0.25355083,1,0
2025-05-28 14:32:00+00:00,short,0,0.0014571581,0.5537113,0.010580268,0.16985369,1,0
2025-05-28 14:33:00+00:00,long,0,0.0015878795,0.83390814,0.0015831213,0.23111345,1,0
2025-05-28 14:34:00+00:00,short,0,0.006721381,0.7775422,0.03702049,0.18003428,1,0
2025-05-28 14:35:00+00:00,short,0,0.0017966896,0.4895002,0.0033604952,0.16905831,1,0
2025-05-28 14:36:00+00:00,short,0,0.0010137478,0.48486546,0.0016897251,0.1682447,1,0
2025-05-28 14:37:00+00:00,long,0,0.012699514,0.9815692,0.00832565,0.24582846,1,0
2025-05-28 14:38:00+00:00,short,0,0.002493578,0.62876046,0.0049568918,0.17903726,1,0
2025-05-28 14:39:00+00:00,short,0,0.0020734228,0.66311437,0.0051312232,0.17821176,1,0
2025-05-28 14:40:00+00:00,short,0,0.026527759,0.9379961,0.2978173,0.30776343,1,0
2025-05-28 14:41:00+00:00,long,1,0.95750684,0.9965487,0.8867708,0.67935485,2,2
2025-05-28 14:42:00+00:00,short,0,0.0010744629,0.6180857,0.001835791,0.17753579,1,0
2025-05-28 14:43:00+00:00,short,0,0.00055885746,0.39933482,0.00042440108,0.16874821,1,0
2025-05-28 14:44:00+00:00,short,0,0.1545046,0.9881803,0.3463853,0.5640865,1,1
2025-05-28 14:45:00+00:00,long,0,0.00065447233,0.40159363,0.0010781151,0.16788115,1,0
2025-05-28 14:46:00+00:00,short,0,0.0015985614,0.5917157,0.0022051781,0.1747448,1,0
2025-05-28 14:47:00+00:00,long,0,0.00017612353,0.3448298,0.0005903148,0.16910684,1,0
2025-05-28 14:48:00+00:00,short,0,0.000496249,0.2675567,0.00084615,0.16814756,1,0
2025-05-28 14:49:00+00:00,short,0,0.0031495388,0.67375076,0.0036231363,0.18417722,1,0
2025-05-28 14:50:00+00:00,long,0,0.00016107713,0.17166875,0.00056709594,0.1681544,1,0
2025-05-28 14:51:00+00:00,long,0,0.022835683,0.9822788,0.025169158,0.20171653,1,0
2025-05-28 14:52:00+00:00,long,0,0.00060928054,0.87629217,0.002508986,0.17385095,1,0
2025-05-28 14:53:00+00:00,long,0,0.0003326157,0.39269,0.0020567754,0.17618082,1,0
2025-05-28 14:54:00+00:00,long,0,0.00018248941,0.17659773,0.00069777406,0.16832638,1,0
2025-05-28 14:55:00+00:00,long,0,0.0013228933,0.6227998,0.0013810423,0.17261241,1,0
2025-05-28 14:56:00+00:00,short,0,0.0011224588,0.45067072,0.0016561489,0.18114047,1,0
2025-05-28 14:57:00+00:00,long,0,0.0012682556,0.55684316,0.0013158796,0.17335321,1,0
2025-05-28 14:58:00+00:00,short,0,0.1280656,0.9935061,0.39469773,0.43537223,1,0
2025-05-28 14:59:00+00:00,short,0,0.00031076337,0.15902635,0.00021184274,0.16765802,1,0
2025-05-28 15:00:00+00:00,short,0,0.022849843,0.9694998,0.2613359,0.29788223,1,0
2025-05-28 15:01:00+00:00,short,0,0.00038214345,0.36615834,0.0010562948,0.17260794,1,0
2025-05-28 15:02:00+00:00,short,0,0.0003658792,0.31470874,0.0012779891,0.18158294,1,0
2025-05-28 15:03:00+00:00,short,0,0.00027188228,0.0920855,0.0004516939,0.16743259,1,0
2025-05-28 15:04:00+00:00,long,0,0.0004832881,0.64605266,0.0028266865,0.17076387,1,0
2025-05-28 15:05:00+00:00,short,0,0.00019326771,0.16291426,0.0004922246,0.18317479,1,0
2025-05-28 15:06:00+00:00,long,0,0.00022062297,0.13923995,0.00042961698,0.16762845,1,0
2025-05-28 15:07:00+00:00,short,0,0.00037099194,0.37523443,0.0018011883,0.20228362,1,0
2025-05-28 15:08:00+00:00,short,0,0.0006081017,0.37195048,0.0018542098,0.20165455,1,0
2025-05-28 15:09:00+00:00,short,0,0.018605996,0.9335175,0.063900314,0.2767385,1,0
2025-05-28 15:10:00+00:00,long,0,0.0009962241,0.8213775,0.004057541,0.17336462,1,0
2025-05-28 15:11:00+00:00,long,0,0.0013067643,0.8601394,0.005700048,0.17187642,1,0
2025-05-28 15:12:00+00:00,short,0,0.0041720564,0.517905,0.0075437776,0.23544668,1,0
2025-05-28 15:13:00+00:00,long,0,0.00043914723,0.0998057,0.0023154125,0.16944063,1,0
2025-05-28 15:14:00+00:00,long,0,0.0005167821,0.74354964,0.0030742355,0.17332198,1,0
2025-05-28 15:15:00+00:00,long,0,0.007066344,0.9245732,0.01610304,0.36780262,1,0
2025-05-28 15:16:00+00:00,long,0,0.43712005,0.9935231,0.9121315,0.7191064,1,2
2025-05-28 15:17:00+00:00,long,0,0.0005304132,0.21256965,0.00085471646,0.172428,1,0
2025-05-28 15:18:00+00:00,long,0,0.00032462427,0.6218891,0.0019174188,0.17912619,1,0
2025-05-28 15:19:00+00:00,long,0,0.19068222,0.99794465,0.8748155,0.7387112,1,2
2025-05-28 15:20:00+00:00,long,0,0.00026525836,0.28435218,0.0014604205,0.1812919,1,0
2025-05-28 15:21:00+00:00,long,0,0.0001417471,0.83071566,0.0023258287,0.18091787,1,0
2025-05-28 15:22:00+00:00,long,0,0.000105726765,0.054955605,0.00092671014,0.16968584,1,0
2025-05-28 15:23:00+00:00,long,0,0.00015140978,0.045727734,0.00096828304,0.16985033,1,0
2025-05-28 15:24:00+00:00,long,0,0.0012067639,0.88550335,0.033825275,0.28467044,1,0
2025-05-28 15:25:00+00:00,long,0,0.00012893087,0.09519243,0.0012436144,0.17427997,1,0
2025-05-28 15:26:00+00:00,long,0,0.00023433368,0.041079637,0.0017489352,0.179978,1,0
2025-05-28 15:27:00+00:00,long,0,0.007953799,0.9951056,0.6075858,0.6095163,1,1
2025-05-28 15:28:00+00:00,long,0,0.0016699177,0.9813949,0.11465847,0.47019872,1,1
2025-05-28 15:29:00+00:00,long,0,5.944497e-05,0.032697413,0.001893104,0.1697885,1,0
2025-05-28 15:30:00+00:00,long,0,0.004761457,0.8857891,0.0871313,0.40281644,1,0
2025-05-28 15:31:00+00:00,long,0,0.00557304,0.8774403,0.0594371,0.37050653,1,0
2025-05-28 15:32:00+00:00,long,0,0.0004375583,0.64247173,0.004088136,0.18018322,1,0
2025-05-28 15:33:00+00:00,long,0,0.10993689,0.9949758,0.5699464,0.5817671,1,1
2025-05-28 15:34:00+00:00,long,0,0.00011799478,0.034841973,0.00046986,0.17156716,1,0
2025-05-28 15:35:00+00:00,long,0,0.000107167405,0.03896164,0.00062358024,0.16944401,1,0
2025-05-28 15:36:00+00:00,long,0,0.00036075833,0.0650877,0.0016050471,0.19557254,1,0
2025-05-28 15:37:00+00:00,long,0,0.00014489167,0.03453772,0.00067366194,0.17139512,1,0
2025-05-28 15:38:00+00:00,long,0,0.00659034,0.8155717,0.12587598,0.41960052,1,0
2025-05-28 15:39:00+00:00,long,0,0.00030072586,0.5041049,0.0025685863,0.18063867,1,0
2025-05-28 15:40:00+00:00,long,0,0.0694324,0.9955754,0.78351253,0.72241324,1,2
2025-05-28 15:41:00+00:00,long,0,0.0047605783,0.62240314,0.088950664,0.37116566,1,0
2025-05-28 15:42:00+00:00,long,0,4.9260732e-05,0.018359259,0.00028417067,0.16968267,1,0
2025-05-28 15:43:00+00:00,long,0,0.0006836991,0.84209055,0.009811591,0.1825784,1,0
2025-05-28 15:44:00+00:00,long,0,0.01602944,0.9800735,0.2967385,0.5307047,1,1
2025-05-28 15:45:00+00:00,long,0,0.0073178336,0.67769295,0.07609906,0.4103137,1,0
2025-05-28 15:46:00+00:00,short,0,9.11987e-05,0.03787173,0.00048092465,0.16871452,1,0
2025-05-28 15:47:00+00:00,long,0,0.00011769026,0.022270055,0.0010840327,0.16925485,1,0
2025-05-28 15:48:00+00:00,short,0,0.0005592473,0.051380135,0.0012667907,0.2456793,1,0
2025-05-28 15:49:00+00:00,short,0,0.00018879151,0.027142089,0.00017990395,0.1706366,1,0
2025-05-28 15:50:00+00:00,long,0,0.00038886434,0.47813398,0.003579869,0.1811241,1,0
2025-05-29 14:19:00+00:00,long,0,0.029695638,0.9715829,0.059890237,0.34542522,1,0
2025-05-29 14:20:00+00:00,long,0,0.00028487243,0.11406094,0.000233692,0.18780832,1,0
2025-05-29 14:21:00+00:00,long,0,0.022378694,0.0047524814,0.15104377,0.25985387,2,0
2025-05-29 14:22:00+00:00,long,0,0.0003937529,0.0012347985,0.0002589056,0.16931225,2,0
2025-05-29 14:23:00+00:00,long,0,0.2711643,0.101633556,0.7496393,0.44311205,2,0
2025-05-29 14:24:00+00:00,long,0,0.0012675722,0.0028111741,0.0015974279,0.18658139,2,0
2025-05-29 14:25:00+00:00,long,0,0.30721587,0.11561449,0.79060197,0.5964182,2,0
2025-05-29 14:26:00+00:00,long,0,0.007692574,0.038102075,0.022220729,0.26507482,2,0
2025-05-29 14:27:00+00:00,long,0,0.0007476267,0.75859624,0.0007138552,0.20325232,1,0
2025-05-29 14:28:00+00:00,long,0,0.00032206814,0.63714206,0.00030448264,0.20159896,1,0
2025-05-29 14:29:00+00:00,long,0,0.00014408198,0.09237639,7.581738e-05,0.16799186,1,0
2025-05-29 14:30:00+00:00,long,0,0.31509244,0.17460765,0.85038334,0.5821195,2,0
2025-05-29 14:31:00+00:00,long,0,0.0011792397,0.8642732,0.0019012666,0.20089726,1,0
2025-05-29 14:32:00+00:00,short,0,0.0033367865,0.6555939,0.0012954551,0.18601565,1,0
2025-05-29 14:33:00+00:00,long,0,8.325728e-05,0.10378209,8.237209e-05,0.16872396,1,0
2025-05-29 14:34:00+00:00,short,0,0.036425196,0.025663886,0.12122675,0.35594153,2,0
2025-05-29 14:35:00+00:00,long,0,0.00013414523,0.06956379,0.00015818233,0.17525631,1,0
2025-05-29 14:36:00+00:00,long,0,0.0007708983,0.76162124,0.0016776784,0.2105456,1,0
2025-05-29 14:37:00+00:00,long,0,0.0003420659,0.18047197,0.00017145068,0.19743128,1,0
2025-05-29 14:38:00+00:00,long,0,0.30502397,0.9892652,0.30044472,0.71492004,1,2
2025-05-29 14:39:00+00:00,long,0,0.0002473739,0.062007334,9.885016e-05,0.17015402,1,0
2025-05-29 14:40:00+00:00,short,0,0.0015483379,0.66389656,0.0023928725,0.24718682,1,0
2025-05-29 14:41:00+00:00,short,0,0.0010349996,0.68335783,0.0025113262,0.25474182,1,0
2025-05-29 14:42:00+00:00,long,0,0.00026529378,0.76559407,0.0024405885,0.20500259,1,0
2025-05-29 14:43:00+00:00,short,0,0.00025111518,0.2432352,0.0007339291,0.20894872,1,0
2025-05-29 14:44:00+00:00,long,0,0.0005240643,0.7699788,0.0020672537,0.19991803,1,0
2025-05-29 14:45:00+00:00,long,0,0.0006059856,0.7968277,0.0021792236,0.21636248,1,0
2025-05-29 14:46:00+00:00,short,0,0.00020459233,0.12373615,0.00020828308,0.16964966,1,0
2025-05-29 14:47:00+00:00,short,0,0.0010852235,0.6614242,0.0032943632,0.21733327,1,0
2025-05-29 14:48:00+00:00,short,0,0.00238646,0.6304905,0.0025555706,0.26430252,1,0
2025-05-29 14:49:00+00:00,long,0,0.00023092293,0.7467906,0.0016483276,0.19744056,1,0
2025-05-29 14:50:00+00:00,long,0,0.00019830215,0.15266056,0.00073880056,0.17733884,1,0
2025-05-29 14:51:00+00:00,short,0,0.44797713,0.25160104,0.9048153,0.5310193,2,0
2025-05-29 14:52:00+00:00,long,0,0.00017127961,0.06705284,0.0002681651,0.16915788,1,0
2025-05-29 14:53:00+00:00,long,0,0.09055695,0.98387814,0.21292716,0.5955658,1,0
2025-05-29 14:54:00+00:00,long,0,0.0005792108,0.7850356,0.0019350641,0.19866844,1,0
2025-05-29 14:55:00+00:00,short,0,0.00034241666,0.07820199,0.00027982626,0.16786104,1,0
2025-05-29 14:56:00+00:00,long,0,0.00016369805,0.050553445,0.0003705443,0.16850819,1,0
2025-05-29 14:57:00+00:00,short,1,0.97224176,0.99543947,0.9535974,0.738615,2,2
2025-05-29 14:58:00+00:00,long,0,0.006267259,0.9362685,0.008661664,0.2239521,1,0
2025-05-29 14:59:00+00:00,short,0,0.0033362631,0.5517065,0.004500146,0.19434898,1,0
2025-05-29 15:00:00+00:00,short,0,0.00024985924,0.10885187,0.00019316842,0.16824026,1,0
2025-05-29 15:01:00+00:00,short,0,0.0042226175,0.7757891,0.009409562,0.26226968,1,0
2025-05-29 15:02:00+00:00,short,0,0.0092226025,0.014979317,0.065310195,0.34436432,2,0
2025-05-29 15:03:00+00:00,long,0,7.837247e-05,0.043703534,0.00030350595,0.16962963,1,0
2025-05-29 15:04:00+00:00,short,0,0.0025905827,0.00668983,0.009163759,0.2598431,2,0
2025-05-29 15:05:00+00:00,long,0,0.00010959048,0.06441265,0.00019405379,0.1690941,1,0
2025-05-29 15:06:00+00:00,long,0,0.028856853,0.9765608,0.037158016,0.29973763,1,0
2025-05-29 15:07:00+00:00,short,0,0.00043347754,0.10113435,0.000982015,0.18506896,1,0
2025-05-29 15:08:00+00:00,long,0,0.017198037,0.9766052,0.032096457,0.22033845,1,0
2025-05-29 15:09:00+00:00,short,0,0.0020087662,0.4049552,0.0039184066,0.2148909,1,0
2025-05-29 15:10:00+00:00,short,0,0.0015169914,0.37123242,0.004681314,0.19616409,1,0
2025-05-29 15:11:00+00:00,short,0,0.00031282424,0.11245697,0.0021883775,0.1830657,1,0
2025-05-29 15:12:00+00:00,short,0,0.006171343,0.66255987,0.005637697,0.21781532,1,0
2025-05-29 15:13:00+00:00,long,0,0.00023941416,0.5139753,0.00030942057,0.1754347,1,0
2025-05-29 15:14:00+00:00,short,0,0.00020009358,0.050986152,0.0006392636,0.16899972,1,0
2025-05-29 15:15:00+00:00,short,0,0.002419194,0.35037673,0.00814673,0.22706164,1,0
2025-05-29 15:16:00+00:00,short,0,0.00010148264,0.037772886,0.00012314139,0.17028563,1,0
2025-05-29 15:17:00+00:00,long,0,0.00015900421,0.08626252,0.00021237259,0.17168267,1,0
2025-05-29 15:18:00+00:00,long,0,0.0012874018,0.86370134,0.0026295895,0.20623912,1,0
2025-05-29 15:19:00+00:00,long,0,0.00014716588,0.38798642,0.00022961461,0.18117543,1,0
2025-05-29 15:20:00+00:00,long,0,0.00016309664,0.094852895,0.00017406915,0.18029265,1,0
2025-05-29 15:21:00+00:00,long,0,0.0022285383,0.89983517,0.004872016,0.26682642,1,0
2025-05-29 15:22:00+00:00,long,0,0.002339548,0.9062899,0.0049282904,0.24074547,1,0
2025-05-29 15:23:00+00:00,short,0,0.0016561317,0.38274646,0.008307674,0.19626899,1,0
2025-05-29 15:24:00+00:00,short,0,0.019257449,0.9594933,0.040655565,0.4511024,1,0
2025-05-29 15:25:00+00:00,long,0,6.3196705e-05,0.032618236,5.004479e-05,0.16866416,1,0
2025-05-29 15:26:00+00:00,long,0,9.242598e-05,0.07049634,0.00023589144,0.17456026,1,0
2025-05-29 15:27:00+00:00,long,0,0.013304631,0.9718617,0.057261843,0.27351925,1,0
2025-05-29 15:28:00+00:00,short,1,0.97725564,0.995353,0.9319526,0.7698973,2,2
2025-05-29 15:29:00+00:00,long,0,9.897665e-05,0.50114095,0.00022538581,0.18175144,1,0
2025-05-29 15:30:00+00:00,short,0,0.001055909,0.26642847,0.0010718604,0.17785977,1,0
2025-05-29 15:31:00+00:00,long,0,0.00019595551,0.10265606,0.00018569047,0.16802002,1,0
2025-05-29 15:32:00+00:00,short,1,0.95446914,0.99141395,0.7907724,0.6692365,2,2
2025-05-29 15:33:00+00:00,long,0,0.0011442073,0.85575163,0.0019032619,0.18874101,1,0
2025-05-29 15:34:00+00:00,short,0,0.008643299,0.8177277,0.019197697,0.39874056,1,0
2025-05-29 15:35:00+00:00,long,0,0.0016776905,0.8477373,0.0015515877,0.18174113,1,0
2025-05-29 15:36:00+00:00,long,0,0.0016918603,0.91349,0.0021205018,0.19548728,1,0
2025-05-29 15:37:00+00:00,long,0,0.00048116513,0.7579054,0.0028878134,0.19462909,1,0
2025-05-29 15:38:00+00:00,long,0,0.0006704655,0.75440496,0.002860436,0.20027943,1,0
2025-05-29 15:39:00+00:00,long,0,0.00057164364,0.7592564,0.0034640671,0.20129251,1,0
2025-05-29 15:40:00+00:00,short,0,0.0009776824,0.22916473,0.0008123477,0.19122227,1,0
2025-05-29 15:41:00+00:00,long,0,0.00054691394,0.67198044,0.0006085099,0.19092004,1,0
2025-05-29 15:42:00+00:00,long,0,0.0002900914,0.051605683,0.0004101391,0.1684683,1,0
2025-05-29 15:43:00+00:00,long,0,0.00049534754,0.7133438,0.00088268326,0.19912215,1,0
2025-05-29 15:44:00+00:00,short,0,0.0038596478,0.75439364,0.009072635,0.26174936,1,0
2025-05-29 15:45:00+00:00,short,0,0.0018975367,0.46509242,0.009838623,0.21259081,1,0
2025-05-29 15:46:00+00:00,long,0,0.00029813492,0.13559386,0.00061784923,0.17583555,1,0
2025-05-29 15:47:00+00:00,short,0,0.026458416,0.012350535,0.031550772,0.256636,2,0
2025-05-29 15:48:00+00:00,long,0,0.000268954,0.36480716,0.0008334368,0.17561196,1,0
2025-05-29 15:49:00+00:00,short,0,0.0036497843,0.62998104,0.0103605995,0.21718977,1,0
2025-05-29 15:50:00+00:00,long,0,0.00028948663,0.12247799,0.0008372762,0.17477638,1,0
2025-05-30 14:19:00+00:00,short,0,0.00015773409,0.006018785,9.5351344e-05,0.17490852,1,0
2025-05-30 14:20:00+00:00,long,0,0.0010424227,0.0006583171,0.0054556406,0.19296126,2,0
2025-05-30 14:21:00+00:00,long,0,0.00037724985,0.00018896926,0.00042062832,0.1801958,2,0
2025-05-30 14:22:00+00:00,long,0,0.00040152544,0.00019946745,0.00033768956,0.18403047,2,0
2025-05-30 14:23:00+00:00,short,0,0.00034755166,0.01291158,0.000764315,0.18284614,1,0
2025-05-30 14:24:00+00:00,long,0,0.00011786311,0.009107365,0.00022621556,0.17334567,1,0
2025-05-30 14:25:00+00:00,short,0,0.00015505288,0.013450901,0.0003659863,0.17864811,1,0
2025-05-30 14:26:00+00:00,long,0,0.0001300668,0.0077742804,0.0003847912,0.16910708,1,0
2025-05-30 14:27:00+00:00,short,0,0.00015937793,0.014028535,0.00019245235,0.17917167,1,0
2025-05-30 14:28:00+00:00,short,0,0.0005828014,0.116823554,0.0019462875,0.18234508,1,0
2025-05-30 14:29:00+00:00,long,0,0.00046331785,0.21071343,0.00038072112,0.1980443,1,0
2025-05-30 14:30:00+00:00,short,0,0.00019352607,0.027193826,0.0006454444,0.19396758,1,0
2025-05-30 14:31:00+00:00,short,0,0.00021423452,0.022576476,0.0004680219,0.17793989,1,0
2025-05-30 14:32:00+00:00,long,0,0.05117673,0.11799046,0.50472337,0.4368513,2,0
2025-05-30 14:33:00+00:00,short,0,0.00050279225,0.13342804,0.0016075961,0.19404745,1,0
2025-05-30 14:34:00+00:00,long,0,0.00037716678,0.05918515,0.0004857021,0.1843007,1,0
2025-05-30 14:35:00+00:00,long,0,0.00024368087,0.00025949598,0.00044201658,0.178945,2,0
2025-05-30 14:36:00+00:00,long,0,0.0014146894,0.0016114265,0.012548778,0.21112137,2,0
2025-05-30 14:37:00+00:00,long,0,7.871896e-05,0.0001942415,0.00021850962,0.1731301,2,0
2025-05-30 14:38:00+00:00,long,0,7.210718e-05,0.00025442187,0.0002922163,0.17127228,2,0
2025-05-30 14:39:00+00:00,short,0,0.0009956866,0.13693759,0.001658974,0.22143406,1,0
2025-05-30 14:40:00+00:00,long,0,0.11386367,0.995989,0.8229612,0.7874879,1,2
2025-05-30 14:41:00+00:00,long,0,0.00015489846,0.02431593,0.00024018466,0.16803093,1,0
2025-05-30 14:42:00+00:00,long,0,0.000111793175,0.015007155,0.00027207576,0.16863267,1,0
2025-05-30 14:43:00+00:00,long,0,0.0033885448,0.89571285,0.015049371,0.22116227,1,0
2025-05-30 14:44:00+00:00,long,0,0.00014137603,0.011650627,0.00022771131,0.16821522,1,0
2025-05-30 14:45:00+00:00,long,0,0.0012642178,0.0026484493,0.007697512,0.23919888,2,0
2025-05-30 14:46:00+00:00,long,0,0.002218674,0.0017068798,0.0027049142,0.2222783,2,0
2025-05-30 14:47:00+00:00,long,0,0.00011141134,0.00029421877,0.0004110068,0.17136228,2,0
2025-05-30 14:48:00+00:00,long,0,0.14302202,0.9931491,0.83344376,0.70394295,1,2
2025-05-30 14:49:00+00:00,short,0,0.0061316113,0.77291054,0.00380121,0.3499225,1,0
2025-05-30 14:50:00+00:00,long,0,0.00016925365,0.02751134,0.00036700882,0.18188637,1,0
2025-05-30 14:51:00+00:00,long,0,0.0001772631,0.04461931,0.0011495722,0.192082,1,0
2025-05-30 14:52:00+00:00,long,0,0.00015858404,0.016869444,0.000108718144,0.16818516,1,0
2025-05-30 14:53:00+00:00,long,0,0.012684402,0.055470467,0.16726987,0.2895808,2,0
2025-05-30 14:54:00+00:00,long,0,0.022127317,0.061570883,0.18104348,0.28850874,2,0
2025-05-30 14:55:00+00:00,short,0,0.0024611638,0.0020819253,0.0035740277,0.19101197,2,0
2025-05-30 14:56:00+00:00,long,0,0.00014747774,0.015846819,8.295281e-05,0.16941653,1,0
2025-05-30 14:57:00+00:00,long,0,0.19646455,0.13325638,0.70863473,0.6055516,2,1
2025-05-30 14:58:00+00:00,long,0,0.00026210933,0.000409562,0.0001536872,0.168835,2,0
2025-05-30 14:59:00+00:00,long,0,0.239796,0.26459384,0.81318593,0.66522974,2,2
2025-05-30 15:00:00+00:00,short,1,0.9651527,0.94993037,0.82731724,0.73894376,3,2
2025-05-30 15:01:00+00:00,long,0,0.0023117464,0.0039260387,0.0013307533,0.19276886,2,0
2025-05-30 15:02:00+00:00,short,0,0.004976977,0.45936176,0.028470356,0.2503954,1,0
2025-05-30 15:03:00+00:00,long,0,8.149803e-05,0.00899376,0.00022787639,0.17124058,1,0
2025-05-30 15:04:00+00:00,long,0,0.47780117,0.35839,0.8879652,0.7363708,2,2
2025-05-30 15:05:00+00:00,long,0,0.0004323309,0.0005776784,0.00021189748,0.17947976,2,0
2025-05-30 15:06:00+00:00,long,1,0.98107874,0.951178,0.9411402,0.7651176,3,2
2025-05-30 15:07:00+00:00,long,0,0.00027135506,0.0006346896,0.0006296824,0.17649794,2,0
2025-05-30 15:08:00+00:00,long,0,0.015563463,0.0077419314,0.012706367,0.31541848,2,0
2025-05-30 15:09:00+00:00,long,0,0.0005793916,0.079352915,0.0012040214,0.17574841,1,0
2025-05-30 15:10:00+00:00,long,0,0.0005305123,0.0014956475,0.0005415079,0.27841887,2,0
2025-05-30 15:11:00+00:00,long,0,0.016814152,0.0049626734,0.01375139,0.3262378,2,0
2025-05-30 15:12:00+00:00,short,0,0.00047205866,0.018673154,0.00043351925,0.17595696,1,0
2025-05-30 15:13:00+00:00,long,0,0.00028630818,0.037667636,0.000442451,0.25867236,1,0
2025-05-30 15:14:00+00:00,short,1,0.96753615,0.99184376,0.89996636,0.60228926,2,1
2025-05-30 15:15:00+00:00,short,0,0.03382459,0.8345188,0.016218612,0.27882662,1,0
2025-05-30 15:16:00+00:00,long,0,0.0003457804,0.24346308,0.00021987243,0.20457657,1,0
2025-05-30 15:17:00+00:00,short,0,0.00091274944,0.12578619,0.0008631512,0.1816081,1,0
2025-05-30 15:18:00+00:00,short,0,0.02519955,0.8328963,0.026275361,0.31794748,1,0
2025-05-30 15:19:00+00:00,long,1,0.96738017,0.9923252,0.87431705,0.659601,2,1
2025-05-30 15:20:00+00:00,short,0,0.00019385331,0.022396237,0.00051523204,0.1993031,1,0
2025-05-30 15:21:00+00:00,long,0,0.0001049453,0.013078543,0.00018952902,0.1695171,1,0
2025-05-30 15:22:00+00:00,long,0,0.00031247578,0.39195403,0.0006720223,0.21718304,1,0
2025-05-30 15:23:00+00:00,short,0,0.0002767747,0.027817795,0.0007117745,0.17564501,1,0
2025-05-30 15:24:00+00:00,long,0,0.00016593575,0.109075256,0.00018917226,0.207883,1,0
2025-05-30 15:25:00+00:00,long,0,0.00023023019,0.0808757,0.00020211596,0.18832105,1,0
2025-05-30 15:26:00+00:00,long,0,0.00046384678,0.000814111,0.0022520765,0.18864562,2,0
2025-05-30 15:27:00+00:00,long,0,0.000518019,0.0012065087,0.0018792107,0.18862778,2,0
2025-05-30 15:28:00+00:00,long,0,0.00026142749,0.00084661366,0.00043541964,0.17858058,2,0
2025-05-30 15:29:00+00:00,short,0,9.254654e-05,0.00027237966,0.0003143244,0.18897773,2,0
2025-05-30 15:30:00+00:00,short,0,0.00013762445,0.014146002,0.00028084833,0.18099894,1,0
2025-05-30 15:31:00+00:00,long,0,0.00018033879,0.0011875276,0.00057448057,0.19124062,2,0
2025-05-30 15:32:00+00:00,short,0,0.00020086969,0.0073265857,0.0008676361,0.1767925,1,0
2025-05-30 15:33:00+00:00,short,0,0.003475389,0.6475734,0.007320353,0.20318814,1,0
2025-05-30 15:34:00+00:00,short,0,6.2788946e-05,0.009345378,9.803469e-05,0.17250149,1,0
2025-05-30 15:35:00+00:00,short,0,0.00011476603,0.018697325,0.00024420532,0.1993375,1,0
2025-05-30 15:36:00+00:00,long,0,8.162418e-05,0.011918161,9.1018e-05,0.17083216,1,0
2025-05-30 15:37:00+00:00,long,0,0.000109002154,0.4186025,0.0013984725,0.24157722,1,0
2025-05-30 15:38:00+00:00,long,0,0.0002687182,0.0005978141,0.00071919156,0.18719918,2,0
2025-05-30 15:39:00+00:00,long,0,0.0057364195,0.0033257152,0.106605984,0.33045045,2,0
2025-05-30 15:40:00+00:00,short,0,0.00062860246,0.10588143,0.0018861773,0.1785223,1,0
2025-05-30 15:41:00+00:00,short,0,0.00022017138,0.023472017,0.0005388285,0.17634732,1,0
2025-05-30 15:42:00+00:00,long,0,0.00016985345,0.24521273,0.00016768392,0.20886672,1,0
2025-05-30 15:43:00+00:00,long,0,0.00014242792,0.000551024,0.0018177546,0.19725263,2,0
2025-05-30 15:44:00+00:00,long,0,0.00014326177,0.016768303,0.00021345442,0.18864514,1,0
2025-05-30 15:45:00+00:00,long,0,0.00017951889,0.27091703,0.00018704578,0.18392734,1,0
2025-05-30 15:46:00+00:00,long,0,0.00010077924,0.21629204,0.00016948185,0.18464176,1,0
2025-05-30 15:47:00+00:00,short,0,8.274518e-05,0.0215196,9.63407e-05,0.20157522,1,0
2025-05-30 15:48:00+00:00,long,0,0.00010743876,0.032995805,0.00016408467,0.17156243,1,0
2025-05-30 15:49:00+00:00,short,0,0.14528543,0.990122,0.6926793,0.6966882,1,1
2025-05-30 15:50:00+00:00,long,0,0.0019785338,0.7498232,0.0013605225,0.37140274,1,0
2025-06-02 14:19:00+00:00,short,0,0.0005511651,0.10930524,0.00019872424,0.18724197,1,0
2025-06-02 14:20:00+00:00,long,0,0.004908989,0.9012125,0.017165387,0.2813709,1,0
2025-06-02 14:21:00+00:00,short,0,0.00029938392,0.22177513,0.00020826461,0.2459311,1,0
2025-06-02 14:22:00+00:00,long,0,0.52036256,0.45117587,0.93668455,0.760179,2,2
2025-06-02 14:23:00+00:00,long,0,0.11199322,0.08707704,0.6326084,0.59683836,2,1
2025-06-02 14:24:00+00:00,short,1,0.9695266,0.99737597,0.90723294,0.6106184,2,1
2025-06-02 14:25:00+00:00,long,0,0.0406907,0.9764282,0.23065549,0.44409767,1,0
2025-06-02 14:26:00+00:00,long,0,0.0024607494,0.9437113,0.017476521,0.2932792,1,0
2025-06-02 14:27:00+00:00,long,0,0.0356155,0.044366155,0.15930156,0.4291136,2,0
2025-06-02 14:28:00+00:00,long,0,0.0020425257,0.014762052,0.0042223088,0.24970038,2,0
2025-06-02 14:29:00+00:00,short,0,0.00042297778,0.0973456,0.00029141756,0.19462006,1,0
2025-06-02 14:30:00+00:00,short,0,0.021742474,0.934625,0.02209759,0.19440381,1,0
2025-06-02 14:31:00+00:00,short,0,0.00022142039,0.08251439,0.00018816881,0.18399747,1,0
2025-06-02 14:32:00+00:00,long,0,0.07810321,0.9912272,0.38949385,0.56382114,1,1
2025-06-02 14:33:00+00:00,long,0,0.00033410176,0.18012933,0.0005383957,0.19946148,1,0
2025-06-02 14:34:00+00:00,long,0,0.0005769551,0.9006114,0.0012479643,0.25720844,1,0
2025-06-02 14:35:00+00:00,long,0,0.055345148,0.99283546,0.35006168,0.4939362,1,1
2025-06-02 14:36:00+00:00,short,0,0.0049143936,0.3468225,0.0019987414,0.18535721,1,0
2025-06-02 14:37:00+00:00,short,1,0.97607774,0.9979512,0.8830042,0.5495536,2,1
2025-06-02 14:38:00+00:00,long,0,0.00040783198,0.25054672,0.0012259673,0.22127204,1,0
2025-06-02 14:39:00+00:00,long,0,0.0021600155,0.9347432,0.012671594,0.27419865,1,0
2025-06-02 14:40:00+00:00,short,0,0.0020546077,0.36434367,0.0017447643,0.17395347,1,0
2025-06-02 14:41:00+00:00,long,0,0.0028955499,0.94104344,0.008368717,0.3988855,1,0
2025-06-02 14:42:00+00:00,long,0,0.02268465,0.99385166,0.1166259,0.4802127,1,0
2025-06-02 14:43:00+00:00,long,0,0.09305422,0.9963231,0.7153511,0.62324566,1,1
2025-06-02 14:44:00+00:00,short,0,0.00023327037,0.06897686,0.00027634492,0.17721719,1,0
2025-06-02 14:45:00+00:00,long,1,0.960151,0.9404659,0.913709,0.77060956,3,2
2025-06-02 14:46:00+00:00,short,0,0.0002712358,0.10847559,0.00029180152,0.1793664,1,0
2025-06-02 14:47:00+00:00,short,0,0.0003029133,0.09933682,0.00041108517,0.17656852,1,0
2025-06-02 14:48:00+00:00,short,0,0.0034719903,0.5763315,0.0047411635,0.1881089,1,0
2025-06-02 14:49:00+00:00,long,0,0.018174829,0.98273176,0.05393338,0.2026319,1,0
2025-06-02 14:50:00+00:00,short,0,0.00015841884,0.07505153,0.00028686857,0.18065298,1,0
2025-06-02 14:51:00+00:00,long,0,0.0013639994,0.91153085,0.024100207,0.24526513,1,0
2025-06-02 14:52:00+00:00,long,0,0.23988847,0.99256223,0.8764401,0.70895797,1,2
2025-06-02 14:53:00+00:00,long,0,0.27800685,0.36577195,0.84543866,0.74603945,2,2
2025-06-02 14:54:00+00:00,long,0,0.00015480499,0.0073086703,0.0028776336,0.1934455,2,0
2025-06-02 14:55:00+00:00,short,0,0.00021710015,0.1346574,0.0005965178,0.18768805,1,0
2025-06-02 14:56:00+00:00,long,0,0.13880758,0.9971697,0.46259174,0.6846442,1,1
2025-06-02 14:57:00+00:00,long,0,0.0009814065,0.69013935,0.0032007243,0.39861786,1,0
2025-06-02 14:58:00+00:00,long,0,0.0005354722,0.14006013,0.0021353075,0.2401874,1,0
2025-06-02 14:59:00+00:00,short,0,0.00011934885,0.07095809,0.00067899143,0.17564355,1,0
2025-06-02 15:00:00+00:00,long,0,0.0048592663,0.96418875,0.028366728,0.36529902,1,0
2025-06-02 15:01:00+00:00,short,0,0.0002582998,0.1572317,0.00076390174,0.18731238,1,0
2025-06-02 15:02:00+00:00,long,0,0.0006236697,0.31173822,0.0023921726,0.17461391,1,0
2025-06-02 15:03:00+00:00,long,0,0.00038543256,0.20884633,0.0049292934,0.2935544,1,0
2025-06-02 15:04:00+00:00,long,0,0.00239206,0.9323912,0.0059273173,0.31251848,1,0
2025-06-02 15:05:00+00:00,long,0,0.008374218,0.9519051,0.018517796,0.45098293,1,1
2025-06-02 15:06:00+00:00,long,0,0.19707707,0.99828464,0.82088,0.73849744,1,2
2025-06-02 15:07:00+00:00,long,0,0.0002676277,0.1019374,0.00046097467,0.17866816,1,0
2025-06-02 15:08:00+00:00,long,0,0.00031729304,0.15812814,0.0006509688,0.18658741,1,0
2025-06-02 15:09:00+00:00,long,0,0.0002741066,0.12712617,0.0004906537,0.21340306,1,0
2025-06-02 15:10:00+00:00,long,0,0.0034744937,0.9127151,0.007099762,0.3221668,1,0
2025-06-02 15:11:00+00:00,long,0,0.16286786,0.99670804,0.46247846,0.71226054,1,2
2025-06-02 15:12:00+00:00,long,0,0.008743657,0.9755534,0.014470262,0.3909645,1,0
2025-06-02 15:13:00+00:00,long,0,0.0010452673,0.32806724,0.005217608,0.26139927,1,0
2025-06-02 15:14:00+00:00,long,0,0.028117973,0.98275983,0.024647051,0.3863753,1,0
2025-06-02 15:15:00+00:00,long,0,0.31716335,0.9964444,0.5589173,0.732594,1,2
2025-06-02 15:16:00+00:00,long,0,0.0048800097,0.7596554,0.0071107084,0.35615245,1,0
2025-06-02 15:17:00+00:00,long,0,0.00045755794,0.07226428,0.00043654928,0.17338343,1,0
2025-06-02 15:18:00+00:00,long,0,0.003558939,0.91357994,0.007887871,0.35764363,1,0
2025-06-02 15:19:00+00:00,long,1,0.98291475,0.99772054,0.861377,0.75264734,2,2
2025-06-02 15:20:00+00:00,long,0,0.00012121931,0.07199285,0.00019587406,0.17809944,1,0
2025-06-02 15:21:00+00:00,long,0,0.00019633891,0.077220365,0.00018349216,0.18375136,1,0
2025-06-02 15:22:00+00:00,long,0,0.00014628391,0.06654743,0.00021236652,0.18435703,1,0
2025-06-02 15:23:00+00:00,long,0,0.00015267325,0.06131822,0.000304323,0.19275944,1,0
2025-06-02 15:24:00+00:00,long,0,0.0007845695,0.35659227,0.006629807,0.31992924,1,0
2025-06-02 15:25:00+00:00,long,0,0.0010971581,0.5289267,0.014418529,0.30001304,1,0
2025-06-02 15:26:00+00:00,long,0,0.0020634406,0.8049205,0.010250997,0.28066367,1,0
2025-06-02 15:27:00+00:00,long,0,0.00040418046,0.09886334,0.0019553404,0.23986463,1,0
2025-06-02 15:28:00+00:00,long,0,0.0025153786,0.9395439,0.011315306,0.30800036,1,0
2025-06-02 15:29:00+00:00,long,0,0.34706795,0.9938046,0.92182666,0.77458256,1,2
2025-06-02 15:30:00+00:00,long,0,0.0012273992,0.8733972,0.020530785,0.22200255,1,0
2025-06-02 15:31:00+00:00,long,0,0.00022917609,0.11483577,0.00041015257,0.17436884,1,0
2025-06-02 15:32:00+00:00,long,0,0.00031265814,0.060377046,0.00068480347,0.18010382,1,0
2025-06-02 15:33:00+00:00,long,0,0.09645011,0.9977981,0.8220684,0.76978,1,2
2025-06-02 15:34:00+00:00,long,0,0.0068265502,0.9428679,0.022413528,0.29419628,1,0
2025-06-02 15:35:00+00:00,long,0,0.060955692,0.9843443,0.29431105,0.5886361,1,1
2025-06-02 15:36:00+00:00,long,0,0.057248298,0.9804334,0.23156232,0.5605124,1,1
2025-06-02 15:37:00+00:00,long,0,0.0065288492,0.94087297,0.01869404,0.42131886,1,0
2025-06-02 15:38:00+00:00,long,0,0.2060023,0.9966697,0.3948762,0.6020731,1,1
2025-06-02 15:39:00+00:00,long,0,0.0005067772,0.3791202,0.001591048,0.18072195,1,0
2025-06-02 15:40:00+00:00,long,0,0.0001661769,0.07753585,0.000114922856,0.18017308,1,0
2025-06-02 15:41:00+00:00,long,1,0.96873516,0.993995,0.9286059,0.76095766,2,2
2025-06-02 15:42:00+00:00,long,0,0.0043200566,0.8376442,0.023939023,0.444774,1,1
2025-06-02 15:43:00+00:00,long,0,0.002300848,0.9223806,0.013917887,0.27069536,1,0
2025-06-02 15:44:00+00:00,long,0,0.014753442,0.98415,0.11371014,0.50066096,1,1
2025-06-02 15:45:00+00:00,long,0,0.00016297353,0.08055386,0.00017367657,0.18150246,1,0
2025-06-02 15:46:00+00:00,long,0,0.0006342086,0.717821,0.0077068266,0.19594575,1,0
2025-06-02 15:47:00+00:00,long,0,0.3648019,0.99420446,0.58145404,0.6391534,1,1
2025-06-02 15:48:00+00:00,long,0,0.00021834175,0.09382405,0.0005877782,0.17543136,1,0
2025-06-02 15:49:00+00:00,long,0,0.000288335,0.08452173,0.0002470498,0.17742534,1,0
2025-06-02 15:50:00+00:00,long,0,0.00023838233,0.08399786,0.0007891095,0.19394471,1,0
2025-06-03 14:19:00+00:00,long,0,0.013769355,0.0061939764,0.030987592,0.40968856,2,0
2025-06-03 14:20:00+00:00,long,0,0.007855722,0.010204761,0.03933499,0.39612237,2,0
2025-06-03 14:21:00+00:00,long,0,0.00057729613,0.0016251442,0.0008281205,0.21185713,2,0
2025-06-03 14:22:00+00:00,long,0,0.004296523,0.0065211896,0.007178534,0.20712589,2,0
2025-06-03 14:23:00+00:00,long,0,0.00043307236,0.0026648333,0.002605623,0.24697544,2,0
2025-06-03 14:24:00+00:00,long,0,0.062126122,0.024834331,0.14764883,0.47675607,2,0
2025-06-03 14:25:00+00:00,long,0,0.025426647,0.010967793,0.13951877,0.37615132,2,0
2025-06-03 14:26:00+00:00,long,0,0.00049840665,0.00033554505,0.00141913,0.17243738,2,0
2025-06-03 14:27:00+00:00,long,0,0.0009994807,0.0012927146,0.016880281,0.22238131,2,0
2025-06-03 14:28:00+00:00,long,0,0.00080513366,0.0019850167,0.004160258,0.19061005,2,0
2025-06-03 14:29:00+00:00,long,0,0.00035906816,0.0005036545,0.0020441154,0.18509476,2,0
2025-06-03 14:30:00+00:00,long,0,0.0033221848,0.0012484232,0.0032238953,0.17609465,2,0
2025-06-03 14:31:00+00:00,long,0,0.0008991568,0.0013367853,0.012727896,0.17041074,2,0
2025-06-03 14:32:00+00:00,long,0,0.0009188417,0.00043240737,0.0019403481,0.17149906,2,0
2025-06-03 14:33:00+00:00,long,0,0.00084885076,0.0022513364,0.012216341,0.1711554,2,0
2025-06-03 14:34:00+00:00,long,0,0.001177057,0.0024868029,0.010035499,0.18551336,2,0
2025-06-03 14:35:00+00:00,long,0,0.0011265305,0.00040928158,0.003758112,0.16950981,2,0
2025-06-03 14:36:00+00:00,long,0,0.23461767,0.14170624,0.5987753,0.60751724,2,1
2025-06-03 14:37:00+00:00,long,0,0.0011779941,0.00045993636,0.0051510977,0.17286837,2,0
2025-06-03 14:38:00+00:00,long,0,0.018983785,0.033426978,0.21980399,0.24402642,2,0
2025-06-03 14:39:00+00:00,long,0,0.007871022,0.0038028357,0.025842248,0.19174476,2,0
2025-06-03 14:40:00+00:00,long,0,0.004308866,0.0044888915,0.0069929822,0.20661855,2,0
2025-06-03 14:41:00+00:00,long,0,0.0024593135,0.0018006534,0.007200193,0.20605259,2,0
2025-06-03 14:42:00+00:00,long,0,0.0035792175,0.0127169,0.013433954,0.1783099,2,0
2025-06-03 14:43:00+00:00,long,0,0.0014320449,0.0029988547,0.0030740616,0.17696862,2,0
2025-06-03 14:44:00+00:00,long,0,0.057209592,0.07823389,0.5036027,0.5245264,2,0
2025-06-03 14:45:00+00:00,long,0,0.0007895304,0.0004941817,0.0013235215,0.17706291,2,0
2025-06-03 14:46:00+00:00,long,0,0.001579439,0.0038555614,0.008008515,0.23244153,2,0
2025-06-03 14:47:00+00:00,long,0,0.017764816,0.04509964,0.18471472,0.46839333,2,0
2025-06-03 14:48:00+00:00,long,0,0.019826673,0.031453285,0.15185384,0.3450514,2,0
2025-06-03 14:49:00+00:00,long,0,0.0014083915,0.0012943125,0.0054077897,0.18750912,2,0
2025-06-03 14:50:00+00:00,long,0,0.00078216766,0.00032362156,0.0020085024,0.17238246,2,0
2025-06-03 14:51:00+00:00,long,0,0.012246419,0.009269199,0.23904303,0.3966361,2,0
2025-06-03 14:52:00+00:00,long,0,0.0013491856,0.0010888972,0.0026659705,0.17723669,2,0
2025-06-03 14:53:00+00:00,long,0,0.0004004475,0.0013946394,0.0010855912,0.17042221,2,0
2025-06-03 14:54:00+00:00,long,0,0.002013452,0.00084291934,0.0027379405,0.1766672,2,0
2025-06-03 14:55:00+00:00,long,0,0.0013847181,0.0008132725,0.0036730114,0.17523496,2,0
2025-06-03 14:56:00+00:00,long,0,0.00088399166,0.0014555799,0.0022096795,0.17039166,2,0
2025-06-03 14:57:00+00:00,long,0,0.0011477864,0.0015965232,0.004088961,0.17213787,2,0
2025-06-03 14:58:00+00:00,long,0,0.3479699,0.4645237,0.70122933,0.6893993,2,2
2025-06-03 14:59:00+00:00,long,0,0.00827136,0.014450616,0.030450687,0.22108443,2,0
2025-06-03 15:00:00+00:00,long,0,0.0036662647,0.0037983833,0.004359444,0.19445807,2,0
2025-06-03 15:01:00+00:00,long,0,0.012013048,0.015911745,0.015581818,0.33173203,2,0
2025-06-03 15:02:00+00:00,long,0,0.00018507887,0.00017534687,0.0021833074,0.18297039,2,0
2025-06-03 15:03:00+00:00,long,0,0.0023229404,0.0014619242,0.0106281405,0.293306,2,0
2025-06-03 15:04:00+00:00,long,0,0.00065903465,0.0007312493,0.0031395585,0.19902743,2,0
2025-06-03 15:05:00+00:00,long,0,0.030072251,0.03831368,0.2814521,0.42104492,2,0
2025-06-03 15:06:00+00:00,long,0,0.0015869199,0.001192506,0.00469128,0.18045314,2,0
2025-06-03 15:07:00+00:00,long,0,0.007085336,0.0057179634,0.015803054,0.351344,2,0
2025-06-03 15:08:00+00:00,long,0,0.020305961,0.060346495,0.22699507,0.5513585,2,1
2025-06-03 15:09:00+00:00,long,0,0.0015366897,0.0010215747,0.0038271495,0.18134,2,0
2025-06-03 15:10:00+00:00,long,0,0.0013402131,0.0018206077,0.0013428387,0.18361753,2,0
2025-06-03 15:11:00+00:00,long,0,0.032937698,0.020421809,0.28427067,0.4203485,2,0
2025-06-03 15:12:00+00:00,long,0,0.00066464394,0.0023632937,0.003697447,0.18976223,2,0
2025-06-03 15:13:00+00:00,long,0,0.00034975054,0.0007733116,0.0012595521,0.18878235,2,0
2025-06-03 15:14:00+00:00,long,1,0.9123783,0.86373496,0.67183477,0.65597785,3,1
2025-06-03 15:15:00+00:00,long,0,0.0016625703,0.001991752,0.007230569,0.18236212,2,0
2025-06-03 15:16:00+00:00,long,0,0.019553151,0.011343903,0.03254589,0.2689123,2,0
2025-06-03 15:17:00+00:00,long,0,0.0078583015,0.0068363464,0.042966276,0.20898078,2,0
2025-06-03 15:18:00+00:00,long,0,0.00055469375,0.0006984916,0.0012662291,0.17118603,2,0
2025-06-03 15:19:00+00:00,long,0,0.011602107,0.0190241,0.06169456,0.24582481,2,0
2025-06-03 15:20:00+00:00,long,0,0.0012625686,0.0011524354,0.005212042,0.17847306,2,0
2025-06-03 15:21:00+00:00,long,0,0.0028765558,0.0024585896,0.023114681,0.20588607,2,0
2025-06-03 15:22:00+00:00,long,0,0.0006674786,0.00046906728,0.0017171695,0.17550047,2,0
2025-06-03 15:23:00+00:00,long,0,0.008091663,0.0055116126,0.14803064,0.3747823,2,0
2025-06-03 15:24:00+00:00,long,0,0.001291898,0.0020401864,0.0064317524,0.18629722,2,0
2025-06-03 15:25:00+00:00,long,0,0.030136587,0.020010527,0.5089437,0.46639994,2,0
2025-06-03 15:26:00+00:00,long,0,0.0006296812,0.00059838645,0.0017745282,0.17216878,2,0
2025-06-03 15:27:00+00:00,long,0,0.0007435055,0.0006226517,0.0027078616,0.17290439,2,0
2025-06-03 15:28:00+00:00,long,0,0.017459983,0.034516945,0.34707677,0.47918344,2,0
2025-06-03 15:29:00+00:00,long,0,0.0015065208,0.00055958744,0.02359876,0.19731969,2,0
2025-06-03 15:30:00+00:00,long,0,0.00028630544,0.00023476395,0.0016835803,0.17060763,2,0
2025-06-03 15:31:00+00:00,long,0,0.012690465,0.0029888775,0.08704767,0.23305883,2,0
2025-06-03 15:32:00+00:00,long,0,0.011210517,0.006583064,0.078746945,0.27976766,2,0
2025-06-03 15:33:00+00:00,long,0,0.035026517,0.03362687,0.2495786,0.43161783,2,0
2025-06-03 15:34:00+00:00,long,0,0.0067568514,0.0016368126,0.0703361,0.22320092,2,0
2025-06-03 15:35:00+00:00,long,0,0.21227947,0.18855749,0.74754703,0.6286974,2,1
2025-06-03 15:36:00+00:00,long,0,0.05893965,0.90838474,0.36645648,0.38558677,1,0
2025-06-03 15:37:00+00:00,long,0,0.00063897274,0.00091734406,0.005275185,0.1772149,2,0
2025-06-03 15:38:00+00:00,long,0,0.00072508823,0.0005723346,0.0013180231,0.17424738,2,0
2025-06-03 15:39:00+00:00,long,0,0.00049403217,0.00036104978,0.003007268,0.171687,2,0
2025-06-03 15:40:00+00:00,long,0,0.15613662,0.115193956,0.7445134,0.56328374,2,1
2025-06-03 15:41:00+00:00,long,0,0.0007852958,0.00063089735,0.0018273594,0.17073755,2,0
2025-06-03 15:42:00+00:00,long,0,0.0005885583,0.0005690755,0.0024916658,0.17200051,2,0
2025-06-03 15:43:00+00:00,long,0,0.0016766022,0.0017197978,0.0074768434,0.20123011,2,0
2025-06-03 15:44:00+00:00,long,0,0.00067532103,0.0007459103,0.0045502027,0.17756711,2,0
2025-06-03 15:45:00+00:00,long,0,0.005288029,0.004448747,0.12747076,0.20229845,2,0
2025-06-03 15:46:00+00:00,long,0,0.00072943064,0.0005867769,0.0032460024,0.1767726,2,0
2025-06-03 15:47:00+00:00,long,0,0.002395026,0.0013332937,0.022874882,0.19368525,2,0
2025-06-03 15:48:00+00:00,long,1,0.9667031,0.9318559,0.9249309,0.7918934,3,2
2025-06-03 15:49:00+00:00,long,0,0.0004306749,0.00051766704,0.0029440667,0.17101462,2,0
2025-06-03 15:50:00+00:00,long,0,0.00042068367,0.00031286926,0.003141323,0.17001362,2,0
2025-06-04 14:19:00+00:00,long,0,0.00021848376,0.019964678,0.00016695593,0.169088,1,0
2025-06-04 14:20:00+00:00,short,0,0.0007862843,0.0011502913,0.0076261633,0.19442372,2,0
2025-06-04 14:21:00+00:00,long,0,0.0013793277,0.49372488,0.0011092009,0.22838338,1,0
2025-06-04 14:22:00+00:00,short,0,0.00012714483,0.016893463,0.00024905746,0.1687298,1,0
2025-06-04 14:23:00+00:00,short,0,0.0006538679,0.030285427,0.0012047241,0.1777773,1,0
2025-06-04 14:24:00+00:00,long,0,0.0005209312,0.10223884,0.0004013607,0.17465371,1,0
2025-06-04 14:25:00+00:00,short,0,0.00015717423,0.010819495,0.00010641811,0.16797419,1,0
2025-06-04 14:26:00+00:00,short,0,0.00021049855,0.00029367817,0.00035798553,0.17350417,2,0
2025-06-04 14:27:00+00:00,long,0,0.00016936053,0.007555292,7.93497e-05,0.1683148,1,0
2025-06-04 14:28:00+00:00,short,0,0.00029539672,0.00035881222,0.0004809854,0.17365557,2,0
2025-06-04 14:29:00+00:00,short,0,0.00033475822,0.00030797406,0.0002355779,0.17305048,2,0
2025-06-04 14:30:00+00:00,short,0,0.00015562105,0.0002706538,5.4183754e-05,0.17910458,2,0
2025-06-04 14:31:00+00:00,long,0,0.00020757887,0.013329305,0.000104053164,0.18347256,1,0
2025-06-04 14:32:00+00:00,short,0,0.0005005441,0.038529716,0.000280971,0.22671902,1,0
2025-06-04 14:33:00+00:00,long,0,0.0005648144,0.6693561,0.0011528125,0.24551304,1,0
2025-06-04 14:34:00+00:00,long,0,0.0003343825,0.037605986,0.00010738735,0.19912203,1,0
2025-06-04 14:35:00+00:00,long,0,0.00022538411,0.014874838,0.00011227177,0.17617775,1,0
2025-06-04 14:36:00+00:00,short,0,0.0005651919,0.036187086,0.0005773723,0.19735372,1,0
2025-06-04 14:37:00+00:00,long,0,0.00013384191,0.014961428,9.8190656e-05,0.16893756,1,0
2025-06-04 14:38:00+00:00,short,0,0.0013287251,0.002959357,0.0017101567,0.17875372,2,0
2025-06-04 14:39:00+00:00,long,0,0.00071208895,0.06044348,0.00013231335,0.18859112,1,0
2025-06-04 14:40:00+00:00,short,0,0.0010104029,0.0023933824,0.00059417885,0.24997687,2,0
2025-06-04 14:41:00+00:00,long,0,0.00020338994,0.035712264,3.9666458e-05,0.16904962,1,0
2025-06-04 14:42:00+00:00,long,0,0.00036046925,0.08831473,0.00012913794,0.18224953,1,0
2025-06-04 14:43:00+00:00,long,0,0.00045159814,0.37210637,0.0002611161,0.21475989,1,0
2025-06-04 14:44:00+00:00,long,0,0.0006159029,0.10947459,0.00015334072,0.18258704,1,0
2025-06-04 14:45:00+00:00,short,0,0.00043539933,0.027239855,0.000110914414,0.16926591,1,0
2025-06-04 14:46:00+00:00,long,0,0.00039740646,0.3730179,0.0002245737,0.18194409,1,0
2025-06-04 14:47:00+00:00,long,0,0.00043732964,0.15593834,0.0002313112,0.17933904,1,0
2025-06-04 14:48:00+00:00,long,0,0.0004597424,0.02541096,6.594094e-05,0.16874908,1,0
2025-06-04 14:49:00+00:00,short,0,0.0011095818,0.060396444,0.0007726258,0.19674797,1,0
2025-06-04 14:50:00+00:00,short,0,0.0003669481,0.026350494,9.286125e-05,0.1729026,1,0
2025-06-04 14:51:00+00:00,long,0,0.00058041885,0.08855441,0.000109315566,0.17347509,1,0
2025-06-04 14:52:00+00:00,short,0,0.00021600543,0.045865636,0.00043387583,0.19132821,1,0
2025-06-04 14:53:00+00:00,long,0,0.00010710202,0.013753707,0.00010190825,0.1678226,1,0
2025-06-04 14:54:00+00:00,long,0,0.00011333917,0.0170014,8.419058e-05,0.16915809,1,0
2025-06-04 14:55:00+00:00,short,0,0.000104705294,0.015049342,0.00012105795,0.1706649,1,0
2025-06-04 14:56:00+00:00,long,0,9.088547e-05,0.17645895,0.00014045976,0.17856306,1,0
2025-06-04 14:57:00+00:00,long,0,8.751752e-05,0.010185259,8.927209e-05,0.1675696,1,0
2025-06-04 14:58:00+00:00,short,0,0.000121236306,0.013360968,9.849018e-05,0.16966413,1,0
2025-06-04 14:59:00+00:00,short,0,0.00018062307,0.022343867,0.00034843545,0.18355323,1,0
2025-06-04 15:00:00+00:00,long,0,0.00020584816,0.065987796,0.00016880687,0.1808834,1,0
2025-06-04 15:01:00+00:00,long,0,0.000113164424,0.016600806,8.294466e-05,0.17161334,1,0
2025-06-04 15:02:00+00:00,short,0,0.0002331183,0.012929689,0.000325659,0.21074116,1,0
2025-06-04 15:03:00+00:00,long,0,0.000109068074,0.16531107,0.00020939676,0.20367394,1,0
2025-06-04 15:04:00+00:00,short,0,0.00023332042,0.01329905,0.0003808631,0.21240442,1,0
2025-06-04 15:05:00+00:00,short,0,0.0001111802,0.009634239,6.951203e-05,0.17120588,1,0
2025-06-04 15:06:00+00:00,long,0,0.00010055164,0.010550006,6.8030226e-05,0.16917682,1,0
2025-06-04 15:07:00+00:00,short,0,0.00039666425,0.00057177764,0.0007030184,0.22936572,2,0
2025-06-04 15:08:00+00:00,short,0,0.00012700936,0.00037005835,5.664807e-05,0.17632538,2,0
2025-06-04 15:09:00+00:00,long,0,0.00010302811,0.009059044,9.310606e-05,0.16867755,1,0
2025-06-04 15:10:00+00:00,short,0,8.507803e-05,0.012284142,7.099787e-05,0.17135227,1,0
2025-06-04 15:11:00+00:00,long,0,8.939783e-05,0.010805607,8.806662e-05,0.16791415,1,0
2025-06-04 15:12:00+00:00,long,0,8.7463115e-05,0.014583011,0.000121939716,0.171193,1,0
2025-06-04 15:13:00+00:00,short,0,0.00020447397,0.033359483,0.0005636122,0.19287515,1,0
2025-06-04 15:14:00+00:00,long,0,9.622447e-05,0.010754032,8.016051e-05,0.16824915,1,0
2025-06-04 15:15:00+00:00,short,0,0.0001900821,0.017265465,9.883923e-05,0.17273752,1,0
2025-06-04 15:16:00+00:00,long,0,0.00018333337,0.017471805,9.436907e-05,0.19087033,1,0
2025-06-04 15:17:00+00:00,short,0,0.00016321348,0.016840208,7.063139e-05,0.17567569,1,0
2025-06-04 15:18:00+00:00,long,0,0.00010995161,0.015279435,0.000113730974,0.16958046,1,0
2025-06-04 15:19:00+00:00,short,0,0.00037349624,0.0331291,0.0005029404,0.20511086,1,0
2025-06-04 15:20:00+00:00,short,0,0.000269818,0.023752073,0.00019850476,0.21390171,1,0
2025-06-04 15:21:00+00:00,short,0,0.000108193184,0.02203715,6.745561e-05,0.1850469,1,0
2025-06-04 15:22:00+00:00,long,0,0.000112225964,0.013293344,8.89073e-05,0.1755104,1,0
2025-06-04 15:23:00+00:00,short,0,0.00015018026,0.022730136,0.000103178834,0.18266816,1,0
2025-06-04 15:24:00+00:00,long,0,0.000171592,0.30818394,0.00034946008,0.18584573,1,0
2025-06-04 15:25:00+00:00,short,0,0.00046728796,0.06090337,0.0008410492,0.27238044,1,0
2025-06-04 15:26:00+00:00,short,0,0.00010783258,0.020254398,0.00010617535,0.17803341,1,0
2025-06-04 15:27:00+00:00,short,0,0.00038133428,0.0008189869,0.0008358736,0.22633141,2,0
2025-06-04 15:28:00+00:00,short,0,0.00021376663,0.0006702173,0.0002855356,0.25116625,2,0
2025-06-04 15:29:00+00:00,long,0,0.00011952664,0.015037261,6.135284e-05,0.16812442,1,0
2025-06-04 15:30:00+00:00,long,0,7.213943e-05,0.12872516,0.00021656533,0.17644171,1,0
2025-06-04 15:31:00+00:00,short,0,0.00017626281,0.029661834,9.360083e-05,0.16790254,1,0
2025-06-04 15:32:00+00:00,long,0,9.918555e-05,0.13623823,0.0002267872,0.17745453,1,0
2025-06-04 15:33:00+00:00,short,0,0.00031732753,0.03710394,0.00026455548,0.17276894,1,0
2025-06-04 15:34:00+00:00,long,0,8.8696186e-05,0.01408341,0.000116121024,0.16861051,1,0
2025-06-04 15:35:00+00:00,long,0,0.00010752424,0.039083414,0.00012041173,0.17344034,1,0
2025-06-04 15:36:00+00:00,long,0,9.996377e-05,0.15946482,0.00031123863,0.18048473,1,0
2025-06-04 15:37:00+00:00,short,0,0.00033425915,0.05276738,0.00012174232,0.17134483,1,0
2025-06-04 15:38:00+00:00,long,0,0.0001137711,0.022581907,9.203794e-05,0.16784544,1,0
2025-06-04 15:39:00+00:00,long,0,0.00020177072,0.028626995,0.00012418912,0.17114182,1,0
2025-06-04 15:40:00+00:00,long,0,9.563144e-05,0.012073039,0.00013107629,0.16871804,1,0
2025-06-04 15:41:00+00:00,short,0,0.00013388888,0.025345856,6.364807e-05,0.1677713,1,0
2025-06-04 15:42:00+00:00,short,0,0.00021423696,0.021690942,0.00016673925,0.16959287,1,0
2025-06-04 15:43:00+00:00,short,0,0.0004633048,0.0010414416,0.0011851399,0.17280555,2,0
2025-06-04 15:44:00+00:00,short,0,0.00029484072,0.0004958378,0.0006910454,0.17071992,2,0
2025-06-04 15:45:00+00:00,short,0,0.00024123119,0.0015632191,8.954184e-05,0.17233364,2,0
2025-06-04 15:46:00+00:00,long,0,0.00016360926,0.02283405,6.532763e-05,0.16855782,1,0
2025-06-04 15:47:00+00:00,long,0,0.00018201569,0.019022876,0.00010466827,0.16781308,1,0
2025-06-04 15:48:00+00:00,short,0,0.00040833457,0.0008046393,0.0007388502,0.18369466,2,0
2025-06-04 15:49:00+00:00,long,0,0.000119398486,0.020627465,5.738464e-05,0.16793223,1,0
2025-06-04 15:50:00+00:00,short,0,0.00022127097,0.032230567,0.0001177903,0.17171049,1,0
2025-06-05 14:19:00+00:00,short,0,0.18434723,0.987823,0.5024594,0.63064,1,1
2025-06-05 14:20:00+00:00,long,0,0.00041284988,0.17028004,0.001195651,0.16896431,1,0
2025-06-05 14:21:00+00:00,short,0,0.26405677,0.22498769,0.55308026,0.6650314,2,2
2025-06-05 14:22:00+00:00,long,0,0.00168499,0.9061861,0.0016370877,0.1910447,1,0
2025-06-05 14:23:00+00:00,short,0,0.0019402428,0.25011507,0.001539839,0.22091234,1,0
2025-06-05 14:24:00+00:00,short,0,0.0004757237,0.20514107,0.0002890765,0.16999757,1,0
2025-06-05 14:25:00+00:00,long,0,0.0010617661,0.9380895,0.00072196545,0.1928687,1,0
2025-06-05 14:26:00+00:00,short,1,0.9664945,0.9976756,0.9308626,0.7298153,2,2
2025-06-05 14:27:00+00:00,short,0,0.0407381,0.91413265,0.104045495,0.38672182,1,0
2025-06-05 14:28:00+00:00,short,0,0.042096965,0.8899847,0.1369802,0.39648113,1,0
2025-06-05 14:29:00+00:00,short,0,0.00046177243,0.21547224,0.00041519306,0.18160452,1,0
2025-06-05 14:30:00+00:00,long,0,0.42237076,0.99706346,0.83061874,0.64515775,1,1
2025-06-05 14:31:00+00:00,long,0,0.00025765883,0.16820748,0.00027936004,0.16755076,1,0
2025-06-05 14:32:00+00:00,short,0,0.32542846,0.9975141,0.683698,0.63303393,1,1
2025-06-05 14:33:00+00:00,long,0,0.002732692,0.9135469,0.0013880096,0.17996812,1,0
2025-06-05 14:34:00+00:00,short,0,0.00095914357,0.41806138,0.0015190389,0.1898277,1,0
2025-06-05 14:35:00+00:00,long,1,0.9645162,0.997053,0.84606546,0.6184994,2,1
2025-06-05 14:36:00+00:00,long,0,0.010976192,0.982366,0.00850535,0.19710658,1,0
2025-06-05 14:37:00+00:00,long,0,0.0015429653,0.89104426,0.0012922351,0.17785986,1,0
2025-06-05 14:38:00+00:00,long,0,0.0005240131,0.7077101,0.00051696243,0.18440038,1,0
2025-06-05 14:39:00+00:00,short,0,0.008660321,0.89472175,0.085681096,0.23357445,1,0
2025-06-05 14:40:00+00:00,long,0,0.063303076,0.9925688,0.097639054,0.19475509,1,0
2025-06-05 14:41:00+00:00,long,0,0.0014161896,0.89770424,0.003150265,0.17544091,1,0
2025-06-05 14:42:00+00:00,long,0,0.00029250956,0.51445913,0.000589046,0.1770056,1,0
2025-06-05 14:43:00+00:00,long,0,0.005765391,0.9700748,0.031311333,0.18452911,1,0
2025-06-05 14:44:00+00:00,short,0,0.006152266,0.9315909,0.031641692,0.3146359,1,0
2025-06-05 14:45:00+00:00,long,0,0.00010105397,0.098259084,0.00084118504,0.16869722,1,0
2025-06-05 14:46:00+00:00,long,0,0.0012428435,0.9296275,0.009451947,0.20394333,1,0
2025-06-05 14:47:00+00:00,short,0,0.0031119047,0.9000072,0.03412166,0.37301457,1,0
2025-06-05 14:48:00+00:00,long,0,0.00055550033,0.84567267,0.0041312287,0.18609159,1,0
2025-06-05 14:49:00+00:00,short,0,0.0008004043,0.6355769,0.0030861278,0.283541,1,0
2025-06-05 14:50:00+00:00,long,0,0.029617498,0.98731506,0.37613592,0.5842312,1,0
2025-06-05 14:51:00+00:00,long,0,0.00011441528,0.08417961,0.00059040793,0.1687058,1,0
2025-06-05 14:52:00+00:00,long,0,0.0005811725,0.26488635,0.00281724,0.18549734,1,0
2025-06-05 14:53:00+00:00,long,0,0.10378421,0.9931263,0.7959026,0.7530324,1,2
2025-06-05 14:54:00+00:00,long,0,0.10889372,0.5365483,0.8367521,0.7569699,2,2
2025-06-05 14:55:00+00:00,long,0,0.0031506661,0.03254933,0.04934204,0.29952112,2,0
2025-06-05 14:56:00+00:00,long,0,0.00014298582,0.0011311695,0.00089090766,0.16778328,2,0
2025-06-05 14:57:00+00:00,long,0,0.000111476904,0.063740514,0.0008510456,0.1703239,1,0
2025-06-05 14:58:00+00:00,long,0,0.00010540474,0.09543224,0.0007337976,0.17092155,1,0
2025-06-05 14:59:00+00:00,long,0,0.0001934661,0.32465738,0.0007747189,0.17413683,1,0
2025-06-05 15:00:00+00:00,long,0,0.00012726092,0.1519258,0.0017420149,0.17218238,1,0
2025-06-05 15:01:00+00:00,long,0,0.00020794137,0.13791399,0.0003940907,0.16956808,1,0
2025-06-05 15:02:00+00:00,long,0,0.00012872278,0.072001964,0.0008429519,0.17064254,1,0
2025-06-05 15:03:00+00:00,long,0,0.15335785,0.9919966,0.86431116,0.7226139,1,2
2025-06-05 15:04:00+00:00,long,0,0.00030221842,0.6385693,0.001525859,0.1782827,1,0
2025-06-05 15:05:00+00:00,long,0,0.008227024,0.92725366,0.005948068,0.18077087,1,0
2025-06-05 15:06:00+00:00,long,0,0.004201671,0.754953,0.039890245,0.33855394,1,0
2025-06-05 15:07:00+00:00,long,0,0.00026675928,0.08321873,0.00047954032,0.16821384,1,0
2025-06-05 15:08:00+00:00,long,0,0.00067456876,0.13749541,0.0010935898,0.17853445,1,0
2025-06-05 15:09:00+00:00,long,1,0.96231747,0.99213046,0.9569015,0.6631972,2,1
2025-06-05 15:10:00+00:00,long,0,0.0051753237,0.86312604,0.037755758,0.42248484,1,0
2025-06-05 15:11:00+00:00,long,0,4.8594182e-05,0.024608904,0.00040881967,0.16866875,1,0
2025-06-05 15:12:00+00:00,long,0,0.0006212652,0.78791577,0.001697004,0.17830087,1,0
2025-06-05 15:13:00+00:00,long,0,0.0011247676,0.4384343,0.0060261087,0.27425298,1,0
2025-06-05 15:14:00+00:00,long,0,0.0005206614,0.73098874,0.0013766912,0.17834188,1,0
2025-06-05 15:15:00+00:00,long,0,0.0026289995,0.7144527,0.025256684,0.25233385,1,0
2025-06-05 15:16:00+00:00,long,0,0.28562737,0.9904475,0.63244647,0.53273046,1,0
2025-06-05 15:17:00+00:00,long,0,0.008041814,0.864238,0.086689204,0.3763585,1,0
2025-06-05 15:18:00+00:00,long,0,0.00014808847,0.10489495,0.0005272565,0.17038272,1,0
2025-06-05 15:19:00+00:00,long,0,0.0009831875,0.36783215,0.013826662,0.23512547,1,0
2025-06-05 15:20:00+00:00,long,0,0.16379133,0.99032414,0.51413304,0.5381286,1,0
2025-06-05 15:21:00+00:00,long,0,0.00020880342,0.33781,0.0006001856,0.17890836,1,0
2025-06-05 15:22:00+00:00,long,1,0.9728482,0.9965906,0.9114172,0.7490327,2,2
2025-06-05 15:23:00+00:00,short,0,0.0089976825,0.8904879,0.019028489,0.30791432,1,0
2025-06-05 15:24:00+00:00,short,0,0.07370792,0.9915891,0.30470914,0.67506534,1,2
2025-06-05 15:25:00+00:00,short,0,0.00016522197,0.08086138,0.00014548878,0.16844086,1,0
2025-06-05 15:26:00+00:00,short,0,0.0029553669,0.7545767,0.026996385,0.34152293,1,0
2025-06-05 15:27:00+00:00,long,0,0.00015478743,0.05012754,0.00021190516,0.16753851,1,0
2025-06-05 15:28:00+00:00,short,0,0.14698884,0.96758544,0.26685324,0.6111136,1,1
2025-06-05 15:29:00+00:00,long,0,0.00029391763,0.7816959,0.0015897653,0.18326497,1,0
2025-06-05 15:30:00+00:00,long,0,0.00028716822,0.7663249,0.0030928748,0.2038998,1,0
2025-06-05 15:31:00+00:00,long,0,0.00018672112,0.05885742,0.000725615,0.16883005,1,0
2025-06-05 15:32:00+00:00,short,0,0.0020935803,0.5583114,0.006953508,0.24378057,1,0
2025-06-05 15:33:00+00:00,long,0,0.00049940887,0.6835698,0.0029674144,0.18763636,1,0
2025-06-05 15:34:00+00:00,short,0,0.06603428,0.9768644,0.23360576,0.538157,1,1
2025-06-05 15:35:00+00:00,short,0,0.00017893768,0.05641412,0.00017952437,0.17061931,1,0
2025-06-05 15:36:00+00:00,long,0,0.00020092618,0.23086706,0.0009101484,0.1840626,1,0
2025-06-05 15:37:00+00:00,long,0,0.023982046,0.97314274,0.046264414,0.21666919,1,0
2025-06-05 15:38:00+00:00,short,0,0.0007197212,0.12958191,0.0026941178,0.26578924,1,0
2025-06-05 15:39:00+00:00,short,0,0.00086602184,0.15166126,0.001529179,0.25156486,1,0
2025-06-05 15:40:00+00:00,short,1,0.95166963,0.99565613,0.94241107,0.7724032,2,2
2025-06-05 15:41:00+00:00,long,0,0.0024914856,0.91088223,0.022110537,0.20239216,1,0
2025-06-05 15:42:00+00:00,short,0,0.0030147487,0.9575398,0.0118987635,0.2825968,1,0
2025-06-05 15:43:00+00:00,long,0,0.00015067872,0.04116388,0.0006977085,0.16928566,1,0
2025-06-05 15:44:00+00:00,short,0,0.04294974,0.9860977,0.27508664,0.5111155,1,1
2025-06-05 15:45:00+00:00,short,0,0.002266675,0.0048711766,0.013673874,0.31290945,2,0
2025-06-05 15:46:00+00:00,short,0,0.0005377221,0.001866514,0.0018442948,0.20478147,2,0
2025-06-05 15:47:00+00:00,short,0,0.23431237,0.98931515,0.55437756,0.57469624,1,0
2025-06-05 15:48:00+00:00,long,0,0.0010557048,0.0020593558,0.0022304337,0.18390201,2,0
2025-06-05 15:49:00+00:00,short,0,0.012146221,0.013909853,0.017282156,0.2450813,2,0
2025-06-05 15:50:00+00:00,long,1,0.9779562,0.9307786,0.9477746,0.76090145,3,2
2025-06-06 14:19:00+00:00,long,0,0.00027628985,9.463608e-05,0.0002448105,0.16972344,2,0
2025-06-06 14:20:00+00:00,long,0,0.00033816072,0.00014598599,0.0005959024,0.17460237,2,0
2025-06-06 14:21:00+00:00,long,0,0.00027057462,0.0001300069,0.00044545063,0.16966136,2,0
2025-06-06 14:22:00+00:00,long,0,0.0003129498,0.0005794761,0.001368847,0.18780638,2,0
2025-06-06 14:23:00+00:00,long,0,0.00022781207,0.000114605384,0.00020610976,0.16943638,2,0
2025-06-06 14:24:00+00:00,long,0,0.00044703519,0.00021568069,0.00028363962,0.16947441,2,0
2025-06-06 14:25:00+00:00,long,0,0.0031100092,0.0016457699,0.0066621997,0.19636442,2,0
2025-06-06 14:26:00+00:00,long,0,0.00036674703,0.00017885341,0.00033333598,0.16888718,2,0
2025-06-06 14:27:00+00:00,long,0,0.00018160172,0.000106301166,0.0002198303,0.17281412,2,0
2025-06-06 14:28:00+00:00,long,0,0.010834284,0.0130999675,0.11317306,0.26426297,2,0
2025-06-06 14:29:00+00:00,long,0,0.00067227177,0.0009658898,0.0023342562,0.19296984,2,0
2025-06-06 14:30:00+00:00,long,0,0.0007693868,0.0010751422,0.005468066,0.20805828,2,0
2025-06-06 14:31:00+00:00,long,0,0.00027997678,0.00013407618,0.00020299664,0.17180122,2,0
2025-06-06 14:32:00+00:00,long,0,0.00046632413,0.0001697165,0.0013306456,0.18804325,2,0
2025-06-06 14:33:00+00:00,long,0,0.00014717557,0.00011043748,0.00024367179,0.17316554,2,0
2025-06-06 14:34:00+00:00,long,0,0.00015162794,0.00012972913,0.00139385,0.16812278,2,0
2025-06-06 14:35:00+00:00,long,0,0.0003474821,0.0004231425,0.0067635244,0.18124457,2,0
2025-06-06 14:36:00+00:00,long,0,0.00014195933,0.00020442386,0.0034085568,0.16835564,2,0
2025-06-06 14:37:00+00:00,long,0,0.00042544448,0.00041485656,0.0026585853,0.17206876,2,0
2025-06-06 14:38:00+00:00,long,0,0.000513367,0.00024050433,0.0032784566,0.17420895,2,0
2025-06-06 14:39:00+00:00,long,0,0.0007272848,0.0005145751,0.0026807727,0.17212756,2,0
2025-06-06 14:40:00+00:00,long,0,0.00078351976,0.00045258002,0.0027565288,0.2933942,2,0
2025-06-06 14:41:00+00:00,long,0,0.001248192,0.0010787752,0.0013280091,0.23267876,2,0
2025-06-06 14:42:00+00:00,long,0,0.00045865032,0.00033989362,0.0029933327,0.2478941,2,0
2025-06-06 14:43:00+00:00,long,0,0.00062981923,0.00042816883,0.0024891933,0.30696842,2,0
2025-06-06 14:44:00+00:00,long,0,0.0008168175,0.0011031243,0.00038273007,0.22025616,2,0
2025-06-06 14:45:00+00:00,long,0,0.027620941,0.06360587,0.03820518,0.3384962,2,0
2025-06-06 14:46:00+00:00,long,0,0.529957,0.997139,0.83241946,0.70545816,1,1
2025-06-06 14:47:00+00:00,long,0,0.0011645589,0.0005614314,0.0020462575,0.1878159,2,0
2025-06-06 14:48:00+00:00,long,0,0.0013336036,0.00092966703,0.0007080457,0.17393537,2,0
2025-06-06 14:49:00+00:00,long,0,0.0012335888,0.0012023705,0.0020102523,0.17179441,2,0
2025-06-06 14:50:00+00:00,long,0,0.00026408397,0.00041577584,0.0005431175,0.17125098,2,0
2025-06-06 14:51:00+00:00,long,0,0.00038993175,0.000491791,0.00289688,0.16989098,2,0
2025-06-06 14:52:00+00:00,long,0,0.09235398,0.9878407,0.49030375,0.37871256,1,0
2025-06-06 14:53:00+00:00,long,0,0.0017797973,0.35609487,0.044884145,0.20295632,1,0
2025-06-06 14:54:00+00:00,long,0,0.006253364,0.82645494,0.055873025,0.22154896,1,0
2025-06-06 14:55:00+00:00,long,0,0.0005544215,0.00034213715,0.0016683294,0.17394131,2,0
2025-06-06 14:56:00+00:00,long,0,0.00036753315,0.00037419135,0.0017461051,0.17425911,2,0
2025-06-06 14:57:00+00:00,long,0,0.008013984,0.0071450993,0.012075161,0.32636324,2,0
2025-06-06 14:58:00+00:00,long,0,0.006468121,0.010387328,0.0058607357,0.3283998,2,0
2025-06-06 14:59:00+00:00,long,0,0.0021246092,0.0019020758,0.0030160046,0.2529894,2,0
2025-06-06 15:00:00+00:00,long,0,0.12011018,0.9890254,0.17624958,0.4591144,1,0
2025-06-06 15:01:00+00:00,long,0,0.00064160256,0.00075059,0.002055257,0.17636459,2,0
2025-06-06 15:02:00+00:00,long,0,0.00033602476,0.00018381051,0.0004889831,0.17151998,2,0
2025-06-06 15:03:00+00:00,long,0,0.00060314,0.0002933675,0.0011572829,0.16992669,2,0
2025-06-06 15:04:00+00:00,long,0,0.0005329725,0.00020723396,0.0016683294,0.16851555,2,0
2025-06-06 15:05:00+00:00,long,0,0.004532092,0.0044775805,0.011784527,0.2330774,2,0
2025-06-06 15:06:00+00:00,long,0,0.005025025,0.0023134681,0.011815803,0.22761369,2,0
2025-06-06 15:07:00+00:00,long,0,0.0004798337,0.0002588972,0.0009522789,0.17577331,2,0
2025-06-06 15:08:00+00:00,long,0,0.08897151,0.07335879,0.15320998,0.39801064,2,0
2025-06-06 15:09:00+00:00,long,0,0.00101486,0.0011873478,0.003179165,0.17041422,2,0
2025-06-06 15:10:00+00:00,long,0,0.011244683,0.02219187,0.24109267,0.25980213,2,0
2025-06-06 15:11:00+00:00,long,0,0.00047841034,0.00060616754,0.0015014574,0.17154743,2,0
2025-06-06 15:12:00+00:00,long,0,0.002052613,0.0020748856,0.0072280746,0.18508722,2,0
2025-06-06 15:13:00+00:00,long,0,0.0006563475,0.0006592925,0.0024002916,0.17050825,2,0
2025-06-06 15:14:00+00:00,long,0,0.015322002,0.090716355,0.12508164,0.31550494,2,0
2025-06-06 15:15:00+00:00,long,0,0.058786158,0.9538924,0.17649873,0.3805546,1,0
2025-06-06 15:16:00+00:00,long,0,0.014772223,0.9265493,0.13312624,0.3067331,1,0
2025-06-06 15:17:00+00:00,long,0,0.0006235449,0.0014609144,0.005473867,0.16986299,2,0
2025-06-06 15:18:00+00:00,long,0,0.00068729906,0.000697543,0.002056758,0.1795485,2,0
2025-06-06 15:19:00+00:00,long,0,0.00035959296,0.00051610917,0.00092665845,0.17188849,2,0
2025-06-06 15:20:00+00:00,long,0,0.029502548,0.094987884,0.29268262,0.52235705,2,0
2025-06-06 15:21:00+00:00,long,0,0.23710725,0.99802196,0.85021234,0.76984614,1,2
2025-06-06 15:22:00+00:00,long,0,0.000503989,0.06888052,0.00050634745,0.17763166,1,0
2025-06-06 15:23:00+00:00,long,0,0.00053389964,0.00035919758,0.0011001528,0.1745342,2,0
2025-06-06 15:24:00+00:00,long,0,0.0006925757,0.00030463943,0.004991161,0.16858232,2,0
2025-06-06 15:25:00+00:00,long,0,0.0016928334,0.0011529751,0.04894982,0.19393575,2,0
2025-06-06 15:26:00+00:00,long,0,0.00041517938,0.00043095273,0.0013670296,0.17051862,2,0
2025-06-06 15:27:00+00:00,long,0,0.0030497294,0.0047186827,0.043398518,0.22065967,2,0
2025-06-06 15:28:00+00:00,short,0,0.0168033,0.027808111,0.10581038,0.3314384,2,0
2025-06-06 15:29:00+00:00,long,0,0.0007491012,0.00019864317,0.0027682777,0.16895892,2,0
2025-06-06 15:30:00+00:00,long,0,0.00040896726,0.00036654412,0.0025791852,0.17561771,2,0
2025-06-06 15:31:00+00:00,long,0,0.00036303035,0.00034273672,0.0012585369,0.17022397,2,0
2025-06-06 15:32:00+00:00,long,0,0.0003149315,0.0003612722,0.0013045986,0.17026992,2,0
2025-06-06 15:33:00+00:00,long,0,0.000766913,0.0004301374,0.008262462,0.17358057,2,0
2025-06-06 15:34:00+00:00,long,0,0.09148566,0.03905036,0.5205576,0.3223332,2,0
2025-06-06 15:35:00+00:00,long,0,0.0013876884,0.0005049957,0.008639651,0.18743569,2,0
2025-06-06 15:36:00+00:00,long,0,0.0005782435,0.00079483225,0.0025868434,0.17285083,2,0
2025-06-06 15:37:00+00:00,long,0,0.00052323524,0.0004581744,0.0010441925,0.17233382,2,0
2025-06-06 15:38:00+00:00,long,0,0.001048022,0.0006567526,0.005457807,0.16987048,2,0
2025-06-06 15:39:00+00:00,long,0,0.0009676541,0.00081675017,0.006995251,0.17573917,2,0
2025-06-06 15:40:00+00:00,long,0,0.00026478257,0.00042556963,0.0014760724,0.16915639,2,0
2025-06-06 15:41:00+00:00,long,0,0.00044581425,0.00066333346,0.0021463272,0.17078578,2,0
2025-06-06 15:42:00+00:00,short,0,0.00422729,0.0069787027,0.015587365,0.21536416,2,0
2025-06-06 15:43:00+00:00,long,0,0.000712464,0.00056418864,0.0028157106,0.17102136,2,0
2025-06-06 15:44:00+00:00,long,0,0.0069967085,0.0060912655,0.020755136,0.21612136,2,0
2025-06-06 15:45:00+00:00,long,0,0.0013583777,0.0011635249,0.009133424,0.17385787,2,0
2025-06-06 15:46:00+00:00,long,1,0.9834818,0.9599346,0.9138868,0.77855986,3,2
2025-06-06 15:47:00+00:00,long,0,0.083900355,0.95492727,0.09010885,0.40084645,1,0
2025-06-06 15:48:00+00:00,long,0,0.0024682446,0.005256759,0.0010137134,0.17688328,2,0
2025-06-06 15:49:00+00:00,long,0,0.0015373337,0.0033882612,0.0021778264,0.17533986,2,0
2025-06-06 15:50:00+00:00,long,0,0.0019060503,0.0027442805,0.0022299944,0.1776392,2,0
2025-06-09 14:19:00+00:00,long,0,0.0053233053,0.012894567,0.0028758694,0.45426488,2,1
2025-06-09 14:20:00+00:00,short,0,0.0003587132,0.00044187903,0.0020078726,0.28340438,2,0
2025-06-09 14:21:00+00:00,long,0,0.00039804933,0.0003987641,0.00012486227,0.20371734,2,0
2025-06-09 14:22:00+00:00,long,0,0.00048061484,0.00046675818,0.00045138228,0.18936948,2,0
2025-06-09 14:23:00+00:00,long,0,0.00084071147,0.06582081,0.0010426493,0.22801791,1,0
2025-06-09 14:24:00+00:00,long,0,0.0023228189,0.4055814,0.0010183419,0.326474,1,0
2025-06-09 14:25:00+00:00,short,0,0.00066715485,0.032579854,0.00052085676,0.22758037,1,0
2025-06-09 14:26:00+00:00,long,0,0.00041485994,0.0005198348,9.989154e-05,0.22183394,2,0
2025-06-09 14:27:00+00:00,long,0,0.0005438448,0.16489957,0.00022349712,0.29341197,1,0
2025-06-09 14:28:00+00:00,long,0,0.00034364153,0.023957532,0.00013875199,0.20185232,1,0
2025-06-09 14:29:00+00:00,long,0,0.00028320213,0.00037038748,0.00012117355,0.20833366,2,0
2025-06-09 14:30:00+00:00,long,0,0.0006670881,0.05390791,0.0002027653,0.1923588,1,0
2025-06-09 14:31:00+00:00,short,0,0.0012635419,0.0012807839,0.0030792947,0.17074549,2,0
2025-06-09 14:32:00+00:00,long,0,0.0014545788,0.0021660856,0.0002708048,0.2268588,2,0
2025-06-09 14:33:00+00:00,long,0,0.000361292,0.02282068,0.0001496739,0.16839027,1,0
2025-06-09 14:34:00+00:00,long,0,0.00015108472,0.013807332,5.2212818e-05,0.16766179,1,0
2025-06-09 14:35:00+00:00,short,0,0.00055479317,0.0004543735,0.00078933366,0.17763591,2,0
2025-06-09 14:36:00+00:00,long,0,0.00032250842,0.00028584234,6.1884326e-05,0.16793306,2,0
2025-06-09 14:37:00+00:00,short,0,0.00019534848,0.0001556448,0.0003963316,0.17764294,2,0
2025-06-09 14:38:00+00:00,short,0,0.00014242764,0.00015084131,0.00010583379,0.16942054,2,0
2025-06-09 14:39:00+00:00,short,0,0.00016731308,0.00015273936,0.000464104,0.1760422,2,0
2025-06-09 14:40:00+00:00,long,0,9.772976e-05,0.00028750545,6.254751e-05,0.16772796,2,0
2025-06-09 14:41:00+00:00,short,0,9.578421e-05,0.00021154601,0.00012122567,0.16791183,2,0
2025-06-09 14:42:00+00:00,long,0,0.00033184412,0.0010083561,0.00022504847,0.17603827,2,0
2025-06-09 14:43:00+00:00,short,0,0.00012637475,0.0002117999,0.00050018664,0.17198007,2,0
2025-06-09 14:44:00+00:00,short,0,0.00011135165,0.00018044733,0.00016155643,0.17280819,2,0
2025-06-09 14:45:00+00:00,long,0,7.8538265e-05,0.00011886695,9.671857e-05,0.16775173,2,0
2025-06-09 14:46:00+00:00,long,0,0.00010897897,0.00027226855,8.154669e-05,0.1673985,2,0
2025-06-09 14:47:00+00:00,short,0,0.00016099222,0.00016970112,0.00069508207,0.17077106,2,0
2025-06-09 14:48:00+00:00,short,0,0.00011160178,0.00015608413,0.00015348993,0.17115887,2,0
2025-06-09 14:49:00+00:00,long,0,0.00012674659,0.00027234227,5.667158e-05,0.1673974,2,0
2025-06-09 14:50:00+00:00,long,0,0.00026577682,0.032207742,0.00030627288,0.17931324,1,0
2025-06-09 14:51:00+00:00,long,0,5.7288406e-05,0.0084146885,6.865575e-05,0.16758716,1,0
2025-06-09 14:52:00+00:00,long,0,0.002337024,0.769932,0.0017740374,0.19443963,1,0
2025-06-09 14:53:00+00:00,long,0,6.342498e-05,0.009030459,0.00018177323,0.16787463,1,0
2025-06-09 14:54:00+00:00,short,0,7.351054e-05,0.0080157695,0.00017527047,0.16935302,1,0
2025-06-09 14:55:00+00:00,long,0,0.00021243801,0.025363201,0.00051784667,0.1706305,1,0
2025-06-09 14:56:00+00:00,long,0,0.00012385822,0.020247126,0.0003713973,0.16793217,1,0
2025-06-09 14:57:00+00:00,long,0,7.88127e-05,0.012503404,0.00052917853,0.16790314,1,0
2025-06-09 14:58:00+00:00,long,0,0.000104586456,0.011896645,0.0004179414,0.16821796,1,0
2025-06-09 14:59:00+00:00,short,0,0.0009480787,0.0028597806,0.009832929,0.18017752,2,0
2025-06-09 15:00:00+00:00,long,0,0.0003113152,0.0007790212,0.00023938129,0.21607976,2,0
2025-06-09 15:01:00+00:00,short,0,0.00017100415,0.000194925,0.00068143505,0.17171098,2,0
2025-06-09 15:02:00+00:00,long,0,0.00012141807,0.021768421,0.00017544202,0.17373939,1,0
2025-06-09 15:03:00+00:00,short,0,0.00015971718,8.634611e-05,0.00036708824,0.17114197,2,0
2025-06-09 15:04:00+00:00,short,0,0.00021708672,0.00015947521,0.00055173796,0.17148031,2,0
2025-06-09 15:05:00+00:00,long,0,0.0001716807,0.00020085245,0.0001185066,0.1692153,2,0
2025-06-09 15:06:00+00:00,short,0,0.00010282808,0.00016881026,0.0005297811,0.17045784,2,0
2025-06-09 15:07:00+00:00,long,0,9.7068005e-05,0.00024565484,0.0001210688,0.16750441,2,0
2025-06-09 15:08:00+00:00,long,0,7.8063444e-05,0.0001676318,8.774373e-05,0.16741703,2,0
2025-06-09 15:09:00+00:00,long,0,0.00011243055,0.00027843204,6.441174e-05,0.16771777,2,0
2025-06-09 15:10:00+00:00,long,0,0.00014129665,0.017904336,0.00012227063,0.16812502,1,0
2025-06-09 15:11:00+00:00,long,0,0.00011357729,0.015002828,6.942737e-05,0.16845864,1,0
2025-06-09 15:12:00+00:00,long,0,0.0008864149,0.18027924,0.0003446959,0.19986129,1,0
2025-06-09 15:13:00+00:00,short,0,0.00011865676,0.011825183,0.00042359147,0.17269075,1,0
2025-06-09 15:14:00+00:00,short,0,0.00014761224,0.00026489494,0.00057854597,0.17259307,2,0
2025-06-09 15:15:00+00:00,short,0,6.183949e-05,0.00010961755,9.412704e-05,0.17290318,2,0
2025-06-09 15:16:00+00:00,long,0,8.318141e-05,0.00015418201,5.831523e-05,0.17203206,2,0
2025-06-09 15:17:00+00:00,short,0,6.1091e-05,8.826975e-05,9.412704e-05,0.17077793,2,0
2025-06-09 15:18:00+00:00,long,0,8.689019e-05,0.00019605474,0.00011397382,0.16937666,2,0
2025-06-09 15:19:00+00:00,long,0,0.00010032666,0.00016949332,0.00010089587,0.17096327,2,0
2025-06-09 15:20:00+00:00,long,0,9.706393e-05,0.00017902967,6.1097235e-05,0.17147626,2,0
2025-06-09 15:21:00+00:00,short,0,0.00010349416,8.920912e-05,0.00039482114,0.18892898,2,0
2025-06-09 15:22:00+00:00,long,0,0.00015421759,0.01626099,0.00013132562,0.17375477,1,0
2025-06-09 15:23:00+00:00,long,0,0.00014166819,0.0066129426,0.0001195206,0.17083468,1,0
2025-06-09 15:24:00+00:00,short,0,9.742642e-05,0.007572864,7.892905e-05,0.17182703,1,0
2025-06-09 15:25:00+00:00,long,0,0.00020939957,0.01279444,0.00015075604,0.1698692,1,0
2025-06-09 15:26:00+00:00,long,0,0.0001669198,0.007835548,8.01849e-05,0.17338271,1,0
2025-06-09 15:27:00+00:00,short,0,9.236157e-05,6.560212e-05,0.00014254055,0.17495018,2,0
2025-06-09 15:28:00+00:00,long,0,0.00016287349,0.00012230141,5.5461842e-05,0.17356555,2,0
2025-06-09 15:29:00+00:00,short,0,0.00012890346,6.5576976e-05,0.00017613258,0.20029657,2,0
2025-06-09 15:30:00+00:00,long,0,0.00025793607,0.022901623,0.000101863654,0.23405063,1,0
2025-06-09 15:31:00+00:00,long,0,0.0001732353,0.010062334,0.00015842852,0.17848156,1,0
2025-06-09 15:32:00+00:00,long,0,0.00019297475,0.010438637,0.000102491234,0.17611182,1,0
2025-06-09 15:33:00+00:00,long,0,0.00022012078,0.017377213,0.00017027458,0.19104022,1,0
2025-06-09 15:34:00+00:00,long,0,0.00012926312,0.011642422,4.048208e-05,0.17298536,1,0
2025-06-09 15:35:00+00:00,long,0,0.00010210981,0.009864414,0.00012881622,0.17756252,1,0
2025-06-09 15:36:00+00:00,long,0,0.00010134493,0.011244953,5.073114e-05,0.17650433,1,0
2025-06-09 15:37:00+00:00,short,0,7.974423e-05,0.00024073078,0.0004397859,0.21572222,2,0
2025-06-09 15:38:00+00:00,long,0,9.5781565e-05,0.00023902846,5.8617807e-05,0.17741817,2,0
2025-06-09 15:39:00+00:00,long,0,0.00019200477,0.0006526389,0.00017445565,0.20863144,2,0
2025-06-09 15:40:00+00:00,short,0,0.00019688987,0.00061663415,0.0006304859,0.28651187,2,0
2025-06-09 15:41:00+00:00,long,0,0.00013507105,0.00044347285,8.7096996e-05,0.17372517,2,0
2025-06-09 15:42:00+00:00,long,0,0.0002238443,0.0005985413,9.3354625e-05,0.19205077,2,0
2025-06-09 15:43:00+00:00,long,0,0.0001455304,0.015212061,8.710181e-05,0.171001,1,0
2025-06-09 15:44:00+00:00,long,0,0.0010483989,0.63205266,0.00034369508,0.2862018,1,0
2025-06-09 15:45:00+00:00,long,0,0.00023060212,0.13952282,0.00018364425,0.17708176,1,0
2025-06-09 15:46:00+00:00,long,0,0.00016643666,0.022621628,4.057662e-05,0.1691959,1,0
2025-06-09 15:47:00+00:00,short,0,0.00016764586,0.00061050884,0.00095976697,0.1762318,2,0
2025-06-09 15:48:00+00:00,short,0,0.00036879032,0.0015066686,0.0012518323,0.16837408,2,0
2025-06-09 15:49:00+00:00,short,0,0.00014373494,0.00070846046,0.000100970945,0.17004234,2,0
2025-06-09 15:50:00+00:00,long,0,0.00086780725,0.0011579964,0.0001578969,0.17451882,2,0
2025-06-10 14:19:00+00:00,long,0,0.0043051178,0.00085902534,0.0028877335,0.17267992,2,0
2025-06-10 14:20:00+00:00,long,0,0.00242197,0.0014092837,0.007747369,0.19304602,2,0
2025-06-10 14:21:00+00:00,long,0,0.011560989,0.0052365432,0.09852839,0.22983523,2,0
2025-06-10 14:22:00+00:00,long,0,0.005406072,0.0031354304,0.009757869,0.18908153,2,0
2025-06-10 14:23:00+00:00,long,0,0.027891556,0.016710758,0.09506239,0.22915262,2,0
2025-06-10 14:24:00+00:00,long,0,0.035167806,0.017312113,0.35019344,0.25262442,2,0
2025-06-10 14:25:00+00:00,long,0,0.011364906,0.008144284,0.014879032,0.18893813,2,0
2025-06-10 14:26:00+00:00,long,0,0.07305754,0.118586585,0.5866587,0.44200674,2,0
2025-06-10 14:27:00+00:00,long,0,0.072201066,0.043564167,0.257032,0.28567615,2,0
2025-06-10 14:28:00+00:00,long,0,0.099883005,0.01672457,0.18079554,0.25834724,2,0
2025-06-10 14:29:00+00:00,long,0,0.0059141014,0.0015336185,0.008163546,0.20174052,2,0
2025-06-10 14:30:00+00:00,long,0,0.014185951,0.003247198,0.0075078662,0.18742482,2,0
2025-06-10 14:31:00+00:00,long,0,0.027869325,0.006743795,0.06547974,0.22166587,2,0
2025-06-10 14:32:00+00:00,long,0,0.01396339,0.0077997902,0.058455948,0.22130193,2,0
2025-06-10 14:33:00+00:00,long,0,0.0015299072,0.0005625434,0.0011437519,0.17353146,2,0
2025-06-10 14:34:00+00:00,long,0,0.10957185,0.11520555,0.631565,0.49674067,2,1
2025-06-10 14:35:00+00:00,long,0,0.00068568904,0.00014232921,0.0010805144,0.17226179,2,0
2025-06-10 14:36:00+00:00,long,0,0.0018398138,0.000499431,0.002914436,0.17907564,2,0
2025-06-10 14:37:00+00:00,long,0,0.14729843,0.07834751,0.5300713,0.53234845,2,0
2025-06-10 14:38:00+00:00,long,0,0.0015229479,0.0018381944,0.007925815,0.18413945,2,0
2025-06-10 14:39:00+00:00,long,0,0.0024929366,0.004092438,0.009762311,0.19435869,2,0
2025-06-10 14:40:00+00:00,long,0,0.0014524491,0.00044407314,0.0046229837,0.17624192,2,0
2025-06-10 14:41:00+00:00,long,0,0.057452053,0.024501914,0.08240424,0.24236226,2,0
2025-06-10 14:42:00+00:00,long,0,0.003557431,0.0029049597,0.024073243,0.19723988,2,0
2025-06-10 14:43:00+00:00,long,0,0.0024685853,0.0011752319,0.0054418244,0.1769055,2,0
2025-06-10 14:44:00+00:00,long,0,0.003506653,0.0021525125,0.0124278525,0.19323307,2,0
2025-06-10 14:45:00+00:00,long,0,0.0053664385,0.0032844874,0.008719883,0.19614148,2,0
2025-06-10 14:46:00+00:00,long,0,0.0048197303,0.0057889614,0.028193347,0.1928448,2,0
2025-06-10 14:47:00+00:00,long,0,0.0033693686,0.006697173,0.010273741,0.20123112,2,0
2025-06-10 14:48:00+00:00,long,0,0.47317648,0.42793274,0.6289464,0.59609705,2,1
2025-06-10 14:49:00+00:00,long,0,0.0017557248,0.002701382,0.017953342,0.17743337,2,0
2025-06-10 14:50:00+00:00,long,0,0.072642505,0.022458524,0.23019286,0.36841226,2,0
2025-06-10 14:51:00+00:00,long,0,0.0009800008,0.00036190543,0.0064564873,0.18798935,2,0
2025-06-10 14:52:00+00:00,long,0,0.0022631127,0.0007277989,0.00630317,0.19760531,2,0
2025-06-10 14:53:00+00:00,long,0,0.3301637,0.41394585,0.5327697,0.5880962,2,1
2025-06-10 14:54:00+00:00,long,0,0.013145546,0.013917887,0.086371444,0.28610396,2,0
2025-06-10 14:55:00+00:00,long,0,0.0034676886,0.001590926,0.012815313,0.18312323,2,0
2025-06-10 14:56:00+00:00,long,0,0.0033506048,0.0017648358,0.008641322,0.18001479,2,0
2025-06-10 14:57:00+00:00,long,1,0.9492101,0.86236197,0.8720279,0.69259876,3,1
2025-06-10 14:58:00+00:00,long,0,0.0062242323,0.0016721038,0.025220836,0.19414192,2,0
2025-06-10 14:59:00+00:00,long,0,0.074126184,0.037095714,0.14421952,0.28916815,2,0
2025-06-10 15:00:00+00:00,long,0,0.017026871,0.0058249664,0.046176232,0.21613468,2,0
2025-06-10 15:01:00+00:00,long,0,0.19715573,0.18377107,0.28996098,0.4494257,2,0
2025-06-10 15:02:00+00:00,long,0,0.044271182,0.014493019,0.17509604,0.3219337,2,0
2025-06-10 15:03:00+00:00,long,0,0.0026257758,0.0017416608,0.02291262,0.18186729,2,0
2025-06-10 15:04:00+00:00,long,0,0.0008970261,0.0005849665,0.008374951,0.18533933,2,0
2025-06-10 15:05:00+00:00,long,0,0.034637585,0.023657747,0.2190795,0.37806436,2,0
2025-06-10 15:06:00+00:00,long,0,0.0005769199,0.00074453856,0.0043626986,0.17597276,2,0
2025-06-10 15:07:00+00:00,long,0,0.0011169746,0.00053263706,0.01070912,0.19078942,2,0
2025-06-10 15:08:00+00:00,long,0,0.0013648935,0.0014840814,0.012178113,0.22127092,2,0
2025-06-10 15:09:00+00:00,long,0,0.0013901865,0.002994484,0.013059361,0.1886891,2,0
2025-06-10 15:10:00+00:00,long,0,0.0052896673,0.008208028,0.030146113,0.18219276,2,0
2025-06-10 15:11:00+00:00,long,0,0.25439575,0.3024901,0.5865489,0.51299477,2,0
2025-06-10 15:12:00+00:00,long,0,0.0010751612,0.0005688613,0.006562723,0.17980373,2,0
2025-06-10 15:13:00+00:00,long,0,0.018582297,0.027706664,0.23307195,0.24554114,2,0
2025-06-10 15:14:00+00:00,long,0,0.14094731,0.2511609,0.6968749,0.51804155,2,0
2025-06-10 15:15:00+00:00,long,0,0.17271528,0.16426077,0.8036738,0.58237845,2,0
2025-06-10 15:16:00+00:00,long,0,0.0017266645,0.002450517,0.03603413,0.19271572,2,0
2025-06-10 15:17:00+00:00,long,0,0.12569502,0.23310395,0.5484902,0.46027863,2,0
2025-06-10 15:18:00+00:00,long,0,0.10416017,0.14933322,0.81352764,0.62698245,2,1
2025-06-10 15:19:00+00:00,long,0,0.0012265858,0.002782212,0.030040272,0.18149585,2,0
2025-06-10 15:20:00+00:00,long,0,0.053296782,0.1751069,0.69666773,0.64615303,2,1
2025-06-10 15:21:00+00:00,long,0,0.020450408,0.039285827,0.3647588,0.32822454,2,0
2025-06-10 15:22:00+00:00,long,0,0.24138916,0.9908964,0.73340064,0.69752884,1,2
2025-06-10 15:23:00+00:00,long,0,0.0032533403,0.0044335737,0.01665897,0.1858878,2,0
2025-06-10 15:24:00+00:00,long,0,0.428616,0.995307,0.7249348,0.6667401,1,1
2025-06-10 15:25:00+00:00,long,0,0.042297743,0.09785408,0.25994384,0.33697197,2,0
2025-06-10 15:26:00+00:00,long,0,0.00043549252,0.00040428527,0.0024220897,0.17443085,2,0
2025-06-10 15:27:00+00:00,long,0,0.0007209909,0.00080570846,0.0012077764,0.17872007,2,0
2025-06-10 15:28:00+00:00,long,1,0.98306423,0.9796602,0.94316167,0.8021829,3,2
2025-06-10 15:29:00+00:00,long,0,0.0007584933,0.0012454203,0.0018887492,0.175853,2,0
2025-06-10 15:30:00+00:00,long,1,0.9810954,0.97228414,0.93574786,0.77508384,3,2
2025-06-10 15:31:00+00:00,long,1,0.9748424,0.9590636,0.8941735,0.7592187,3,2
2025-06-10 15:32:00+00:00,long,1,0.9696423,0.93962556,0.7963185,0.6520057,3,1
2025-06-10 15:33:00+00:00,long,0,0.0037423775,0.0019696155,0.01125031,0.17448576,2,0
2025-06-10 15:34:00+00:00,long,0,0.0007581945,0.0016993637,0.008855019,0.18534325,2,0
2025-06-10 15:35:00+00:00,long,0,0.0035350984,0.0018925141,0.004013067,0.18511836,2,0
2025-06-10 15:36:00+00:00,long,0,0.0036835962,0.0041452297,0.06168305,0.24795222,2,0
2025-06-10 15:37:00+00:00,long,1,0.97045654,0.948068,0.89907336,0.7409716,3,2
2025-06-10 15:38:00+00:00,long,1,0.9849686,0.97106904,0.94251007,0.7793451,3,2
2025-06-10 15:39:00+00:00,long,0,0.013777581,0.006075898,0.15588659,0.28427133,2,0
2025-06-10 15:40:00+00:00,long,0,0.008586477,0.014509046,0.014912744,0.20764184,2,0
2025-06-10 15:41:00+00:00,long,0,0.0021814664,0.0045010946,0.008566139,0.17978938,2,0
2025-06-10 15:42:00+00:00,long,0,0.0015990107,0.0021237028,0.013927838,0.18014936,2,0
2025-06-10 15:43:00+00:00,long,0,0.0033126853,0.0045053936,0.017213656,0.19511832,2,0
2025-06-10 15:44:00+00:00,long,0,0.0013326716,0.0025396503,0.009170805,0.183721,2,0
2025-06-10 15:45:00+00:00,long,0,0.0057161013,0.010093359,0.08726514,0.24071144,2,0
2025-06-10 15:46:00+00:00,long,0,0.007261856,0.0019136938,0.043722987,0.19414414,2,0
2025-06-10 15:47:00+00:00,long,0,0.11069219,0.15070951,0.7869771,0.45995724,2,0
2025-06-10 15:48:00+00:00,long,0,0.063247725,0.1579561,0.7405246,0.40232196,2,0
2025-06-10 15:49:00+00:00,long,0,0.19147608,0.30909964,0.7464492,0.5494577,2,0
2025-06-10 15:50:00+00:00,long,0,0.052108705,0.054790284,0.34890172,0.43844557,2,0
2025-06-11 14:19:00+00:00,long,0,0.0017949321,0.936239,0.004232805,0.24036206,1,0
2025-06-11 14:20:00+00:00,long,0,0.0017404284,0.81432575,0.00052207004,0.2547634,1,0
2025-06-11 14:21:00+00:00,short,0,0.00028896687,0.15697943,0.000791121,0.17017089,1,0
2025-06-11 14:22:00+00:00,short,0,0.0007434559,0.35327268,0.0035781667,0.1784771,1,0
2025-06-11 14:23:00+00:00,long,0,0.00025174324,0.10923068,0.00023810315,0.16960706,1,0
2025-06-11 14:24:00+00:00,short,0,0.00039006877,0.2504677,0.0014672973,0.17885584,1,0
2025-06-11 14:25:00+00:00,short,1,0.97560465,0.90788907,0.9552959,0.7537272,3,2
2025-06-11 14:26:00+00:00,long,0,0.0010113174,0.010859952,0.0004422585,0.20758106,2,0
2025-06-11 14:27:00+00:00,short,0,0.00030984744,0.14842331,0.00044568971,0.16834551,1,0
2025-06-11 14:28:00+00:00,short,0,0.002987245,0.008581273,0.0021849493,0.20295365,2,0
2025-06-11 14:29:00+00:00,long,0,0.0024454459,0.9162058,0.0030658264,0.2277473,1,0
2025-06-11 14:30:00+00:00,short,0,0.00042651696,0.22270727,0.0011189609,0.16942726,1,0
2025-06-11 14:31:00+00:00,long,0,0.00036817155,0.1387039,0.00041563556,0.16870391,1,0
2025-06-11 14:32:00+00:00,long,0,0.0001979455,0.13602306,0.00022575964,0.16967042,1,0
2025-06-11 14:33:00+00:00,short,0,0.0004795431,0.21266474,0.0012703587,0.16942726,1,0
2025-06-11 14:34:00+00:00,long,0,0.00040843894,0.46259052,0.00035307166,0.18475169,1,0
2025-06-11 14:35:00+00:00,long,0,0.00023942422,0.27076668,0.0003799311,0.18273033,1,0
2025-06-11 14:36:00+00:00,long,0,0.00016100696,0.1011645,0.00016146402,0.16870637,1,0
2025-06-11 14:37:00+00:00,short,0,0.0012695827,0.3779221,0.0048993533,0.1878628,1,0
2025-06-11 14:38:00+00:00,short,0,0.00025377044,0.12990198,0.0005583849,0.1687919,1,0
2025-06-11 14:39:00+00:00,short,0,0.21173814,0.21111834,0.5672242,0.58379513,2,1
2025-06-11 14:40:00+00:00,long,0,0.000110164015,0.11480567,0.00017936388,0.16859142,1,0
2025-06-11 14:41:00+00:00,short,1,0.9740606,0.9753483,0.9387233,0.77786165,3,2
2025-06-11 14:42:00+00:00,long,0,0.00071894354,0.85909075,0.001596711,0.18657322,1,0
2025-06-11 14:43:00+00:00,long,0,0.002191838,0.9190632,0.0019259517,0.19829321,1,0
2025-06-11 14:44:00+00:00,short,0,0.026975332,0.908098,0.043626565,0.4338347,1,0
2025-06-11 14:45:00+00:00,short,0,0.001143795,0.5652251,0.0035470393,0.23341447,1,0
2025-06-11 14:46:00+00:00,short,0,0.00032661477,0.18700825,0.00027238307,0.17645817,1,0
2025-06-11 14:47:00+00:00,short,0,0.00017521215,0.14739503,8.294688e-05,0.16924876,1,0
2025-06-11 14:48:00+00:00,short,0,0.0004595643,0.21791023,0.0004971694,0.18369769,1,0
2025-06-11 14:49:00+00:00,short,0,0.0010304683,0.45637178,0.0038095796,0.20675473,1,0
2025-06-11 14:50:00+00:00,long,0,0.0024015813,0.95698357,0.0021392961,0.19897394,1,0
2025-06-11 14:51:00+00:00,long,0,0.003742287,0.98354983,0.0073182248,0.21590002,1,0
2025-06-11 14:52:00+00:00,short,0,0.020377353,0.8569237,0.050218754,0.28148046,1,0
2025-06-11 14:53:00+00:00,long,0,0.00043375633,0.9179741,0.0022836917,0.18635267,1,0
2025-06-11 14:54:00+00:00,short,0,0.17373277,0.9878346,0.4534183,0.68637705,1,2
2025-06-11 14:55:00+00:00,long,0,0.014982842,0.9946044,0.019161617,0.23345391,1,0
2025-06-11 14:56:00+00:00,short,0,0.0012082792,0.3954245,0.0020736016,0.20013559,1,0
2025-06-11 14:57:00+00:00,long,0,0.0010428628,0.9429782,0.001074813,0.18128832,1,0
2025-06-11 14:58:00+00:00,long,0,0.00048505876,0.88698196,0.0011792498,0.1826871,1,0
2025-06-11 14:59:00+00:00,short,0,0.0014155633,0.3818108,0.0023929966,0.2165526,1,0
2025-06-11 15:00:00+00:00,long,0,0.00063763134,0.20758297,0.0013469766,0.17005545,1,0
2025-06-11 15:01:00+00:00,long,0,0.00026883016,0.3504826,0.0004973282,0.18481506,1,0
2025-06-11 15:02:00+00:00,long,0,0.00021272461,0.70973057,0.00055306137,0.22474985,1,0
2025-06-11 15:03:00+00:00,long,0,0.00031331222,0.088302806,0.00047422753,0.17508961,1,0
2025-06-11 15:04:00+00:00,short,0,0.001083855,0.2412161,0.012909646,0.26708663,1,0
2025-06-11 15:05:00+00:00,short,0,0.19537173,0.26550728,0.6190542,0.6961339,2,2
2025-06-11 15:06:00+00:00,short,0,0.0112833595,0.010254471,0.03227657,0.2640846,2,0
2025-06-11 15:07:00+00:00,short,0,0.0022096564,0.0030289537,0.012015805,0.22639412,2,0
2025-06-11 15:08:00+00:00,short,0,0.00014284342,0.000355026,0.0013501876,0.18394198,2,0
2025-06-11 15:09:00+00:00,short,0,0.00067904935,0.001398045,0.012895975,0.21317987,2,0
2025-06-11 15:10:00+00:00,long,0,0.476811,0.99572915,0.86188,0.7332662,1,2
2025-06-11 15:11:00+00:00,long,0,7.062654e-05,0.08104303,0.00010605473,0.16928641,1,0
2025-06-11 15:12:00+00:00,long,0,0.0001486096,0.07527512,0.0006442668,0.1763684,1,0
2025-06-11 15:13:00+00:00,long,0,5.624651e-05,0.3939962,0.00027042243,0.18754606,1,0
2025-06-11 15:14:00+00:00,long,0,0.00023571246,0.1175427,0.00046927007,0.17252381,1,0
2025-06-11 15:15:00+00:00,long,0,0.00031621946,0.17389806,0.0017701201,0.19192839,1,0
2025-06-11 15:16:00+00:00,long,0,0.00087675115,0.41842577,0.009784042,0.22362638,1,0
2025-06-11 15:17:00+00:00,long,0,0.0034084804,0.7412909,0.022017999,0.29799756,1,0
2025-06-11 15:18:00+00:00,long,0,7.0852184e-05,0.043599088,0.00014092191,0.17040892,1,0
2025-06-11 15:19:00+00:00,long,0,0.00027631855,0.23529053,0.004292551,0.21290837,1,0
2025-06-11 15:20:00+00:00,long,0,4.357023e-05,0.12249807,0.00031532807,0.17532349,1,0
2025-06-11 15:21:00+00:00,long,0,0.0007975405,0.4034496,0.0061972854,0.22358413,1,0
2025-06-11 15:22:00+00:00,long,0,5.7212303e-05,0.035773754,0.00024119369,0.16960005,1,0
2025-06-11 15:23:00+00:00,long,0,6.523923e-05,0.03479316,0.00021735886,0.17013906,1,0
2025-06-11 15:24:00+00:00,long,0,0.00013284748,0.09079091,0.00028168794,0.18062638,1,0
2025-06-11 15:25:00+00:00,long,0,0.051871758,0.9864014,0.6849036,0.7408702,1,2
2025-06-11 15:26:00+00:00,long,0,0.0022655216,0.3453736,0.009984169,0.39224014,1,0
2025-06-11 15:27:00+00:00,long,0,0.0001945045,0.7616862,0.0015891948,0.19499342,1,0
2025-06-11 15:28:00+00:00,long,0,5.7771405e-05,0.02649722,9.648955e-05,0.1729181,1,0
2025-06-11 15:29:00+00:00,long,0,4.493665e-05,0.019763403,0.00012857716,0.1692714,1,0
2025-06-11 15:30:00+00:00,long,0,4.2906628e-05,0.029650273,7.467299e-05,0.16764142,1,0
2025-06-11 15:31:00+00:00,long,0,5.2955562e-05,0.03346199,0.000114331524,0.16789998,1,0
2025-06-11 15:32:00+00:00,long,0,0.00040484525,0.79384035,0.0024988214,0.17109244,1,0
2025-06-11 15:33:00+00:00,long,0,0.00015431143,0.055231374,0.00045588962,0.16778232,1,0
2025-06-11 15:34:00+00:00,long,0,0.00018702171,0.5555012,0.00056266703,0.16981603,1,0
2025-06-11 15:35:00+00:00,long,0,0.017053388,0.950475,0.143022,0.36950588,1,0
2025-06-11 15:36:00+00:00,long,0,0.13480271,0.9934942,0.78642905,0.59799725,1,1
2025-06-11 15:37:00+00:00,long,0,0.00039864797,0.09485843,0.00057020324,0.18071091,1,0
2025-06-11 15:38:00+00:00,long,0,0.0011886525,0.36288646,0.0092586,0.21911778,1,0
2025-06-11 15:39:00+00:00,long,0,0.00035318296,0.6536912,0.0005949453,0.17017,1,0
2025-06-11 15:40:00+00:00,long,0,0.008003444,0.8432295,0.0153377075,0.21963342,1,0
2025-06-11 15:41:00+00:00,long,0,0.00016704031,0.37727544,0.00060070213,0.16923656,1,0
2025-06-11 15:42:00+00:00,short,0,0.16860215,0.9899726,0.53064245,0.344147,1,0
2025-06-11 15:43:00+00:00,short,0,0.00019878546,0.04078981,0.00017560287,0.16735542,1,0
2025-06-11 15:44:00+00:00,long,0,0.0001736678,0.44066063,0.00045423495,0.16907762,1,0
2025-06-11 15:45:00+00:00,long,0,0.00022554211,0.061703853,6.24453e-05,0.1674701,1,0
2025-06-11 15:46:00+00:00,long,0,0.00089263637,0.88674766,0.0022140646,0.17614137,1,0
2025-06-11 15:47:00+00:00,short,0,0.007776841,0.7811802,0.022871854,0.26244035,1,0
2025-06-11 15:48:00+00:00,short,0,0.00034500015,0.05682732,8.6558975e-05,0.16775836,1,0
2025-06-11 15:49:00+00:00,long,0,0.0011114199,0.90978867,0.002477965,0.17722283,1,0
2025-06-11 15:50:00+00:00,long,0,0.00040724457,0.7896631,0.0034913467,0.17630558,1,0
2025-06-12 14:19:00+00:00,short,0,0.006303615,0.69862646,0.004254169,0.17971121,1,0
2025-06-12 14:20:00+00:00,short,0,0.0086509185,0.72911906,0.0046255495,0.18359403,1,0
2025-06-12 14:21:00+00:00,short,0,0.010345328,0.7157502,0.014771376,0.18857686,1,0
2025-06-12 14:22:00+00:00,short,0,0.026042046,0.96034336,0.013440149,0.20701985,1,0
2025-06-12 14:23:00+00:00,long,0,0.09513711,0.99419653,0.54167604,0.36030903,1,0
2025-06-12 14:24:00+00:00,short,0,0.010055942,0.82637984,0.008449953,0.18608566,1,0
2025-06-12 14:25:00+00:00,long,0,0.07368053,0.9964168,0.20895585,0.23467012,1,0
2025-06-12 14:26:00+00:00,short,0,0.03198081,0.99527967,0.05951097,0.21703796,1,0
2025-06-12 14:27:00+00:00,long,0,0.039384957,0.99365026,0.23456527,0.23302437,1,0
2025-06-12 14:28:00+00:00,long,0,0.041433617,0.99728334,0.113968045,0.21711993,1,0
2025-06-12 14:29:00+00:00,long,0,0.045744468,0.9951934,0.66313326,0.34322795,1,0
2025-06-12 14:30:00+00:00,short,0,0.0073268074,0.9325723,0.023339555,0.22190668,1,0
2025-06-12 14:31:00+00:00,short,0,0.004566528,0.72658426,0.009662693,0.20064585,1,0
2025-06-12 14:32:00+00:00,long,0,0.062183663,0.99608827,0.6398365,0.3608861,1,0
2025-06-12 14:33:00+00:00,short,0,0.041430816,0.9919342,0.12898211,0.23178856,1,0
2025-06-12 14:34:00+00:00,long,0,0.021278309,0.99364424,0.21054588,0.26463613,1,0
2025-06-12 14:35:00+00:00,long,0,0.027399156,0.9905963,0.31278735,0.25396279,1,0
2025-06-12 14:36:00+00:00,long,0,0.05637098,0.9977495,0.51728666,0.40458617,1,0
2025-06-12 14:37:00+00:00,long,0,0.097177334,0.9969695,0.748213,0.42537364,1,0
2025-06-12 14:38:00+00:00,long,0,0.038028073,0.99140877,0.5025237,0.32779565,1,0
2025-06-12 14:39:00+00:00,short,0,0.018919138,0.9817277,0.24319114,0.23862575,1,0
2025-06-12 14:40:00+00:00,short,0,0.0005067673,0.26387322,0.0015698532,0.17898738,1,0
2025-06-12 14:41:00+00:00,long,0,0.20645036,0.9922965,0.7780436,0.61097765,1,1
2025-06-12 14:42:00+00:00,long,1,0.98344976,0.99773824,0.96002144,0.77776384,2,2
2025-06-12 14:43:00+00:00,short,0,0.0023335945,0.3874484,0.003928917,0.18897478,1,0
2025-06-12 14:44:00+00:00,long,1,0.9692797,0.99606943,0.89325875,0.7131713,2,1
2025-06-12 14:45:00+00:00,long,1,0.9945117,0.9991529,0.95901173,0.78296375,2,2
2025-06-12 14:46:00+00:00,long,1,0.9941222,0.999308,0.9517873,0.77901095,2,2
2025-06-12 14:47:00+00:00,long,1,0.9897884,0.99837816,0.9247684,0.76048845,2,2
2025-06-12 14:48:00+00:00,long,1,0.98830354,0.997632,0.92276233,0.72036,2,2
2025-06-12 14:49:00+00:00,short,0,0.017069094,0.70452875,0.012181492,0.18536289,1,0
2025-06-12 14:50:00+00:00,short,0,0.002259213,0.39035013,0.0014879721,0.18608533,1,0
2025-06-12 14:51:00+00:00,short,0,0.0042632334,0.55616766,0.009443009,0.20610659,1,0
2025-06-12 14:52:00+00:00,short,0,0.003351261,0.42118722,0.0029291417,0.1860521,1,0
2025-06-12 14:53:00+00:00,long,0,0.22726142,0.99342394,0.6691825,0.5726654,1,0
2025-06-12 14:54:00+00:00,short,0,0.004638701,0.763201,0.009759846,0.20953424,1,0
2025-06-12 14:55:00+00:00,short,0,0.0017522307,0.36992073,0.013234754,0.18642282,1,0
2025-06-12 14:56:00+00:00,short,0,0.0012554617,0.58014786,0.015245772,0.19562642,1,0
2025-06-12 14:57:00+00:00,long,0,0.0018688135,0.734021,0.042279273,0.31470454,1,0
2025-06-12 14:58:00+00:00,long,0,0.10535015,0.9954733,0.5812849,0.7109434,1,2
2025-06-12 14:59:00+00:00,short,0,0.00015759097,0.06168637,0.0018090225,0.17603849,1,0
2025-06-12 15:00:00+00:00,short,0,0.00033402373,0.13129021,0.0012063046,0.1803314,1,0
2025-06-12 15:01:00+00:00,short,0,0.0017003873,0.77942777,0.02148647,0.19971551,1,0
2025-06-12 15:02:00+00:00,long,0,0.01066323,0.97381604,0.2722671,0.46785283,1,1
2025-06-12 15:03:00+00:00,long,0,0.0018199709,0.7412802,0.021706743,0.32114074,1,0
2025-06-12 15:04:00+00:00,long,0,0.019095685,0.981441,0.2965477,0.49290586,1,1
2025-06-12 15:05:00+00:00,long,0,0.0027678576,0.6677199,0.0362998,0.34480032,1,0
2025-06-12 15:06:00+00:00,long,0,0.0031627107,0.82365334,0.17042165,0.404586,1,0
2025-06-12 15:07:00+00:00,short,0,0.00037444205,0.42065042,0.009613315,0.2134207,1,0
2025-06-12 15:08:00+00:00,short,0,0.0006344948,0.4828993,0.021111673,0.21744715,1,0
2025-06-12 15:09:00+00:00,long,0,0.08654968,0.9906336,0.43898338,0.6252628,1,1
2025-06-12 15:10:00+00:00,long,0,0.07397221,0.9881479,0.32656348,0.56744367,1,1
2025-06-12 15:11:00+00:00,short,0,0.0023355458,0.40838352,0.0058873417,0.18333556,1,0
2025-06-12 15:12:00+00:00,long,0,0.012453171,0.97194767,0.22773904,0.41298556,1,0
2025-06-12 15:13:00+00:00,short,0,0.00092015095,0.31198043,0.008720551,0.19619624,1,0
2025-06-12 15:14:00+00:00,short,0,0.001994369,0.6591702,0.031566035,0.25943553,1,0
2025-06-12 15:15:00+00:00,short,0,0.0019371225,0.59997016,0.030410333,0.20277677,1,0
2025-06-12 15:16:00+00:00,short,0,0.0023033624,0.9367315,0.10277165,0.33290473,1,0
2025-06-12 15:17:00+00:00,short,0,0.0034238396,0.93693554,0.08488574,0.32840046,1,0
2025-06-12 15:18:00+00:00,short,0,0.0019419222,0.7473715,0.00533453,0.18419565,1,0
2025-06-12 15:19:00+00:00,short,0,0.02095585,0.954107,0.030614192,0.30356213,1,0
2025-06-12 15:20:00+00:00,short,0,0.038978815,0.9854945,0.27031836,0.48967114,1,1
2025-06-12 15:21:00+00:00,short,0,0.015488743,0.9214219,0.015695073,0.24557115,1,0
2025-06-12 15:22:00+00:00,short,0,0.023679608,0.98975766,0.3207713,0.48133683,1,1
2025-06-12 15:23:00+00:00,short,0,0.0018706564,0.44457966,0.0020514678,0.20307356,1,0
2025-06-12 15:24:00+00:00,short,0,0.049698997,0.97414273,0.040456247,0.2368568,1,0
2025-06-12 15:25:00+00:00,short,0,0.011138976,0.9053839,0.0037717384,0.23807715,1,0
2025-06-12 15:26:00+00:00,short,0,0.0022756443,0.6039519,0.0027403617,0.19962426,1,0
2025-06-12 15:27:00+00:00,short,0,0.008510389,0.9866883,0.041820183,0.4185722,1,0
2025-06-12 15:28:00+00:00,short,0,0.009253007,0.9213658,0.007870657,0.24197154,1,0
2025-06-12 15:29:00+00:00,short,0,0.0076417,0.9828524,0.074941166,0.43048158,1,0
2025-06-12 15:30:00+00:00,short,0,0.032896902,0.9693457,0.084635496,0.41637668,1,0
2025-06-12 15:31:00+00:00,short,0,0.039717283,0.9675643,0.08012372,0.40376845,1,0
2025-06-12 15:32:00+00:00,short,0,0.0038454013,0.58386904,0.0038117226,0.19401334,1,0
2025-06-12 15:33:00+00:00,short,0,0.0016186029,0.36616758,0.003116165,0.19067949,1,0
2025-06-12 15:34:00+00:00,short,0,0.05889979,0.98277086,0.1185968,0.5094543,1,0
2025-06-12 15:35:00+00:00,short,0,0.008521973,0.7641379,0.008460819,0.23974167,1,0
2025-06-12 15:36:00+00:00,short,0,0.005385395,0.5909218,0.012439715,0.22981024,1,0
2025-06-12 15:37:00+00:00,short,0,0.005589498,0.43141717,0.007677473,0.22190905,1,0
2025-06-12 15:38:00+00:00,short,0,0.06765219,0.97713655,0.15915395,0.5505854,1,1
2025-06-12 15:39:00+00:00,short,0,0.077718735,0.9784073,0.1496098,0.5610042,1,1
2025-06-12 15:40:00+00:00,short,0,0.03349329,0.86311626,0.12403525,0.36043712,1,0
2025-06-12 15:41:00+00:00,short,0,0.0015205122,0.27310893,0.0034557297,0.19580401,1,0
2025-06-12 15:42:00+00:00,short,0,0.0017802548,0.2618967,0.0026317204,0.19175331,1,0
2025-06-12 15:43:00+00:00,short,0,0.0063307574,0.55159545,0.0065054563,0.22473766,1,0
2025-06-12 15:44:00+00:00,short,0,0.0010071459,0.16379666,0.0020464377,0.18023969,1,0
2025-06-12 15:45:00+00:00,short,0,0.18790221,0.9832571,0.21613955,0.6104555,1,1
2025-06-12 15:46:00+00:00,long,0,0.23925091,0.9632656,0.50691,0.5438171,1,0
2025-06-12 15:47:00+00:00,long,0,0.056994926,0.97984296,0.0573093,0.4388903,1,0
2025-06-12 15:48:00+00:00,long,1,0.97867155,0.98830366,0.8939415,0.7244306,2,2
2025-06-12 15:49:00+00:00,long,1,0.961643,0.97843724,0.8458556,0.56535214,2,0
2025-06-12 15:50:00+00:00,long,0,0.0027567097,0.3770895,0.0056227073,0.19031991,1,0
2025-06-13 14:19:00+00:00,short,0,0.0012781948,0.00077216513,0.0008609691,0.17215501,2,0
2025-06-13 14:20:00+00:00,short,0,0.0033884672,0.0007071145,0.00242751,0.17597552,2,0
2025-06-13 14:21:00+00:00,short,0,0.03596309,0.0056800465,0.04075781,0.2688482,2,0
2025-06-13 14:22:00+00:00,short,0,0.00025006846,0.00021137242,7.073027e-05,0.1673078,2,0
2025-06-13 14:23:00+00:00,short,0,0.0008212551,0.0005138911,0.00035066667,0.1697287,2,0
2025-06-13 14:24:00+00:00,short,0,0.00046104912,0.0003486468,0.00014771601,0.16730982,2,0
2025-06-13 14:25:00+00:00,short,0,0.27947026,0.19270517,0.67879236,0.6118944,2,1
2025-06-13 14:26:00+00:00,short,0,0.0021506154,0.007730727,0.004890882,0.18254763,2,0
2025-06-13 14:27:00+00:00,short,0,0.0002446829,0.0004115353,0.00018510905,0.1688087,2,0
2025-06-13 14:28:00+00:00,short,1,0.9851236,0.9434628,0.9688996,0.7952041,3,2
2025-06-13 14:29:00+00:00,short,0,0.00024705732,0.00037093888,9.033344e-05,0.16732912,2,0
2025-06-13 14:30:00+00:00,short,0,0.0003504339,0.0008483976,0.000564076,0.17102963,2,0
2025-06-13 14:31:00+00:00,short,0,0.0016749749,0.0025062189,0.0017607403,0.17258465,2,0
2025-06-13 14:32:00+00:00,short,0,0.00027334195,0.000254224,0.00012616742,0.16747612,2,0
2025-06-13 14:33:00+00:00,short,0,0.0021197281,0.00072383,0.0010980275,0.17560923,2,0
2025-06-13 14:34:00+00:00,short,0,0.0004388786,0.00050218496,0.00044239534,0.17051564,2,0
2025-06-13 14:35:00+00:00,short,0,0.0030686364,0.0013904016,0.002073341,0.18794386,2,0
2025-06-13 14:36:00+00:00,short,0,0.00015231568,0.00023552534,4.6544654e-05,0.16737981,2,0
2025-06-13 14:37:00+00:00,short,0,0.00024258297,0.00036810452,0.0001453242,0.16873978,2,0
2025-06-13 14:38:00+00:00,short,0,0.0010724376,0.0007163723,0.0007455841,0.1741557,2,0
2025-06-13 14:39:00+00:00,short,0,0.00075489865,0.00089684874,0.0014450179,0.17600338,2,0
2025-06-13 14:40:00+00:00,short,0,0.00018105916,0.00024113324,0.00011592908,0.16938524,2,0
2025-06-13 14:41:00+00:00,short,1,0.9545959,0.9834743,0.8587262,0.71768737,2,2
2025-06-13 14:42:00+00:00,short,0,0.0017369806,0.07730631,0.0047724564,0.28628996,1,0
2025-06-13 14:43:00+00:00,short,0,0.00011509602,0.00022741103,0.000285226,0.16908799,2,0
2025-06-13 14:44:00+00:00,short,0,0.0005458424,0.0007892799,0.0007250154,0.17439593,2,0
2025-06-13 14:45:00+00:00,short,0,0.00394114,0.0013533056,0.005828955,0.20963661,2,0
2025-06-13 14:46:00+00:00,short,0,0.00036515042,0.0004261041,0.00263906,0.18232511,2,0
2025-06-13 14:47:00+00:00,short,0,0.03616348,0.008955247,0.031298887,0.40328422,2,0
2025-06-13 14:48:00+00:00,short,0,0.00028887292,0.00037752345,0.00051919796,0.17226005,2,0
2025-06-13 14:49:00+00:00,short,0,0.0001473105,0.00019397165,0.00015020519,0.16803373,2,0
2025-06-13 14:50:00+00:00,short,0,0.00017029064,0.0001709598,0.0002193431,0.16771527,2,0
2025-06-13 14:51:00+00:00,short,0,0.00031181602,0.0007957815,0.001223387,0.17039472,2,0
2025-06-13 14:52:00+00:00,short,0,0.00045107128,0.00069212826,0.0030118679,0.18217039,2,0
2025-06-13 14:53:00+00:00,short,0,0.0002372244,0.00033558742,0.0012853955,0.17201537,2,0
2025-06-13 14:54:00+00:00,short,0,0.0006744691,0.0005267429,0.0035000888,0.18204816,2,0
2025-06-13 14:55:00+00:00,short,0,0.00021602334,0.00033415115,0.0007460603,0.17200637,2,0
2025-06-13 14:56:00+00:00,short,0,0.0065507866,0.0063990266,0.03498579,0.33396664,2,0
2025-06-13 14:57:00+00:00,short,0,0.00065722445,0.0013747482,0.0014922459,0.17102909,2,0
2025-06-13 14:58:00+00:00,short,0,0.00014145221,0.00019720307,0.00021858733,0.16760784,2,0
2025-06-13 14:59:00+00:00,short,0,0.00035174648,0.0005561284,0.0012031072,0.17010541,2,0
2025-06-13 15:00:00+00:00,short,0,0.0047891475,0.0036423337,0.017844442,0.3061103,2,0
2025-06-13 15:01:00+00:00,short,0,0.00025200166,0.00048846833,0.00036345856,0.17144616,2,0
2025-06-13 15:02:00+00:00,short,0,0.00014630107,0.000119991986,0.00027306378,0.16919143,2,0
2025-06-13 15:03:00+00:00,short,0,0.07891081,0.064873755,0.4420654,0.5644354,2,0
2025-06-13 15:04:00+00:00,short,0,0.00012834002,0.0003170977,0.00025001602,0.17294405,2,0
2025-06-13 15:05:00+00:00,short,0,0.00014347832,0.00022963586,0.00036845315,0.16947474,2,0
2025-06-13 15:06:00+00:00,short,0,0.00012172875,0.00026778493,0.00036845315,0.1704437,2,0
2025-06-13 15:07:00+00:00,short,0,0.66541356,0.3490562,0.80932605,0.75662756,2,2
2025-06-13 15:08:00+00:00,short,0,0.00015813058,0.00030741785,0.0002571567,0.16922563,2,0
2025-06-13 15:09:00+00:00,short,1,0.9505897,0.98946357,0.8828885,0.65558344,2,1
2025-06-13 15:10:00+00:00,short,0,0.0044206465,0.21695602,0.0040011276,0.2053264,1,0
2025-06-13 15:11:00+00:00,short,0,0.00013928674,0.0006508931,9.4117255e-05,0.16772012,2,0
2025-06-13 15:12:00+00:00,short,0,0.26093078,0.97485197,0.30153504,0.5749339,1,1
2025-06-13 15:13:00+00:00,short,0,0.0001780177,0.0005200794,0.00014966277,0.16768457,2,0
2025-06-13 15:14:00+00:00,short,0,0.00360134,0.0034073617,0.010805016,0.19706516,2,0
2025-06-13 15:15:00+00:00,short,0,0.0003442913,0.0007702576,0.00026042122,0.17000549,2,0
2025-06-13 15:16:00+00:00,short,0,0.00013127204,0.00039113502,7.5443066e-05,0.16733028,2,0
2025-06-13 15:17:00+00:00,short,0,5.352414e-05,0.00026887015,0.00016980164,0.16812177,2,0
2025-06-13 15:18:00+00:00,short,0,0.0321659,0.0113892825,0.020671666,0.3110387,2,0
2025-06-13 15:19:00+00:00,short,0,0.00012691287,0.0003765957,0.00032545786,0.1690454,2,0
2025-06-13 15:20:00+00:00,short,0,7.460872e-05,0.00019672269,0.00021114098,0.16785006,2,0
2025-06-13 15:21:00+00:00,short,0,0.0011168103,0.0013336557,0.0022190243,0.17220365,2,0
2025-06-13 15:22:00+00:00,short,0,0.00010469841,0.00024548717,0.00042981523,0.16969211,2,0
2025-06-13 15:23:00+00:00,short,0,0.0001676099,0.000568861,0.0002745434,0.16945313,2,0
2025-06-13 15:24:00+00:00,short,0,0.0001152445,0.00040120425,0.0003120682,0.17304052,2,0
2025-06-13 15:25:00+00:00,short,0,7.397409e-05,0.00016180756,0.00032356323,0.16828717,2,0
2025-06-13 15:26:00+00:00,short,0,0.001209694,0.0024870574,0.016705448,0.19309036,2,0
2025-06-13 15:27:00+00:00,short,0,0.13824022,0.28647336,0.7814416,0.7415232,2,2
2025-06-13 15:28:00+00:00,short,0,4.4928718e-05,0.00012752987,0.000119233286,0.16763155,2,0
2025-06-13 15:29:00+00:00,short,0,0.18634653,0.9730936,0.35747033,0.6662228,1,1
2025-06-13 15:30:00+00:00,short,0,0.00013594764,0.020089911,0.0002499078,0.16860773,1,0
2025-06-13 15:31:00+00:00,short,0,0.0005174461,0.0006163568,0.00098942,0.17348213,2,0
2025-06-13 15:32:00+00:00,short,0,0.00019652752,0.00027825823,0.00065154576,0.17325027,2,0
2025-06-13 15:33:00+00:00,short,0,0.00016226908,0.00035556164,0.0005568609,0.16862512,2,0
2025-06-13 15:34:00+00:00,short,0,0.005139894,0.0065753716,0.010420393,0.20520687,2,0
2025-06-13 15:35:00+00:00,short,0,0.0025627692,0.0013727563,0.0023216843,0.18035118,2,0
2025-06-13 15:36:00+00:00,short,0,0.00027569593,0.00063891243,0.00042165126,0.17866327,2,0
2025-06-13 15:37:00+00:00,short,0,0.0008768468,0.001527848,0.001882624,0.1823367,2,0
2025-06-13 15:38:00+00:00,short,0,0.0002136289,0.00071130355,0.00011293084,0.16822016,2,0
2025-06-13 15:39:00+00:00,short,0,0.00091761246,0.0012428222,0.002464276,0.17882346,2,0
2025-06-13 15:40:00+00:00,short,0,0.00022549568,0.00034367578,0.00027866947,0.16765757,2,0
2025-06-13 15:41:00+00:00,short,0,0.0032359264,0.0032768676,0.025933782,0.21189936,2,0
2025-06-13 15:42:00+00:00,short,0,0.0003774022,0.0005276914,0.000609438,0.17168033,2,0
2025-06-13 15:43:00+00:00,short,0,0.002733976,0.0021427232,0.0264591,0.21430393,2,0
2025-06-13 15:44:00+00:00,short,0,0.00015234562,0.00018126731,0.00025387472,0.16766186,2,0
2025-06-13 15:45:00+00:00,long,0,0.113682695,0.123964116,0.7084054,0.57715976,2,0
2025-06-13 15:46:00+00:00,short,0,0.00082815526,0.002047706,0.0008897946,0.18883502,2,0
2025-06-13 15:47:00+00:00,short,0,0.0025475381,0.0044361465,0.027299631,0.29475933,2,0
2025-06-13 15:48:00+00:00,short,0,0.0005920003,0.00062471343,0.0006490249,0.18049604,2,0
2025-06-13 15:49:00+00:00,short,0,0.0011153155,0.0043517496,0.0076347454,0.19116767,2,0
2025-06-13 15:50:00+00:00,short,0,0.00023654885,0.00043121076,0.00011497678,0.16895352,2,0
2025-06-16 14:19:00+00:00,long,0,0.0022371612,0.0008366139,0.008625092,0.18548673,2,0
2025-06-16 14:20:00+00:00,long,0,0.0016849274,0.0006960598,0.003067952,0.1826101,2,0
2025-06-16 14:21:00+00:00,long,0,0.051474053,0.024136346,0.20000882,0.46085277,2,0
2025-06-16 14:22:00+00:00,long,0,0.00030589759,0.0001483249,0.000809435,0.16863196,2,0
2025-06-16 14:23:00+00:00,long,0,0.0022792697,0.0007536178,0.009448059,0.19085295,2,0
2025-06-16 14:24:00+00:00,long,0,0.01768577,0.008170306,0.032330558,0.3674465,2,0
2025-06-16 14:25:00+00:00,long,0,0.0006469076,0.0013726406,0.0035410796,0.17571984,2,0
2025-06-16 14:26:00+00:00,long,0,0.0011754188,0.00073543686,0.0035510932,0.17708904,2,0
2025-06-16 14:27:00+00:00,long,0,0.008241451,0.00427699,0.032259498,0.22354639,2,0
2025-06-16 14:28:00+00:00,long,0,0.006515751,0.003401311,0.027519435,0.21113332,2,0
2025-06-16 14:29:00+00:00,long,0,0.0011543576,0.00029367508,0.0025304926,0.1817671,2,0
2025-06-16 14:30:00+00:00,long,0,0.04203234,0.058998894,0.46429056,0.4388127,2,0
2025-06-16 14:31:00+00:00,long,0,0.00019193668,0.00012963763,0.00047973488,0.16829415,2,0
2025-06-16 14:32:00+00:00,long,0,0.00023066832,0.000240508,0.0010857608,0.1683489,2,0
2025-06-16 14:33:00+00:00,long,0,0.0009255913,0.0014932163,0.011141361,0.17489958,2,0
2025-06-16 14:34:00+00:00,long,0,0.00028901064,0.00024664096,0.0007824468,0.17576127,2,0
2025-06-16 14:35:00+00:00,long,0,0.044535123,0.093868494,0.24558353,0.4196764,2,0
2025-06-16 14:36:00+00:00,long,0,0.0001353005,0.00024662545,0.0013498147,0.16886838,2,0
2025-06-16 14:37:00+00:00,long,0,0.026835676,0.026565231,0.5206349,0.32254747,2,0
2025-06-16 14:38:00+00:00,long,0,0.0006971834,0.00071863865,0.0016151537,0.17232521,2,0
2025-06-16 14:39:00+00:00,long,0,0.00017321168,0.00061484333,0.0030404879,0.16995825,2,0
2025-06-16 14:40:00+00:00,long,0,0.0008102537,0.0010362407,0.0029137156,0.17370532,2,0
2025-06-16 14:41:00+00:00,long,0,0.0028027508,0.0025450494,0.0073509957,0.19876398,2,0
2025-06-16 14:42:00+00:00,long,0,0.0011563705,0.0039427336,0.0013249435,0.17378189,2,0
2025-06-16 14:43:00+00:00,long,0,0.0015442786,0.0029038258,0.0011271031,0.17385393,2,0
2025-06-16 14:44:00+00:00,long,0,0.06471918,0.14819497,0.23137867,0.40417624,2,0
2025-06-16 14:45:00+00:00,long,0,0.0017279316,0.0014253856,0.0070740837,0.1797009,2,0
2025-06-16 14:46:00+00:00,long,0,0.0008959425,0.0011753226,0.0014430033,0.17321108,2,0
2025-06-16 14:47:00+00:00,long,0,0.034192897,0.011267645,0.1028439,0.50014776,2,0
2025-06-16 14:48:00+00:00,long,0,0.020531144,0.0096920915,0.027000057,0.3789142,2,0
2025-06-16 14:49:00+00:00,long,0,0.00063173973,0.001083865,0.0035494585,0.19221334,2,0
2025-06-16 14:50:00+00:00,long,0,0.0003341798,0.0005884551,0.00081952434,0.17412806,2,0
2025-06-16 14:51:00+00:00,long,0,0.00029918217,0.00053845736,0.0021240716,0.17486387,2,0
2025-06-16 14:52:00+00:00,long,0,0.00025275047,0.0005663845,0.0016369264,0.18709452,2,0
2025-06-16 14:53:00+00:00,long,0,0.00048290982,0.0007437235,0.005727688,0.18383189,2,0
2025-06-16 14:54:00+00:00,long,0,0.0012947601,0.00043185827,0.0024842706,0.1781969,2,0
2025-06-16 14:55:00+00:00,long,1,0.97337204,0.9489046,0.8839319,0.7950039,3,2
2025-06-16 14:56:00+00:00,long,0,0.002936014,0.0025512702,0.03362415,0.24477796,2,0
2025-06-16 14:57:00+00:00,long,0,0.00021298215,0.0006903628,0.0021906851,0.17974158,2,0
2025-06-16 14:58:00+00:00,long,0,0.38873914,0.9939208,0.66332394,0.7634309,1,2
2025-06-16 14:59:00+00:00,long,0,0.00014798091,0.00052975636,0.0016813393,0.17521663,2,0
2025-06-16 15:00:00+00:00,long,0,0.0002499083,0.00017886382,0.00074957893,0.1711014,2,0
2025-06-16 15:01:00+00:00,long,0,0.025591373,0.03352318,0.26658714,0.47741103,2,0
2025-06-16 15:02:00+00:00,long,0,0.0001448574,0.00013106316,0.002483564,0.17361943,2,0
2025-06-16 15:03:00+00:00,long,0,0.0007646413,0.00015942854,0.0010644743,0.17314422,2,0
2025-06-16 15:04:00+00:00,long,0,0.0005730133,0.0010791493,0.0046610436,0.1839515,2,0
2025-06-16 15:05:00+00:00,long,0,0.029519986,0.03130604,0.3809531,0.52626604,2,1
2025-06-16 15:06:00+00:00,long,0,0.00043605742,0.00012751698,0.0017263981,0.17461662,2,0
2025-06-16 15:07:00+00:00,long,0,0.0010464375,0.00032975638,0.0026643518,0.18202288,2,0
2025-06-16 15:08:00+00:00,long,0,0.00046202762,9.0012705e-05,0.0013120121,0.17157942,2,0
2025-06-16 15:09:00+00:00,long,0,0.0025940717,0.0028239726,0.08658618,0.23532648,2,0
2025-06-16 15:10:00+00:00,long,0,0.0008668598,0.00033420784,0.0009344545,0.17805225,2,0
2025-06-16 15:11:00+00:00,long,0,0.0007646406,0.00029796272,0.0013566609,0.17511107,2,0
2025-06-16 15:12:00+00:00,long,0,0.0005204766,0.00022515708,0.0021899452,0.17278548,2,0
2025-06-16 15:13:00+00:00,long,0,0.21083656,0.08018038,0.58663,0.63048625,2,1
2025-06-16 15:14:00+00:00,long,0,0.0024249523,0.0002323647,0.0015539475,0.17483686,2,0
2025-06-16 15:15:00+00:00,long,0,0.0016464328,0.0002797372,0.0012507704,0.17387229,2,0
2025-06-16 15:16:00+00:00,long,0,0.0017531593,0.0035728612,0.16290335,0.22196232,2,0
2025-06-16 15:17:00+00:00,long,0,0.002737512,0.00070765987,0.002220616,0.17504694,2,0
2025-06-16 15:18:00+00:00,long,0,0.09107369,0.087795466,0.18365759,0.48975006,2,1
2025-06-16 15:19:00+00:00,long,0,0.0016559527,0.00043328275,0.0017642179,0.17353399,2,0
2025-06-16 15:20:00+00:00,long,0,0.0020506382,0.0003568235,0.0021269072,0.17174698,2,0
2025-06-16 15:21:00+00:00,long,0,0.00553109,0.0002815878,0.006545832,0.17408882,2,0
2025-06-16 15:22:00+00:00,long,0,0.002599606,0.00059937045,0.0056575844,0.19565625,2,0
2025-06-16 15:23:00+00:00,long,0,0.0025024859,0.00048927567,0.007021882,0.19701664,2,0
2025-06-16 15:24:00+00:00,long,0,0.0012969144,0.00059191964,0.006043127,0.17065032,2,0
2025-06-16 15:25:00+00:00,long,0,0.03687297,0.024272993,0.2819438,0.44544503,2,0
2025-06-16 15:26:00+00:00,long,0,0.039886072,0.063134655,0.53706837,0.57219577,2,0
2025-06-16 15:27:00+00:00,long,0,0.0034334296,0.00092399155,0.0018819583,0.17590268,2,0
2025-06-16 15:28:00+00:00,long,0,0.0012432027,0.0005428078,0.0016294259,0.17129911,2,0
2025-06-16 15:29:00+00:00,long,0,0.0037574626,0.0006797137,0.014817588,0.17889206,2,0
2025-06-16 15:30:00+00:00,long,0,0.023217618,0.008919352,0.21058302,0.22546256,2,0
2025-06-16 15:31:00+00:00,long,0,0.0016861543,0.00075012125,0.0011300079,0.17139523,2,0
2025-06-16 15:32:00+00:00,long,0,0.12328095,0.0980381,0.23355268,0.40181574,2,0
2025-06-16 15:33:00+00:00,long,0,0.0013083651,0.0006421256,0.0017118434,0.17598923,2,0
2025-06-16 15:34:00+00:00,long,0,0.041195095,0.007685818,0.11137278,0.3569105,2,0
2025-06-16 15:35:00+00:00,long,0,0.0016328318,0.00062074495,0.0008819787,0.1827894,2,0
2025-06-16 15:36:00+00:00,long,0,0.0021585554,0.00062248495,0.0053484156,0.18292141,2,0
2025-06-16 15:37:00+00:00,long,1,0.9857635,0.99527246,0.9105362,0.7323145,2,2
2025-06-16 15:38:00+00:00,long,0,0.0022591022,0.0014289368,0.0019328081,0.18221222,2,0
2025-06-16 15:39:00+00:00,long,0,0.003461117,0.0014918838,0.007943366,0.19987534,2,0
2025-06-16 15:40:00+00:00,long,0,0.0052849525,0.0014959665,0.005203974,0.20011441,2,0
2025-06-16 15:41:00+00:00,long,0,0.016490124,0.005388346,0.030886699,0.2186594,2,0
2025-06-16 15:42:00+00:00,long,0,0.0021534367,0.00082847814,0.0015854918,0.17173336,2,0
2025-06-16 15:43:00+00:00,long,0,0.0015368595,0.0008409879,0.003900901,0.17208125,2,0
2025-06-16 15:44:00+00:00,long,0,0.0015802304,0.0013249689,0.003960097,0.18930583,2,0
2025-06-16 15:45:00+00:00,long,0,0.091805495,0.03843008,0.2613793,0.50316954,2,1
2025-06-16 15:46:00+00:00,long,0,0.0020313128,0.0010062337,0.006394653,0.17318214,2,0
2025-06-16 15:47:00+00:00,long,0,0.004013498,0.0016992084,0.0072670975,0.2134933,2,0
2025-06-16 15:48:00+00:00,long,0,0.016767753,0.008298545,0.06291075,0.27547,2,0
2025-06-16 15:49:00+00:00,long,0,0.0011119727,0.0012364279,0.0020515108,0.18400274,2,0
2025-06-16 15:50:00+00:00,long,0,0.0013866058,0.002051416,0.0036405362,0.19696893,2,0
2025-06-17 14:19:00+00:00,short,0,0.003773074,0.009054173,0.007010129,0.1723243,2,0
2025-06-17 14:20:00+00:00,short,0,0.002012965,0.0067156246,0.0013407187,0.16985212,2,0
2025-06-17 14:21:00+00:00,short,0,0.0014273932,0.006533087,0.0016327959,0.1719004,2,0
2025-06-17 14:22:00+00:00,short,0,0.002105555,0.0068819034,0.007796596,0.1705385,2,0
2025-06-17 14:23:00+00:00,short,0,0.43799132,0.40069473,0.881271,0.5754811,2,1
2025-06-17 14:24:00+00:00,short,0,0.011542944,0.03066006,0.009113258,0.1789883,2,0
2025-06-17 14:25:00+00:00,short,0,0.0028517162,0.010130426,0.010593465,0.17409004,2,0
2025-06-17 14:26:00+00:00,short,0,0.0025042184,0.01048637,0.012042569,0.17954709,2,0
2025-06-17 14:27:00+00:00,short,0,0.06418575,0.05370731,0.14319475,0.25198355,2,0
2025-06-17 14:28:00+00:00,short,0,0.00023339609,0.0018723151,0.0005118518,0.16899331,2,0
2025-06-17 14:29:00+00:00,short,0,0.01479034,0.022296546,0.10044244,0.23810463,2,0
2025-06-17 14:30:00+00:00,short,0,0.019265177,0.038263693,0.12227631,0.26679528,2,0
2025-06-17 14:31:00+00:00,short,0,0.0014397572,0.0040465496,0.008929608,0.17184071,2,0
2025-06-17 14:32:00+00:00,short,0,0.044576105,0.10067355,0.19118103,0.30274466,2,0
2025-06-17 14:33:00+00:00,short,0,0.00040676384,0.0019852794,0.0021114775,0.1749223,2,0
2025-06-17 14:34:00+00:00,short,0,0.00026371836,0.0010952068,0.00051117846,0.16869955,2,0
2025-06-17 14:35:00+00:00,short,1,0.9896861,0.97772354,0.98613733,0.7772934,3,2
2025-06-17 14:36:00+00:00,short,0,0.0002493975,0.0014738336,0.0006484495,0.16789424,2,0
2025-06-17 14:37:00+00:00,short,0,0.00072687434,0.0014910032,0.0031438775,0.17219822,2,0
2025-06-17 14:38:00+00:00,short,0,0.0009870332,0.0032993145,0.0036332393,0.17135276,2,0
2025-06-17 14:39:00+00:00,short,0,0.003625735,0.008624945,0.012077801,0.17447305,2,0
2025-06-17 14:40:00+00:00,short,0,0.009877551,0.044435646,0.015668796,0.20249535,2,0
2025-06-17 14:41:00+00:00,short,0,0.0026335858,0.008729876,0.009221451,0.17595583,2,0
2025-06-17 14:42:00+00:00,short,0,0.002241411,0.004430321,0.001835735,0.16985393,2,0
2025-06-17 14:43:00+00:00,short,0,0.013148213,0.013082612,0.023467073,0.18267502,2,0
2025-06-17 14:44:00+00:00,short,1,0.97924143,0.96919787,0.93795353,0.7509949,3,2
2025-06-17 14:45:00+00:00,short,0,0.0029082599,0.0026940322,0.005761866,0.18754502,2,0
2025-06-17 14:46:00+00:00,short,0,0.0011353024,0.0023401615,0.0055482513,0.17027466,2,0
2025-06-17 14:47:00+00:00,short,0,0.007163189,0.008928039,0.006762467,0.17766474,2,0
2025-06-17 14:48:00+00:00,short,0,0.0030411775,0.0034860354,0.0030629216,0.17615436,2,0
2025-06-17 14:49:00+00:00,short,0,0.0021206895,0.0037990042,0.0024669936,0.17276163,2,0
2025-06-17 14:50:00+00:00,short,0,0.005495713,0.00769442,0.006564977,0.17591798,2,0
2025-06-17 14:51:00+00:00,short,0,0.09492889,0.050318416,0.16827324,0.22771068,2,0
2025-06-17 14:52:00+00:00,short,1,0.9701508,0.923205,0.8928805,0.6761547,3,2
2025-06-17 14:53:00+00:00,short,0,0.0030297816,0.0020266126,0.00835549,0.19721921,2,0
2025-06-17 14:54:00+00:00,short,0,0.010895594,0.015189391,0.25696546,0.25345406,2,0
2025-06-17 14:55:00+00:00,short,0,0.0009450553,0.0018556479,0.011291657,0.20902346,2,0
2025-06-17 14:56:00+00:00,short,0,0.00052158337,0.0014592126,0.004074021,0.17536174,2,0
2025-06-17 14:57:00+00:00,short,0,0.00037360896,0.0017658502,0.0042595207,0.18896113,2,0
2025-06-17 14:58:00+00:00,short,0,0.017469367,0.052330617,0.30015022,0.24381709,2,0
2025-06-17 14:59:00+00:00,short,0,0.09079117,0.19224863,0.61317134,0.38773826,2,0
2025-06-17 15:00:00+00:00,short,0,0.0004521656,0.0027663144,0.008159648,0.17560898,2,0
2025-06-17 15:01:00+00:00,short,0,0.0015612334,0.006508631,0.051146116,0.18686382,2,0
2025-06-17 15:02:00+00:00,short,0,0.00022198966,0.0007385785,0.0022844544,0.17374898,2,0
2025-06-17 15:03:00+00:00,short,0,0.01896826,0.023532571,0.37462127,0.22819428,2,0
2025-06-17 15:04:00+00:00,short,0,0.009727543,0.010872714,0.31672156,0.2115351,2,0
2025-06-17 15:05:00+00:00,short,0,0.0005843836,0.0023209343,0.0053621386,0.19763304,2,0
2025-06-17 15:06:00+00:00,short,0,0.00057927123,0.0015769866,0.004159632,0.17537825,2,0
2025-06-17 15:07:00+00:00,short,0,0.0007003736,0.0011283262,0.003802413,0.17491828,2,0
2025-06-17 15:08:00+00:00,short,0,0.0014695913,0.0039135055,0.0030704674,0.17236888,2,0
2025-06-17 15:09:00+00:00,short,0,0.00064613984,0.0009085576,0.0013517747,0.17730261,2,0
2025-06-17 15:10:00+00:00,short,0,0.002134299,0.004613074,0.0023575816,0.17109211,2,0
2025-06-17 15:11:00+00:00,short,0,0.000417452,0.00074025476,0.000520554,0.17099382,2,0
2025-06-17 15:12:00+00:00,short,0,0.015209439,0.014826319,0.008629606,0.17486794,2,0
2025-06-17 15:13:00+00:00,short,0,0.047203124,0.17335351,0.34709117,0.50726575,2,0
2025-06-17 15:14:00+00:00,short,0,0.00031220718,0.0009487167,0.00077693764,0.17057753,2,0
2025-06-17 15:15:00+00:00,short,0,0.00069161993,0.0015142031,0.001971437,0.18757574,2,0
2025-06-17 15:16:00+00:00,short,0,0.0053779604,0.009550171,0.030573111,0.17601685,2,0
2025-06-17 15:17:00+00:00,short,0,0.00027879863,0.0013459463,0.0026895865,0.17439236,2,0
2025-06-17 15:18:00+00:00,short,0,0.0006919232,0.0019727037,0.0013668825,0.17259271,2,0
2025-06-17 15:19:00+00:00,short,0,0.0020771576,0.0024317154,0.0039198976,0.17218381,2,0
2025-06-17 15:20:00+00:00,short,0,0.0010653574,0.0028742182,0.0030098427,0.17534511,2,0
2025-06-17 15:21:00+00:00,short,0,0.0014232316,0.0034091591,0.003563667,0.18511093,2,0
2025-06-17 15:22:00+00:00,short,0,0.056840025,0.06682553,0.358599,0.2804071,2,0
2025-06-17 15:23:00+00:00,short,0,0.0012587688,0.0025321287,0.0053134575,0.17882462,2,0
2025-06-17 15:24:00+00:00,short,0,0.10697683,0.114788935,0.32028493,0.2744083,2,0
2025-06-17 15:25:00+00:00,short,0,0.0007338162,0.0027426656,0.0016888588,0.17416532,2,0
2025-06-17 15:26:00+00:00,short,0,0.0034151084,0.004428483,0.0063198544,0.17362225,2,0
2025-06-17 15:27:00+00:00,short,0,0.033904288,0.025753194,0.2753985,0.23578054,2,0
2025-06-17 15:28:00+00:00,short,0,0.00081756036,0.002380075,0.0012964902,0.1770264,2,0
2025-06-17 15:29:00+00:00,short,0,0.01911769,0.013681876,0.17698306,0.21320212,2,0
2025-06-17 15:30:00+00:00,short,0,0.115922906,0.11177296,0.46512648,0.457837,2,0
2025-06-17 15:31:00+00:00,short,0,0.013854726,0.038431343,0.010657668,0.19973797,2,0
2025-06-17 15:32:00+00:00,short,0,0.020006279,0.013596134,0.0036203351,0.19893046,2,0
2025-06-17 15:33:00+00:00,short,1,0.9379465,0.8449401,0.76044744,0.5310419,3,0
2025-06-17 15:34:00+00:00,short,0,0.0024106014,0.006276353,0.00085138506,0.17663616,2,0
2025-06-17 15:35:00+00:00,short,0,0.0007790884,0.0042566033,0.0007133384,0.17208816,2,0
2025-06-17 15:36:00+00:00,short,0,0.00034060903,0.0012454161,0.0007096132,0.16987403,2,0
2025-06-17 15:37:00+00:00,short,0,0.00041925884,0.002079748,0.00068012805,0.17033751,2,0
2025-06-17 15:38:00+00:00,short,0,0.00047826854,0.0010904325,0.0006653661,0.17059915,2,0
2025-06-17 15:39:00+00:00,short,0,0.0015068486,0.0035711622,0.0055426527,0.17057697,2,0
2025-06-17 15:40:00+00:00,short,0,0.010299397,0.0118521815,0.06413669,0.21543257,2,0
2025-06-17 15:41:00+00:00,short,0,0.00037649428,0.0009566242,0.001160208,0.17119122,2,0
2025-06-17 15:42:00+00:00,short,0,0.0007638555,0.0009436893,0.0041468954,0.21953179,2,0
2025-06-17 15:43:00+00:00,short,0,0.0056700264,0.005813336,0.0103687,0.17445467,2,0
2025-06-17 15:44:00+00:00,short,0,0.00040997664,0.0010697092,0.0006700212,0.17044638,2,0
2025-06-17 15:45:00+00:00,short,0,0.008460758,0.039220937,0.3398672,0.20284902,2,0
2025-06-17 15:46:00+00:00,short,0,0.000945761,0.001201786,0.008308342,0.21124153,2,0
2025-06-17 15:47:00+00:00,short,0,0.0014611941,0.0020947163,0.010046515,0.2015648,2,0
2025-06-17 15:48:00+00:00,short,0,0.003100105,0.009082689,0.09148464,0.18488681,2,0
2025-06-17 15:49:00+00:00,short,0,0.0005980027,0.0012601526,0.0020899982,0.16885568,2,0
2025-06-17 15:50:00+00:00,short,0,0.0013257446,0.0031335023,0.0073002204,0.19913478,2,0
2025-06-18 14:19:00+00:00,short,0,0.00014223723,0.00019377146,8.305467e-05,0.16906305,2,0
2025-06-18 14:20:00+00:00,short,0,0.00017073794,0.00023127283,0.00021685357,0.16968782,2,0
2025-06-18 14:21:00+00:00,short,0,0.00035993286,0.00031179344,0.0011034571,0.20747252,2,0
2025-06-18 14:22:00+00:00,short,0,0.00011088522,0.00059690484,0.00040867785,0.19326596,2,0
2025-06-18 14:23:00+00:00,short,0,0.0002705916,0.00029938764,0.0011938739,0.19990568,2,0
2025-06-18 14:24:00+00:00,short,0,0.0001749222,0.014498783,0.0011076101,0.21059446,1,0
2025-06-18 14:25:00+00:00,short,0,0.00018147848,0.0014770546,0.00050856813,0.20566837,2,0
2025-06-18 14:26:00+00:00,short,0,8.931714e-05,0.00027161234,0.00013641953,0.1726932,2,0
2025-06-18 14:27:00+00:00,short,0,0.00020244035,0.012534977,0.0003955714,0.1957203,1,0
2025-06-18 14:28:00+00:00,short,0,0.0020888646,0.3068727,0.019326374,0.2134602,1,0
2025-06-18 14:29:00+00:00,short,0,8.7979824e-05,0.010554063,6.8613335e-05,0.17682888,1,0
2025-06-18 14:30:00+00:00,short,0,9.6091964e-05,0.26725116,0.00027516758,0.23381186,1,0
2025-06-18 14:31:00+00:00,short,0,0.00043036955,0.022759113,0.00097277976,0.21996558,1,0
2025-06-18 14:32:00+00:00,short,0,0.00015122943,0.019305889,0.00014163592,0.1799695,1,0
2025-06-18 14:33:00+00:00,short,0,0.0001990865,0.033449035,0.0001832699,0.2000224,1,0
2025-06-18 14:34:00+00:00,short,0,0.0012242058,0.061904196,0.0033080347,0.22272734,1,0
2025-06-18 14:35:00+00:00,short,0,9.257187e-05,0.011658564,7.2050476e-05,0.17092602,1,0
2025-06-18 14:36:00+00:00,short,0,9.448802e-05,0.000265599,9.133438e-05,0.16816223,2,0
2025-06-18 14:37:00+00:00,short,0,9.840549e-05,0.00033517147,0.00016905334,0.17773323,2,0
2025-06-18 14:38:00+00:00,long,0,0.24689956,0.11482368,0.31903693,0.51395017,2,0
2025-06-18 14:39:00+00:00,short,0,0.00019060388,0.00044252482,0.00012491705,0.17881371,2,0
2025-06-18 14:40:00+00:00,short,0,0.00038997267,0.00040368392,0.0013625368,0.1967206,2,0
2025-06-18 14:41:00+00:00,short,0,7.70127e-05,0.00020891575,0.00018873141,0.16808628,2,0
2025-06-18 14:42:00+00:00,short,0,6.445511e-05,0.00024747106,7.7034e-05,0.16954482,2,0
2025-06-18 14:43:00+00:00,short,0,6.0952098e-05,0.00025563105,7.287894e-05,0.16868584,2,0
2025-06-18 14:44:00+00:00,short,0,0.00012721165,0.0009249741,0.00028146405,0.18490487,2,0
2025-06-18 14:45:00+00:00,short,0,9.5062e-05,0.00032339827,0.0001274974,0.17386617,2,0
2025-06-18 14:46:00+00:00,short,0,0.0005431447,0.00061690336,0.0014369615,0.20132728,2,0
2025-06-18 14:47:00+00:00,short,0,0.002906243,0.41353586,0.0059569306,0.20691752,1,0
2025-06-18 14:48:00+00:00,short,0,0.004632402,0.4400621,0.010922606,0.20816417,1,0
2025-06-18 14:49:00+00:00,short,0,0.0010520642,0.0353469,0.00031925229,0.20336334,1,0
2025-06-18 14:50:00+00:00,short,0,0.004481291,0.33507875,0.011648163,0.2265547,1,0
2025-06-18 14:51:00+00:00,short,0,0.00042556843,0.033770423,0.0003371946,0.20531563,1,0
2025-06-18 14:52:00+00:00,short,0,0.00021662936,0.012105118,0.0001242474,0.17382395,1,0
2025-06-18 14:53:00+00:00,short,0,0.0013266924,0.027531177,0.00091272197,0.20783068,1,0
2025-06-18 14:54:00+00:00,short,0,0.00016244712,0.019330043,0.0001507329,0.18170917,1,0
2025-06-18 14:55:00+00:00,short,0,0.0022345495,0.040478982,0.0026151526,0.20411307,1,0
2025-06-18 14:56:00+00:00,short,0,0.00014146058,0.008183524,9.824554e-05,0.16839677,1,0
2025-06-18 14:57:00+00:00,short,0,0.00026112483,0.01658897,8.47829e-05,0.17102748,1,0
2025-06-18 14:58:00+00:00,short,0,0.00085589784,0.02800944,0.00039417448,0.198021,1,0
2025-06-18 14:59:00+00:00,short,0,0.00013581172,0.00019644284,4.2725136e-05,0.16774313,2,0
2025-06-18 15:00:00+00:00,short,0,0.00011073264,0.020530347,5.4467495e-05,0.16832168,1,0
2025-06-18 15:01:00+00:00,short,0,0.00060116773,0.683209,0.0010665968,0.17052329,1,0
2025-06-18 15:02:00+00:00,short,0,0.0002626532,0.020833472,0.00039936384,0.19334348,1,0
2025-06-18 15:03:00+00:00,short,0,0.0004820695,0.026171364,0.0010642223,0.20676029,1,0
2025-06-18 15:04:00+00:00,short,0,0.002844431,0.32641128,0.019686326,0.23970826,1,0
2025-06-18 15:05:00+00:00,short,0,9.922784e-05,0.009778496,7.633499e-05,0.1681717,1,0
2025-06-18 15:06:00+00:00,short,0,0.00016937264,0.017413987,0.0002123888,0.16860622,1,0
2025-06-18 15:07:00+00:00,short,0,0.00015891327,0.021626584,0.00071442215,0.1736433,1,0
2025-06-18 15:08:00+00:00,short,0,0.00013530218,0.020468611,0.002158647,0.17275394,1,0
2025-06-18 15:09:00+00:00,short,0,0.0047027403,0.33874008,0.02821239,0.22994848,1,0
2025-06-18 15:10:00+00:00,short,0,0.0008834873,0.041689284,0.0008493621,0.21125858,1,0
2025-06-18 15:11:00+00:00,short,0,0.008145817,0.3459089,0.013780114,0.28567126,1,0
2025-06-18 15:12:00+00:00,short,0,0.0019401948,0.06082929,0.001201659,0.21238075,1,0
2025-06-18 15:13:00+00:00,short,0,0.0010947656,0.058835268,0.0011986421,0.21517582,1,0
2025-06-18 15:14:00+00:00,short,0,0.0003031771,0.025663491,0.0004316389,0.16909055,1,0
2025-06-18 15:15:00+00:00,short,0,0.0072466405,0.50106573,0.03997292,0.26199123,1,0
2025-06-18 15:16:00+00:00,short,0,0.00010455973,0.00034745908,0.0002523575,0.16795225,2,0
2025-06-18 15:17:00+00:00,short,0,0.0026601295,0.12781681,0.0046164147,0.21149588,1,0
2025-06-18 15:18:00+00:00,short,0,0.0001324037,0.00034179844,0.00033383653,0.17360675,2,0
2025-06-18 15:19:00+00:00,short,0,0.00019743542,0.00060749956,0.00051804195,0.17251171,2,0
2025-06-18 15:20:00+00:00,short,0,0.001692566,0.007303089,0.019379634,0.20688605,2,0
2025-06-18 15:21:00+00:00,short,0,0.00037403838,0.0014602231,0.0003784937,0.19047083,2,0
2025-06-18 15:22:00+00:00,short,0,0.00020518055,0.0010406759,0.00026473968,0.16984482,2,0
2025-06-18 15:23:00+00:00,short,0,0.00015655067,0.00061249797,5.3463027e-05,0.16808528,2,0
2025-06-18 15:24:00+00:00,short,0,0.00042627307,0.00109332,0.00071716466,0.19086416,2,0
2025-06-18 15:25:00+00:00,short,0,0.00020726737,0.0008291676,0.000721547,0.18052395,2,0
2025-06-18 15:26:00+00:00,short,0,0.048882127,0.028867738,0.14678562,0.32140294,2,0
2025-06-18 15:27:00+00:00,short,0,0.00016162146,0.00039958546,0.00019261445,0.16877522,2,0
2025-06-18 15:28:00+00:00,short,0,0.002897938,0.21020181,0.0033814781,0.2306544,1,0
2025-06-18 15:29:00+00:00,long,0,0.0032086512,0.0031937868,0.002628927,0.1742174,2,0
2025-06-18 15:30:00+00:00,short,0,0.0014478624,0.0023923852,0.0030012836,0.22001903,2,0
2025-06-18 15:31:00+00:00,short,0,0.00020493772,0.0005167385,0.0003349453,0.16842186,2,0
2025-06-18 15:32:00+00:00,short,0,0.00019424224,0.00044943366,8.1671365e-05,0.16866809,2,0
2025-06-18 15:33:00+00:00,short,0,0.00021326076,0.00067471206,0.0003214482,0.16908729,2,0
2025-06-18 15:34:00+00:00,short,0,0.00047426668,0.0010981011,0.0010603786,0.18116955,2,0
2025-06-18 15:35:00+00:00,long,0,0.0188805,0.057101887,0.021813132,0.23280473,2,0
2025-06-18 15:36:00+00:00,long,0,0.002338945,0.0022965795,0.007029467,0.18855007,2,0
2025-06-18 15:37:00+00:00,short,0,0.0041418574,0.015405924,0.043860022,0.19095571,2,0
2025-06-18 15:38:00+00:00,short,0,0.0003463591,0.0005237123,0.0004970618,0.1682906,2,0
2025-06-18 15:39:00+00:00,short,0,0.00039845158,0.00092425436,0.00029764444,0.16987926,2,0
2025-06-18 15:40:00+00:00,short,0,0.00044168805,0.00087401405,0.0006841036,0.17577739,2,0
2025-06-18 15:41:00+00:00,short,0,0.0028094437,0.0073535806,0.003848685,0.20650017,2,0
2025-06-18 15:42:00+00:00,long,0,0.005578145,0.007386214,0.0058551375,0.18250053,2,0
2025-06-18 15:43:00+00:00,short,0,0.00159738,0.0028669173,0.0024648518,0.223819,2,0
2025-06-18 15:44:00+00:00,short,0,0.00036094684,0.00059158204,0.0003107536,0.17067009,2,0
2025-06-18 15:45:00+00:00,short,0,0.00020501726,0.0012414532,0.0005364878,0.1734848,2,0
2025-06-18 15:46:00+00:00,short,0,0.00023363029,0.0009942178,0.00023761309,0.16865808,2,0
2025-06-18 15:47:00+00:00,short,0,0.0003009292,0.00074462657,0.00018051807,0.16872777,2,0
2025-06-18 15:48:00+00:00,short,0,0.00030216284,0.0008066392,0.0005101514,0.1682598,2,0
2025-06-18 15:49:00+00:00,short,0,0.0005456819,0.0014796779,0.00066362775,0.17223829,2,0
2025-06-18 15:50:00+00:00,short,0,0.00014932622,0.0006916229,0.0003903738,0.17283887,2,0
2025-06-20 14:19:00+00:00,short,0,0.0013313042,0.36313793,0.0027824936,0.20707776,1,0
2025-06-20 14:20:00+00:00,short,0,0.0012514472,0.31132936,0.004311962,0.21159005,1,0
2025-06-20 14:21:00+00:00,short,0,0.0031293957,0.43375033,0.013527942,0.21377082,1,0
2025-06-20 14:22:00+00:00,short,0,0.000695088,0.21923803,0.00041232677,0.17495863,1,0
2025-06-20 14:23:00+00:00,short,0,0.0010117433,0.20307086,0.00040779542,0.17461742,1,0
2025-06-20 14:24:00+00:00,short,1,0.9739457,0.91094714,0.9493681,0.7949498,3,2
2025-06-20 14:25:00+00:00,short,0,0.0005378323,0.0016378119,0.00019050158,0.18848534,2,0
2025-06-20 14:26:00+00:00,short,0,0.0003952071,0.14541812,0.0002457579,0.17603803,1,0
2025-06-20 14:27:00+00:00,long,0,0.0011146638,0.8561586,0.0017304693,0.260799,1,0
2025-06-20 14:28:00+00:00,short,0,0.015351186,0.87714165,0.1631796,0.35372064,1,0
2025-06-20 14:29:00+00:00,short,0,0.00016470384,0.10085268,0.00012203708,0.17662293,1,0
2025-06-20 14:30:00+00:00,short,0,0.3571182,0.3738809,0.84676725,0.5595661,2,1
2025-06-20 14:31:00+00:00,long,0,0.00059276476,0.61162484,0.00025030223,0.18552041,1,0
2025-06-20 14:32:00+00:00,long,0,0.0010046676,0.8553383,0.0031554205,0.18867607,1,0
2025-06-20 14:33:00+00:00,long,0,0.00044206736,0.79814714,0.0010291007,0.19263685,1,0
2025-06-20 14:34:00+00:00,long,0,0.00012586534,0.10898477,0.00019379935,0.17769046,1,0
2025-06-20 14:35:00+00:00,long,0,0.0002638049,0.7460565,0.0008999861,0.19022852,1,0
2025-06-20 14:36:00+00:00,long,0,0.00019510853,0.08391822,0.0002395306,0.17351174,1,0
2025-06-20 14:37:00+00:00,short,0,0.00013014383,0.079924315,0.00010870134,0.16875242,1,0
2025-06-20 14:38:00+00:00,long,0,0.00019687616,0.07611982,0.00019139571,0.17119007,1,0
2025-06-20 14:39:00+00:00,long,0,0.00015230667,0.09781727,0.00018704025,0.18012501,1,0
2025-06-20 14:40:00+00:00,short,0,0.00698719,0.8997402,0.081184775,0.30268806,1,0
2025-06-20 14:41:00+00:00,long,0,0.00020418348,0.3222601,0.00053846167,0.17585659,1,0
2025-06-20 14:42:00+00:00,short,0,0.0010010268,0.3826233,0.0029267457,0.20285363,1,0
2025-06-20 14:43:00+00:00,long,0,0.00013490347,0.08249201,0.0001635213,0.16824968,1,0
2025-06-20 14:44:00+00:00,long,0,0.00022280391,0.07809406,7.788559e-05,0.16776223,1,0
2025-06-20 14:45:00+00:00,long,0,0.00053656683,0.8527609,0.0015796128,0.18355428,1,0
2025-06-20 14:46:00+00:00,short,0,0.02343602,0.9640171,0.14046659,0.55253386,1,0
2025-06-20 14:47:00+00:00,long,0,0.00026376036,0.20965964,0.00061696186,0.17983152,1,0
2025-06-20 14:48:00+00:00,short,0,0.0077439495,0.90594465,0.045020625,0.2839891,1,0
2025-06-20 14:49:00+00:00,short,0,0.005748284,0.93394166,0.029503347,0.36988795,1,0
2025-06-20 14:50:00+00:00,short,0,0.00080687134,0.25675154,0.001460267,0.21952583,1,0
2025-06-20 14:51:00+00:00,short,0,0.011356509,0.89735144,0.02392893,0.40611377,1,0
2025-06-20 14:52:00+00:00,short,0,0.0014615733,0.22450453,0.0018131093,0.23958409,1,0
2025-06-20 14:53:00+00:00,short,1,0.9559472,0.924219,0.8265399,0.7277928,3,2
2025-06-20 14:54:00+00:00,short,0,0.0011341366,0.8902851,0.0015654169,0.19031191,1,0
2025-06-20 14:55:00+00:00,short,0,0.012063203,0.9412367,0.0130440965,0.41215292,1,0
2025-06-20 14:56:00+00:00,long,0,0.00026483586,0.10184448,0.0003589985,0.16968046,1,0
2025-06-20 14:57:00+00:00,short,0,0.00068309275,0.19263366,0.0004485697,0.17140496,1,0
2025-06-20 14:58:00+00:00,long,0,0.00032505227,0.23159981,0.0003537155,0.1725633,1,0
2025-06-20 14:59:00+00:00,short,0,0.0017604798,0.9248128,0.002635301,0.18394017,1,0
2025-06-20 15:00:00+00:00,long,0,0.00021323025,0.059513368,0.00030722216,0.17008914,1,0
2025-06-20 15:01:00+00:00,short,0,0.0012610406,0.8720831,0.0035166442,0.17985521,1,0
2025-06-20 15:02:00+00:00,short,0,0.00057086063,0.15313655,0.0038785804,0.23026748,1,0
2025-06-20 15:03:00+00:00,long,0,0.00012234737,0.3489358,0.00054694363,0.18989706,1,0
2025-06-20 15:04:00+00:00,long,0,0.00020096623,0.027786063,0.00023302807,0.16988005,1,0
2025-06-20 15:05:00+00:00,long,0,0.00014626703,0.18151537,0.000552096,0.20377982,1,0
2025-06-20 15:06:00+00:00,short,0,0.002131506,0.54282933,0.0041873646,0.2254998,1,0
2025-06-20 15:07:00+00:00,short,0,0.00014320223,0.46135727,0.0003119498,0.17738636,1,0
2025-06-20 15:08:00+00:00,long,0,0.0001700377,0.030060792,0.00036284284,0.16900866,1,0
2025-06-20 15:09:00+00:00,short,0,0.12175028,0.9929698,0.5811188,0.6691907,1,1
2025-06-20 15:10:00+00:00,short,0,0.0010407973,0.15671176,0.006650424,0.26758614,1,0
2025-06-20 15:11:00+00:00,long,0,8.841895e-05,0.03646582,0.00032293578,0.1689149,1,0
2025-06-20 15:12:00+00:00,short,0,0.40190154,0.5363627,0.535193,0.6355681,2,1
2025-06-20 15:13:00+00:00,short,0,0.0005042739,0.70744073,0.0005710068,0.17684023,1,0
2025-06-20 15:14:00+00:00,short,0,0.00081685756,0.055070497,0.0013441279,0.19856828,1,0
2025-06-20 15:15:00+00:00,short,0,0.00032139517,0.63087374,0.000550375,0.16933358,1,0
2025-06-20 15:16:00+00:00,short,0,0.008068679,0.9097574,0.021685343,0.20359768,1,0
2025-06-20 15:17:00+00:00,short,0,0.0074727014,0.79195446,0.048203357,0.23485017,1,0
2025-06-20 15:18:00+00:00,short,0,0.00042491985,0.044997618,0.0002785356,0.16760212,1,0
2025-06-20 15:19:00+00:00,short,0,0.0019000544,0.7881591,0.0017210115,0.16904081,1,0
2025-06-20 15:20:00+00:00,short,0,0.008008583,0.7830813,0.04951674,0.27049989,1,0
2025-06-20 15:21:00+00:00,short,0,9.359583e-05,0.12855427,0.00023755463,0.17074741,1,0
2025-06-20 15:22:00+00:00,short,0,0.0001016155,0.53118414,0.0003764505,0.16981988,1,0
2025-06-20 15:23:00+00:00,short,0,7.825448e-05,0.47631446,0.0009374191,0.17251216,1,0
2025-06-20 15:24:00+00:00,short,0,4.9491457e-05,0.3425784,0.00037844718,0.17177384,1,0
2025-06-20 15:25:00+00:00,short,0,7.5362026e-05,0.27163455,0.00044895092,0.17317198,1,0
2025-06-20 15:26:00+00:00,short,0,4.8269492e-05,0.020483531,0.00021358715,0.167719,1,0
2025-06-20 15:27:00+00:00,short,0,0.00078584225,0.62379014,0.0028760838,0.17729895,1,0
2025-06-20 15:28:00+00:00,short,0,0.00017274408,0.49443838,0.0015242086,0.17335826,1,0
2025-06-20 15:29:00+00:00,short,0,0.012073153,0.80693305,0.073633,0.26778755,1,0
2025-06-20 15:30:00+00:00,short,0,0.0004162329,0.05617661,0.0012333415,0.1696649,1,0
2025-06-20 15:31:00+00:00,short,0,0.0018562718,0.34584695,0.024824927,0.19961065,1,0
2025-06-20 15:32:00+00:00,short,0,0.0011960458,0.15101013,0.011999773,0.18245798,1,0
2025-06-20 15:33:00+00:00,short,0,0.00048809088,0.51105326,0.0008459855,0.17189246,1,0
2025-06-20 15:34:00+00:00,short,0,0.00054530625,0.086043574,0.0048861313,0.17986487,1,0
2025-06-20 15:35:00+00:00,short,0,0.00012825524,0.018010858,0.00037696495,0.1695816,1,0
2025-06-20 15:36:00+00:00,short,0,0.00034270354,0.4850475,0.00087627635,0.173054,1,0
2025-06-20 15:37:00+00:00,short,0,0.00057176565,0.0828615,0.003681586,0.19415486,1,0
2025-06-20 15:38:00+00:00,short,0,0.00042820885,0.6436276,0.0021383935,0.17346619,1,0
2025-06-20 15:39:00+00:00,short,0,0.00017706901,0.026107091,0.00048404673,0.16952908,1,0
2025-06-20 15:40:00+00:00,short,0,0.005738223,0.6685893,0.10397169,0.2706614,1,0
2025-06-20 15:41:00+00:00,short,0,0.0005557892,0.07380155,0.003474372,0.18455166,1,0
2025-06-20 15:42:00+00:00,short,0,0.49450123,0.99325657,0.8565055,0.6503132,1,1
2025-06-20 15:43:00+00:00,short,0,6.427625e-05,0.017586982,0.00012406519,0.16917296,1,0
2025-06-20 15:44:00+00:00,short,0,0.0011945809,0.1974149,0.011345758,0.20649384,1,0
2025-06-20 15:45:00+00:00,short,0,0.0019808807,0.31021294,0.009865904,0.3217409,1,0
2025-06-20 15:46:00+00:00,short,0,0.0008153738,0.109800845,0.006019997,0.2522836,1,0
2025-06-20 15:47:00+00:00,short,0,0.0126107745,0.60757726,0.035709824,0.42276642,1,0
2025-06-20 15:48:00+00:00,short,0,0.00019101979,0.55854654,0.001400653,0.17981069,1,0
2025-06-20 15:49:00+00:00,short,0,0.00078070554,0.092241526,0.00471383,0.22871423,1,0
2025-06-20 15:50:00+00:00,short,0,0.00016662147,0.02860727,0.00028472173,0.17150979,1,0
2025-06-23 14:19:00+00:00,short,0,0.011868786,0.9851666,0.00698902,0.25017598,1,0
2025-06-23 14:20:00+00:00,short,0,0.0019569593,0.6524939,0.0044826292,0.23631912,1,0
2025-06-23 14:21:00+00:00,short,0,0.031833444,0.9636728,0.27638736,0.60483724,1,1
2025-06-23 14:22:00+00:00,short,0,0.00080524915,0.35659233,0.00079440826,0.18900387,1,0
2025-06-23 14:23:00+00:00,short,0,0.15826267,0.991623,0.5101476,0.70483303,1,2
2025-06-23 14:24:00+00:00,short,0,0.0187642,0.96564054,0.12665202,0.47782573,1,1
2025-06-23 14:25:00+00:00,short,0,0.00024559323,0.10601251,8.0152335e-05,0.1816669,1,0
2025-06-23 14:26:00+00:00,short,0,0.0018158134,0.9284345,0.0039822566,0.4252305,1,1
2025-06-23 14:27:00+00:00,short,0,0.09181806,0.99733126,0.13232985,0.47562853,1,0
2025-06-23 14:28:00+00:00,short,0,0.001170452,0.9076499,0.0052776905,0.41936228,1,1
2025-06-23 14:29:00+00:00,short,0,0.009926891,0.9909898,0.049729478,0.30732265,1,0
2025-06-23 14:30:00+00:00,long,0,0.035027992,0.99513173,0.39451456,0.49760273,1,0
2025-06-23 14:31:00+00:00,short,0,0.00012509251,0.096467115,0.00013752567,0.1721857,1,0
2025-06-23 14:32:00+00:00,short,0,0.00012452838,0.13596156,0.00013748594,0.17336829,1,0
2025-06-23 14:33:00+00:00,short,0,0.0013362507,0.90761805,0.0023693666,0.37379456,1,0
2025-06-23 14:34:00+00:00,short,0,0.0003183514,0.8615106,0.00087090745,0.37648764,1,0
2025-06-23 14:35:00+00:00,short,0,0.00042141075,0.46894416,0.00066428015,0.23102514,1,0
2025-06-23 14:36:00+00:00,short,0,0.0001010639,0.15339789,0.00013749223,0.2292906,1,0
2025-06-23 14:37:00+00:00,short,0,0.036888298,0.99497753,0.010716194,0.25177625,1,0
2025-06-23 14:38:00+00:00,short,0,0.00012051902,0.27614915,0.00017642623,0.1996787,1,0
2025-06-23 14:39:00+00:00,short,0,0.0023305004,0.9537447,0.0046098083,0.39566538,1,0
2025-06-23 14:40:00+00:00,short,0,0.032375872,0.9947396,0.10582644,0.60340756,1,1
2025-06-23 14:41:00+00:00,short,0,6.948055e-05,0.090492286,6.487877e-05,0.17939375,1,0
2025-06-23 14:42:00+00:00,short,0,0.00010260516,0.14440872,5.4204163e-05,0.17857991,1,0
2025-06-23 14:43:00+00:00,long,0,0.08074853,0.99691415,0.81857306,0.5931805,1,0
2025-06-23 14:44:00+00:00,short,0,0.00013772317,0.18843351,0.0004385547,0.2867843,1,0
2025-06-23 14:45:00+00:00,short,0,0.056546114,0.9935256,0.108059146,0.6155507,1,1
2025-06-23 14:46:00+00:00,long,0,0.019909026,0.9959841,0.4126321,0.4483361,1,0
2025-06-23 14:47:00+00:00,short,0,0.0003039652,0.2841008,0.00045472494,0.19385499,1,0
2025-06-23 14:48:00+00:00,long,0,0.010232913,0.98958254,0.22951269,0.30892357,1,0
2025-06-23 14:49:00+00:00,long,0,0.0074785175,0.9445364,0.014992979,0.3683889,1,0
2025-06-23 14:50:00+00:00,long,0,0.0668408,0.9908828,0.31623664,0.64838666,1,1
2025-06-23 14:51:00+00:00,long,0,9.6849704e-05,0.14975889,0.00019609531,0.17508565,1,0
2025-06-23 14:52:00+00:00,long,0,0.005985122,0.9805135,0.020442676,0.26026955,1,0
2025-06-23 14:53:00+00:00,long,0,0.00033741392,0.7323754,0.000808312,0.39092386,1,0
2025-06-23 14:54:00+00:00,long,0,0.0004903659,0.8207731,0.0011935169,0.41878295,1,1
2025-06-23 14:55:00+00:00,short,0,9.433668e-05,0.14637698,0.00024190327,0.24074943,1,0
2025-06-23 14:56:00+00:00,long,0,0.00079517777,0.9107322,0.0026635588,0.37781557,1,0
2025-06-23 14:57:00+00:00,long,0,0.0014851522,0.8823156,0.0031078751,0.3814949,1,0
2025-06-23 14:58:00+00:00,long,0,0.00044264994,0.8019052,0.0009568599,0.3741564,1,0
2025-06-23 14:59:00+00:00,long,0,0.00012844212,0.10983366,0.00011692012,0.17674448,1,0
2025-06-23 15:00:00+00:00,long,0,0.00057760155,0.00629654,0.0007455336,0.32016143,2,0
2025-06-23 15:01:00+00:00,long,0,0.017073758,0.091601305,0.26150993,0.36005208,2,0
2025-06-23 15:02:00+00:00,long,0,0.0001296359,0.0012709263,0.000107157495,0.18743874,2,0
2025-06-23 15:03:00+00:00,long,0,0.00012456841,0.0006329896,0.000112900256,0.18352915,2,0
2025-06-23 15:04:00+00:00,long,0,0.16890883,0.25911856,0.268371,0.58139795,2,1
2025-06-23 15:05:00+00:00,long,0,0.0001470182,0.00054596545,0.00024734298,0.20330353,2,0
2025-06-23 15:06:00+00:00,long,0,0.0003421595,0.000585569,0.00031948613,0.17372476,2,0
2025-06-23 15:07:00+00:00,long,0,0.18324956,0.111486666,0.47943988,0.6157555,2,1
2025-06-23 15:08:00+00:00,long,0,0.0034435617,0.017361049,0.009539267,0.40570214,2,0
2025-06-23 15:09:00+00:00,long,0,0.0015415687,0.0077565894,0.0053884634,0.36228856,2,0
2025-06-23 15:10:00+00:00,long,0,0.004474714,0.01775836,0.010141018,0.37964568,2,0
2025-06-23 15:11:00+00:00,long,1,0.9460094,0.873305,0.87213504,0.7435572,3,2
2025-06-23 15:12:00+00:00,long,0,0.0001244841,0.0004849984,0.00016975468,0.18742363,2,0
2025-06-23 15:13:00+00:00,long,0,0.0074439677,0.022835927,0.008287357,0.31932506,2,0
2025-06-23 15:14:00+00:00,long,0,0.00020165204,0.000939887,0.00017034326,0.19862533,2,0
2025-06-23 15:15:00+00:00,long,0,0.0013480657,0.0045788125,0.0067734164,0.23532043,2,0
2025-06-23 15:16:00+00:00,long,0,0.00032069182,0.0008886915,0.00064917956,0.262285,2,0
2025-06-23 15:17:00+00:00,long,0,0.0003135121,0.0007618085,0.0009564989,0.18935227,2,0
2025-06-23 15:18:00+00:00,long,0,0.00026547216,0.0008666616,0.00037602513,0.17107902,2,0
2025-06-23 15:19:00+00:00,long,0,0.0011869447,0.005326384,0.00430364,0.26057392,2,0
2025-06-23 15:20:00+00:00,long,0,0.00042774985,0.0032044826,0.0035443031,0.37019905,2,0
2025-06-23 15:21:00+00:00,long,0,0.00019361744,0.00083726185,0.00033012408,0.17117517,2,0
2025-06-23 15:22:00+00:00,long,0,0.0036008458,0.039563604,0.032001007,0.45079336,2,1
2025-06-23 15:23:00+00:00,long,0,0.18761042,0.21585676,0.6776875,0.62642807,2,1
2025-06-23 15:24:00+00:00,long,0,0.10956553,0.23486479,0.63330066,0.7013381,2,2
2025-06-23 15:25:00+00:00,long,0,0.00019956562,0.00047921273,0.0004475963,0.200917,2,0
2025-06-23 15:26:00+00:00,long,0,0.003412088,0.005727229,0.031881727,0.28147432,2,0
2025-06-23 15:27:00+00:00,long,0,0.00073405885,0.0024360456,0.0029772369,0.328501,2,0
2025-06-23 15:28:00+00:00,long,0,0.19085445,0.18067825,0.89875704,0.69542605,2,2
2025-06-23 15:29:00+00:00,long,0,0.00067651336,0.0023148872,0.0024284327,0.27949217,2,0
2025-06-23 15:30:00+00:00,long,0,0.34117326,0.38428333,0.87004846,0.7035964,2,2
2025-06-23 15:31:00+00:00,long,0,0.004191427,0.011441146,0.060461484,0.26739296,2,0
2025-06-23 15:32:00+00:00,long,0,9.359833e-05,0.00019158745,0.00033262902,0.17140406,2,0
2025-06-23 15:33:00+00:00,long,1,0.96182126,0.9381813,0.9555441,0.7193219,3,2
2025-06-23 15:34:00+00:00,long,0,0.0007749434,0.0006216822,0.0027819502,0.17149697,2,0
2025-06-23 15:35:00+00:00,long,0,0.00034675686,0.000590474,0.0003027046,0.17112404,2,0
2025-06-23 15:36:00+00:00,long,0,0.00018285972,0.0009372543,0.001113715,0.17421998,2,0
2025-06-23 15:37:00+00:00,long,0,0.0028173632,0.008753643,0.08834586,0.2325548,2,0
2025-06-23 15:38:00+00:00,long,0,0.00034173994,0.00039358385,0.00034268983,0.17014283,2,0
2025-06-23 15:39:00+00:00,long,0,0.00023927791,0.0003845774,0.002662395,0.21363628,2,0
2025-06-23 15:40:00+00:00,long,0,0.00037673593,0.00045778917,0.00090777234,0.16955717,2,0
2025-06-23 15:41:00+00:00,long,0,0.029841524,0.03277293,0.48115134,0.36615935,2,0
2025-06-23 15:42:00+00:00,long,0,0.00016972507,0.00018551243,0.00035112165,0.17060524,2,0
2025-06-23 15:43:00+00:00,long,0,0.0017912271,0.0055775577,0.027077202,0.34714332,2,0
2025-06-23 15:44:00+00:00,short,0,0.12561448,0.37210095,0.3834567,0.67521334,2,1
2025-06-23 15:45:00+00:00,long,0,0.03247052,0.022087058,0.6223959,0.5027221,2,0
2025-06-23 15:46:00+00:00,long,0,0.00020695633,0.00035129022,0.00091054564,0.18009865,2,0
2025-06-23 15:47:00+00:00,long,0,0.0008138333,0.0034760016,0.0074031125,0.35120425,2,0
2025-06-23 15:48:00+00:00,long,0,0.000345892,0.000810665,0.005350666,0.2511975,2,0
2025-06-23 15:49:00+00:00,long,0,0.002177096,0.00397353,0.06742753,0.24659705,2,0
2025-06-23 15:50:00+00:00,long,0,0.00013611342,0.00012428449,0.00024786874,0.17284654,2,0
2025-06-24 14:19:00+00:00,long,0,0.0030533457,0.0010134258,0.0067281206,0.24120186,2,0
2025-06-24 14:20:00+00:00,long,0,0.00033729043,0.00042816045,0.00087337976,0.16852552,2,0
2025-06-24 14:21:00+00:00,long,0,0.00062480365,0.0009126803,0.003000913,0.17217487,2,0
2025-06-24 14:22:00+00:00,long,0,0.0005691889,0.0008496293,0.00823364,0.17590022,2,0
2025-06-24 14:23:00+00:00,long,0,0.0039136633,0.0038398544,0.030138845,0.20277576,2,0
2025-06-24 14:24:00+00:00,long,0,0.0010406134,0.0018962232,0.00057349005,0.1712252,2,0
2025-06-24 14:25:00+00:00,long,0,0.14050317,0.13091901,0.3297752,0.6300018,2,1
2025-06-24 14:26:00+00:00,long,0,0.0012418188,0.0006901983,0.0012297836,0.16949578,2,0
2025-06-24 14:27:00+00:00,long,0,0.21925202,0.22202164,0.5561331,0.64444345,2,1
2025-06-24 14:28:00+00:00,long,0,0.00029603302,0.0003276218,0.0009816558,0.16867821,2,0
2025-06-24 14:29:00+00:00,long,0,0.03542007,0.023483282,0.1286645,0.43666756,2,0
2025-06-24 14:30:00+00:00,long,0,0.00527533,0.009174489,0.055450533,0.26970157,2,0
2025-06-24 14:31:00+00:00,long,0,0.000550809,0.00038918087,0.0008499933,0.16759022,2,0
2025-06-24 14:32:00+00:00,long,0,0.00063463487,0.00051254826,0.0044144536,0.16834031,2,0
2025-06-24 14:33:00+00:00,long,0,0.00095410243,0.0010874869,0.0016142627,0.16785306,2,0
2025-06-24 14:34:00+00:00,long,0,0.0015456849,0.0045036552,0.0072543523,0.18098943,2,0
2025-06-24 14:35:00+00:00,long,0,0.0022099938,0.0037682035,0.0036837382,0.17582369,2,0
2025-06-24 14:36:00+00:00,long,0,0.0017918933,0.0032909235,0.0022526477,0.17758091,2,0
2025-06-24 14:37:00+00:00,long,0,0.08227475,0.18986146,0.3914609,0.4434394,2,0
2025-06-24 14:38:00+00:00,long,0,0.13669053,0.25774497,0.42537156,0.45082745,2,0
2025-06-24 14:39:00+00:00,long,0,0.012686839,0.01754244,0.027625846,0.22371727,2,0
2025-06-24 14:40:00+00:00,long,0,0.0013017098,0.0013147766,0.005513074,0.17486322,2,0
2025-06-24 14:41:00+00:00,long,0,0.003229843,0.008552583,0.015081488,0.19395144,2,0
2025-06-24 14:42:00+00:00,long,1,0.99262094,0.9852969,0.9682851,0.8185549,3,2
2025-06-24 14:43:00+00:00,long,0,0.39741474,0.99616635,0.8744897,0.6420945,1,1
2025-06-24 14:44:00+00:00,long,0,0.012358529,0.021576539,0.060626425,0.29433522,2,0
2025-06-24 14:45:00+00:00,long,0,0.0006999086,0.0009010574,0.004512242,0.17393136,2,0
2025-06-24 14:46:00+00:00,long,0,0.0009259789,0.00067862205,0.0044794916,0.17387559,2,0
2025-06-24 14:47:00+00:00,long,0,0.11235265,0.05304369,0.3547595,0.40997902,2,0
2025-06-24 14:48:00+00:00,long,0,0.0010757247,0.000647443,0.007108042,0.17043875,2,0
2025-06-24 14:49:00+00:00,long,0,0.0026292794,0.0036521463,0.014645986,0.17480554,2,0
2025-06-24 14:50:00+00:00,long,0,0.0049339454,0.013094051,0.015475485,0.18671143,2,0
2025-06-24 14:51:00+00:00,long,0,0.004186486,0.0053609186,0.004224623,0.17674188,2,0
2025-06-24 14:52:00+00:00,long,0,0.0072359727,0.005999332,0.01774988,0.18592171,2,0
2025-06-24 14:53:00+00:00,long,0,0.012695275,0.020451091,0.019376138,0.18396358,2,0
2025-06-24 14:54:00+00:00,long,1,0.9768638,0.96522874,0.8672202,0.8100064,3,2
2025-06-24 14:55:00+00:00,long,1,0.95323664,0.9250122,0.72471774,0.7048606,3,2
2025-06-24 14:56:00+00:00,long,0,0.029458156,0.07816599,0.21253327,0.29846278,2,0
2025-06-24 14:57:00+00:00,long,0,0.0017188517,0.0035726337,0.060409553,0.2288866,2,0
2025-06-24 14:58:00+00:00,long,0,0.12306612,0.26155743,0.4968968,0.6329873,2,1
2025-06-24 14:59:00+00:00,long,0,0.0028545463,0.010687303,0.06813107,0.20108289,2,0
2025-06-24 15:00:00+00:00,long,0,0.0039720475,0.0026268035,0.056206048,0.18412578,2,0
2025-06-24 15:01:00+00:00,long,0,0.0068743885,0.0071794884,0.14841112,0.2433141,2,0
2025-06-24 15:02:00+00:00,long,0,0.0016123219,0.0017647679,0.0355671,0.1872316,2,0
2025-06-24 15:03:00+00:00,long,0,0.0024990232,0.003459106,0.071558625,0.19077702,2,0
2025-06-24 15:04:00+00:00,long,0,0.0012876666,0.0025486932,0.111445,0.19326846,2,0
2025-06-24 15:05:00+00:00,long,0,0.0018857232,0.0034815674,0.069222435,0.20636952,2,0
2025-06-24 15:06:00+00:00,long,0,0.0005064008,0.0009239809,0.008967545,0.17668085,2,0
2025-06-24 15:07:00+00:00,long,0,0.00412843,0.01015521,0.16460882,0.23128623,2,0
2025-06-24 15:08:00+00:00,long,1,0.9683566,0.9318825,0.9654299,0.8110954,3,2
2025-06-24 15:09:00+00:00,long,0,0.325535,0.3489772,0.79990184,0.7276731,2,2
2025-06-24 15:10:00+00:00,long,0,0.00030394868,0.00064594595,0.013670053,0.18808462,2,0
2025-06-24 15:11:00+00:00,long,0,0.0012261518,0.0021970386,0.031125333,0.21932429,2,0
2025-06-24 15:12:00+00:00,long,0,0.34180996,0.33014548,0.88888156,0.68712646,2,2
2025-06-24 15:13:00+00:00,long,0,0.017769085,0.010759365,0.282989,0.31928295,2,0
2025-06-24 15:14:00+00:00,long,0,0.0012235444,0.0006610816,0.008395295,0.18466282,2,0
2025-06-24 15:15:00+00:00,long,0,0.25399673,0.16759314,0.74555343,0.5465645,2,0
2025-06-24 15:16:00+00:00,long,0,0.0139105795,0.014229426,0.023010202,0.23394622,2,0
2025-06-24 15:17:00+00:00,long,0,0.0018147288,0.0015225912,0.0065091643,0.18652512,2,0
2025-06-24 15:18:00+00:00,long,0,0.09817598,0.06043826,0.27353153,0.2865422,2,0
2025-06-24 15:19:00+00:00,long,0,0.22164689,0.27334312,0.6578996,0.502673,2,0
2025-06-24 15:20:00+00:00,long,0,0.08564625,0.055599872,0.38973728,0.2967855,2,0
2025-06-24 15:21:00+00:00,long,0,0.002002344,0.0014191436,0.008487321,0.18723606,2,0
2025-06-24 15:22:00+00:00,long,0,0.050224498,0.039307036,0.10599647,0.23811321,2,0
2025-06-24 15:23:00+00:00,long,0,0.009308042,0.01037192,0.042608485,0.1886605,2,0
2025-06-24 15:24:00+00:00,long,0,0.34729576,0.42047295,0.9562966,0.6993385,2,2
2025-06-24 15:25:00+00:00,long,0,0.11630994,0.08267391,0.380383,0.33332515,2,0
2025-06-24 15:26:00+00:00,long,0,0.069747515,0.07793473,0.39594334,0.32790434,2,0
2025-06-24 15:27:00+00:00,long,0,0.104923904,0.09505111,0.4979626,0.32754,2,0
2025-06-24 15:28:00+00:00,long,0,0.17459142,0.14424169,0.6506576,0.42199555,2,0
2025-06-24 15:29:00+00:00,long,0,0.38015783,0.45352948,0.8668079,0.71817917,2,2
2025-06-24 15:30:00+00:00,long,0,0.0090849,0.0057426672,0.013135685,0.18381853,2,0
2025-06-24 15:31:00+00:00,long,0,0.042255558,0.024983583,0.21454631,0.32494557,2,0
2025-06-24 15:32:00+00:00,long,0,0.004417896,0.0031152738,0.022906711,0.18853265,2,0
2025-06-24 15:33:00+00:00,long,0,0.0008377068,0.0010335225,0.010146911,0.17906868,2,0
2025-06-24 15:34:00+00:00,long,0,0.0017633816,0.004078924,0.023132816,0.17724045,2,0
2025-06-24 15:35:00+00:00,long,0,0.14767538,0.20176816,0.5881519,0.5933216,2,1
2025-06-24 15:36:00+00:00,long,0,0.004747369,0.0054636025,0.018724225,0.18723337,2,0
2025-06-24 15:37:00+00:00,long,0,0.40415925,0.454354,0.90677154,0.70263654,2,1
2025-06-24 15:38:00+00:00,long,0,0.0015904208,0.0058542658,0.03547184,0.17927223,2,0
2025-06-24 15:39:00+00:00,long,0,0.005220616,0.0031027144,0.014755681,0.18310486,2,0
2025-06-24 15:40:00+00:00,long,1,0.9518269,0.9212374,0.8031385,0.735275,3,2
2025-06-24 15:41:00+00:00,long,1,0.98042494,0.9745729,0.94512105,0.78985167,3,2
2025-06-24 15:42:00+00:00,long,1,0.9757671,0.97073823,0.8631813,0.7750872,3,2
2025-06-24 15:43:00+00:00,long,0,0.56132376,0.53805894,0.76941085,0.63084066,2,1
2025-06-24 15:44:00+00:00,long,1,0.9783075,0.97497183,0.88442713,0.77608013,3,2
2025-06-24 15:45:00+00:00,long,0,0.2778928,0.29584655,0.578003,0.4818006,2,0
2025-06-24 15:46:00+00:00,long,0,0.0049513397,0.023685781,0.017784053,0.17894663,2,0
2025-06-24 15:47:00+00:00,long,1,0.97559625,0.9284,0.90563256,0.7897386,3,2
2025-06-24 15:48:00+00:00,long,0,0.045024857,0.021228187,0.24273534,0.26669607,2,0
2025-06-24 15:49:00+00:00,long,0,0.0031897482,0.005790913,0.011279391,0.17961062,2,0
2025-06-24 15:50:00+00:00,long,0,0.09098409,0.053474266,0.37933788,0.26797113,2,0
2025-06-25 14:19:00+00:00,short,0,0.0004929918,0.0015631061,0.0010562153,0.1698652,2,0
2025-06-25 14:20:00+00:00,short,0,0.007831787,0.014584669,0.060103446,0.23509674,2,0
2025-06-25 14:21:00+00:00,long,0,0.00027999573,0.0023076015,0.00051144825,0.18254137,2,0
2025-06-25 14:22:00+00:00,short,0,0.00023991826,0.00097518135,0.0005571396,0.16837703,2,0
2025-06-25 14:23:00+00:00,long,0,0.00011059082,0.027559116,0.000110680805,0.16821152,1,0
2025-06-25 14:24:00+00:00,long,0,0.0003015665,0.53449106,0.0003922575,0.19304442,1,0
2025-06-25 14:25:00+00:00,long,0,0.0026953917,0.96337223,0.005428434,0.19707094,1,0
2025-06-25 14:26:00+00:00,short,0,0.00047012971,0.12831368,0.0007496368,0.16907358,1,0
2025-06-25 14:27:00+00:00,long,0,0.0006812101,0.37073955,0.0013837097,0.19365148,1,0
2025-06-25 14:28:00+00:00,long,0,0.0014090012,0.8557691,0.0011438401,0.21840315,1,0
2025-06-25 14:29:00+00:00,long,0,0.00082889467,0.25786915,0.00086637965,0.17756419,1,0
2025-06-25 14:30:00+00:00,long,0,0.0027925288,0.9706123,0.0046135033,0.2796066,1,0
2025-06-25 14:31:00+00:00,long,0,0.0003319118,0.13691014,0.00022036837,0.16927598,1,0
2025-06-25 14:32:00+00:00,long,0,0.0005948126,0.12076634,0.0014875882,0.18153065,1,0
2025-06-25 14:33:00+00:00,long,0,0.00316307,0.9589998,0.004991621,0.35337996,1,0
2025-06-25 14:34:00+00:00,short,0,0.013042648,0.80731916,0.17862514,0.3688062,1,0
2025-06-25 14:35:00+00:00,long,0,0.00031405,0.031933367,0.00019007757,0.16826533,1,0
2025-06-25 14:36:00+00:00,short,0,0.00060629036,0.09691885,0.00036638972,0.16963822,1,0
2025-06-25 14:37:00+00:00,short,0,0.0011418316,0.0009874536,0.0008993937,0.17309035,2,0
2025-06-25 14:38:00+00:00,short,0,0.009033511,0.0038884862,0.018368835,0.1926847,2,0
2025-06-25 14:39:00+00:00,short,0,0.001900865,0.0006152948,0.0016868808,0.17428,2,0
2025-06-25 14:40:00+00:00,long,0,0.001107445,0.8766958,0.0008543655,0.17816038,1,0
2025-06-25 14:41:00+00:00,long,0,0.0007786694,0.23342226,0.00031381208,0.17328943,1,0
2025-06-25 14:42:00+00:00,long,0,0.00027414868,0.0957486,0.00011623014,0.16766633,1,0
2025-06-25 14:43:00+00:00,long,0,0.001290558,0.86623174,0.0011618453,0.17525534,1,0
2025-06-25 14:44:00+00:00,long,0,0.0003214488,0.051847562,0.00016995244,0.16738807,1,0
2025-06-25 14:45:00+00:00,short,0,0.00048613534,0.1694988,0.00011528967,0.16774954,1,0
2025-06-25 14:46:00+00:00,long,0,0.00045556252,0.12223209,0.0001806143,0.16754733,1,0
2025-06-25 14:47:00+00:00,short,0,0.003598559,0.41901994,0.0019086638,0.17293853,1,0
2025-06-25 14:48:00+00:00,short,0,0.00062071776,0.1152178,0.00012729029,0.1682059,1,0
2025-06-25 14:49:00+00:00,long,0,0.0006648185,0.162061,0.00015807331,0.16929203,1,0
2025-06-25 14:50:00+00:00,long,0,0.00020753729,0.06156655,0.00015503203,0.16831654,1,0
2025-06-25 14:51:00+00:00,short,0,0.00012152091,0.055743508,0.00016337806,0.16883548,1,0
2025-06-25 14:52:00+00:00,short,0,0.20123369,0.19236524,0.046049256,0.2565322,2,0
2025-06-25 14:53:00+00:00,long,0,0.00011625818,0.00062124064,9.8754535e-05,0.16785215,2,0
2025-06-25 14:54:00+00:00,short,0,0.000107730935,0.0013518918,9.561821e-05,0.16941245,2,0
2025-06-25 14:55:00+00:00,short,0,0.000101852595,0.0009630251,0.0003131217,0.1698376,2,0
2025-06-25 14:56:00+00:00,long,0,0.0001360091,0.03585019,0.00012161585,0.16994904,1,0
2025-06-25 14:57:00+00:00,short,0,6.0074908e-05,0.026371693,8.652002e-05,0.16776977,1,0
2025-06-25 14:58:00+00:00,short,0,0.0018244418,0.0052510994,0.0031851653,0.1879844,2,0
2025-06-25 14:59:00+00:00,short,0,0.00094259536,0.0030962657,0.001256645,0.17609406,2,0
2025-06-25 15:00:00+00:00,short,0,0.00013745985,0.0015694735,8.6811924e-05,0.16833855,2,0
2025-06-25 15:01:00+00:00,short,0,0.0014000996,0.0073416694,0.0065350872,0.20623808,2,0
2025-06-25 15:02:00+00:00,long,0,0.0002962874,0.17487003,0.00060201035,0.17646825,1,0
2025-06-25 15:03:00+00:00,short,0,0.06242484,0.066290684,0.020997424,0.39690408,2,0
2025-06-25 15:04:00+00:00,long,0,0.00039441072,0.046337668,0.0002970593,0.16883542,1,0
2025-06-25 15:05:00+00:00,long,0,0.00031955194,0.038902704,0.0003289535,0.16798837,1,0
2025-06-25 15:06:00+00:00,long,0,0.00017617995,0.05013737,0.00052508136,0.16915876,1,0
2025-06-25 15:07:00+00:00,long,0,0.002334625,0.90796983,0.0065742694,0.20331673,1,0
2025-06-25 15:08:00+00:00,long,0,0.0003489236,0.04600107,0.00041871984,0.1679666,1,0
2025-06-25 15:09:00+00:00,short,0,0.019919058,0.7181993,0.0365895,0.26001754,1,0
2025-06-25 15:10:00+00:00,long,0,0.0005070976,0.09518809,0.00022409564,0.16838777,1,0
2025-06-25 15:11:00+00:00,short,0,0.097152196,0.97701615,0.2556433,0.47276378,1,1
2025-06-25 15:12:00+00:00,long,0,0.00053170853,0.38167557,0.000925843,0.17396025,1,0
2025-06-25 15:13:00+00:00,long,0,0.00042601084,0.095538504,0.00024193301,0.16748452,1,0
2025-06-25 15:14:00+00:00,long,0,0.00079600717,0.17771436,0.0005340508,0.17137943,1,0
2025-06-25 15:15:00+00:00,short,0,0.001964825,0.45821786,0.007828464,0.20135935,1,0
2025-06-25 15:16:00+00:00,short,0,0.00079475355,0.18271917,0.000977485,0.1693418,1,0
2025-06-25 15:17:00+00:00,short,0,0.0004718263,0.13842297,0.00028796878,0.16949797,1,0
2025-06-25 15:18:00+00:00,short,0,0.00063207396,0.15501653,0.00039959405,0.16989404,1,0
2025-06-25 15:19:00+00:00,long,0,0.0016197184,0.32546726,0.00069022796,0.17704453,1,0
2025-06-25 15:20:00+00:00,long,0,0.0026416339,0.37522864,0.0018076882,0.17555583,1,0
2025-06-25 15:21:00+00:00,short,0,0.0073589426,0.30734882,0.008210998,0.1951531,1,0
2025-06-25 15:22:00+00:00,short,0,0.00041371325,0.13006009,0.0004873066,0.16851652,1,0
2025-06-25 15:23:00+00:00,short,1,0.9551434,0.88631946,0.85594183,0.6999665,3,2
2025-06-25 15:24:00+00:00,short,0,0.00384942,0.0081259115,0.0046743182,0.18087536,2,0
2025-06-25 15:25:00+00:00,short,0,0.00011233229,0.03525323,4.920294e-05,0.16753851,1,0
2025-06-25 15:26:00+00:00,short,0,0.00059882086,0.0013808215,0.0024036237,0.1754201,2,0
2025-06-25 15:27:00+00:00,long,0,0.00042517934,0.45567268,0.0006618176,0.17250787,1,0
2025-06-25 15:28:00+00:00,short,0,0.0014317838,0.16782731,0.0017150823,0.17309512,1,0
2025-06-25 15:29:00+00:00,short,0,0.01486057,0.01557417,0.0043294523,0.18792088,2,0
2025-06-25 15:30:00+00:00,short,0,0.0011230712,0.11930479,0.0009713656,0.16925205,1,0
2025-06-25 15:31:00+00:00,short,0,0.0019511889,0.22172399,0.0016614152,0.2124846,1,0
2025-06-25 15:32:00+00:00,short,0,0.002232912,0.2839752,0.0037315413,0.21367383,1,0
2025-06-25 15:33:00+00:00,long,0,0.0008368989,0.114451,0.000334953,0.168586,1,0
2025-06-25 15:34:00+00:00,long,0,0.0007915587,0.09160871,8.240619e-05,0.16816948,1,0
2025-06-25 15:35:00+00:00,long,0,0.0010669851,0.68673676,0.0009448315,0.18504304,1,0
2025-06-25 15:36:00+00:00,long,0,0.0005092628,0.06424439,0.00034492108,0.16909496,1,0
2025-06-25 15:37:00+00:00,short,0,0.0003350609,0.07649291,0.0005220725,0.1781346,1,0
2025-06-25 15:38:00+00:00,long,0,0.00014873067,0.043981433,0.00021892315,0.16847777,1,0
2025-06-25 15:39:00+00:00,long,0,0.00022325473,0.0475401,0.00033733706,0.16783886,1,0
2025-06-25 15:40:00+00:00,long,0,0.000272828,0.05699345,0.0003902622,0.1692716,1,0
2025-06-25 15:41:00+00:00,short,0,0.0009109153,0.22537944,0.014119652,0.21293436,1,0
2025-06-25 15:42:00+00:00,long,0,0.00046776145,0.07498241,0.0007350749,0.17455061,1,0
2025-06-25 15:43:00+00:00,long,0,0.0008192129,0.16100174,0.0009053983,0.17265755,1,0
2025-06-25 15:44:00+00:00,long,0,0.0011096325,0.2119186,0.0016525639,0.17821904,1,0
2025-06-25 15:45:00+00:00,long,0,0.000981682,0.60848516,0.00100673,0.1838733,1,0
2025-06-25 15:46:00+00:00,long,0,0.00038720953,0.0676476,0.0003762288,0.16889656,1,0
2025-06-25 15:47:00+00:00,long,0,0.0003831135,0.060377415,0.0003822227,0.1701243,1,0
2025-06-25 15:48:00+00:00,short,0,0.00074873934,0.124798946,0.0002472376,0.18156089,1,0
2025-06-25 15:49:00+00:00,long,0,0.0005278365,0.0844596,0.000373732,0.17017166,1,0
2025-06-25 15:50:00+00:00,short,0,0.00035524537,0.07147288,0.0002106212,0.2176867,1,0
2025-06-26 14:19:00+00:00,long,0,0.0014848567,0.002018738,0.010094865,0.1750763,2,0
2025-06-26 14:20:00+00:00,long,0,0.3014067,0.26687622,0.67038053,0.43776393,2,0
2025-06-26 14:21:00+00:00,long,0,0.003955755,0.01000499,0.071535185,0.19532038,2,0
2025-06-26 14:22:00+00:00,long,0,0.0012722325,0.0031559467,0.0059652943,0.17524827,2,0
2025-06-26 14:23:00+00:00,long,0,0.0006205728,0.00055114564,0.004769904,0.16876845,2,0
2025-06-26 14:24:00+00:00,long,0,0.0014071153,0.008446854,0.017988818,0.17974137,2,0
2025-06-26 14:25:00+00:00,long,0,0.00020659575,0.00056459237,0.0055451742,0.1691794,2,0
2025-06-26 14:26:00+00:00,long,1,0.9909402,0.98843807,0.9758253,0.7667408,3,2
2025-06-26 14:27:00+00:00,long,0,0.0014780281,0.0018448329,0.0066396026,0.17336915,2,0
2025-06-26 14:28:00+00:00,long,0,0.0016810801,0.001475761,0.03920916,0.17562197,2,0
2025-06-26 14:29:00+00:00,long,0,0.0006646465,0.00084345246,0.017365264,0.17253393,2,0
2025-06-26 14:30:00+00:00,long,1,0.98571396,0.9660154,0.9393477,0.77715445,3,2
2025-06-26 14:31:00+00:00,long,0,0.002608698,0.0013712086,0.018435083,0.17585188,2,0
2025-06-26 14:32:00+00:00,long,0,0.015297581,0.014818299,0.04018712,0.23878247,2,0
2025-06-26 14:33:00+00:00,long,1,0.99708647,0.9931987,0.964744,0.81000394,3,2
2025-06-26 14:34:00+00:00,long,0,0.009594225,0.0043007354,0.048558187,0.22656448,2,0
2025-06-26 14:35:00+00:00,long,1,0.9949903,0.9868569,0.9517815,0.8018871,3,2
2025-06-26 14:36:00+00:00,long,0,0.0016903912,0.0015380923,0.01058619,0.18262316,2,0
2025-06-26 14:37:00+00:00,long,0,0.0017629847,0.0017290291,0.008848752,0.18367271,2,0
2025-06-26 14:38:00+00:00,long,0,0.0025039085,0.0011770412,0.003002975,0.17090712,2,0
2025-06-26 14:39:00+00:00,long,0,0.0018574258,0.0012974902,0.009598363,0.17890655,2,0
2025-06-26 14:40:00+00:00,long,0,0.00091330096,0.0014438755,0.0074548833,0.17352267,2,0
2025-06-26 14:41:00+00:00,long,0,0.0008612444,0.002999766,0.007626943,0.20843965,2,0
2025-06-26 14:42:00+00:00,long,1,0.9899081,0.9661243,0.92031896,0.77300406,3,2
2025-06-26 14:43:00+00:00,long,0,0.007398852,0.0051643713,0.020849051,0.198664,2,0
2025-06-26 14:44:00+00:00,long,0,0.00047035565,0.0017370235,0.007292732,0.20136404,2,0
2025-06-26 14:45:00+00:00,long,0,0.0016756336,0.002707832,0.008601938,0.1762358,2,0
2025-06-26 14:46:00+00:00,long,0,0.059238944,0.021807665,0.3401967,0.26914498,2,0
2025-06-26 14:47:00+00:00,long,0,0.00078403554,0.0012235909,0.04827364,0.20426653,2,0
2025-06-26 14:48:00+00:00,long,0,0.0010525299,0.0028420433,0.011280084,0.199458,2,0
2025-06-26 14:49:00+00:00,long,1,0.9866246,0.98014706,0.9651779,0.76657885,3,2
2025-06-26 14:50:00+00:00,long,0,0.003089479,0.0012544433,0.0040504197,0.18661709,2,0
2025-06-26 14:51:00+00:00,long,0,0.0056831096,0.0035022553,0.012156339,0.21160908,2,0
2025-06-26 14:52:00+00:00,long,0,0.45392182,0.23011607,0.74365145,0.58750874,2,0
2025-06-26 14:53:00+00:00,long,0,0.0041908873,0.0030698676,0.022242466,0.18993215,2,0
2025-06-26 14:54:00+00:00,long,0,0.024757538,0.021340914,0.15522861,0.27574137,2,0
2025-06-26 14:55:00+00:00,long,0,0.002626555,0.0012752874,0.0068127015,0.17562984,2,0
2025-06-26 14:56:00+00:00,long,0,0.00044111582,0.0007035841,0.017057674,0.20325089,2,0
2025-06-26 14:57:00+00:00,long,0,0.00079639064,0.0004441593,0.0051718927,0.1761987,2,0
2025-06-26 14:58:00+00:00,long,0,0.0012370987,0.0010028587,0.04302608,0.19225872,2,0
2025-06-26 14:59:00+00:00,long,0,0.00025577174,0.0005170664,0.0045785583,0.17508812,2,0
2025-06-26 15:00:00+00:00,long,0,0.0010204542,0.0014115927,0.03784338,0.19160575,2,0
2025-06-26 15:01:00+00:00,long,0,0.0037515925,0.0064690867,0.016346145,0.20634638,2,0
2025-06-26 15:02:00+00:00,long,0,0.004329294,0.0025954416,0.014171113,0.1853169,2,0
2025-06-26 15:03:00+00:00,long,0,0.07985367,0.016533604,0.2115568,0.31780896,2,0
2025-06-26 15:04:00+00:00,long,0,0.013917389,0.013896653,0.22663087,0.32473457,2,0
2025-06-26 15:05:00+00:00,long,0,0.0009558826,0.0009988268,0.013059735,0.18256664,2,0
2025-06-26 15:06:00+00:00,long,0,0.0004994738,0.0005104075,0.012932051,0.18094599,2,0
2025-06-26 15:07:00+00:00,long,0,0.01661628,0.020291476,0.23379475,0.30009782,2,0
2025-06-26 15:08:00+00:00,long,0,0.0006410882,0.0007180181,0.03730271,0.17766078,2,0
2025-06-26 15:09:00+00:00,long,0,0.0019379061,0.0010324946,0.015215955,0.18284434,2,0
2025-06-26 15:10:00+00:00,long,0,0.023258602,0.011548794,0.027451525,0.20884116,2,0
2025-06-26 15:11:00+00:00,long,0,0.0041329926,0.0032534795,0.023918986,0.20874198,2,0
2025-06-26 15:12:00+00:00,long,0,0.0028666449,0.0028085343,0.013020349,0.2391869,2,0
2025-06-26 15:13:00+00:00,long,0,0.004811663,0.0049279816,0.03585199,0.20203526,2,0
2025-06-26 15:14:00+00:00,long,0,0.0030435885,0.0018778758,0.0117581235,0.19354253,2,0
2025-06-26 15:15:00+00:00,long,0,0.0008300174,0.0009870107,0.0104968585,0.17544995,2,0
2025-06-26 15:16:00+00:00,long,0,0.00039022535,0.0007159826,0.011354614,0.17522085,2,0
2025-06-26 15:17:00+00:00,long,0,0.00023849442,0.0006750466,0.017625637,0.17547064,2,0
2025-06-26 15:18:00+00:00,long,0,0.0002719401,0.00060922076,0.016930437,0.17589585,2,0
2025-06-26 15:19:00+00:00,long,0,0.008603098,0.01666901,0.14334768,0.2730581,2,0
2025-06-26 15:20:00+00:00,long,0,0.025205031,0.04144338,0.1285834,0.39293852,2,0
2025-06-26 15:21:00+00:00,long,0,0.39558867,0.9942016,0.9017004,0.6229818,1,0
2025-06-26 15:22:00+00:00,long,0,0.0005648502,0.0014322604,0.004847935,0.17508382,2,0
2025-06-26 15:23:00+00:00,long,0,0.0015445336,0.0022771854,0.004478741,0.17915654,2,0
2025-06-26 15:24:00+00:00,long,0,0.0009004711,0.0015717362,0.0058598192,0.17665392,2,0
2025-06-26 15:25:00+00:00,long,0,0.0006158606,0.0017994231,0.005252681,0.17798644,2,0
2025-06-26 15:26:00+00:00,long,0,0.009479582,0.02705324,0.17428452,0.21660478,2,0
2025-06-26 15:27:00+00:00,long,0,0.02168657,0.034035724,0.29069588,0.25068405,2,0
2025-06-26 15:28:00+00:00,long,0,0.0021642076,0.007828619,0.0136919245,0.19548033,2,0
2025-06-26 15:29:00+00:00,long,0,0.1324029,0.27931473,0.8627433,0.49689928,2,0
2025-06-26 15:30:00+00:00,long,0,0.0031328592,0.0026119319,0.0060290485,0.18572916,2,0
2025-06-26 15:31:00+00:00,long,0,0.06796967,0.05982345,0.5051038,0.32880184,2,0
2025-06-26 15:32:00+00:00,long,0,0.0049424716,0.0026468227,0.0055559627,0.1869302,2,0
2025-06-26 15:33:00+00:00,long,0,0.009589211,0.0058425055,0.023806421,0.2011195,2,0
2025-06-26 15:34:00+00:00,long,0,0.017787594,0.010230151,0.07111497,0.21592665,2,0
2025-06-26 15:35:00+00:00,long,0,0.0019491888,0.0017821667,0.005212606,0.17153461,2,0
2025-06-26 15:36:00+00:00,long,0,0.005168864,0.0039971275,0.009070385,0.18306316,2,0
2025-06-26 15:37:00+00:00,long,0,0.024167161,0.019091161,0.4646093,0.21423048,2,0
2025-06-26 15:38:00+00:00,long,0,0.017590607,0.021221437,0.2362112,0.2179235,2,0
2025-06-26 15:39:00+00:00,long,1,0.97014487,0.9521192,0.95610344,0.7937858,3,2
2025-06-26 15:40:00+00:00,long,0,0.0018407835,0.003170937,0.005538129,0.17445655,2,0
2025-06-26 15:41:00+00:00,long,0,0.008994758,0.008639239,0.12394879,0.21701343,2,0
2025-06-26 15:42:00+00:00,long,0,0.0021279592,0.0012928686,0.0057600117,0.18220182,2,0
2025-06-26 15:43:00+00:00,long,0,0.001962699,0.0014202326,0.0054392363,0.1785552,2,0
2025-06-26 15:44:00+00:00,long,0,0.15756178,0.15356922,0.586224,0.37346244,2,0
2025-06-26 15:45:00+00:00,long,0,0.0031193707,0.003118966,0.009223748,0.2008125,2,0
2025-06-26 15:46:00+00:00,long,0,0.002480681,0.0025932812,0.009442893,0.18048309,2,0
2025-06-26 15:47:00+00:00,long,0,0.083788164,0.04174569,0.18731931,0.36991504,2,0
2025-06-26 15:48:00+00:00,long,0,0.008375597,0.00561283,0.0057318686,0.21079005,2,0
2025-06-26 15:49:00+00:00,long,0,0.0065594995,0.014676738,0.012030826,0.20799501,2,0
2025-06-26 15:50:00+00:00,long,0,0.004096691,0.006600487,0.008312669,0.18285681,2,0
2025-06-27 14:19:00+00:00,long,0,0.023026133,0.024260137,0.04969776,0.430755,2,0
2025-06-27 14:20:00+00:00,long,0,0.0012077016,0.0007591973,0.0011966834,0.17933054,2,0
2025-06-27 14:21:00+00:00,long,0,0.0027355421,0.00094415125,0.0103399735,0.21157098,2,0
2025-06-27 14:22:00+00:00,long,0,0.00090671045,0.00016596566,0.0028854595,0.19799268,2,0
2025-06-27 14:23:00+00:00,long,0,0.001281106,0.0014896039,0.0053432765,0.18553619,2,0
2025-06-27 14:24:00+00:00,long,0,0.0016249979,0.0009082335,0.0035233265,0.23044245,2,0
2025-06-27 14:25:00+00:00,long,0,0.0007573431,0.00028210398,0.0021356328,0.17682308,2,0
2025-06-27 14:26:00+00:00,long,0,0.0025317036,0.0027416523,0.008917699,0.25063017,2,0
2025-06-27 14:27:00+00:00,long,0,0.0023313465,0.0022331902,0.012946752,0.25414,2,0
2025-06-27 14:28:00+00:00,long,0,0.0003549999,0.00027171802,0.0019389866,0.17807423,2,0
2025-06-27 14:29:00+00:00,long,0,0.004699858,0.0024216578,0.03612263,0.19146323,2,0
2025-06-27 14:30:00+00:00,long,0,0.005652359,0.0036344926,0.007885416,0.24954914,2,0
2025-06-27 14:31:00+00:00,long,0,0.0015006419,0.0024276935,0.0037667304,0.24366279,2,0
2025-06-27 14:32:00+00:00,long,0,0.0008972752,0.00024141042,0.0011954858,0.17275472,2,0
2025-06-27 14:33:00+00:00,long,0,0.00079001614,0.0013574053,0.015249188,0.19560623,2,0
2025-06-27 14:34:00+00:00,long,0,0.0008057316,0.00037941226,0.00090798514,0.17358334,2,0
2025-06-27 14:35:00+00:00,long,0,0.0012511637,0.00045321896,0.007622996,0.19629614,2,0
2025-06-27 14:36:00+00:00,long,0,0.001300112,0.00044083016,0.0026261315,0.17221154,2,0
2025-06-27 14:37:00+00:00,long,0,0.00063434156,0.00037518135,0.0027192405,0.17172217,2,0
2025-06-27 14:38:00+00:00,long,0,0.32595217,0.23899509,0.24280132,0.5418403,2,0
2025-06-27 14:39:00+00:00,long,0,0.00050161633,0.00050773507,0.0015756389,0.17278145,2,0
2025-06-27 14:40:00+00:00,long,0,0.0034573197,0.004391044,0.0068123853,0.20026577,2,0
2025-06-27 14:41:00+00:00,long,0,0.01817886,0.925805,0.083324626,0.32145205,1,0
2025-06-27 14:42:00+00:00,long,0,0.003166935,0.5568203,0.007076961,0.19031925,1,0
2025-06-27 14:43:00+00:00,long,0,0.00087681675,0.0007711562,0.002107705,0.17227675,2,0
2025-06-27 14:44:00+00:00,long,0,0.0008295722,0.00071477285,0.0015161365,0.17078869,2,0
2025-06-27 14:45:00+00:00,long,0,0.0055544768,0.0040161596,0.0355899,0.2515397,2,0
2025-06-27 14:46:00+00:00,long,0,0.001026454,0.001343772,0.0017492789,0.17620067,2,0
2025-06-27 14:47:00+00:00,long,0,0.0008327211,0.0017844567,0.004843141,0.20846339,2,0
2025-06-27 14:48:00+00:00,long,0,0.008830353,0.008113277,0.041429233,0.3549657,2,0
2025-06-27 14:49:00+00:00,long,0,0.00081088365,0.001252072,0.0020598911,0.17326345,2,0
2025-06-27 14:50:00+00:00,long,0,0.0038142677,0.0041309185,0.019439865,0.2806113,2,0
2025-06-27 14:51:00+00:00,long,0,0.0008293765,0.0005512591,0.0013654311,0.17052919,2,0
2025-06-27 14:52:00+00:00,long,0,0.00074029714,0.0005804808,0.003895108,0.1710332,2,0
2025-06-27 14:53:00+00:00,long,0,0.0017188584,0.0021516555,0.011972854,0.18260328,2,0
2025-06-27 14:54:00+00:00,long,1,0.972714,0.95862323,0.8911096,0.7660969,3,2
2025-06-27 14:55:00+00:00,long,0,0.0050869393,0.6646766,0.03188237,0.25523663,1,0
2025-06-27 14:56:00+00:00,long,0,0.00045596372,0.00020843586,0.00075877237,0.17092286,2,0
2025-06-27 14:57:00+00:00,long,0,0.0010058815,0.00017153147,0.0008868757,0.1716943,2,0
2025-06-27 14:58:00+00:00,long,0,0.0011153442,0.0011597296,0.0046889205,0.17115171,2,0
2025-06-27 14:59:00+00:00,long,0,0.0013651346,0.0016213336,0.0010401634,0.17365593,2,0
2025-06-27 15:00:00+00:00,long,0,0.0013668129,0.0028081937,0.0014420047,0.17834401,2,0
2025-06-27 15:01:00+00:00,long,0,0.005242297,0.018752316,0.021139361,0.2437657,2,0
2025-06-27 15:02:00+00:00,long,0,0.00022199981,0.00021363665,0.00059068255,0.1694529,2,0
2025-06-27 15:03:00+00:00,long,0,0.070424125,0.060577106,0.29548007,0.57691044,2,1
2025-06-27 15:04:00+00:00,long,0,0.30380288,0.99538016,0.7557136,0.6732554,1,1
2025-06-27 15:05:00+00:00,long,0,0.00046490718,0.017809302,0.0004672717,0.16954756,1,0
2025-06-27 15:06:00+00:00,long,0,0.010622601,0.8904711,0.046301387,0.29070243,1,0
2025-06-27 15:07:00+00:00,long,0,0.00038055982,0.00024922445,0.0005733234,0.16944551,2,0
2025-06-27 15:08:00+00:00,long,0,0.0004400874,0.0007764332,0.00057161687,0.17825396,2,0
2025-06-27 15:09:00+00:00,long,0,0.00072749803,0.0012161459,0.00054247084,0.17532463,2,0
2025-06-27 15:10:00+00:00,long,0,0.0010604282,0.001659914,0.004289462,0.17446531,2,0
2025-06-27 15:11:00+00:00,long,0,0.0006148829,0.0011330346,0.0021059508,0.17441767,2,0
2025-06-27 15:12:00+00:00,long,0,0.00017165925,0.00046998187,0.00078224664,0.16996199,2,0
2025-06-27 15:13:00+00:00,long,0,0.00019939273,0.00022394185,0.0015253047,0.16922022,2,0
2025-06-27 15:14:00+00:00,long,0,0.00018328564,0.00031666626,0.0014166152,0.17077571,2,0
2025-06-27 15:15:00+00:00,long,0,0.00019271327,0.00016098653,0.0016758881,0.16868387,2,0
2025-06-27 15:16:00+00:00,long,0,0.046596523,0.016678384,0.42568222,0.44625115,2,1
2025-06-27 15:17:00+00:00,long,0,0.0004783577,0.00029213695,0.00040904444,0.17105454,2,0
2025-06-27 15:18:00+00:00,long,0,0.00058622874,0.0008341284,0.0020123378,0.17189528,2,0
2025-06-27 15:19:00+00:00,long,0,0.00036560517,0.00037627437,0.0017223827,0.1722495,2,0
2025-06-27 15:20:00+00:00,long,0,0.0017569772,0.0021469337,0.0016482546,0.18172902,2,0
2025-06-27 15:21:00+00:00,long,0,0.00040842744,0.00064445817,0.0048078904,0.17631637,2,0
2025-06-27 15:22:00+00:00,long,0,0.015975574,0.034121715,0.16154394,0.44925246,2,0
2025-06-27 15:23:00+00:00,long,0,0.00042295738,0.000153246,0.0023254491,0.17812927,2,0
2025-06-27 15:24:00+00:00,long,0,0.0077713644,0.010074458,0.011956331,0.2916646,2,0
2025-06-27 15:25:00+00:00,long,0,0.0067918487,0.75166684,0.014071259,0.27913404,1,0
2025-06-27 15:26:00+00:00,long,0,0.00063040026,0.0005517856,0.0052867425,0.17252159,2,0
2025-06-27 15:27:00+00:00,long,0,0.00076189847,0.00062584784,0.0062260493,0.17453331,2,0
2025-06-27 15:28:00+00:00,long,0,0.16100554,0.116743594,0.57330525,0.64870715,2,1
2025-06-27 15:29:00+00:00,long,0,0.0034172337,0.0036005,0.009203459,0.21780701,2,0
2025-06-27 15:30:00+00:00,long,0,0.017721841,0.016738148,0.31841826,0.429065,2,0
2025-06-27 15:31:00+00:00,long,0,0.16466515,0.17017342,0.79198885,0.6775448,2,1
2025-06-27 15:32:00+00:00,long,0,0.002571663,0.008860985,0.03170923,0.2179286,2,0
2025-06-27 15:33:00+00:00,long,0,0.000783456,0.00089365034,0.002453099,0.17046688,2,0
2025-06-27 15:34:00+00:00,long,0,0.054128,0.04905318,0.14934832,0.29064396,2,0
2025-06-27 15:35:00+00:00,long,0,0.003470077,0.0030771187,0.015498699,0.19447498,2,0
2025-06-27 15:36:00+00:00,long,0,0.0010642172,0.00060079346,0.0025089837,0.16855995,2,0
2025-06-27 15:37:00+00:00,long,0,0.0009578364,0.0010668199,0.002743409,0.17191578,2,0
2025-06-27 15:38:00+00:00,long,0,0.0008890938,0.0013734291,0.0024453588,0.17163645,2,0
2025-06-27 15:39:00+00:00,long,0,0.0010350592,0.0025650032,0.0026476712,0.17144252,2,0
2025-06-27 15:40:00+00:00,long,0,0.00069626584,0.0008987568,0.0027720898,0.16838568,2,0
2025-06-27 15:41:00+00:00,long,0,0.18695636,0.15747711,0.6290046,0.5828267,2,1
2025-06-27 15:42:00+00:00,long,0,0.0009328524,0.0005101366,0.0021604719,0.17008989,2,0
2025-06-27 15:43:00+00:00,long,0,0.003412435,0.0022012524,0.008080427,0.18395822,2,0
2025-06-27 15:44:00+00:00,long,0,0.0345823,0.044932522,0.23740293,0.40682456,2,0
2025-06-27 15:45:00+00:00,long,1,0.9742382,0.9493391,0.8952832,0.7751813,3,2
2025-06-27 15:46:00+00:00,long,0,0.00085185654,0.001812984,0.0057833134,0.17568178,2,0
2025-06-27 15:47:00+00:00,long,0,0.009653778,0.007096613,0.05939686,0.28853843,2,0
2025-06-27 15:48:00+00:00,long,0,0.0013891065,0.0015443646,0.0059575234,0.18151183,2,0
2025-06-27 15:49:00+00:00,long,0,0.0013916588,0.0018926195,0.0023636874,0.17088841,2,0
2025-06-27 15:50:00+00:00,long,0,0.0012014935,0.0011711523,0.0030621036,0.17347306,2,0
2025-06-30 14:19:00+00:00,long,0,0.00013890951,0.00019854945,0.00017684678,0.16733791,2,0
2025-06-30 14:20:00+00:00,long,0,0.0001525673,9.4715084e-05,0.00082300056,0.16722304,2,0
2025-06-30 14:21:00+00:00,long,0,0.010695453,0.9086945,0.12798733,0.2966433,1,0
2025-06-30 14:22:00+00:00,long,0,0.00023513044,0.00019561948,0.004364089,0.16826312,2,0
2025-06-30 14:23:00+00:00,long,0,0.0005832493,0.00033627136,0.001996841,0.17723429,2,0
2025-06-30 14:24:00+00:00,long,0,0.10388885,0.9863273,0.27605203,0.40238962,1,0
2025-06-30 14:25:00+00:00,long,0,0.0015229979,0.09733275,0.0076871277,0.17660536,1,0
2025-06-30 14:26:00+00:00,long,0,0.00019205292,0.00014669767,0.0013862058,0.16849713,2,0
2025-06-30 14:27:00+00:00,long,0,0.00044606166,0.00024696148,0.0012607432,0.16800433,2,0
2025-06-30 14:28:00+00:00,long,0,0.0006553471,0.0030104795,0.006876209,0.17181547,2,0
2025-06-30 14:29:00+00:00,long,0,0.00034272103,0.00027028014,0.0014307833,0.1691597,2,0
2025-06-30 14:30:00+00:00,long,0,0.0036519836,0.0010176959,0.0028913016,0.17820956,2,0
2025-06-30 14:31:00+00:00,long,0,0.0010850856,0.00047199207,0.0007313991,0.16732115,2,0
2025-06-30 14:32:00+00:00,long,0,0.0033196548,0.0007356419,0.007406042,0.17098403,2,0
2025-06-30 14:33:00+00:00,long,0,0.11384657,0.9765282,0.21364076,0.36108136,1,0
2025-06-30 14:34:00+00:00,long,0,0.0010834902,0.00020630304,0.003008202,0.17183852,2,0
2025-06-30 14:35:00+00:00,long,0,0.0005856873,8.553813e-05,0.0014288138,0.1709441,2,0
2025-06-30 14:36:00+00:00,long,0,0.0106346505,0.034076758,0.10843117,0.2945675,2,0
2025-06-30 14:37:00+00:00,long,0,0.0004885496,0.0001241903,0.0013178618,0.17199165,2,0
2025-06-30 14:38:00+00:00,long,0,0.00059847144,0.00010590385,0.0021136357,0.17131294,2,0
2025-06-30 14:39:00+00:00,long,0,0.005930985,0.0061907456,0.005929242,0.20325613,2,0
2025-06-30 14:40:00+00:00,long,0,0.0011638264,0.00096887833,0.0008212477,0.16834982,2,0
2025-06-30 14:41:00+00:00,long,0,0.0023159005,0.0048244167,0.0030888256,0.1869936,2,0
2025-06-30 14:42:00+00:00,long,0,0.00027840523,0.00035842555,0.00049219804,0.16913976,2,0
2025-06-30 14:43:00+00:00,long,0,0.0003299916,0.00044969335,0.000497942,0.16883956,2,0
2025-06-30 14:44:00+00:00,long,0,0.0046262215,0.011545588,0.023957089,0.19578749,2,0
2025-06-30 14:45:00+00:00,long,0,0.0006262318,0.0028697664,0.0047390154,0.17606018,2,0
2025-06-30 14:46:00+00:00,long,0,0.00024124063,0.0004894004,0.002843936,0.17260127,2,0
2025-06-30 14:47:00+00:00,long,0,0.005588401,0.021537945,0.020323912,0.1985753,2,0
2025-06-30 14:48:00+00:00,long,0,0.00020575752,0.00033285265,0.0016206261,0.17158926,2,0
2025-06-30 14:49:00+00:00,long,0,0.025934098,0.054063886,0.10364136,0.26105276,2,0
2025-06-30 14:50:00+00:00,long,0,0.017416794,0.8988855,0.047743667,0.2514557,1,0
2025-06-30 14:51:00+00:00,long,0,0.00022993206,0.027434044,0.0014629664,0.1709555,1,0
2025-06-30 14:52:00+00:00,long,0,0.00022111218,0.00037286477,0.0026058152,0.17696822,2,0
2025-06-30 14:53:00+00:00,long,0,0.0025647238,0.43379793,0.053070817,0.21254416,1,0
2025-06-30 14:54:00+00:00,long,0,0.00013620625,0.00021080182,0.003108277,0.1735097,2,0
2025-06-30 14:55:00+00:00,long,0,0.0005617831,0.0024041692,0.0086440835,0.19285727,2,0
2025-06-30 14:56:00+00:00,long,0,0.15397625,0.9944758,0.78901124,0.67010593,1,1
2025-06-30 14:57:00+00:00,long,0,0.00047086057,0.03614885,0.00047015844,0.16879131,1,0
2025-06-30 14:58:00+00:00,long,0,0.020543788,0.8743859,0.08306015,0.34877884,1,0
2025-06-30 14:59:00+00:00,long,0,0.001537046,0.01313684,0.013418195,0.1980598,2,0
2025-06-30 15:00:00+00:00,long,0,0.0018098286,0.0040400494,0.0047604833,0.17229234,2,0
2025-06-30 15:01:00+00:00,long,0,0.0004801109,0.0010180625,0.00079648854,0.16842288,2,0
2025-06-30 15:02:00+00:00,long,0,0.010594578,0.049169984,0.090209626,0.35293648,2,0
2025-06-30 15:03:00+00:00,long,0,0.0035073494,0.78166986,0.039586913,0.2240632,1,0
2025-06-30 15:04:00+00:00,long,0,0.00013218408,0.024815325,0.00040383713,0.16960865,1,0
2025-06-30 15:05:00+00:00,long,0,0.00044231646,0.00073834095,0.0021082517,0.17638664,2,0
2025-06-30 15:06:00+00:00,long,0,0.0002965364,0.0005075962,0.00111283,0.16877992,2,0
2025-06-30 15:07:00+00:00,long,0,0.0017336725,0.6590202,0.019941686,0.19460101,1,0
2025-06-30 15:08:00+00:00,long,0,0.0003694061,0.052390587,0.0018298207,0.16925816,1,0
2025-06-30 15:09:00+00:00,long,0,0.00019242537,0.00030434245,0.0025160857,0.16933805,2,0
2025-06-30 15:10:00+00:00,short,0,0.012095137,0.0227313,0.104452156,0.20865028,2,0
2025-06-30 15:11:00+00:00,long,0,0.00024189104,0.00038745618,0.0010488658,0.17673814,2,0
2025-06-30 15:12:00+00:00,long,0,0.0012888967,0.0025417588,0.0037542828,0.19222589,2,0
2025-06-30 15:13:00+00:00,long,0,7.099801e-05,0.00019600279,0.00030305315,0.16955008,2,0
2025-06-30 15:14:00+00:00,long,0,0.0005731171,0.0007610412,0.001220393,0.17829473,2,0
2025-06-30 15:15:00+00:00,long,0,0.00030986842,0.0004565809,0.00089259,0.1731236,2,0
2025-06-30 15:16:00+00:00,long,0,0.00021058909,0.0002546204,0.0004845945,0.17076533,2,0
2025-06-30 15:17:00+00:00,long,0,0.00041395685,0.00031616792,0.001214291,0.17258148,2,0
2025-06-30 15:18:00+00:00,long,0,0.00019109175,0.0003613766,0.00035524587,0.16988629,2,0
2025-06-30 15:19:00+00:00,long,0,0.00068866287,0.0016520496,0.0045791254,0.20131822,2,0
2025-06-30 15:20:00+00:00,long,0,0.0008374135,0.0017685243,0.0018350405,0.18941124,2,0
2025-06-30 15:21:00+00:00,long,0,0.00048771902,0.00034108575,0.0016043519,0.17254925,2,0
2025-06-30 15:22:00+00:00,long,0,0.018089712,0.9343917,0.14049225,0.3586984,1,0
2025-06-30 15:23:00+00:00,long,0,0.0011865468,0.08095644,0.0038784922,0.18545742,1,0
2025-06-30 15:24:00+00:00,long,0,0.00011451219,0.00020418892,0.0007634,0.1709048,2,0
2025-06-30 15:25:00+00:00,long,0,0.00019873581,0.00015592496,0.00022537165,0.17206149,2,0
2025-06-30 15:26:00+00:00,long,0,0.00046046716,0.00056112616,0.0027585917,0.19992076,2,0
2025-06-30 15:27:00+00:00,short,0,0.0064935954,0.007668091,0.014035462,0.19339311,2,0
2025-06-30 15:28:00+00:00,long,0,0.008425023,0.028273152,0.015955558,0.39151502,2,0
2025-06-30 15:29:00+00:00,long,0,0.0011889753,0.00066318864,0.0013047067,0.1702738,2,0
2025-06-30 15:30:00+00:00,long,0,0.0010116459,0.0010326678,0.0019089072,0.1726097,2,0
2025-06-30 15:31:00+00:00,long,0,0.0003864556,0.00084690657,0.00066811405,0.16849041,2,0
2025-06-30 15:32:00+00:00,long,0,0.00038459408,0.00040279923,0.0007487151,0.16780524,2,0
2025-06-30 15:33:00+00:00,long,0,0.001464071,0.00174304,0.0014571907,0.1702771,2,0
2025-06-30 15:34:00+00:00,long,0,0.0022195375,0.004136482,0.0020384495,0.19135855,2,0
2025-06-30 15:35:00+00:00,long,0,0.00038631837,0.0008274465,0.00056826515,0.16809292,2,0
2025-06-30 15:36:00+00:00,long,0,0.00030137855,0.00048841105,0.0020418318,0.1684343,2,0
2025-06-30 15:37:00+00:00,long,0,0.0009272299,0.25795987,0.0030574722,0.17909457,1,0
2025-06-30 15:38:00+00:00,long,0,0.072966464,0.97379184,0.19735064,0.3556294,1,0
2025-06-30 15:39:00+00:00,long,0,0.0021157619,0.0026592303,0.0020654849,0.1702506,2,0
2025-06-30 15:40:00+00:00,long,0,0.00081646966,0.0012252133,0.00024334349,0.16896294,2,0
2025-06-30 15:41:00+00:00,short,0,0.033715777,0.09588258,0.085656844,0.28322682,2,0
2025-06-30 15:42:00+00:00,long,0,0.0012521733,0.0013583325,0.0011406379,0.17021416,2,0
2025-06-30 15:43:00+00:00,long,0,0.00043659922,0.0009462517,0.00038104883,0.16821903,2,0
2025-06-30 15:44:00+00:00,long,0,0.00035792514,0.0010022589,0.00018277256,0.16775835,2,0
2025-06-30 15:45:00+00:00,long,0,0.0028892732,0.0034024636,0.0016723091,0.1740797,2,0
2025-06-30 15:46:00+00:00,long,0,0.018277343,0.056591917,0.012224082,0.30484995,2,0
2025-06-30 15:47:00+00:00,long,0,0.0024185393,0.0038589968,0.0014496469,0.17535196,2,0
2025-06-30 15:48:00+00:00,long,0,0.019107237,0.94459295,0.014014356,0.23888569,1,0
2025-06-30 15:49:00+00:00,long,0,0.0012001501,0.08920489,0.00034047657,0.17117704,1,0
2025-06-30 15:50:00+00:00,long,0,0.00092898303,0.002485222,0.00038416515,0.16859983,2,0
2025-07-01 14:19:00+00:00,long,0,0.00031170427,0.034427427,0.0005664363,0.16886361,1,0
2025-07-01 14:20:00+00:00,long,0,0.0003292249,0.030973556,0.0012123447,0.17293556,1,0
2025-07-01 14:21:00+00:00,long,0,0.0013139866,0.0018364342,0.003902333,0.18017328,2,0
2025-07-01 14:22:00+00:00,long,0,0.00039605005,0.00081865565,0.0014118011,0.16911648,2,0
2025-07-01 14:23:00+00:00,long,1,0.97955257,0.9764088,0.95410615,0.75537795,3,2
2025-07-01 14:24:00+00:00,long,0,0.003927738,0.0021387832,0.008094879,0.18491353,2,0
2025-07-01 14:25:00+00:00,long,0,0.019893317,0.023246348,0.028484046,0.23320763,2,0
2025-07-01 14:26:00+00:00,long,0,0.00087305065,0.0019219192,0.0006923101,0.17081426,2,0
2025-07-01 14:27:00+00:00,long,0,0.000875207,0.0023926562,0.0029022319,0.18800586,2,0
2025-07-01 14:28:00+00:00,long,0,0.0018676886,0.18894617,0.006434212,0.1950345,1,0
2025-07-01 14:29:00+00:00,long,0,0.0007337337,0.09112216,0.00051253504,0.17027782,1,0
2025-07-01 14:30:00+00:00,long,0,0.00038419318,0.05261736,0.00096985826,0.17061996,1,0
2025-07-01 14:31:00+00:00,long,0,0.0006530866,0.26466596,0.0042781862,0.19054753,1,0
2025-07-01 14:32:00+00:00,long,0,0.0005010188,0.04983945,0.0023395591,0.17051189,1,0
2025-07-01 14:33:00+00:00,long,0,0.0029665243,0.004864201,0.009243203,0.19968231,2,0
2025-07-01 14:34:00+00:00,long,0,0.0032332176,0.005910273,0.009798513,0.2017312,2,0
2025-07-01 14:35:00+00:00,long,0,0.004671324,0.007382821,0.02894762,0.20654166,2,0
2025-07-01 14:36:00+00:00,long,0,0.00042593473,0.0017050689,0.00097519945,0.1724175,2,0
2025-07-01 14:37:00+00:00,long,0,0.000354231,0.059717935,0.0014818656,0.17778015,1,0
2025-07-01 14:38:00+00:00,long,0,0.004111575,0.004879609,0.016316684,0.20401835,2,0
2025-07-01 14:39:00+00:00,long,0,0.0014581381,0.004284386,0.023732653,0.19128914,2,0
2025-07-01 14:40:00+00:00,long,0,0.00066029764,0.02870194,0.0011097965,0.2000014,1,0
2025-07-01 14:41:00+00:00,long,0,0.058353573,0.08986944,0.11895302,0.4746345,2,0
2025-07-01 14:42:00+00:00,long,0,0.00032760992,0.04411979,0.00087890704,0.2993801,1,0
2025-07-01 14:43:00+00:00,long,0,0.023740083,0.01629134,0.1108886,0.39716217,2,0
2025-07-01 14:44:00+00:00,long,0,0.0008918972,0.0461003,0.00042342657,0.20269424,1,0
2025-07-01 14:45:00+00:00,long,0,0.1292341,0.12020449,0.23733631,0.4440633,2,0
2025-07-01 14:46:00+00:00,long,0,0.0025484422,0.0057115853,0.010729224,0.29477632,2,0
2025-07-01 14:47:00+00:00,long,0,0.0006725954,0.08039007,0.002124853,0.17253107,1,0
2025-07-01 14:48:00+00:00,long,0,0.0006170398,0.080697834,0.00052977935,0.2255801,1,0
2025-07-01 14:49:00+00:00,long,0,0.0011322373,0.07314563,0.00040356274,0.32644042,1,0
2025-07-01 14:50:00+00:00,long,0,0.0004786952,0.07199238,0.002188394,0.19765411,1,0
2025-07-01 14:51:00+00:00,long,0,0.27514556,0.99606377,0.92959154,0.723025,1,2
2025-07-01 14:52:00+00:00,long,0,0.0006743836,0.0814707,0.0028197782,0.18852198,1,0
2025-07-01 14:53:00+00:00,long,0,0.039969187,0.9674433,0.188167,0.48796263,1,1
2025-07-01 14:54:00+00:00,long,0,0.0004959702,0.0627262,0.0013277713,0.23691005,1,0
2025-07-01 14:55:00+00:00,long,0,0.0003370241,0.050198108,0.00047546325,0.2032689,1,0
2025-07-01 14:56:00+00:00,long,0,0.0002778317,0.051400743,0.0021695183,0.21115148,1,0
2025-07-01 14:57:00+00:00,long,0,0.00043283796,0.07990559,0.0026021444,0.22138774,1,0
2025-07-01 14:58:00+00:00,long,0,0.0015483062,0.18407968,0.012220588,0.22326012,1,0
2025-07-01 14:59:00+00:00,long,0,0.00039968165,0.037730653,0.00064161484,0.19299863,1,0
2025-07-01 15:00:00+00:00,long,0,0.0004378262,0.08799354,0.0006574161,0.20017606,1,0
2025-07-01 15:01:00+00:00,long,0,0.0010453674,0.3583776,0.009790582,0.24559724,1,0
2025-07-01 15:02:00+00:00,long,0,0.0010454372,0.05578303,0.004677669,0.20055453,1,0
2025-07-01 15:03:00+00:00,long,0,0.0003737014,0.054230724,0.0019958396,0.20488882,1,0
2025-07-01 15:04:00+00:00,long,0,0.00037317324,0.04345858,0.0009889082,0.19498365,1,0
2025-07-01 15:05:00+00:00,long,0,0.00014273464,0.017740361,0.00024882035,0.1715282,1,0
2025-07-01 15:06:00+00:00,long,0,0.00013163191,0.018265834,0.000716415,0.19864337,1,0
2025-07-01 15:07:00+00:00,long,0,0.00010322272,0.020391753,0.00061770115,0.18395586,1,0
2025-07-01 15:08:00+00:00,long,0,0.0003296866,0.08601254,0.0064563164,0.18630521,1,0
2025-07-01 15:09:00+00:00,long,0,0.0001037386,0.013044312,0.0007716421,0.17035179,1,0
2025-07-01 15:10:00+00:00,long,0,8.651829e-05,0.014516179,0.0011591469,0.17050104,1,0
2025-07-01 15:11:00+00:00,long,0,8.910038e-05,0.011743333,0.00022111511,0.17165838,1,0
2025-07-01 15:12:00+00:00,long,0,0.00034027165,0.038968418,0.0036900032,0.20275496,1,0
2025-07-01 15:13:00+00:00,long,0,0.013947826,0.04187302,0.14057021,0.25093043,2,0
2025-07-01 15:14:00+00:00,long,0,0.00033875377,0.0014255145,0.0067311614,0.18787332,2,0
2025-07-01 15:15:00+00:00,long,0,0.0008682684,0.0014601758,0.0039787292,0.25311837,2,0
2025-07-01 15:16:00+00:00,long,0,0.00028877956,0.00039657106,0.0018258335,0.18767695,2,0
2025-07-01 15:17:00+00:00,long,0,0.00023719954,0.0005821541,0.0058386237,0.21502233,2,0
2025-07-01 15:18:00+00:00,long,0,0.00042313524,0.087853126,0.006534196,0.17384773,1,0
2025-07-01 15:19:00+00:00,long,0,0.00044801956,0.037746083,0.0010325324,0.18748797,1,0
2025-07-01 15:20:00+00:00,long,0,0.00015786785,0.040855356,0.0012122685,0.19045532,1,0
2025-07-01 15:21:00+00:00,long,0,0.001519347,0.22878723,0.0035480133,0.24599151,1,0
2025-07-01 15:22:00+00:00,long,0,0.00029024246,0.04910008,0.0005617354,0.18833967,1,0
2025-07-01 15:23:00+00:00,long,1,0.96804917,0.95024943,0.92957175,0.7429015,3,2
2025-07-01 15:24:00+00:00,long,0,0.0030159086,0.002071201,0.00594123,0.22702451,2,0
2025-07-01 15:25:00+00:00,long,0,0.00044291897,0.04280582,0.0011077204,0.1973312,1,0
2025-07-01 15:26:00+00:00,long,0,0.00039217318,0.068549715,0.0009527599,0.19227178,1,0
2025-07-01 15:27:00+00:00,long,0,0.00024885286,0.029382352,0.0015834001,0.17165232,1,0
2025-07-01 15:28:00+00:00,long,0,0.0030598901,0.811345,0.0051911017,0.22412157,1,0
2025-07-01 15:29:00+00:00,long,0,0.0051368442,0.0049434663,0.01456834,0.19894303,2,0
2025-07-01 15:30:00+00:00,long,0,0.00060753577,0.124704376,0.0018668682,0.2465896,1,0
2025-07-01 15:31:00+00:00,long,0,0.0061891084,0.87202233,0.0018782262,0.4503889,1,1
2025-07-01 15:32:00+00:00,long,0,0.003963661,0.0044590505,0.004497037,0.28292108,2,0
2025-07-01 15:33:00+00:00,long,0,0.0009598004,0.06395996,0.0021662526,0.17856109,1,0
2025-07-01 15:34:00+00:00,long,0,0.0011403343,0.08976906,0.002310174,0.18157046,1,0
2025-07-01 15:35:00+00:00,long,0,0.00058629917,0.1069108,0.00213577,0.1982909,1,0
2025-07-01 15:36:00+00:00,long,0,0.0005009412,0.068574674,0.00037018536,0.20211317,1,0
2025-07-01 15:37:00+00:00,long,0,0.00034331277,0.04194355,0.00016972184,0.18319559,1,0
2025-07-01 15:38:00+00:00,long,0,0.0005323394,0.047839046,0.00034038327,0.19422539,1,0
2025-07-01 15:39:00+00:00,short,0,0.0010629968,0.2628938,0.008768252,0.17159732,1,0
2025-07-01 15:40:00+00:00,long,0,0.0004238421,0.070913516,0.00021249411,0.1776001,1,0
2025-07-01 15:41:00+00:00,long,0,0.0005708231,0.059637967,0.00044933043,0.17552732,1,0
2025-07-01 15:42:00+00:00,long,0,0.0019014322,0.24500412,0.00060842116,0.28601483,1,0
2025-07-01 15:43:00+00:00,long,0,0.00060061365,0.063111916,0.00021945481,0.17973143,1,0
2025-07-01 15:44:00+00:00,long,0,0.00097558374,0.0986055,0.0016270183,0.22905815,1,0
2025-07-01 15:45:00+00:00,long,0,0.00086624175,0.12680413,0.0016270183,0.1924148,1,0
2025-07-01 15:46:00+00:00,long,0,0.0011943586,0.07545195,0.0025222278,0.18081772,1,0
2025-07-01 15:47:00+00:00,long,0,0.0016454636,0.18023194,0.0004372925,0.24889976,1,0
2025-07-01 15:48:00+00:00,long,0,0.0004694692,0.044858474,0.00048340787,0.17419992,1,0
2025-07-01 15:49:00+00:00,long,0,0.0003059947,0.07247443,0.0012134949,0.20223941,1,0
2025-07-01 15:50:00+00:00,long,0,0.00036452507,0.098933496,0.0028898737,0.19723034,1,0
2025-07-02 14:19:00+00:00,long,1,0.99037886,0.9863006,0.97578794,0.7537834,3,2
2025-07-02 14:20:00+00:00,long,0,0.11243283,0.07677209,0.075007305,0.36885086,2,0
2025-07-02 14:21:00+00:00,long,1,0.9952637,0.988957,0.98283917,0.7438231,3,2
2025-07-02 14:22:00+00:00,long,1,0.9935709,0.9807499,0.98267233,0.7649028,3,2
2025-07-02 14:23:00+00:00,long,1,0.99453765,0.9870597,0.98187673,0.77106804,3,2
2025-07-02 14:24:00+00:00,long,1,0.99435943,0.98955005,0.9908416,0.7594915,3,2
2025-07-02 14:25:00+00:00,long,1,0.98006904,0.96994466,0.96326405,0.75143653,3,2
2025-07-02 14:26:00+00:00,long,1,0.99257916,0.985013,0.9862429,0.7928857,3,2
2025-07-02 14:27:00+00:00,long,0,0.06798952,0.09310103,0.0772879,0.4715633,2,0
2025-07-02 14:28:00+00:00,long,0,0.60240465,0.58017087,0.790821,0.6687296,2,1
2025-07-02 14:29:00+00:00,long,0,0.006765616,0.011173883,0.022502335,0.23453031,2,0
2025-07-02 14:30:00+00:00,long,1,0.9937517,0.98961186,0.9830715,0.7576819,3,2
2025-07-02 14:31:00+00:00,long,1,0.99582785,0.99124193,0.9904411,0.78893846,3,2
2025-07-02 14:32:00+00:00,long,1,0.995908,0.9955324,0.9937483,0.78860855,3,2
2025-07-02 14:33:00+00:00,long,0,0.009507279,0.026985448,0.032131847,0.24977894,2,0
2025-07-02 14:34:00+00:00,long,0,0.01279489,0.02638329,0.015651096,0.22140306,2,0
2025-07-02 14:35:00+00:00,long,1,0.99157566,0.97815645,0.99144566,0.76935977,3,2
2025-07-02 14:36:00+00:00,long,0,0.020062117,0.022844654,0.029045124,0.27273104,2,0
2025-07-02 14:37:00+00:00,long,1,0.99482614,0.99255,0.9945838,0.7759908,3,2
2025-07-02 14:38:00+00:00,long,0,0.013509246,0.01944904,0.041159645,0.31129476,2,0
2025-07-02 14:39:00+00:00,long,0,0.016512945,0.016072623,0.028085088,0.26562005,2,0
2025-07-02 14:40:00+00:00,long,0,0.2498859,0.2484832,0.6442362,0.51264834,2,0
2025-07-02 14:41:00+00:00,long,1,0.9918577,0.975218,0.9930502,0.7738893,3,2
2025-07-02 14:42:00+00:00,long,0,0.050471053,0.030781949,0.10569536,0.27219594,2,0
2025-07-02 14:43:00+00:00,long,0,0.52711284,0.532491,0.9289707,0.58523554,2,1
2025-07-02 14:44:00+00:00,long,0,0.12552996,0.16434845,0.81030124,0.49460864,2,0
2025-07-02 14:45:00+00:00,long,1,0.9715892,0.9506748,0.97501045,0.6968801,3,1
2025-07-02 14:46:00+00:00,long,0,0.4152641,0.42764795,0.9358771,0.6257625,2,1
2025-07-02 14:47:00+00:00,long,1,0.9973713,0.99460995,0.9959453,0.76603204,3,2
2025-07-02 14:48:00+00:00,long,0,0.14062405,0.10134858,0.37063083,0.36994973,2,0
2025-07-02 14:49:00+00:00,long,0,0.020635149,0.037724033,0.097490974,0.29306397,2,0
2025-07-02 14:50:00+00:00,long,0,0.0013407072,0.0024018257,0.014555988,0.20444818,2,0
2025-07-02 14:51:00+00:00,long,0,0.040287867,0.03425664,0.26735464,0.39263153,2,0
2025-07-02 14:52:00+00:00,long,1,0.9824838,0.9858338,0.9893077,0.78266644,3,2
2025-07-02 14:53:00+00:00,long,0,0.0006414873,0.0013152093,0.012269848,0.19613719,2,0
2025-07-02 14:54:00+00:00,long,0,0.5010887,0.58586156,0.95424074,0.7209231,2,2
2025-07-02 14:55:00+00:00,long,0,0.016103644,0.020260785,0.19006597,0.3199942,2,0
2025-07-02 14:56:00+00:00,long,0,0.1610606,0.13986039,0.86656576,0.48784605,2,0
2025-07-02 14:57:00+00:00,long,0,0.00059307617,0.0008803319,0.020103978,0.21199374,2,0
2025-07-02 14:58:00+00:00,long,0,0.0024626146,0.0030159587,0.009013799,0.24070807,2,0
2025-07-02 14:59:00+00:00,long,0,0.007145528,0.009427763,0.18586746,0.23467843,2,0
2025-07-02 15:00:00+00:00,long,1,0.98506576,0.98029906,0.9561232,0.7283457,3,2
2025-07-02 15:01:00+00:00,long,1,0.9754556,0.9612378,0.94597965,0.70598316,3,2
2025-07-02 15:02:00+00:00,long,1,0.97763103,0.96234053,0.9564769,0.72038203,3,2
2025-07-02 15:03:00+00:00,long,1,0.97600013,0.9618272,0.97187144,0.7714847,3,2
2025-07-02 15:04:00+00:00,long,0,0.0067377994,0.010676866,0.034109145,0.2590007,2,0
2025-07-02 15:05:00+00:00,long,0,0.2845989,0.23632821,0.7153506,0.4467859,2,0
2025-07-02 15:06:00+00:00,long,0,0.25618225,0.19593069,0.6750976,0.43880698,2,0
2025-07-02 15:07:00+00:00,long,0,0.06432305,0.068199486,0.15388656,0.2956867,2,0
2025-07-02 15:08:00+00:00,long,1,0.99297273,0.9905145,0.97158235,0.7562938,3,2
2025-07-02 15:09:00+00:00,long,0,0.090689346,0.11391425,0.09332142,0.370905,2,0
2025-07-02 15:10:00+00:00,long,0,0.005265146,0.0020555847,0.015209083,0.20138387,2,0
2025-07-02 15:11:00+00:00,long,0,0.0043953694,0.006957408,0.006287384,0.23750694,2,0
2025-07-02 15:12:00+00:00,long,1,0.9824446,0.97345304,0.962844,0.73249054,3,2
2025-07-02 15:13:00+00:00,long,1,0.98849815,0.9728052,0.9432945,0.71887964,3,2
2025-07-02 15:14:00+00:00,long,0,0.0072838417,0.008552215,0.008696347,0.19529015,2,0
2025-07-02 15:15:00+00:00,long,1,0.970087,0.9401573,0.897569,0.69850636,3,2
2025-07-02 15:16:00+00:00,long,1,0.99359107,0.985556,0.98322475,0.78427553,3,2
2025-07-02 15:17:00+00:00,long,1,0.99278486,0.9850685,0.97361934,0.7754584,3,2
2025-07-02 15:18:00+00:00,long,0,0.1435502,0.123982586,0.063138224,0.38661933,2,0
2025-07-02 15:19:00+00:00,long,1,0.98875576,0.98153424,0.95483506,0.7230649,3,2
2025-07-02 15:20:00+00:00,long,0,0.0090134535,0.006056681,0.026213147,0.21641928,2,0
2025-07-02 15:21:00+00:00,long,0,0.015991347,0.016973173,0.028433504,0.24834128,2,0
2025-07-02 15:22:00+00:00,long,0,0.005814345,0.0031595614,0.005948587,0.18072754,2,0
2025-07-02 15:23:00+00:00,long,0,0.02355308,0.020018455,0.090416215,0.27048746,2,0
2025-07-02 15:24:00+00:00,long,0,0.09046246,0.049691062,0.0667645,0.2875326,2,0
2025-07-02 15:25:00+00:00,long,0,0.052400917,0.027549965,0.18970366,0.28565434,2,0
2025-07-02 15:26:00+00:00,long,0,0.003943385,0.0057629314,0.008271848,0.19142772,2,0
2025-07-02 15:27:00+00:00,long,0,0.011733929,0.009942786,0.023155993,0.20563422,2,0
2025-07-02 15:28:00+00:00,long,0,0.0113204075,0.012592713,0.039073616,0.20506047,2,0
2025-07-02 15:29:00+00:00,long,0,0.009039425,0.007404244,0.069195114,0.23565787,2,0
2025-07-02 15:30:00+00:00,long,0,0.0010739103,0.00091222994,0.023235127,0.19075453,2,0
2025-07-02 15:31:00+00:00,long,0,0.0011654261,0.0014191929,0.014376031,0.19029015,2,0
2025-07-02 15:32:00+00:00,long,0,0.004879537,0.0023300082,0.019163527,0.20368277,2,0
2025-07-02 15:33:00+00:00,long,1,0.9918351,0.97976124,0.96824694,0.767381,3,2
2025-07-02 15:34:00+00:00,long,0,0.11884625,0.043206953,0.38303825,0.2917128,2,0
2025-07-02 15:35:00+00:00,long,0,0.0027547404,0.0019289816,0.018506182,0.21173225,2,0
2025-07-02 15:36:00+00:00,long,0,0.018091058,0.013810554,0.051118992,0.19855362,2,0
2025-07-02 15:37:00+00:00,long,0,0.004412105,0.0018991232,0.0277681,0.21365541,2,0
2025-07-02 15:38:00+00:00,long,0,0.012582349,0.0067123403,0.060415972,0.19694336,2,0
2025-07-02 15:39:00+00:00,long,0,0.13327123,0.12338661,0.5727441,0.42245802,2,0
2025-07-02 15:40:00+00:00,long,0,0.099928096,0.08292341,0.31332222,0.32374418,2,0
2025-07-02 15:41:00+00:00,long,0,0.035881396,0.020868426,0.09551681,0.21319844,2,0
2025-07-02 15:42:00+00:00,long,0,0.004890188,0.0018901367,0.008773716,0.18390496,2,0
2025-07-02 15:43:00+00:00,long,1,0.9807309,0.9490302,0.9783412,0.77926725,3,2
2025-07-02 15:44:00+00:00,long,0,0.004797118,0.0023078916,0.0154069215,0.19116728,2,0
2025-07-02 15:45:00+00:00,long,0,0.09927917,0.048576612,0.22041628,0.3439081,2,0
2025-07-02 15:46:00+00:00,long,0,0.0056471406,0.0018596991,0.05483773,0.22365196,2,0
2025-07-02 15:47:00+00:00,long,0,0.46770498,0.34920534,0.6377446,0.576428,2,1
2025-07-02 15:48:00+00:00,long,0,0.02391104,0.011099935,0.05029757,0.23316337,2,0
2025-07-02 15:49:00+00:00,long,0,0.07405615,0.057183467,0.20395462,0.34191456,2,0
2025-07-02 15:50:00+00:00,long,0,0.43256024,0.38948464,0.85039985,0.6603692,2,1
2025-07-03 14:19:00+00:00,long,1,0.9965552,0.994605,0.99181587,0.82142574,3,2
2025-07-03 14:20:00+00:00,long,1,0.9970963,0.99050117,0.98932207,0.8188793,3,2
2025-07-03 14:21:00+00:00,long,1,0.9971711,0.9913741,0.9896666,0.8248294,3,2
2025-07-03 14:22:00+00:00,long,1,0.99645764,0.9914607,0.9761972,0.8258093,3,2
2025-07-03 14:23:00+00:00,long,1,0.9937186,0.9904439,0.9835939,0.8140189,3,2
2025-07-03 14:24:00+00:00,long,1,0.9970095,0.9954999,0.99320203,0.8177653,3,2
2025-07-03 14:25:00+00:00,long,1,0.9988238,0.99757105,0.9927579,0.8248665,3,2
2025-07-03 14:26:00+00:00,long,0,0.0056378036,0.01724348,0.008639341,0.187532,2,0
2025-07-03 14:27:00+00:00,long,0,0.2775447,0.22866015,0.19639352,0.42945108,2,0
2025-07-03 14:28:00+00:00,long,1,0.9987238,0.99760216,0.98825526,0.8251753,3,2
2025-07-03 14:29:00+00:00,long,1,0.9987753,0.99792564,0.9905177,0.82566303,3,2
2025-07-03 14:30:00+00:00,long,1,0.99803466,0.9970983,0.98252827,0.82592887,3,2
2025-07-03 14:31:00+00:00,long,1,0.99890685,0.99771535,0.990767,0.82477444,3,2
2025-07-03 14:32:00+00:00,long,0,0.02317322,0.038431756,0.012466038,0.20412461,2,0
2025-07-03 14:33:00+00:00,long,1,0.9981198,0.9965597,0.9914191,0.8290952,3,2
2025-07-03 14:34:00+00:00,long,1,0.9912872,0.984183,0.95596087,0.812789,3,2
2025-07-03 14:35:00+00:00,long,0,0.027349463,0.025128068,0.05098053,0.25220963,2,0
2025-07-03 14:36:00+00:00,long,1,0.9925545,0.98067665,0.97292423,0.8101302,3,2
2025-07-03 14:37:00+00:00,long,0,0.007516829,0.014030137,0.020970603,0.23263793,2,0
2025-07-03 14:38:00+00:00,long,1,0.98058355,0.95484465,0.9129323,0.80276656,3,2
2025-07-03 14:39:00+00:00,long,0,0.10137748,0.16425054,0.32159328,0.48328695,2,1
2025-07-03 14:40:00+00:00,long,0,0.032326695,0.048302673,0.16708846,0.21910429,2,0
2025-07-03 14:41:00+00:00,long,0,0.0069682617,0.017571582,0.017738435,0.20811707,2,0
2025-07-03 14:42:00+00:00,long,1,0.9980096,0.995494,0.9879099,0.82209444,3,2
2025-07-03 14:43:00+00:00,long,1,0.99911267,0.9977174,0.9951362,0.828831,3,2
2025-07-03 14:44:00+00:00,long,0,0.25376076,0.29044992,0.849297,0.56485844,2,0
2025-07-03 14:45:00+00:00,long,0,0.041082527,0.056856062,0.1740277,0.3231757,2,0
2025-07-03 14:46:00+00:00,long,1,0.9703315,0.9359279,0.94737524,0.8130655,3,2
2025-07-03 14:47:00+00:00,long,1,0.9952775,0.9927221,0.9827321,0.8248794,3,2
2025-07-03 14:48:00+00:00,long,1,0.99409014,0.9863196,0.98248625,0.8263337,3,2
2025-07-03 14:49:00+00:00,long,0,0.04948826,0.03790783,0.2310616,0.31552824,2,0
2025-07-03 14:50:00+00:00,long,0,0.0018960409,0.008405344,0.015129009,0.2188549,2,0
2025-07-03 14:51:00+00:00,long,1,0.99150133,0.9776127,0.9671162,0.82229453,3,2
2025-07-03 14:52:00+00:00,long,0,0.5115653,0.6147223,0.9388447,0.74091697,2,2
2025-07-03 14:53:00+00:00,long,0,0.4146545,0.44585568,0.9441353,0.7336108,2,2
2025-07-03 14:54:00+00:00,long,0,0.00090494717,0.0017986934,0.011289617,0.18402483,2,0
2025-07-03 14:55:00+00:00,long,0,0.008203841,0.009383158,0.065544896,0.19765371,2,0
2025-07-03 14:56:00+00:00,long,1,0.99669915,0.99315745,0.9915854,0.82821566,3,2
2025-07-03 14:57:00+00:00,long,1,0.99147296,0.97821975,0.98519415,0.8236997,3,2
2025-07-03 14:58:00+00:00,long,0,0.0015008242,0.0035834953,0.058409326,0.20605624,2,0
2025-07-03 14:59:00+00:00,long,0,0.0063838973,0.011221612,0.05970224,0.2022217,2,0
2025-07-03 15:00:00+00:00,long,1,0.9619971,0.9270012,0.87784785,0.7672741,3,2
2025-07-03 15:01:00+00:00,long,0,0.027831815,0.059143744,0.0974884,0.2232247,2,0
2025-07-03 15:02:00+00:00,long,0,0.16534153,0.24228175,0.39600325,0.30969167,2,0
2025-07-03 15:03:00+00:00,long,0,0.004838751,0.0076720724,0.01884435,0.19925547,2,0
2025-07-03 15:04:00+00:00,long,0,0.70647335,0.66133535,0.850128,0.667275,2,1
2025-07-03 15:05:00+00:00,long,0,0.0017945485,0.0017699373,0.006297996,0.17155635,2,0
2025-07-03 15:06:00+00:00,long,1,0.9963372,0.9902624,0.968615,0.8231728,3,2
2025-07-03 15:07:00+00:00,long,0,0.020344172,0.036389973,0.06347686,0.20320441,2,0
2025-07-03 15:08:00+00:00,long,1,0.99482805,0.98830324,0.9592769,0.8230996,3,2
2025-07-03 15:09:00+00:00,long,0,0.023786206,0.036245566,0.10238294,0.1966632,2,0
2025-07-03 15:10:00+00:00,long,0,0.012029636,0.022988254,0.101388685,0.19032538,2,0
2025-07-03 15:11:00+00:00,long,0,0.045950234,0.052097403,0.2623882,0.20909859,2,0
2025-07-03 15:12:00+00:00,long,0,0.0025072133,0.004527484,0.004702341,0.17650361,2,0
2025-07-03 15:13:00+00:00,long,1,0.9924986,0.98486185,0.9636498,0.8247752,3,2
2025-07-03 15:14:00+00:00,long,1,0.9884077,0.97799635,0.9067198,0.8111734,3,2
2025-07-03 15:15:00+00:00,long,1,0.9710733,0.9500219,0.9396296,0.80036163,3,2
2025-07-03 15:16:00+00:00,long,1,0.9902283,0.98131,0.9571513,0.81231195,3,2
2025-07-03 15:17:00+00:00,long,0,0.003921039,0.005012127,0.023952702,0.17600365,2,0
2025-07-03 15:18:00+00:00,long,1,0.9971302,0.99263376,0.9750522,0.8232587,3,2
2025-07-03 15:19:00+00:00,long,1,0.9984255,0.99345934,0.9818871,0.82643867,3,2
2025-07-03 15:20:00+00:00,long,0,0.16633274,0.1153316,0.12487281,0.3698022,2,0
2025-07-03 15:21:00+00:00,long,0,0.0014598249,0.0031580476,0.0108520305,0.1718538,2,0
2025-07-03 15:22:00+00:00,long,0,0.14440292,0.1814676,0.098969735,0.26838863,2,0
2025-07-03 15:23:00+00:00,long,1,0.9753259,0.9479075,0.8685291,0.80081767,3,2
2025-07-03 15:24:00+00:00,long,0,0.06918042,0.06738931,0.116094194,0.33677948,2,0
2025-07-03 15:25:00+00:00,long,0,0.005050065,0.008182614,0.017681155,0.17453891,2,0
2025-07-03 15:26:00+00:00,long,0,0.007158663,0.012728915,0.022149015,0.18125011,2,0
2025-07-03 15:27:00+00:00,long,0,0.00869511,0.019019015,0.099782154,0.18224831,2,0
2025-07-03 15:28:00+00:00,long,0,0.04807643,0.033601828,0.19765767,0.28938937,2,0
2025-07-03 15:29:00+00:00,long,0,0.006500607,0.011167438,0.05840048,0.2010478,2,0
2025-07-03 15:30:00+00:00,long,0,0.0034369486,0.0060997442,0.027990956,0.17351055,2,0
2025-07-03 15:31:00+00:00,long,1,0.97781825,0.96820223,0.94579005,0.8199587,3,2
2025-07-03 15:32:00+00:00,long,1,0.994703,0.9847282,0.9730645,0.81765914,3,2
2025-07-03 15:33:00+00:00,long,0,0.0021943164,0.0037316335,0.016729724,0.1745845,2,0
2025-07-03 15:34:00+00:00,long,0,0.0054977825,0.006542754,0.03314826,0.17884158,2,0
2025-07-03 15:35:00+00:00,long,0,0.044277336,0.03751623,0.5251396,0.32041532,2,0
2025-07-03 15:36:00+00:00,long,0,0.0014511545,0.0019888708,0.034067433,0.17102481,2,0
2025-07-03 15:37:00+00:00,long,0,0.0035051752,0.0019287118,0.07429897,0.17595178,2,0
2025-07-03 15:38:00+00:00,long,0,0.015903817,0.019969892,0.11948019,0.2251421,2,0
2025-07-03 15:39:00+00:00,long,0,0.31341374,0.25663844,0.86599654,0.5143439,2,0
2025-07-03 15:40:00+00:00,long,1,0.9895074,0.9621817,0.9684977,0.80609304,3,2
2025-07-03 15:41:00+00:00,long,0,0.003649061,0.0045885635,0.02252108,0.17063554,2,0
2025-07-03 15:42:00+00:00,long,0,0.0021209398,0.0035945452,0.03709186,0.17127055,2,0
2025-07-03 15:43:00+00:00,long,0,0.002440707,0.0025057194,0.03854361,0.17303787,2,0
2025-07-03 15:44:00+00:00,long,0,0.0081609255,0.018611174,0.08939669,0.17337191,2,0
2025-07-03 15:45:00+00:00,long,0,0.06306472,0.11028295,0.6201276,0.37838545,2,0
2025-07-03 15:46:00+00:00,long,0,0.07653636,0.09560453,0.6115418,0.36036506,2,0
2025-07-03 15:47:00+00:00,long,0,0.21559484,0.37733456,0.8123428,0.61429614,2,1
2025-07-03 15:48:00+00:00,long,0,0.15250935,0.17295586,0.65469414,0.44016042,2,0
2025-07-03 15:49:00+00:00,long,0,0.0021893731,0.002715432,0.059490543,0.17208599,2,0
2025-07-03 15:50:00+00:00,long,0,0.0049191625,0.019865913,0.029242668,0.17618741,2,0
2025-07-07 14:19:00+00:00,long,0,0.0010775939,0.80712146,0.00051587506,0.18664317,1,0
2025-07-07 14:20:00+00:00,short,1,0.9585636,0.9686821,0.90659153,0.6535701,2,1
2025-07-07 14:21:00+00:00,long,0,0.0019192254,0.7382864,0.0007580287,0.18519916,1,0
2025-07-07 14:22:00+00:00,short,0,0.16281557,0.907477,0.5178933,0.5425343,1,0
2025-07-07 14:23:00+00:00,long,0,0.0009912915,0.20400783,0.0005814457,0.1752699,1,0
2025-07-07 14:24:00+00:00,long,0,0.0004181325,0.08868899,0.00043456294,0.16804887,1,0
2025-07-07 14:25:00+00:00,long,0,0.0004756117,0.60118675,0.0005336529,0.18368243,1,0
2025-07-07 14:26:00+00:00,long,0,0.00037282013,0.45877907,0.00048851303,0.1847081,1,0
2025-07-07 14:27:00+00:00,long,0,0.0004580594,0.8253542,0.0021680293,0.18707345,1,0
2025-07-07 14:28:00+00:00,short,0,0.036403317,0.9181469,0.1571979,0.33368763,1,0
2025-07-07 14:29:00+00:00,long,0,0.00018216015,0.38239777,0.0003737707,0.18093139,1,0
2025-07-07 14:30:00+00:00,short,0,0.025525656,0.023586486,0.1241181,0.33856878,2,0
2025-07-07 14:31:00+00:00,long,0,0.0003231406,0.00088908145,0.0003352293,0.17486657,2,0
2025-07-07 14:32:00+00:00,short,0,0.0009394738,0.001669022,0.0015997499,0.17848067,2,0
2025-07-07 14:33:00+00:00,long,0,0.00037502576,0.0020396176,0.000870944,0.17985557,2,0
2025-07-07 14:34:00+00:00,long,0,0.00017837723,0.0004009454,0.00017607164,0.16846418,2,0
2025-07-07 14:35:00+00:00,long,0,0.00016514683,0.0008634322,0.0002387706,0.1720211,2,0
2025-07-07 14:36:00+00:00,long,0,0.0002954136,0.0004990382,0.0003451186,0.17146717,2,0
2025-07-07 14:37:00+00:00,long,0,0.00019689326,0.00036874902,0.0001758884,0.16791528,2,0
2025-07-07 14:38:00+00:00,short,0,0.002980089,0.009579547,0.00501994,0.2156115,2,0
2025-07-07 14:39:00+00:00,short,0,0.22665454,0.15643902,0.83522373,0.64587134,2,2
2025-07-07 14:40:00+00:00,long,0,0.00022585285,0.00052322255,0.00015645321,0.16948366,2,0
2025-07-07 14:41:00+00:00,short,0,0.019135311,0.014699358,0.012121729,0.2755343,2,0
2025-07-07 14:42:00+00:00,long,0,0.13807173,0.13854596,0.24856888,0.433113,2,0
2025-07-07 14:43:00+00:00,short,0,0.00045268898,0.0008660928,0.00022383299,0.16769688,2,0
2025-07-07 14:44:00+00:00,long,0,0.04234862,0.032808386,0.24172461,0.3679869,2,0
2025-07-07 14:45:00+00:00,long,0,0.0004850009,0.0017721056,0.0005191334,0.17979711,2,0
2025-07-07 14:46:00+00:00,long,0,0.00045070553,0.0010314378,0.0002457743,0.17080267,2,0
2025-07-07 14:47:00+00:00,short,0,0.003207727,0.00456357,0.0037516193,0.19542603,2,0
2025-07-07 14:48:00+00:00,short,0,0.0016660294,0.0017749234,0.0009865946,0.17268158,2,0
2025-07-07 14:49:00+00:00,long,0,0.051582437,0.10894048,0.23087189,0.53467053,2,1
2025-07-07 14:50:00+00:00,long,0,0.00070078956,0.0024746351,0.000560803,0.17442487,2,0
2025-07-07 14:51:00+00:00,long,0,0.00062192994,0.0020299917,0.00090389757,0.18802623,2,0
2025-07-07 14:52:00+00:00,long,0,0.0006100226,0.0025338926,0.0030129107,0.19086815,2,0
2025-07-07 14:53:00+00:00,long,0,0.0004691556,0.002286416,0.0007959692,0.17797603,2,0
2025-07-07 14:54:00+00:00,short,0,0.0046754894,0.0046445876,0.0059497124,0.21937056,2,0
2025-07-07 14:55:00+00:00,long,0,0.0012778747,0.004714741,0.0032602407,0.1899098,2,0
2025-07-07 14:56:00+00:00,long,0,0.002245173,0.0026246447,0.0014114146,0.18967263,2,0
2025-07-07 14:57:00+00:00,short,0,0.0008572265,0.0011462135,0.00050468364,0.17073445,2,0
2025-07-07 14:58:00+00:00,long,0,0.000668286,0.0009934674,0.0012798407,0.17180163,2,0
2025-07-07 14:59:00+00:00,long,0,0.00059579196,0.0009974911,0.00096363877,0.17466106,2,0
2025-07-07 15:00:00+00:00,long,0,0.0009039975,0.001442357,0.0017447617,0.18355012,2,0
2025-07-07 15:01:00+00:00,short,0,0.00044450705,0.0011227524,0.001029621,0.16959018,2,0
2025-07-07 15:02:00+00:00,short,0,0.011375499,0.0030189566,0.06356208,0.30108848,2,0
2025-07-07 15:03:00+00:00,short,0,0.00043086603,0.0004697257,0.0006035713,0.16892351,2,0
2025-07-07 15:04:00+00:00,long,0,0.00023371517,0.00027791885,0.000664905,0.16864051,2,0
2025-07-07 15:05:00+00:00,short,0,0.0010227346,0.0011618083,0.0017152039,0.19200039,2,0
2025-07-07 15:06:00+00:00,short,0,0.0026175142,0.002368419,0.0032895943,0.2032669,2,0
2025-07-07 15:07:00+00:00,long,0,0.00052864815,0.00040028853,0.001365407,0.17192884,2,0
2025-07-07 15:08:00+00:00,short,1,0.97546864,0.99357176,0.9245148,0.76414704,2,2
2025-07-07 15:09:00+00:00,long,0,0.00051779783,0.0010347491,0.0006271059,0.17705142,2,0
2025-07-07 15:10:00+00:00,short,0,0.0013524578,0.0013949967,0.0063511212,0.18470901,2,0
2025-07-07 15:11:00+00:00,short,0,0.020469444,0.6893774,0.042723864,0.36888966,1,0
2025-07-07 15:12:00+00:00,long,0,0.00026527912,0.00043376748,0.0004939198,0.1732047,2,0
2025-07-07 15:13:00+00:00,short,1,0.96766686,0.9935222,0.9185023,0.7043217,2,2
2025-07-07 15:14:00+00:00,short,0,0.0027816456,0.1538851,0.0077443826,0.18212907,1,0
2025-07-07 15:15:00+00:00,short,0,0.001392935,0.0032246017,0.003810338,0.17592971,2,0
2025-07-07 15:16:00+00:00,long,0,0.00041846506,0.0013158639,0.00094475184,0.17620371,2,0
2025-07-07 15:17:00+00:00,short,0,0.00028468156,0.00050497043,0.0002598458,0.16790758,2,0
2025-07-07 15:18:00+00:00,long,0,0.0004030222,0.00071265484,0.00076409825,0.17229098,2,0
2025-07-07 15:19:00+00:00,short,1,0.9689224,0.91411793,0.8856452,0.70467764,3,2
2025-07-07 15:20:00+00:00,long,0,0.0005321641,0.0038290317,0.0017044375,0.17572348,2,0
2025-07-07 15:21:00+00:00,short,0,0.03669688,0.07039683,0.048159588,0.34851894,2,0
2025-07-07 15:22:00+00:00,short,0,0.025491348,0.035614353,0.0486848,0.3301887,2,0
2025-07-07 15:23:00+00:00,short,0,0.037967656,0.074831225,0.034437634,0.32008144,2,0
2025-07-07 15:24:00+00:00,short,0,0.0017985959,0.0029853089,0.0034578338,0.1813469,2,0
2025-07-07 15:25:00+00:00,long,0,0.00052422046,0.0036772664,0.0008686487,0.17793626,2,0
2025-07-07 15:26:00+00:00,long,0,0.0003638923,0.0007984567,0.00013860123,0.16819258,2,0
2025-07-07 15:27:00+00:00,long,0,0.0002554184,0.00137362,0.00050949,0.17843144,2,0
2025-07-07 15:28:00+00:00,long,0,0.0023785129,0.0050867223,0.0040467936,0.18579973,2,0
2025-07-07 15:29:00+00:00,long,0,0.003007816,0.0066542556,0.007311982,0.18117477,2,0
2025-07-07 15:30:00+00:00,short,0,0.00073494954,0.001009826,0.002899607,0.16985016,2,0
2025-07-07 15:31:00+00:00,long,0,0.0025632896,0.008988117,0.01200705,0.19882806,2,0
2025-07-07 15:32:00+00:00,short,0,0.013535051,0.05760816,0.08656078,0.24535812,2,0
2025-07-07 15:33:00+00:00,long,0,0.0004235152,0.0014332844,0.00071394705,0.17681567,2,0
2025-07-07 15:34:00+00:00,short,0,0.015538496,0.07102904,0.07538195,0.2790812,2,0
2025-07-07 15:35:00+00:00,short,0,0.0015989488,0.0034792835,0.003675892,0.19720025,2,0
2025-07-07 15:36:00+00:00,short,0,0.0062824828,0.0148966415,0.073982485,0.23081847,2,0
2025-07-07 15:37:00+00:00,short,0,0.00035620795,0.00040960105,0.0025074577,0.1679856,2,0
2025-07-07 15:38:00+00:00,long,0,0.000448384,0.0010008705,0.0055625346,0.17480366,2,0
2025-07-07 15:39:00+00:00,short,0,0.001123748,0.0073695574,0.01506086,0.19566722,2,0
2025-07-07 15:40:00+00:00,long,0,0.00024235643,0.00023038675,0.0003375534,0.16829705,2,0
2025-07-07 15:41:00+00:00,short,0,0.0041762227,0.028076239,0.0354009,0.28727177,2,0
2025-07-07 15:42:00+00:00,short,0,0.030958697,0.98165876,0.11706765,0.4532018,1,1
2025-07-07 15:43:00+00:00,short,0,0.00018298687,0.00036421313,0.000101697595,0.16783895,2,0
2025-07-07 15:44:00+00:00,short,0,0.00012224112,0.00019303695,0.0004194603,0.16789037,2,0
2025-07-07 15:45:00+00:00,long,0,7.741118e-05,0.00040969477,0.00044529163,0.17016685,2,0
2025-07-07 15:46:00+00:00,short,0,0.0007847834,0.0010598132,0.0012691354,0.17406051,2,0
2025-07-07 15:47:00+00:00,short,0,0.004588505,0.00770375,0.018634362,0.23694038,2,0
2025-07-07 15:48:00+00:00,short,0,0.0070735877,0.022839082,0.062873095,0.3411641,2,0
2025-07-07 15:49:00+00:00,short,0,0.21616496,0.9936167,0.8828842,0.49544558,1,0
2025-07-07 15:50:00+00:00,long,0,0.00018820039,0.0005467565,0.0007978525,0.17175923,2,0
2025-07-08 14:19:00+00:00,short,0,3.7482394e-05,0.00037773227,0.00011166587,0.16832776,2,0
2025-07-08 14:20:00+00:00,short,0,0.0003628323,0.0007627557,0.002548903,0.18984295,2,0
2025-07-08 14:21:00+00:00,short,0,0.0006397741,0.0010884134,0.0005636842,0.19036226,2,0
2025-07-08 14:22:00+00:00,short,0,0.00036607895,0.0005470719,0.0011870583,0.18503016,2,0
2025-07-08 14:23:00+00:00,short,0,9.6515134e-05,0.00046499472,0.00046003197,0.1728149,2,0
2025-07-08 14:24:00+00:00,short,0,0.00020693068,0.00096063013,0.0005941995,0.17743923,2,0
2025-07-08 14:25:00+00:00,short,0,5.4732987e-05,0.00043737463,0.0002734913,0.1689284,2,0
2025-07-08 14:26:00+00:00,short,0,0.0003685912,0.00077318563,0.004001534,0.19714348,2,0
2025-07-08 14:27:00+00:00,short,0,0.000108741464,0.00051412993,0.000121321194,0.16770534,2,0
2025-07-08 14:28:00+00:00,short,0,0.00097189925,0.0024857267,0.0012984216,0.18270773,2,0
2025-07-08 14:29:00+00:00,short,0,0.00027044408,0.0006600485,0.0012075227,0.18110485,2,0
2025-07-08 14:30:00+00:00,short,0,0.00069812126,0.0021603187,0.0015474167,0.17781891,2,0
2025-07-08 14:31:00+00:00,short,0,0.00027203502,0.0011737652,0.0005137209,0.17295803,2,0
2025-07-08 14:32:00+00:00,short,0,0.00026531224,0.00080416177,0.000438802,0.17096879,2,0
2025-07-08 14:33:00+00:00,short,0,0.0004993206,0.002006116,0.0010038682,0.1755452,2,0
2025-07-08 14:34:00+00:00,short,0,0.0007758582,0.0031101245,0.0009777322,0.18019469,2,0
2025-07-08 14:35:00+00:00,short,0,0.00021034747,0.00084298727,6.530421e-05,0.17046918,2,0
2025-07-08 14:36:00+00:00,short,0,0.00020379701,0.00069090584,5.523941e-05,0.16806735,2,0
2025-07-08 14:37:00+00:00,short,0,0.00034680218,0.0010779641,0.00032231078,0.17699091,2,0
2025-07-08 14:38:00+00:00,short,0,0.00034379982,0.00091692986,0.0003385275,0.18597299,2,0
2025-07-08 14:39:00+00:00,short,0,0.0002159249,0.0005578072,0.0002411468,0.1739469,2,0
2025-07-08 14:40:00+00:00,short,0,0.00021570371,0.00068397087,5.425909e-05,0.1682331,2,0
2025-07-08 14:41:00+00:00,short,0,0.00013233088,0.00050727883,0.00024062362,0.17448445,2,0
2025-07-08 14:42:00+00:00,short,0,0.00018653569,0.0008751774,0.00010368007,0.1715613,2,0
2025-07-08 14:43:00+00:00,short,0,0.00030274503,0.000848935,0.00024842235,0.18468864,2,0
2025-07-08 14:44:00+00:00,short,0,0.0003052095,0.0007589792,0.00048852654,0.18526065,2,0
2025-07-08 14:45:00+00:00,short,0,0.0001042192,0.00039951882,9.5223404e-05,0.16960703,2,0
2025-07-08 14:46:00+00:00,short,0,9.759435e-05,0.00038429795,0.0001499802,0.16818969,2,0
2025-07-08 14:47:00+00:00,short,0,0.00051558873,0.05456656,0.0012306244,0.19215171,1,0
2025-07-08 14:48:00+00:00,short,0,0.00018249603,0.0005757616,0.00014456474,0.17805684,2,0
2025-07-08 14:49:00+00:00,short,0,8.795257e-05,0.00033060566,8.5596395e-05,0.17143007,2,0
2025-07-08 14:50:00+00:00,short,0,0.00022420143,0.02861059,0.00058712147,0.19504006,1,0
2025-07-08 14:51:00+00:00,short,0,6.330352e-05,0.00032845992,8.379675e-05,0.1690004,2,0
2025-07-08 14:52:00+00:00,short,0,6.187807e-05,0.00036496372,9.782057e-05,0.16891168,2,0
2025-07-08 14:53:00+00:00,short,0,8.077939e-05,0.020457998,0.0003256354,0.18468826,1,0
2025-07-08 14:54:00+00:00,short,0,0.00013427065,0.021016283,0.0005817442,0.20402505,1,0
2025-07-08 14:55:00+00:00,short,0,0.00017433558,0.016967405,0.00042623346,0.1992654,1,0
2025-07-08 14:56:00+00:00,short,0,0.00011369454,0.00039411813,0.00014397458,0.17309292,2,0
2025-07-08 14:57:00+00:00,short,0,5.504978e-05,0.0002354645,7.6174794e-05,0.16806395,2,0
2025-07-08 14:58:00+00:00,short,0,0.00014249081,0.028325982,0.0005294237,0.21067022,1,0
2025-07-08 14:59:00+00:00,short,0,0.0009552135,0.0017085188,0.00082315074,0.17744659,2,0
2025-07-08 15:00:00+00:00,short,0,0.00020956095,0.0006139325,0.00018498271,0.17969824,2,0
2025-07-08 15:01:00+00:00,short,0,0.00021695386,0.0009011268,0.00015086791,0.16983448,2,0
2025-07-08 15:02:00+00:00,short,0,8.014943e-05,0.00018795829,9.5438576e-05,0.16782016,2,0
2025-07-08 15:03:00+00:00,short,0,6.233797e-05,0.00019912655,9.796853e-05,0.16955651,2,0
2025-07-08 15:04:00+00:00,short,0,4.950066e-05,0.00022440312,0.000111337846,0.17124927,2,0
2025-07-08 15:05:00+00:00,short,0,6.3407744e-05,0.0003114583,0.000111337846,0.17171024,2,0
2025-07-08 15:06:00+00:00,short,0,5.2949603e-05,0.00018815644,0.000108700726,0.17014848,2,0
2025-07-08 15:07:00+00:00,short,0,0.00029451793,0.024947722,0.0010714822,0.20451993,1,0
2025-07-08 15:08:00+00:00,short,0,0.00016048277,0.020303993,0.00034092853,0.19325429,1,0
2025-07-08 15:09:00+00:00,short,0,0.00012378549,0.023402894,0.00029101555,0.19190173,1,0
2025-07-08 15:10:00+00:00,long,0,0.0024496021,0.005206722,0.002857122,0.18073821,2,0
2025-07-08 15:11:00+00:00,short,0,0.0009884118,0.002832108,0.0012241692,0.18500249,2,0
2025-07-08 15:12:00+00:00,short,0,0.0015029637,0.004866011,0.0010700846,0.18495323,2,0
2025-07-08 15:13:00+00:00,short,0,0.0013799078,0.0030524055,0.001151591,0.200244,2,0
2025-07-08 15:14:00+00:00,short,0,0.00027023326,0.0010661205,7.852695e-05,0.17563395,2,0
2025-07-08 15:15:00+00:00,short,0,0.0011698027,0.005260376,0.0010181469,0.2096373,2,0
2025-07-08 15:16:00+00:00,short,0,0.0002729521,0.00084281934,0.00017883825,0.18173885,2,0
2025-07-08 15:17:00+00:00,short,0,0.00041122644,0.0012383915,0.0006415992,0.21668352,2,0
2025-07-08 15:18:00+00:00,short,0,0.00027240382,0.0007415091,0.00020333719,0.1692571,2,0
2025-07-08 15:19:00+00:00,short,0,0.00041209452,0.001620336,0.00039341033,0.1985233,2,0
2025-07-08 15:20:00+00:00,short,0,0.00019531586,0.0008231441,0.00016085917,0.16967346,2,0
2025-07-08 15:21:00+00:00,short,0,0.00029192228,0.0012109292,8.7896806e-05,0.17281492,2,0
2025-07-08 15:22:00+00:00,short,0,0.00096192706,0.10102921,0.0008212993,0.21136324,1,0
2025-07-08 15:23:00+00:00,short,0,0.00021384534,0.038428232,0.00020171859,0.16996641,1,0
2025-07-08 15:24:00+00:00,short,0,0.00022791396,0.00032997967,0.0002636965,0.1723733,2,0
2025-07-08 15:25:00+00:00,short,0,7.688986e-05,0.00037416464,0.00027528935,0.16820669,2,0
2025-07-08 15:26:00+00:00,short,0,0.00025783552,0.0009468158,0.0009145902,0.18197419,2,0
2025-07-08 15:27:00+00:00,short,0,8.665279e-05,0.00040422613,0.0001079405,0.17023171,2,0
2025-07-08 15:28:00+00:00,short,0,0.00011507012,0.00077137374,0.0004771736,0.17704485,2,0
2025-07-08 15:29:00+00:00,short,0,9.555404e-05,0.00037898385,0.0005155558,0.18696235,2,0
2025-07-08 15:30:00+00:00,short,0,0.0003738122,0.001343163,0.0006086938,0.19173479,2,0
2025-07-08 15:31:00+00:00,short,0,0.00012829303,0.0004909987,0.000464275,0.19480164,2,0
2025-07-08 15:32:00+00:00,short,0,0.00071955664,0.001050664,0.0013078226,0.19909541,2,0
2025-07-08 15:33:00+00:00,short,0,0.00010473556,0.00034920315,0.00010569814,0.16956848,2,0
2025-07-08 15:34:00+00:00,long,0,0.0032049106,0.003483949,0.0039469493,0.1854636,2,0
2025-07-08 15:35:00+00:00,short,0,0.00020784723,0.000580623,0.00036402745,0.16955952,2,0
2025-07-08 15:36:00+00:00,short,0,0.00012867982,0.00054001727,0.0002560616,0.17724305,2,0
2025-07-08 15:37:00+00:00,short,0,0.00011275297,0.00054427056,0.00012383849,0.16973515,2,0
2025-07-08 15:38:00+00:00,short,0,0.00022764163,0.0007582114,0.0010785363,0.18087839,2,0
2025-07-08 15:39:00+00:00,short,0,0.00014059644,0.0006489599,0.00024941724,0.1784033,2,0
2025-07-08 15:40:00+00:00,short,0,8.0384336e-05,0.0004234934,0.00030539843,0.1716017,2,0
2025-07-08 15:41:00+00:00,short,0,6.11746e-05,0.00038608772,6.7357e-05,0.1685518,2,0
2025-07-08 15:42:00+00:00,short,0,0.00017081527,0.030526364,0.0004445005,0.20025857,1,0
2025-07-08 15:43:00+00:00,short,0,8.1072176e-05,0.00050064764,0.00012396456,0.17319179,2,0
2025-07-08 15:44:00+00:00,short,0,7.191655e-05,0.00036378563,7.112812e-05,0.16862833,2,0
2025-07-08 15:45:00+00:00,short,0,9.1312e-05,0.0005486071,0.00018314239,0.17562163,2,0
2025-07-08 15:46:00+00:00,short,0,8.4041385e-05,0.00047680121,0.00015731726,0.17267443,2,0
2025-07-08 15:47:00+00:00,short,0,0.00012319177,0.0005128879,0.00023914198,0.17971909,2,0
2025-07-08 15:48:00+00:00,short,0,8.2019615e-05,0.00042983246,5.982029e-05,0.17012249,2,0
2025-07-08 15:49:00+00:00,short,0,0.00010160581,0.00063222036,5.7387813e-05,0.16921754,2,0
2025-07-08 15:50:00+00:00,long,0,0.00048448454,0.0010346215,0.0004954781,0.20674078,2,0
2025-07-09 14:19:00+00:00,long,0,0.00041525756,0.00059183274,0.0022583834,0.17022127,2,0
2025-07-09 14:20:00+00:00,long,0,0.20724955,0.23077342,0.8368682,0.5824303,2,1
2025-07-09 14:21:00+00:00,long,0,0.00031864535,0.00041848957,0.0021066754,0.17087735,2,0
2025-07-09 14:22:00+00:00,long,0,0.090935916,0.08783943,0.65588135,0.5310877,2,1
2025-07-09 14:23:00+00:00,long,0,0.0044069802,0.0035143679,0.011626121,0.18449657,2,0
2025-07-09 14:24:00+00:00,long,0,0.015989816,0.0067072334,0.21537831,0.24609882,2,0
2025-07-09 14:25:00+00:00,long,0,0.01170071,0.0069998037,0.013250705,0.18443887,2,0
2025-07-09 14:26:00+00:00,long,0,0.0031790668,0.0011785346,0.009545869,0.16962563,2,0
2025-07-09 14:27:00+00:00,long,0,0.0020121194,0.0009348642,0.0022052294,0.17083317,2,0
2025-07-09 14:28:00+00:00,long,1,0.97913045,0.92979145,0.9387746,0.77987665,3,2
2025-07-09 14:29:00+00:00,long,0,0.0029606337,0.0009016688,0.008404195,0.17103069,2,0
2025-07-09 14:30:00+00:00,long,0,0.0021730121,0.001342998,0.0029354512,0.17079334,2,0
2025-07-09 14:31:00+00:00,long,0,0.0018686027,0.0014115382,0.006112851,0.17937301,2,0
2025-07-09 14:32:00+00:00,long,0,0.0014340605,0.0009633757,0.002537722,0.17062585,2,0
2025-07-09 14:33:00+00:00,long,0,0.012328997,0.008720287,0.1688952,0.22028823,2,0
2025-07-09 14:34:00+00:00,long,0,0.0008500629,0.0010446159,0.0024098023,0.17111486,2,0
2025-07-09 14:35:00+00:00,long,0,0.00068227394,0.0007626743,0.008752559,0.17344089,2,0
2025-07-09 14:36:00+00:00,long,0,0.0061052195,0.0075004683,0.24211498,0.26629463,2,0
2025-07-09 14:37:00+00:00,long,0,0.00024832503,0.0005110793,0.0077200057,0.17609401,2,0
2025-07-09 14:38:00+00:00,long,0,0.26529205,0.21796079,0.87385327,0.61437804,2,1
2025-07-09 14:39:00+00:00,long,0,0.009650062,0.018949423,0.31887642,0.26372567,2,0
2025-07-09 14:40:00+00:00,long,0,0.00038269884,0.00067734625,0.0071535646,0.18164802,2,0
2025-07-09 14:41:00+00:00,long,0,0.0016800897,0.0057423892,0.10261112,0.28009802,2,0
2025-07-09 14:42:00+00:00,long,0,0.00067046616,0.0015675551,0.014583894,0.23518626,2,0
2025-07-09 14:43:00+00:00,long,0,0.00070703635,0.0017875623,0.008727194,0.19508368,2,0
2025-07-09 14:44:00+00:00,long,0,0.00040948312,0.0013770858,0.014086939,0.1888265,2,0
2025-07-09 14:45:00+00:00,long,0,0.0015460035,0.0023180556,0.013830518,0.1919908,2,0
2025-07-09 14:46:00+00:00,long,0,0.0032046135,0.0030090644,0.014523946,0.19186747,2,0
2025-07-09 14:47:00+00:00,long,0,0.0038143944,0.013135993,0.063321784,0.20660968,2,0
2025-07-09 14:48:00+00:00,long,0,0.0148373,0.005622651,0.027375119,0.19159518,2,0
2025-07-09 14:49:00+00:00,long,0,0.003849058,0.0038098835,0.0045037684,0.17089109,2,0
2025-07-09 14:50:00+00:00,long,0,0.0045035183,0.0030680425,0.009206952,0.17156498,2,0
2025-07-09 14:51:00+00:00,long,0,0.004388141,0.0060834587,0.05552874,0.21905482,2,0
2025-07-09 14:52:00+00:00,long,0,0.003397865,0.002351749,0.007344714,0.17151265,2,0
2025-07-09 14:53:00+00:00,long,0,0.16571294,0.18265721,0.62965626,0.4782203,2,1
2025-07-09 14:54:00+00:00,long,0,0.042252008,0.06406699,0.26112065,0.40417767,2,0
2025-07-09 14:55:00+00:00,long,0,0.23637286,0.9927003,0.88835824,0.5160686,1,1
2025-07-09 14:56:00+00:00,long,0,0.0017144163,0.00071347196,0.016000818,0.18660803,2,0
2025-07-09 14:57:00+00:00,long,0,0.0024248809,0.0022216158,0.018731529,0.18692136,2,0
2025-07-09 14:58:00+00:00,long,0,0.0032906844,0.006923616,0.031309806,0.18555014,2,0
2025-07-09 14:59:00+00:00,long,0,0.0061132014,0.0086834775,0.08812442,0.22924823,2,0
2025-07-09 15:00:00+00:00,long,0,0.010695907,0.010800552,0.06880094,0.19703741,2,0
2025-07-09 15:01:00+00:00,long,0,0.015188093,0.0042484626,0.051514223,0.18463755,2,0
2025-07-09 15:02:00+00:00,long,0,0.40737376,0.45501193,0.9347438,0.7200807,2,2
2025-07-09 15:03:00+00:00,long,0,0.0044457978,0.0030451426,0.002608976,0.18155827,2,0
2025-07-09 15:04:00+00:00,long,0,0.004008869,0.0020336194,0.0141615635,0.18551333,2,0
2025-07-09 15:05:00+00:00,long,0,0.00731263,0.009378169,0.02231858,0.1883186,2,0
2025-07-09 15:06:00+00:00,long,0,0.0032759502,0.006049325,0.0036173156,0.17342149,2,0
2025-07-09 15:07:00+00:00,long,0,0.005654179,0.0027887868,0.01510756,0.18688975,2,0
2025-07-09 15:08:00+00:00,long,0,0.0031396735,0.0047610393,0.003535604,0.17580229,2,0
2025-07-09 15:09:00+00:00,long,0,0.0050651673,0.005594786,0.017512035,0.17919843,2,0
2025-07-09 15:10:00+00:00,long,0,0.008383869,0.040085714,0.2845206,0.2817572,2,0
2025-07-09 15:11:00+00:00,long,0,0.029739697,0.16280237,0.5310806,0.37743655,2,0
2025-07-09 15:12:00+00:00,long,0,0.020443372,0.88096005,0.7124433,0.3052106,1,0
2025-07-09 15:13:00+00:00,long,0,0.039988354,0.94955474,0.61557275,0.33771884,1,0
2025-07-09 15:14:00+00:00,long,0,0.17100467,0.9948078,0.95447147,0.5537409,1,1
2025-07-09 15:15:00+00:00,long,1,0.98316574,0.9973151,0.9632253,0.8000218,2,2
2025-07-09 15:16:00+00:00,long,0,0.002078536,0.0023000643,0.102155074,0.1831827,2,0
2025-07-09 15:17:00+00:00,long,0,0.0013330937,0.00052377547,0.015913237,0.18121213,2,0
2025-07-09 15:18:00+00:00,long,0,0.0025982514,0.0021199076,0.014912071,0.17881964,2,0
2025-07-09 15:19:00+00:00,long,0,0.007411579,0.0071177073,0.0153848035,0.17978533,2,0
2025-07-09 15:20:00+00:00,long,0,0.003342457,0.010772289,0.0072831423,0.1824121,2,0
2025-07-09 15:21:00+00:00,long,0,0.003034419,0.01217891,0.03297251,0.19767797,2,0
2025-07-09 15:22:00+00:00,long,0,0.003086175,0.005473992,0.022417609,0.18642326,2,0
2025-07-09 15:23:00+00:00,long,0,0.00894535,0.03997915,0.11621848,0.42600417,2,0
2025-07-09 15:24:00+00:00,long,0,0.0049734297,0.007251846,0.019792512,0.18447022,2,0
2025-07-09 15:25:00+00:00,long,0,0.007582912,0.0069919694,0.028703084,0.18771423,2,0
2025-07-09 15:26:00+00:00,long,0,0.00090800243,0.0011839325,0.03169251,0.18174265,2,0
2025-07-09 15:27:00+00:00,long,0,0.0047206874,0.009142814,0.024972435,0.18667842,2,0
2025-07-09 15:28:00+00:00,long,0,0.015949802,0.019125454,0.12093969,0.30928183,2,0
2025-07-09 15:29:00+00:00,long,0,0.014548754,0.01385401,0.2682685,0.31168583,2,0
2025-07-09 15:30:00+00:00,long,0,0.03184118,0.0954649,0.101120666,0.39878988,2,0
2025-07-09 15:31:00+00:00,long,0,0.0006336657,0.00087411574,0.010179237,0.1834216,2,0
2025-07-09 15:32:00+00:00,long,0,0.0009808906,0.0040860744,0.009965,0.20480244,2,0
2025-07-09 15:33:00+00:00,long,0,0.00055412727,0.00097158493,0.008209263,0.1838424,2,0
2025-07-09 15:34:00+00:00,long,0,0.009990341,0.02369647,0.22703974,0.36433744,2,0
2025-07-09 15:35:00+00:00,long,0,0.0006399018,0.0012017912,0.011796578,0.18989408,2,0
2025-07-09 15:36:00+00:00,long,0,0.21623088,0.39247403,0.7741904,0.7014179,2,2
2025-07-09 15:37:00+00:00,long,0,0.00070305227,0.00042174512,0.016677195,0.1746902,2,0
2025-07-09 15:38:00+00:00,long,1,0.9763317,0.9488985,0.92742497,0.78798443,3,2
2025-07-09 15:39:00+00:00,long,0,0.5890948,0.9944621,0.69962263,0.60262007,1,1
2025-07-09 15:40:00+00:00,long,0,0.062383994,0.8696487,0.3382416,0.3692849,1,0
2025-07-09 15:41:00+00:00,long,1,0.98522437,0.9976228,0.947223,0.76106995,2,2
2025-07-09 15:42:00+00:00,long,1,0.9794326,0.9974711,0.9138351,0.65555805,2,1
2025-07-09 15:43:00+00:00,long,0,0.017276738,0.46879944,0.0074307183,0.21025245,1,0
2025-07-09 15:44:00+00:00,long,0,0.027695652,0.015713558,0.022561919,0.22609256,2,0
2025-07-09 15:45:00+00:00,long,1,0.97814435,0.9385355,0.80967116,0.62626815,3,0
2025-07-09 15:46:00+00:00,long,0,0.016755022,0.013303261,0.01962384,0.17820758,2,0
2025-07-09 15:47:00+00:00,long,0,0.010053332,0.0076564746,0.0350882,0.17600797,2,0
2025-07-09 15:48:00+00:00,long,1,0.98046714,0.95429975,0.78486234,0.6773038,3,2
2025-07-09 15:49:00+00:00,long,0,0.05004404,0.033202637,0.009765594,0.18577553,2,0
2025-07-09 15:50:00+00:00,long,0,0.025534946,0.020595605,0.062358685,0.24457999,2,0
2025-07-10 14:19:00+00:00,long,0,0.0013097017,0.0013917629,0.0052841026,0.17582248,2,0
2025-07-10 14:20:00+00:00,long,0,0.0014001429,0.0014281451,0.019986268,0.1889873,2,0
2025-07-10 14:21:00+00:00,long,0,0.0019523974,0.00064221554,0.016487656,0.1727135,2,0
2025-07-10 14:22:00+00:00,long,0,0.0015284119,0.00067677035,0.006592981,0.17443539,2,0
2025-07-10 14:23:00+00:00,long,0,0.0029409523,0.002490143,0.004484485,0.17656823,2,0
2025-07-10 14:24:00+00:00,long,0,0.001809074,0.0009940454,0.0011102849,0.16853513,2,0
2025-07-10 14:25:00+00:00,long,0,0.0013239319,0.001145724,0.000360168,0.16826302,2,0
2025-07-10 14:26:00+00:00,long,0,0.0023259015,0.0027808035,0.0043326067,0.17241473,2,0
2025-07-10 14:27:00+00:00,long,1,0.9665886,0.96426666,0.93418026,0.71754694,3,2
2025-07-10 14:28:00+00:00,long,0,0.0014197897,0.0019540715,0.0011697677,0.17004599,2,0
2025-07-10 14:29:00+00:00,long,0,0.0017198715,0.0025711053,0.03737734,0.17104407,2,0
2025-07-10 14:30:00+00:00,long,0,0.0019935663,0.0032106922,0.0005167469,0.17034565,2,0
2025-07-10 14:31:00+00:00,long,0,0.00163819,0.0008802547,0.012638295,0.17345862,2,0
2025-07-10 14:32:00+00:00,long,0,0.00098845,0.0019046983,0.000982014,0.16931681,2,0
2025-07-10 14:33:00+00:00,long,0,0.015847912,0.013274182,0.005689356,0.19673197,2,0
2025-07-10 14:34:00+00:00,long,0,0.00065475027,0.0016327852,0.0003688721,0.16966389,2,0
2025-07-10 14:35:00+00:00,long,1,0.98200077,0.9314099,0.87326974,0.73370606,3,2
2025-07-10 14:36:00+00:00,long,0,0.00080927345,0.00072965695,0.0070315273,0.17916171,2,0
2025-07-10 14:37:00+00:00,long,0,0.010347965,0.019891735,0.009584683,0.21857823,2,0
2025-07-10 14:38:00+00:00,long,0,0.0033249632,0.0062305178,0.007435475,0.20715076,2,0
2025-07-10 14:39:00+00:00,long,0,0.0018008472,0.0014350543,0.003076927,0.177303,2,0
2025-07-10 14:40:00+00:00,long,0,0.00093783723,0.0008662505,0.0016216711,0.17105995,2,0
2025-07-10 14:41:00+00:00,long,0,0.00036863814,0.00060465955,0.0008138888,0.17296089,2,0
2025-07-10 14:42:00+00:00,long,0,0.00058812037,0.0015988728,0.009728609,0.18040752,2,0
2025-07-10 14:43:00+00:00,long,0,0.00029342572,0.0007027344,0.00032261363,0.16799462,2,0
2025-07-10 14:44:00+00:00,long,0,0.0004481024,0.0006914743,0.000421716,0.16819978,2,0
2025-07-10 14:45:00+00:00,long,0,0.00083943584,0.001789873,0.0027994676,0.17132555,2,0
2025-07-10 14:46:00+00:00,long,0,0.00063914846,0.00065372366,0.0031110456,0.17351086,2,0
2025-07-10 14:47:00+00:00,long,0,0.00048598595,0.00056683575,0.0057660146,0.17140816,2,0
2025-07-10 14:48:00+00:00,long,0,0.0063194046,0.010852809,0.006043244,0.2000321,2,0
2025-07-10 14:49:00+00:00,long,0,0.00043339242,0.0003607358,0.0009657817,0.16972822,2,0
2025-07-10 14:50:00+00:00,long,0,0.00041814984,0.0005330068,0.0011381779,0.16916578,2,0
2025-07-10 14:51:00+00:00,long,0,0.00032971016,0.00025258234,0.000955036,0.16991942,2,0
2025-07-10 14:52:00+00:00,long,0,0.007269736,0.014131632,0.01832016,0.25032744,2,0
2025-07-10 14:53:00+00:00,long,0,0.000368319,0.0008575166,0.004947521,0.17473166,2,0
2025-07-10 14:54:00+00:00,long,0,0.00040060916,0.00029479322,0.0020539577,0.1717212,2,0
2025-07-10 14:55:00+00:00,long,0,0.0004904458,0.00076738343,0.0029076638,0.16924877,2,0
2025-07-10 14:56:00+00:00,long,0,0.00024411571,0.00032234922,0.0019611835,0.16823906,2,0
2025-07-10 14:57:00+00:00,long,0,0.00035858274,0.0002593921,0.002465702,0.1685911,2,0
2025-07-10 14:58:00+00:00,long,0,0.0003695137,0.00054037536,0.010579629,0.17146711,2,0
2025-07-10 14:59:00+00:00,long,1,0.9605525,0.93538797,0.90358585,0.6870527,3,1
2025-07-10 15:00:00+00:00,long,0,0.00045957527,0.0012022485,0.0010665095,0.1718301,2,0
2025-07-10 15:01:00+00:00,long,0,0.0003736622,0.00071755913,0.0005806133,0.16804226,2,0
2025-07-10 15:02:00+00:00,long,0,0.00018380173,0.00031061465,0.0007310343,0.16812713,2,0
2025-07-10 15:03:00+00:00,long,0,0.00025681366,0.00031500024,0.0006038999,0.16985643,2,0
2025-07-10 15:04:00+00:00,long,0,0.000117522046,0.00055905594,0.00066198065,0.1732024,2,0
2025-07-10 15:05:00+00:00,long,0,0.0040213014,0.035002843,0.042760726,0.22279252,2,0
2025-07-10 15:06:00+00:00,long,0,0.00020856249,0.00050331035,0.0009639225,0.17179745,2,0
2025-07-10 15:07:00+00:00,long,0,0.00023097445,0.0009572867,0.0023180787,0.17198938,2,0
2025-07-10 15:08:00+00:00,long,0,0.00023471964,0.0012089096,0.0037822563,0.17175077,2,0
2025-07-10 15:09:00+00:00,long,0,0.0030871315,0.039155044,0.034122907,0.22321127,2,0
2025-07-10 15:10:00+00:00,long,0,0.0043860353,0.024195854,0.026385793,0.20768757,2,0
2025-07-10 15:11:00+00:00,long,0,0.0008829659,0.0022107332,0.002208789,0.17363687,2,0
2025-07-10 15:12:00+00:00,long,0,0.07848022,0.23782662,0.46712783,0.51288325,2,1
2025-07-10 15:13:00+00:00,long,0,0.00046435866,0.00087736413,0.00049944146,0.17322946,2,0
2025-07-10 15:14:00+00:00,long,0,0.00040826222,0.0012140295,0.002401691,0.18280722,2,0
2025-07-10 15:15:00+00:00,long,0,0.001913202,0.00683941,0.043565407,0.1891381,2,0
2025-07-10 15:16:00+00:00,long,0,0.11172031,0.99363565,0.7319633,0.4967612,1,0
2025-07-10 15:17:00+00:00,long,0,0.0024832888,0.44189996,0.060911834,0.18103842,1,0
2025-07-10 15:18:00+00:00,long,0,0.0009623913,0.002655617,0.0050034644,0.174607,2,0
2025-07-10 15:19:00+00:00,long,0,0.0015425957,0.0019193224,0.0042037824,0.1709118,2,0
2025-07-10 15:20:00+00:00,long,0,0.0005174241,0.0021552325,0.00218126,0.17336039,2,0
2025-07-10 15:21:00+00:00,long,0,0.062763914,0.1443699,0.12861097,0.45968413,2,0
2025-07-10 15:22:00+00:00,long,0,0.0028930097,0.015659908,0.018185256,0.19611847,2,0
2025-07-10 15:23:00+00:00,long,0,0.0003724388,0.0014002156,0.0010573565,0.16904843,2,0
2025-07-10 15:24:00+00:00,long,0,0.0007943416,0.0020724484,0.001296039,0.17427342,2,0
2025-07-10 15:25:00+00:00,long,0,0.0013431194,0.0036778993,0.008330337,0.17171331,2,0
2025-07-10 15:26:00+00:00,long,0,0.00078851084,0.0011448648,0.001853241,0.17039001,2,0
2025-07-10 15:27:00+00:00,long,0,0.00055307406,0.0012678492,0.00093759823,0.17139895,2,0
2025-07-10 15:28:00+00:00,long,0,0.0007762353,0.0011269662,0.0044199727,0.17664869,2,0
2025-07-10 15:29:00+00:00,long,0,0.0011130875,0.0020478044,0.0020780049,0.17310344,2,0
2025-07-10 15:30:00+00:00,long,0,0.0016355928,0.001073542,0.004176001,0.17135774,2,0
2025-07-10 15:31:00+00:00,long,0,0.0020079634,0.005352496,0.008350059,0.1741971,2,0
2025-07-10 15:32:00+00:00,long,0,0.0011095015,0.0014324806,0.00434171,0.1693228,2,0
2025-07-10 15:33:00+00:00,long,0,0.0019486961,0.0036996154,0.0037576603,0.17152433,2,0
2025-07-10 15:34:00+00:00,long,0,0.11193324,0.12339045,0.296387,0.28924346,2,0
2025-07-10 15:35:00+00:00,long,0,0.0018354468,0.0015959585,0.007506548,0.1728297,2,0
2025-07-10 15:36:00+00:00,long,0,0.00019467945,0.0005981053,0.0008245336,0.17028819,2,0
2025-07-10 15:37:00+00:00,long,0,0.00046639348,0.002006647,0.0042963023,0.17233886,2,0
2025-07-10 15:38:00+00:00,long,0,0.00024621523,0.00073817,0.00036247066,0.16798602,2,0
2025-07-10 15:39:00+00:00,long,0,0.0002219831,0.0010181173,0.0010150447,0.16906309,2,0
2025-07-10 15:40:00+00:00,long,0,0.0008505645,0.0010038022,0.006827766,0.17244644,2,0
2025-07-10 15:41:00+00:00,long,0,0.00031892315,0.0013853427,0.0002132522,0.16778953,2,0
2025-07-10 15:42:00+00:00,long,0,0.0008656308,0.00094279286,0.006666531,0.17208481,2,0
2025-07-10 15:43:00+00:00,long,0,0.0005953767,0.0026492367,0.0032642535,0.17419744,2,0
2025-07-10 15:44:00+00:00,long,0,0.00043564133,0.0021058936,0.00029179288,0.16800983,2,0
2025-07-10 15:45:00+00:00,long,0,0.0008744073,0.0034093554,0.0024513635,0.1747597,2,0
2025-07-10 15:46:00+00:00,long,0,0.0007590877,0.0032448159,0.0027170584,0.17449825,2,0
2025-07-10 15:47:00+00:00,long,0,0.0006291302,0.0019580268,0.00039031616,0.16913223,2,0
2025-07-10 15:48:00+00:00,long,0,0.004634909,0.025593214,0.0049818656,0.23148274,2,0
2025-07-10 15:49:00+00:00,long,0,0.00072774343,0.002330598,0.001893014,0.17386468,2,0
2025-07-10 15:50:00+00:00,long,0,0.023361092,0.07462977,0.03750806,0.29446092,2,0
2025-07-11 14:19:00+00:00,long,0,0.00024079067,0.00039081005,0.00032346084,0.1674699,2,0
2025-07-11 14:20:00+00:00,long,0,0.006645584,0.015883524,0.030447586,0.18618126,2,0
2025-07-11 14:21:00+00:00,short,0,0.0004862218,0.0005388968,0.00016816508,0.16806294,2,0
2025-07-11 14:22:00+00:00,long,0,0.00042867076,0.0008449241,0.0013527612,0.1734906,2,0
2025-07-11 14:23:00+00:00,short,0,0.00039257228,0.00082802074,0.0014590416,0.17668271,2,0
2025-07-11 14:24:00+00:00,long,0,0.0010064107,0.003589195,0.0013350765,0.17576243,2,0
2025-07-11 14:25:00+00:00,long,0,0.0009446366,0.004007137,0.0011715145,0.18191509,2,0
2025-07-11 14:26:00+00:00,long,0,0.00088408217,0.0024172314,0.0014202873,0.17423381,2,0
2025-07-11 14:27:00+00:00,long,0,0.00024252842,0.00047543584,0.00063770247,0.16907012,2,0
2025-07-11 14:28:00+00:00,long,0,0.0029659434,0.007859324,0.009200021,0.19598989,2,0
2025-07-11 14:29:00+00:00,short,0,0.00025556723,0.0007571252,0.001203067,0.18227069,2,0
2025-07-11 14:30:00+00:00,long,0,0.00045410244,0.00064091105,0.00043220297,0.16748463,2,0
2025-07-11 14:31:00+00:00,long,0,0.0003627166,0.00065386726,0.0001598107,0.16761982,2,0
2025-07-11 14:32:00+00:00,long,0,0.00028654712,0.0006424329,0.00046328557,0.16747738,2,0
2025-07-11 14:33:00+00:00,short,0,0.00028438616,0.03566702,0.00071138085,0.17912374,1,0
2025-07-11 14:34:00+00:00,long,0,0.00051722536,0.07581979,0.0023550293,0.17557345,1,0
2025-07-11 14:35:00+00:00,short,0,0.00013315566,0.015264031,0.00025699323,0.1703615,1,0
2025-07-11 14:36:00+00:00,short,0,0.00029305584,0.048004344,0.0030706879,0.17710567,1,0
2025-07-11 14:37:00+00:00,long,0,0.000203187,0.02118086,0.00029558744,0.16788016,1,0
2025-07-11 14:38:00+00:00,short,0,0.00015544161,0.01854758,0.00043465826,0.17256655,1,0
2025-07-11 14:39:00+00:00,long,0,0.00021036694,0.020493599,0.0006746793,0.16767281,1,0
2025-07-11 14:40:00+00:00,short,0,7.041672e-05,0.010869524,0.0008038618,0.1782624,1,0
2025-07-11 14:41:00+00:00,long,0,6.682573e-05,0.0060547693,8.24223e-05,0.16954075,1,0
2025-07-11 14:42:00+00:00,long,0,0.000104945604,0.010234155,0.00017925122,0.17027833,1,0
2025-07-11 14:43:00+00:00,short,0,8.234154e-05,0.0127400765,0.00055500655,0.18230492,1,0
2025-07-11 14:44:00+00:00,long,0,6.751082e-05,0.00806863,0.00014185635,0.16809511,1,0
2025-07-11 14:45:00+00:00,short,0,7.626412e-05,0.030327061,0.0006201941,0.19105552,1,0
2025-07-11 14:46:00+00:00,short,0,6.803197e-05,0.0104233045,0.00034808685,0.18151467,1,0
2025-07-11 14:47:00+00:00,short,0,0.0001016817,0.040807616,0.00073256687,0.18864256,1,0
2025-07-11 14:48:00+00:00,short,0,7.265598e-05,0.009359187,0.0003457232,0.18241084,1,0
2025-07-11 14:49:00+00:00,short,0,0.00010696138,0.016624885,0.00051418116,0.18175632,1,0
2025-07-11 14:50:00+00:00,long,0,0.00073902943,0.69848937,0.0006050642,0.1888891,1,0
2025-07-11 14:51:00+00:00,long,0,0.00020421072,0.0122973,6.791122e-05,0.16888124,1,0
2025-07-11 14:52:00+00:00,short,0,0.00011167992,0.00754742,0.00017818004,0.18311673,1,0
2025-07-11 14:53:00+00:00,short,0,0.000102597034,0.0076037967,0.00013859951,0.16992281,1,0
2025-07-11 14:54:00+00:00,short,0,5.1152907e-05,0.0055236486,8.099899e-05,0.16950001,1,0
2025-07-11 14:55:00+00:00,short,0,5.9127688e-05,0.006263414,0.0003372695,0.17002177,1,0
2025-07-11 14:56:00+00:00,short,0,0.00023319478,0.028183838,0.0007378029,0.18428802,1,0
2025-07-11 14:57:00+00:00,long,0,0.0002663473,0.0009957378,0.00016902512,0.17811054,2,0
2025-07-11 14:58:00+00:00,short,0,0.00014376236,0.011535966,0.00012153586,0.17036015,1,0
2025-07-11 14:59:00+00:00,short,0,4.7212172e-05,0.008243287,5.9546695e-05,0.16964613,1,0
2025-07-11 15:00:00+00:00,long,0,0.00011020921,0.0009044597,8.707997e-05,0.16976364,2,0
2025-07-11 15:01:00+00:00,short,0,8.707648e-05,0.02318374,0.0004497819,0.19075991,1,0
2025-07-11 15:02:00+00:00,short,0,5.1663592e-05,0.010558756,0.000845599,0.18945819,1,0
2025-07-11 15:03:00+00:00,long,0,6.8502515e-05,0.022703357,9.7285214e-05,0.17556383,1,0
2025-07-11 15:04:00+00:00,long,0,0.0001281049,0.00057684124,0.00023811904,0.17377716,2,0
2025-07-11 15:05:00+00:00,short,0,5.207041e-05,0.00020914196,4.5994784e-05,0.16798526,2,0
2025-07-11 15:06:00+00:00,long,0,7.047523e-05,0.00062487664,0.000114584065,0.1699269,2,0
2025-07-11 15:07:00+00:00,short,0,4.1343832e-05,0.0001947396,0.00014054966,0.1737283,2,0
2025-07-11 15:08:00+00:00,short,0,0.00021486603,0.040442504,0.00055913796,0.21169488,1,0
2025-07-11 15:09:00+00:00,long,0,0.00011754143,0.0006990323,0.00029035125,0.17324692,2,0
2025-07-11 15:10:00+00:00,long,0,0.00055785244,0.0011891004,0.00066922995,0.21658504,2,0
2025-07-11 15:11:00+00:00,short,0,0.00018088729,0.00032674838,0.00014556579,0.16993766,2,0
2025-07-11 15:12:00+00:00,long,0,0.0022945788,0.00904051,0.005907912,0.20233577,2,0
2025-07-11 15:13:00+00:00,short,0,0.00029345846,0.0010730216,0.0008914231,0.18579292,2,0
2025-07-11 15:14:00+00:00,short,0,0.00045532978,0.049436595,0.0022531569,0.18788068,1,0
2025-07-11 15:15:00+00:00,long,0,0.00010351133,0.022993635,0.00047219568,0.16955979,1,0
2025-07-11 15:16:00+00:00,long,0,0.00018531443,0.00067389756,0.00045266937,0.17124939,2,0
2025-07-11 15:17:00+00:00,long,0,0.0011987895,0.0013986436,0.005259051,0.17590874,2,0
2025-07-11 15:18:00+00:00,short,0,0.0004500161,0.045026306,0.0017070035,0.17180312,1,0
2025-07-11 15:19:00+00:00,long,0,0.0016289421,0.002334674,0.005106369,0.17783077,2,0
2025-07-11 15:20:00+00:00,short,0,0.00019706925,0.0003968895,5.7967038e-05,0.16993208,2,0
2025-07-11 15:21:00+00:00,short,0,0.00018550943,0.015545108,9.672493e-05,0.17241491,1,0
2025-07-11 15:22:00+00:00,long,0,9.08069e-05,0.01601609,8.973323e-05,0.17266543,1,0
2025-07-11 15:23:00+00:00,short,0,0.0002022318,0.01372545,0.00010127846,0.17429875,1,0
2025-07-11 15:24:00+00:00,short,0,8.41543e-05,0.009905206,0.00016867608,0.19152214,1,0
2025-07-11 15:25:00+00:00,short,0,0.00019279397,0.021423027,0.00059796794,0.19173574,1,0
2025-07-11 15:26:00+00:00,short,0,0.00012251035,0.029423438,0.0014278472,0.1801788,1,0
2025-07-11 15:27:00+00:00,long,0,0.00012988027,0.013264567,0.00040973953,0.17822278,1,0
2025-07-11 15:28:00+00:00,short,0,0.00020521243,0.101173215,0.005952869,0.17435582,1,0
2025-07-11 15:29:00+00:00,short,0,0.00037170615,0.06506526,0.0019298218,0.1965787,1,0
2025-07-11 15:30:00+00:00,long,0,0.000102622966,0.0111059705,0.0001086544,0.16963248,1,0
2025-07-11 15:31:00+00:00,long,0,0.0011614491,0.57511294,0.0006876309,0.29181996,1,0
2025-07-11 15:32:00+00:00,long,0,5.1556104e-05,0.006433693,8.023806e-05,0.1741815,1,0
2025-07-11 15:33:00+00:00,long,0,7.092675e-05,0.0063453196,9.672779e-05,0.17494893,1,0
2025-07-11 15:34:00+00:00,short,0,7.849768e-05,0.026262745,0.00047243002,0.20839326,1,0
2025-07-11 15:35:00+00:00,long,0,0.000731511,0.00089922233,0.00044668993,0.18504125,2,0
2025-07-11 15:36:00+00:00,short,0,8.724862e-05,0.009078652,0.00014274947,0.18222664,1,0
2025-07-11 15:37:00+00:00,long,0,0.0010183782,0.0011080169,0.00056397816,0.19128944,2,0
2025-07-11 15:38:00+00:00,short,0,0.00027664567,0.03722556,0.0005015339,0.20405121,1,0
2025-07-11 15:39:00+00:00,short,0,0.00035127564,0.059221253,0.00049520825,0.18408139,1,0
2025-07-11 15:40:00+00:00,long,0,0.00031587598,0.03170498,0.00015112635,0.17251258,1,0
2025-07-11 15:41:00+00:00,short,0,0.00082019705,0.073034145,0.0026396248,0.18919109,1,0
2025-07-11 15:42:00+00:00,long,0,0.0013768662,0.50010306,0.0012166017,0.28550807,1,0
2025-07-11 15:43:00+00:00,short,0,0.0006511559,0.106949806,0.0014718756,0.18268253,1,0
2025-07-11 15:44:00+00:00,short,0,0.00037561043,0.07573125,0.00093688426,0.19099928,1,0
2025-07-11 15:45:00+00:00,short,0,0.0007362601,0.17158034,0.0020196664,0.18133368,1,0
2025-07-11 15:46:00+00:00,long,0,0.00041857696,0.05190799,0.00016928528,0.16922718,1,0
2025-07-11 15:47:00+00:00,short,0,0.00059177267,0.1411181,0.0019109433,0.1913902,1,0
2025-07-11 15:48:00+00:00,long,0,0.00038130354,0.074285224,0.00020751651,0.16985457,1,0
2025-07-11 15:49:00+00:00,short,0,0.001083084,0.42830968,0.009970321,0.17309964,1,0
2025-07-11 15:50:00+00:00,short,0,0.0006470991,0.4362742,0.010960787,0.19196647,1,0
2025-07-14 14:19:00+00:00,short,0,0.0003546564,0.04614214,0.003893896,0.20579831,1,0
2025-07-14 14:20:00+00:00,short,0,0.00026381746,0.10783071,0.0061437935,0.17628264,1,0
2025-07-14 14:21:00+00:00,long,0,0.00016815352,0.057062548,0.0028356628,0.16938631,1,0
2025-07-14 14:22:00+00:00,long,0,0.000114363575,0.030602794,0.0006875087,0.17110217,1,0
2025-07-14 14:23:00+00:00,short,0,0.00029619166,0.07046134,0.006011686,0.19798128,1,0
2025-07-14 14:24:00+00:00,short,0,0.00033558215,0.06905875,0.009630509,0.1943897,1,0
2025-07-14 14:25:00+00:00,short,0,0.0001759461,0.055221066,0.0013910532,0.18098193,1,0
2025-07-14 14:26:00+00:00,long,0,0.00068558444,0.25069,0.002583003,0.1872923,1,0
2025-07-14 14:27:00+00:00,long,0,0.08670869,0.08222026,0.3271855,0.31356347,2,0
2025-07-14 14:28:00+00:00,long,0,0.0019686944,0.0056335763,0.0030671195,0.17891024,2,0
2025-07-14 14:29:00+00:00,short,0,0.00012342753,0.047732458,0.0018975448,0.18493617,1,0
2025-07-14 14:30:00+00:00,long,0,0.10171821,0.0969896,0.46518806,0.43165442,2,0
2025-07-14 14:31:00+00:00,long,0,0.0015319007,0.6702226,0.014551235,0.19408251,1,0
2025-07-14 14:32:00+00:00,short,0,0.00053827564,0.085605495,0.0067205187,0.23035853,1,0
2025-07-14 14:33:00+00:00,long,0,0.0013503162,0.08090134,0.0020401138,0.17496723,1,0
2025-07-14 14:34:00+00:00,long,0,0.0019354242,0.73246723,0.019354103,0.2538901,1,0
2025-07-14 14:35:00+00:00,long,0,0.14202939,0.039909147,0.5626462,0.4008409,2,0
2025-07-14 14:36:00+00:00,short,0,0.00036571408,0.07018462,0.0038450288,0.20996888,1,0
2025-07-14 14:37:00+00:00,long,0,0.00030648726,0.064093575,0.0008901508,0.17393883,1,0
2025-07-14 14:38:00+00:00,long,0,0.02621467,0.051214844,0.3588661,0.4406455,2,0
2025-07-14 14:39:00+00:00,long,0,0.005369099,0.0069792415,0.07821074,0.2641913,2,0
2025-07-14 14:40:00+00:00,long,0,0.031353597,0.04048899,0.110399604,0.36452702,2,0
2025-07-14 14:41:00+00:00,long,0,0.08273547,0.078078076,0.28280362,0.39436197,2,0
2025-07-14 14:42:00+00:00,short,0,0.00026258783,0.0017484406,0.0013473718,0.19331501,2,0
2025-07-14 14:43:00+00:00,long,0,0.04305053,0.034459952,0.14986971,0.3731545,2,0
2025-07-14 14:44:00+00:00,long,0,0.0005502347,0.002817319,0.0011632496,0.23972149,2,0
2025-07-14 14:45:00+00:00,short,0,0.00041117828,0.08942507,0.0032710012,0.18837006,1,0
2025-07-14 14:46:00+00:00,short,0,0.00036573992,0.09171034,0.0035384225,0.17912625,1,0
2025-07-14 14:47:00+00:00,long,0,0.00043466757,0.19522297,0.012212239,0.17434597,1,0
2025-07-14 14:48:00+00:00,long,0,0.00030240923,0.40776047,0.013192041,0.19450836,1,0
2025-07-14 14:49:00+00:00,long,0,0.0070494553,0.8161875,0.02234422,0.35727796,1,0
2025-07-14 14:50:00+00:00,long,0,0.022448173,0.91864073,0.09001701,0.4533558,1,0
2025-07-14 14:51:00+00:00,long,0,0.19590032,0.99344987,0.5132246,0.62065244,1,0
2025-07-14 14:52:00+00:00,long,0,0.008458027,0.008575844,0.016104303,0.2811058,2,0
2025-07-14 14:53:00+00:00,short,0,0.00031524,0.033650327,0.0014291859,0.21128662,1,0
2025-07-14 14:54:00+00:00,long,0,0.0029316384,0.30321378,0.025849745,0.34031487,1,0
2025-07-14 14:55:00+00:00,long,0,0.00039849526,0.048157312,0.003287286,0.17393987,1,0
2025-07-14 14:56:00+00:00,short,0,0.00023675893,0.052945,0.0016729922,0.21869145,1,0
2025-07-14 14:57:00+00:00,long,0,0.0006187326,0.03283229,0.004402338,0.17408836,1,0
2025-07-14 14:58:00+00:00,long,0,0.00041832603,0.031917494,0.00093520177,0.18959288,1,0
2025-07-14 14:59:00+00:00,long,0,0.062250733,0.984012,0.34144303,0.4034232,1,0
2025-07-14 15:00:00+00:00,short,0,0.00032626,0.07947442,0.0010752626,0.19558161,1,0
2025-07-14 15:01:00+00:00,long,0,0.0015172926,0.18162684,0.032059833,0.22250861,1,0
2025-07-14 15:02:00+00:00,short,0,0.00020785414,0.036092617,0.0016425045,0.19504492,1,0
2025-07-14 15:03:00+00:00,long,1,0.96614486,0.92974526,0.94676715,0.7381932,3,2
2025-07-14 15:04:00+00:00,long,0,0.023617238,0.017113864,0.120118596,0.2295637,2,0
2025-07-14 15:05:00+00:00,short,0,0.00027504013,0.039826263,0.0006488817,0.20242427,1,0
2025-07-14 15:06:00+00:00,short,0,0.00021147686,0.04160829,0.0005638836,0.19712913,1,0
2025-07-14 15:07:00+00:00,short,0,0.00023054036,0.056918677,0.0018759068,0.24842699,1,0
2025-07-14 15:08:00+00:00,short,0,0.00017448892,0.037288833,0.0009602047,0.1959642,1,0
2025-07-14 15:09:00+00:00,long,0,0.0016432904,0.19024059,0.03854933,0.2305727,1,0
2025-07-14 15:10:00+00:00,long,0,0.0002388724,0.045804366,0.002287948,0.24556376,1,0
2025-07-14 15:11:00+00:00,short,0,0.00020219634,0.07069625,0.0027711764,0.20413633,1,0
2025-07-14 15:12:00+00:00,short,0,0.0003483732,0.06422452,0.001102064,0.21029978,1,0
2025-07-14 15:13:00+00:00,short,0,0.00021094218,0.06451717,0.0006795679,0.18451065,1,0
2025-07-14 15:14:00+00:00,long,0,0.00023850669,0.05128447,0.0021186338,0.18766071,1,0
2025-07-14 15:15:00+00:00,long,0,0.00015803985,0.046951868,0.0008871086,0.17875302,1,0
2025-07-14 15:16:00+00:00,short,0,0.00013488469,0.034327425,0.0009399067,0.1990306,1,0
2025-07-14 15:17:00+00:00,short,0,0.00012926842,0.033857126,0.0009774477,0.19141157,1,0
2025-07-14 15:18:00+00:00,short,0,0.00015477503,0.035273135,0.0008575749,0.18698148,1,0
2025-07-14 15:19:00+00:00,long,0,0.028695533,0.9712931,0.45834786,0.380106,1,0
2025-07-14 15:20:00+00:00,long,0,0.001136923,0.21470621,0.026307948,0.33015049,1,0
2025-07-14 15:21:00+00:00,short,0,0.00017336287,0.035429366,0.00091752067,0.21669735,1,0
2025-07-14 15:22:00+00:00,long,0,0.0015943114,0.21537566,0.03166349,0.35338604,1,0
2025-07-14 15:23:00+00:00,long,0,0.0015361273,0.49752507,0.013226344,0.18254207,1,0
2025-07-14 15:24:00+00:00,short,0,0.00025775094,0.052372787,0.0013924742,0.19927277,1,0
2025-07-14 15:25:00+00:00,long,0,0.00022406166,0.048051316,0.00090108946,0.18521287,1,0
2025-07-14 15:26:00+00:00,short,0,0.0001949447,0.056138776,0.0006849167,0.17227381,1,0
2025-07-14 15:27:00+00:00,long,0,0.00030154036,0.05804941,0.002447577,0.17947175,1,0
2025-07-14 15:28:00+00:00,long,0,0.00040264547,0.07361342,0.0028878464,0.18037802,1,0
2025-07-14 15:29:00+00:00,long,0,0.00035722236,0.089806594,0.0029467638,0.20070128,1,0
2025-07-14 15:30:00+00:00,short,0,0.0002765083,0.055729788,0.0016824219,0.19368352,1,0
2025-07-14 15:31:00+00:00,long,0,0.00500322,0.5830024,0.009602362,0.23870097,1,0
2025-07-14 15:32:00+00:00,long,1,0.96044433,0.9888571,0.83524597,0.5888153,2,1
2025-07-14 15:33:00+00:00,long,0,0.0007402312,0.12815595,0.00435461,0.18055461,1,0
2025-07-14 15:34:00+00:00,short,0,0.00041503715,0.064828806,0.000662169,0.1941777,1,0
2025-07-14 15:35:00+00:00,long,0,0.00094983686,0.13614248,0.005334492,0.237868,1,0
2025-07-14 15:36:00+00:00,long,0,0.00017108,0.057267115,0.001140556,0.17508052,1,0
2025-07-14 15:37:00+00:00,long,0,0.00015480869,0.039778337,0.0009238845,0.17368917,1,0
2025-07-14 15:38:00+00:00,long,0,0.00020109139,0.03563978,0.0015884443,0.171634,1,0
2025-07-14 15:39:00+00:00,short,0,0.00014819739,0.04009144,0.0015712096,0.17324604,1,0
2025-07-14 15:40:00+00:00,long,0,0.00018119802,0.023853298,0.0011013157,0.18215977,1,0
2025-07-14 15:41:00+00:00,long,0,0.0009963091,0.20933323,0.007165912,0.2920181,1,0
2025-07-14 15:42:00+00:00,long,0,0.0043512294,0.83269066,0.0040365593,0.28851312,1,0
2025-07-14 15:43:00+00:00,long,0,0.00084708334,0.24215135,0.009178057,0.26840642,1,0
2025-07-14 15:44:00+00:00,long,0,0.0012074836,0.10627679,0.0026250489,0.19494528,1,0
2025-07-14 15:45:00+00:00,long,0,0.00051993487,0.17418326,0.0019032729,0.2172964,1,0
2025-07-14 15:46:00+00:00,long,0,0.0003608397,0.12333083,0.0015104911,0.19906121,1,0
2025-07-14 15:47:00+00:00,long,0,0.001759266,0.73806643,0.00070453994,0.36233512,1,0
2025-07-14 15:48:00+00:00,long,0,0.00039435414,0.1019721,0.00048348,0.23757493,1,0
2025-07-14 15:49:00+00:00,long,0,0.0004517182,0.13747796,0.0011247564,0.24502729,1,0
2025-07-14 15:50:00+00:00,long,0,0.0005339332,0.22081135,0.0048262025,0.28920582,1,0
2025-07-15 14:19:00+00:00,short,0,0.0050035114,0.49685338,0.0050674216,0.17789848,1,0
2025-07-15 14:20:00+00:00,short,0,0.1740991,0.93841374,0.37930152,0.37358013,1,0
2025-07-15 14:21:00+00:00,short,0,0.0007103565,0.4545907,0.0032807244,0.16984104,1,0
2025-07-15 14:22:00+00:00,short,0,0.009069652,0.37037212,0.008511528,0.18843432,1,0
2025-07-15 14:23:00+00:00,short,0,0.004564428,0.44770503,0.00799652,0.18747886,1,0
2025-07-15 14:24:00+00:00,long,0,0.004874828,0.9550427,0.0041501657,0.18691671,1,0
2025-07-15 14:25:00+00:00,long,0,0.0019918082,0.51296574,0.0017091661,0.17299064,1,0
2025-07-15 14:26:00+00:00,short,0,0.0027328546,0.47764555,0.0011992274,0.17502286,1,0
2025-07-15 14:27:00+00:00,short,0,0.0011102823,0.4124796,0.00052879326,0.17277281,1,0
2025-07-15 14:28:00+00:00,long,0,0.002293972,0.763912,0.0077200565,0.20315497,1,0
2025-07-15 14:29:00+00:00,long,0,0.00056232145,0.35859805,0.002075644,0.17373955,1,0
2025-07-15 14:30:00+00:00,short,0,0.0026451263,0.51208895,0.0037137854,0.19183123,1,0
2025-07-15 14:31:00+00:00,long,0,0.01003548,0.98155206,0.01020116,0.24199867,1,0
2025-07-15 14:32:00+00:00,short,0,0.37019983,0.9559004,0.5120292,0.40993312,1,0
2025-07-15 14:33:00+00:00,long,0,0.007308052,0.98591703,0.006853877,0.24343939,1,0
2025-07-15 14:34:00+00:00,short,1,0.96743715,0.99677366,0.89348954,0.77374464,2,2
2025-07-15 14:35:00+00:00,long,0,0.02748618,0.989321,0.05872539,0.24562407,1,0
2025-07-15 14:36:00+00:00,short,1,0.95650053,0.98705417,0.82983893,0.6693101,2,2
2025-07-15 14:37:00+00:00,long,0,0.0032101339,0.9443061,0.0038047202,0.2002504,1,0
2025-07-15 14:38:00+00:00,short,0,0.0020651105,0.3457326,0.00050174235,0.16938873,1,0
2025-07-15 14:39:00+00:00,short,0,0.0987492,0.9647563,0.40452254,0.37028062,1,0
2025-07-15 14:40:00+00:00,short,0,0.03058398,0.98437136,0.34424597,0.36520028,1,0
2025-07-15 14:41:00+00:00,short,0,0.16433522,0.9976179,0.7671316,0.61431867,1,1
2025-07-15 14:42:00+00:00,short,0,0.00083285087,0.66169614,0.00084315235,0.17369212,1,0
2025-07-15 14:43:00+00:00,short,0,0.18897252,0.9976043,0.8339243,0.6829756,1,2
2025-07-15 14:44:00+00:00,short,0,0.0007025764,0.5141022,0.0016889434,0.1842103,1,0
2025-07-15 14:45:00+00:00,long,0,0.00032532384,0.37544513,0.00066352944,0.16838866,1,0
2025-07-15 14:46:00+00:00,long,0,0.0010553312,0.9182982,0.0055128178,0.177583,1,0
2025-07-15 14:47:00+00:00,short,0,0.0005431719,0.46928042,0.0026262077,0.18270357,1,0
2025-07-15 14:48:00+00:00,long,0,0.0019549811,0.9540356,0.008059083,0.17972219,1,0
2025-07-15 14:49:00+00:00,short,0,0.29327455,0.9986797,0.8168879,0.7866518,1,2
2025-07-15 14:50:00+00:00,short,0,0.0018943307,0.7088431,0.010753545,0.21768503,1,0
2025-07-15 14:51:00+00:00,short,0,0.00011476505,0.32587782,0.0009275838,0.17338999,1,0
2025-07-15 14:52:00+00:00,short,0,0.034620762,0.9786512,0.2074608,0.32388428,1,0
2025-07-15 14:53:00+00:00,long,0,0.0008331989,0.90009207,0.0073557775,0.17808767,1,0
2025-07-15 14:54:00+00:00,long,0,0.00036425132,0.4338244,0.01180878,0.1818146,1,0
2025-07-15 14:55:00+00:00,short,0,0.00023402825,0.3187611,0.00216707,0.17873295,1,0
2025-07-15 14:56:00+00:00,short,0,0.00042797113,0.50907934,0.0051183454,0.2090431,1,0
2025-07-15 14:57:00+00:00,short,0,0.25503498,0.9971654,0.60056895,0.7073378,1,2
2025-07-15 14:58:00+00:00,long,0,0.00087286264,0.9122184,0.0087981755,0.17702238,1,0
2025-07-15 14:59:00+00:00,short,0,0.00014086402,0.21755424,0.0018701667,0.17004888,1,0
2025-07-15 15:00:00+00:00,short,0,0.27726483,0.9985493,0.58306724,0.64760125,1,1
2025-07-15 15:01:00+00:00,short,0,0.040207524,0.9637813,0.113220654,0.28197873,1,0
2025-07-15 15:02:00+00:00,short,0,0.00025058902,0.1975076,0.0018845792,0.16960347,1,0
2025-07-15 15:03:00+00:00,short,0,0.0001496809,0.17264393,0.0035248147,0.17017318,1,0
2025-07-15 15:04:00+00:00,long,0,0.00016143124,0.7208197,0.0022240428,0.17360358,1,0
2025-07-15 15:05:00+00:00,long,0,0.0009036569,0.914592,0.002425632,0.18114859,1,0
2025-07-15 15:06:00+00:00,short,0,0.008654735,0.7187783,0.115115784,0.25273097,1,0
2025-07-15 15:07:00+00:00,long,0,0.0008067695,0.90134645,0.001994089,0.17750387,1,0
2025-07-15 15:08:00+00:00,long,0,0.00020886895,0.14588547,0.0025238863,0.17028724,1,0
2025-07-15 15:09:00+00:00,short,0,0.060082436,0.97227895,0.0775731,0.37708178,1,0
2025-07-15 15:10:00+00:00,long,0,9.396194e-05,0.075487725,0.00080399436,0.16779844,1,0
2025-07-15 15:11:00+00:00,long,0,0.0001279806,0.07583562,0.00064771983,0.16809821,1,0
2025-07-15 15:12:00+00:00,short,0,0.61688054,0.9988728,0.86242676,0.6816397,1,2
2025-07-15 15:13:00+00:00,short,1,0.9596326,0.99832004,0.932927,0.6823171,2,1
2025-07-15 15:14:00+00:00,long,0,0.0020547279,0.9192882,0.0035965454,0.17034607,1,0
2025-07-15 15:15:00+00:00,long,0,0.00011728683,0.063620135,0.00068277906,0.16758412,1,0
2025-07-15 15:16:00+00:00,short,1,0.9302955,0.9804037,0.77711236,0.4038557,2,0
2025-07-15 15:17:00+00:00,long,0,0.0015790466,0.89088833,0.004290689,0.17017077,1,0
2025-07-15 15:18:00+00:00,long,0,0.0012945567,0.78619224,0.0023681081,0.16976339,1,0
2025-07-15 15:19:00+00:00,long,0,0.00041646292,0.091520734,0.0006482243,0.16752774,1,0
2025-07-15 15:20:00+00:00,short,0,0.0002806674,0.1003773,0.0006170445,0.16948216,1,0
2025-07-15 15:21:00+00:00,short,0,0.112551704,0.9581786,0.17583296,0.35761234,1,0
2025-07-15 15:22:00+00:00,short,0,0.09046329,0.94043314,0.25003117,0.30274436,1,0
2025-07-15 15:23:00+00:00,long,0,0.0014375527,0.8924726,0.0070610465,0.17272316,1,0
2025-07-15 15:24:00+00:00,long,0,0.00012358994,0.046583444,0.0009033749,0.16754355,1,0
2025-07-15 15:25:00+00:00,short,0,0.0001812464,0.057818037,0.0003797846,0.1677757,1,0
2025-07-15 15:26:00+00:00,long,0,0.0023314685,0.9529199,0.0164225,0.1737315,1,0
2025-07-15 15:27:00+00:00,long,0,0.0003272163,0.80153936,0.003572063,0.16937071,1,0
2025-07-15 15:28:00+00:00,short,0,0.00025795723,0.06305978,0.0004641029,0.16782485,1,0
2025-07-15 15:29:00+00:00,long,0,0.0012969738,0.9431802,0.011623025,0.1734035,1,0
2025-07-15 15:30:00+00:00,short,0,0.00045002205,0.097324714,0.0014741893,0.2134928,1,0
2025-07-15 15:31:00+00:00,long,0,0.00025914144,0.19528179,0.0026967356,0.17443009,1,0
2025-07-15 15:32:00+00:00,long,0,0.00060692773,0.8337528,0.006677035,0.18240458,1,0
2025-07-15 15:33:00+00:00,short,0,0.0016822512,0.29413605,0.0026374627,0.26188183,1,0
2025-07-15 15:34:00+00:00,short,0,0.00023100461,0.043453585,0.0008446408,0.17006184,1,0
2025-07-15 15:35:00+00:00,long,0,0.00016091226,0.5138176,0.0015163898,0.18421991,1,0
2025-07-15 15:36:00+00:00,short,0,0.0070458944,0.65428805,0.013532137,0.35607114,1,0
2025-07-15 15:37:00+00:00,short,0,0.0012917577,0.2154802,0.0023050867,0.25835732,1,0
2025-07-15 15:38:00+00:00,long,0,0.010521994,0.964582,0.016881587,0.21379411,1,0
2025-07-15 15:39:00+00:00,short,0,0.0035478247,0.3880789,0.0032077117,0.3741983,1,0
2025-07-15 15:40:00+00:00,short,0,0.00019726288,0.065544866,0.0010987949,0.17695649,1,0
2025-07-15 15:41:00+00:00,long,0,0.00016461324,0.13709863,0.002029848,0.1701725,1,0
2025-07-15 15:42:00+00:00,long,0,0.005957357,0.9392604,0.014765007,0.1860602,1,0
2025-07-15 15:43:00+00:00,short,0,0.013415179,0.78233695,0.039830733,0.37342384,1,0
2025-07-15 15:44:00+00:00,long,0,0.010771512,0.95237774,0.027279373,0.22645225,1,0
2025-07-15 15:45:00+00:00,long,0,0.0009928803,0.6839309,0.006679847,0.1785198,1,0
2025-07-15 15:46:00+00:00,long,0,0.0009744583,0.7827191,0.009916292,0.18160652,1,0
2025-07-15 15:47:00+00:00,short,0,0.0015479053,0.19012871,0.0034596482,0.2154026,1,0
2025-07-15 15:48:00+00:00,long,0,0.0005127745,0.77267224,0.012620064,0.1887377,1,0
2025-07-15 15:49:00+00:00,long,0,0.00024925984,0.49207193,0.0038979833,0.17895885,1,0
2025-07-15 15:50:00+00:00,short,0,0.001223334,0.29864824,0.008795086,0.22708394,1,0
2025-07-16 14:19:00+00:00,short,0,0.00028682017,0.028598731,0.00020578968,0.20900583,1,0
2025-07-16 14:20:00+00:00,short,0,0.0009661921,0.097559385,0.0008016129,0.17391808,1,0
2025-07-16 14:21:00+00:00,short,0,0.012162308,0.9754311,0.23489642,0.36215916,1,0
2025-07-16 14:22:00+00:00,long,0,0.020031948,0.90993917,0.007032283,0.3047632,1,0
2025-07-16 14:23:00+00:00,short,0,0.00037758987,0.017857945,9.491454e-05,0.19650297,1,0
2025-07-16 14:24:00+00:00,short,0,0.008161192,0.9797291,0.19248617,0.334169,1,0
2025-07-16 14:25:00+00:00,long,0,0.00046010432,0.55580044,0.00025632858,0.3194398,1,0
2025-07-16 14:26:00+00:00,short,0,0.00059912313,0.09061876,0.0005313461,0.1814435,1,0
2025-07-16 14:27:00+00:00,short,0,0.0004683812,0.052986782,0.0002819749,0.20042987,1,0
2025-07-16 14:28:00+00:00,long,0,0.0005542255,0.16320093,0.00011271738,0.23650634,1,0
2025-07-16 14:29:00+00:00,short,0,0.00018828045,0.016380806,6.843037e-05,0.17176835,1,0
2025-07-16 14:30:00+00:00,long,0,0.11889799,0.98640907,0.30550697,0.56339365,1,0
2025-07-16 14:31:00+00:00,long,0,0.0038804396,0.9250787,0.004508947,0.29906836,1,0
2025-07-16 14:32:00+00:00,short,0,0.00018710285,0.02256571,8.299173e-05,0.19328982,1,0
2025-07-16 14:33:00+00:00,long,0,0.0018929923,0.8868823,0.0031098893,0.28620437,1,0
2025-07-16 14:34:00+00:00,long,0,0.0003646488,0.16994332,0.0004611342,0.2641844,1,0
2025-07-16 14:35:00+00:00,short,0,0.00029942903,0.039116062,0.0003588596,0.23499052,1,0
2025-07-16 14:36:00+00:00,short,0,0.019823443,0.9705503,0.19468363,0.28352892,1,0
2025-07-16 14:37:00+00:00,long,0,0.0002567434,0.017146733,0.000102383005,0.17967416,1,0
2025-07-16 14:38:00+00:00,short,0,0.0001321164,0.014750899,8.3547326e-05,0.17939891,1,0
2025-07-16 14:39:00+00:00,short,0,0.0004653601,0.059420224,0.00062106864,0.19781113,1,0
2025-07-16 14:40:00+00:00,short,0,0.00035999942,0.033782877,0.00063368626,0.2069139,1,0
2025-07-16 14:41:00+00:00,short,0,0.00038351805,0.026618615,0.0003829943,0.20196915,1,0
2025-07-16 14:42:00+00:00,short,0,0.0004448332,0.0631229,0.00080252555,0.19043583,1,0
2025-07-16 14:43:00+00:00,long,0,0.0015903233,0.653355,0.0035119606,0.30422524,1,0
2025-07-16 14:44:00+00:00,short,0,0.00036636018,0.05994674,0.0006038601,0.18255039,1,0
2025-07-16 14:45:00+00:00,short,0,0.0003937518,0.0685647,0.0009052563,0.1834429,1,0
2025-07-16 14:46:00+00:00,short,0,0.00032300787,0.10205206,0.0009269901,0.20508845,1,0
2025-07-16 14:47:00+00:00,short,0,0.021895144,0.98029053,0.20668775,0.44913158,1,1
2025-07-16 14:48:00+00:00,short,0,0.00025309026,0.018222887,4.7772675e-05,0.16890074,1,0
2025-07-16 14:49:00+00:00,short,0,0.0005782852,0.3441543,0.0015312918,0.18673404,1,0
2025-07-16 14:50:00+00:00,long,0,0.0002712914,0.061331652,0.00034134646,0.19614778,1,0
2025-07-16 14:51:00+00:00,long,0,0.0005624785,0.28263563,0.0005044273,0.21125357,1,0
2025-07-16 14:52:00+00:00,short,0,0.00047954515,0.056450654,0.0002548907,0.22184865,1,0
2025-07-16 14:53:00+00:00,long,0,0.00018907056,0.011879959,0.00011996351,0.16927807,1,0
2025-07-16 14:54:00+00:00,short,0,0.00017937586,0.028136717,0.00014339147,0.19623448,1,0
2025-07-16 14:55:00+00:00,short,0,0.0002447692,0.027121916,0.0002548907,0.19646241,1,0
2025-07-16 14:56:00+00:00,long,0,0.040964346,0.9875213,0.2908358,0.49131408,1,0
2025-07-16 14:57:00+00:00,long,0,0.13092335,0.9872578,0.339456,0.6115582,1,0
2025-07-16 14:58:00+00:00,long,0,0.00041287937,0.29070505,0.00037661116,0.18520485,1,0
2025-07-16 14:59:00+00:00,short,0,0.00022532932,0.0225515,9.815986e-05,0.17985523,1,0
2025-07-16 15:00:00+00:00,short,0,0.00028843232,0.056895107,0.00016022558,0.20415473,1,0
2025-07-16 15:01:00+00:00,long,0,0.14987847,0.9960167,0.54612684,0.5512803,1,0
2025-07-16 15:02:00+00:00,short,0,0.00015409969,0.023749279,0.00013228004,0.20781286,1,0
2025-07-16 15:03:00+00:00,long,0,0.00065021514,0.8268472,0.009563436,0.31680405,1,0
2025-07-16 15:04:00+00:00,short,0,0.00016178812,0.021186814,0.00019462561,0.21792917,1,0
2025-07-16 15:05:00+00:00,long,0,0.00018004603,0.017305981,0.00029683538,0.18303818,1,0
2025-07-16 15:06:00+00:00,long,0,0.0009265291,0.6833698,0.004160005,0.20565484,1,0
2025-07-16 15:07:00+00:00,long,0,0.002756247,0.8499597,0.013445448,0.22881313,1,0
2025-07-16 15:08:00+00:00,long,0,0.38480574,0.99776375,0.82711875,0.66956806,1,2
2025-07-16 15:09:00+00:00,long,0,0.0008000234,0.20453033,0.00063209113,0.20234533,1,0
2025-07-16 15:10:00+00:00,short,0,0.00050269644,0.051948078,0.00052304927,0.17312233,1,0
2025-07-16 15:11:00+00:00,long,1,0.97021145,0.99788,0.9530719,0.76140565,2,2
2025-07-16 15:12:00+00:00,long,0,0.0030781415,0.9264463,0.00716596,0.23017795,1,0
2025-07-16 15:13:00+00:00,long,0,0.00037329312,0.07430468,0.00014174359,0.1929258,1,0
2025-07-16 15:14:00+00:00,long,0,0.0006230248,0.06873013,0.00026411872,0.19314896,1,0
2025-07-16 15:15:00+00:00,short,0,0.000562837,0.17077349,0.0013906214,0.17198722,1,0
2025-07-16 15:16:00+00:00,short,0,0.005204588,0.8917095,0.011574564,0.20996667,1,0
2025-07-16 15:17:00+00:00,short,0,0.0013269344,0.39518592,0.0019784076,0.18090631,1,0
2025-07-16 15:18:00+00:00,short,0,0.0009601795,0.67876077,0.0026822991,0.25981757,1,0
2025-07-16 15:19:00+00:00,short,0,0.0002865004,0.05556749,4.635847e-05,0.17381789,1,0
2025-07-16 15:20:00+00:00,long,0,0.0014578451,0.53971106,0.00023721355,0.31260216,1,0
2025-07-16 15:21:00+00:00,short,0,0.0008366019,0.7590954,0.0026762176,0.20564073,1,0
2025-07-16 15:22:00+00:00,short,0,0.0003347381,0.29711607,0.0019118049,0.17174947,1,0
2025-07-16 15:23:00+00:00,short,0,0.0005219986,0.08647789,0.0004083741,0.19104446,1,0
2025-07-16 15:24:00+00:00,long,0,0.000429635,0.038739882,7.789034e-05,0.1714809,1,0
2025-07-16 15:25:00+00:00,short,0,0.00093643804,0.70296943,0.0034338618,0.2795377,1,0
2025-07-16 15:26:00+00:00,long,0,0.0006273716,0.5314178,0.00052279234,0.21117271,1,0
2025-07-16 15:27:00+00:00,short,0,0.00026983162,0.40501675,0.0014948671,0.18564951,1,0
2025-07-16 15:28:00+00:00,short,0,0.00020652877,0.070438564,0.00047058862,0.19836062,1,0
2025-07-16 15:29:00+00:00,long,0,6.937369e-05,0.013858538,6.558136e-05,0.16885585,1,0
2025-07-16 15:30:00+00:00,short,0,0.0004605743,0.12845103,0.00064857746,0.22984742,1,0
2025-07-16 15:31:00+00:00,short,0,0.00036297482,0.050264228,0.00031949222,0.22354627,1,0
2025-07-16 15:32:00+00:00,short,0,0.00011794236,0.022440374,4.903651e-05,0.17305057,1,0
2025-07-16 15:33:00+00:00,short,0,0.00022477549,0.029187338,0.00010619428,0.1748126,1,0
2025-07-16 15:34:00+00:00,short,0,0.000203763,0.02899789,6.0685827e-05,0.16952153,1,0
2025-07-16 15:35:00+00:00,short,0,0.00017639126,0.03502182,0.00014730993,0.19789433,1,0
2025-07-16 15:36:00+00:00,long,0,0.00014110655,0.016820412,5.1855895e-05,0.17232238,1,0
2025-07-16 15:37:00+00:00,long,0,0.0011723137,0.6694677,0.0010511001,0.2656063,1,0
2025-07-16 15:38:00+00:00,short,0,0.00021415936,0.026433352,5.0443334e-05,0.17060405,1,0
2025-07-16 15:39:00+00:00,short,0,0.06220116,0.94152486,0.16238397,0.28120753,1,0
2025-07-16 15:40:00+00:00,short,0,0.015632404,0.871176,0.035551026,0.2587842,1,0
2025-07-16 15:41:00+00:00,long,1,0.96638954,0.99441457,0.9452908,0.67912227,2,1
2025-07-16 15:42:00+00:00,long,0,0.08388437,0.9828798,0.2579162,0.4614265,1,0
2025-07-16 15:43:00+00:00,long,0,0.00070965214,0.05901584,0.00014960712,0.17626077,1,0
2025-07-16 15:44:00+00:00,short,0,0.0006460626,0.12652613,0.00025511,0.22336747,1,0
2025-07-16 15:45:00+00:00,short,0,0.00033211504,0.11529584,0.00018164952,0.1963227,1,0
2025-07-16 15:46:00+00:00,short,0,0.014637806,0.91942626,0.020952113,0.26768687,1,0
2025-07-16 15:47:00+00:00,short,0,0.0034452903,0.88121444,0.003981629,0.3989346,1,0
2025-07-16 15:48:00+00:00,short,0,0.00044976303,0.077998504,0.0013484636,0.19937897,1,0
2025-07-16 15:49:00+00:00,short,0,0.00043724518,0.08299609,0.00022066526,0.20169689,1,0
2025-07-16 15:50:00+00:00,short,0,0.0006238213,0.17316401,0.0002002795,0.23926026,1,0
2025-07-17 14:19:00+00:00,long,0,0.0003472872,0.0016190513,0.009965526,0.1753788,2,0
2025-07-17 14:20:00+00:00,long,0,0.029464344,0.03849358,0.31175628,0.3762095,2,0
2025-07-17 14:21:00+00:00,long,0,0.0018855437,0.001978238,0.0114716785,0.19638525,2,0
2025-07-17 14:22:00+00:00,long,1,0.97952145,0.96771514,0.94682306,0.7903111,3,2
2025-07-17 14:23:00+00:00,long,0,0.04861532,0.04134305,0.3733967,0.3823757,2,0
2025-07-17 14:24:00+00:00,long,0,0.17183313,0.19168001,0.31981346,0.43274143,2,0
2025-07-17 14:25:00+00:00,long,0,0.31833407,0.26480696,0.7244738,0.61481255,2,1
2025-07-17 14:26:00+00:00,long,0,0.00073889946,0.0010052114,0.003664088,0.17448945,2,0
2025-07-17 14:27:00+00:00,long,1,0.95267475,0.95424503,0.9606019,0.75621754,3,2
2025-07-17 14:28:00+00:00,long,1,0.95771897,0.98578435,0.83551866,0.50174755,2,1
2025-07-17 14:29:00+00:00,long,0,0.00068412145,0.0010961054,0.0028373715,0.17446113,2,0
2025-07-17 14:30:00+00:00,long,0,0.0031932525,0.008460974,0.3199124,0.2074473,2,0
2025-07-17 14:31:00+00:00,long,0,0.0068555265,0.011097993,0.33283743,0.2124008,2,0
2025-07-17 14:32:00+00:00,long,0,0.0006097421,0.0011537353,0.0051590996,0.17890237,2,0
2025-07-17 14:33:00+00:00,long,0,0.00539081,0.01832691,0.29666242,0.23284598,2,0
2025-07-17 14:34:00+00:00,long,0,0.02727614,0.04006549,0.30864877,0.31690773,2,0
2025-07-17 14:35:00+00:00,long,0,0.034354355,0.058288924,0.7118948,0.3438401,2,0
2025-07-17 14:36:00+00:00,long,0,0.08218851,0.14817342,0.6542908,0.40402174,2,0
2025-07-17 14:37:00+00:00,long,0,0.0026939167,0.004720786,0.0054826536,0.26243776,2,0
2025-07-17 14:38:00+00:00,long,0,0.085012116,0.122955956,0.8213102,0.4304677,2,1
2025-07-17 14:39:00+00:00,long,0,0.49721372,0.5573535,0.8778288,0.51542926,2,0
2025-07-17 14:40:00+00:00,long,0,0.01411431,0.020044705,0.009485413,0.2597371,2,0
2025-07-17 14:41:00+00:00,long,0,0.032596715,0.037199795,0.434451,0.3552489,2,0
2025-07-17 14:42:00+00:00,long,0,0.0040138736,0.0016758547,0.014390889,0.19100825,2,0
2025-07-17 14:43:00+00:00,long,0,0.007619818,0.00789975,0.016589567,0.21776867,2,0
2025-07-17 14:44:00+00:00,long,0,0.005923312,0.0032252886,0.008660096,0.20230384,2,0
2025-07-17 14:45:00+00:00,long,0,0.020700144,0.02800314,0.05561747,0.23688646,2,0
2025-07-17 14:46:00+00:00,long,1,0.9721115,0.9365917,0.944085,0.68464977,3,1
2025-07-17 14:47:00+00:00,long,0,0.006430336,0.0054722815,0.0081693055,0.22280197,2,0
2025-07-17 14:48:00+00:00,long,0,0.21006037,0.15966061,0.7204834,0.48670134,2,0
2025-07-17 14:49:00+00:00,long,0,0.097335145,0.06511978,0.22408366,0.3066641,2,0
2025-07-17 14:50:00+00:00,long,0,0.031711236,0.038490254,0.4796455,0.33560815,2,0
2025-07-17 14:51:00+00:00,long,0,0.16879699,0.23259526,0.721402,0.5055699,2,1
2025-07-17 14:52:00+00:00,long,0,0.006394056,0.0045551234,0.009079244,0.26894704,2,0
2025-07-17 14:53:00+00:00,long,0,0.018550592,0.015175808,0.14178275,0.29665875,2,0
2025-07-17 14:54:00+00:00,long,0,0.29099375,0.2703181,0.82122,0.5941375,2,1
2025-07-17 14:55:00+00:00,long,1,0.9641884,0.9713182,0.95333105,0.75012225,3,2
2025-07-17 14:56:00+00:00,long,0,0.26330096,0.19237858,0.83190525,0.44085073,2,0
2025-07-17 14:57:00+00:00,long,0,0.008582962,0.013119376,0.008141345,0.20141487,2,0
2025-07-17 14:58:00+00:00,long,0,0.010236894,0.003123105,0.009743537,0.21657598,2,0
2025-07-17 14:59:00+00:00,long,0,0.112393506,0.0991844,0.5183123,0.35400784,2,0
2025-07-17 15:00:00+00:00,long,0,0.08462911,0.074027725,0.07870359,0.21339484,2,0
2025-07-17 15:01:00+00:00,long,0,0.00773084,0.0047504995,0.005958826,0.1805522,2,0
2025-07-17 15:02:00+00:00,long,0,0.12117335,0.115687706,0.29111534,0.2694,2,0
2025-07-17 15:03:00+00:00,long,0,0.0048157293,0.002726586,0.011152188,0.22999032,2,0
2025-07-17 15:04:00+00:00,long,0,0.0029128485,0.0016646072,0.023947313,0.22830558,2,0
2025-07-17 15:05:00+00:00,long,0,0.003067255,0.0056660757,0.021846963,0.19880927,2,0
2025-07-17 15:06:00+00:00,long,1,0.9422009,0.920204,0.75246114,0.66960305,3,2
2025-07-17 15:07:00+00:00,long,1,0.98880476,0.9692105,0.9392463,0.77908,3,2
2025-07-17 15:08:00+00:00,long,1,0.9759125,0.9446263,0.9472129,0.773681,3,2
2025-07-17 15:09:00+00:00,long,1,0.9796261,0.9471213,0.9421479,0.71348923,3,2
2025-07-17 15:10:00+00:00,long,1,0.97373205,0.9134507,0.88254833,0.711768,3,2
2025-07-17 15:11:00+00:00,long,0,0.017044501,0.009281837,0.020478504,0.22838771,2,0
2025-07-17 15:12:00+00:00,long,1,0.96581876,0.9378957,0.8903261,0.7294366,3,2
2025-07-17 15:13:00+00:00,long,0,0.01643623,0.008020085,0.08726431,0.22719993,2,0
2025-07-17 15:14:00+00:00,long,0,0.007996875,0.0034391657,0.024987726,0.21342237,2,0
2025-07-17 15:15:00+00:00,long,0,0.020381693,0.00917302,0.12411983,0.21565787,2,0
2025-07-17 15:16:00+00:00,long,1,0.9861412,0.9869091,0.96875185,0.78015333,3,2
2025-07-17 15:17:00+00:00,long,1,0.97716504,0.9618905,0.9330381,0.744502,3,2
2025-07-17 15:18:00+00:00,long,0,0.34515047,0.17489131,0.59700304,0.4334654,2,0
2025-07-17 15:19:00+00:00,long,1,0.97101945,0.9545467,0.9271501,0.6987188,3,1
2025-07-17 15:20:00+00:00,long,0,0.022721872,0.011716242,0.04184151,0.24995351,2,0
2025-07-17 15:21:00+00:00,long,0,0.012979075,0.0037415118,0.07633145,0.221636,2,0
2025-07-17 15:22:00+00:00,long,0,0.033293746,0.02130545,0.30760485,0.33534634,2,0
2025-07-17 15:23:00+00:00,long,0,0.041344248,0.034648746,0.44783592,0.3452036,2,0
2025-07-17 15:24:00+00:00,long,0,0.0065947897,0.0025725313,0.04475849,0.2063858,2,0
2025-07-17 15:25:00+00:00,long,0,0.003236511,0.0021382174,0.010946384,0.21232884,2,0
2025-07-17 15:26:00+00:00,long,0,0.033495244,0.0096115805,0.11030291,0.27455303,2,0
2025-07-17 15:27:00+00:00,long,0,0.0027747669,0.0013542984,0.010118603,0.210922,2,0
2025-07-17 15:28:00+00:00,long,0,0.007310269,0.008825667,0.050402246,0.21109681,2,0
2025-07-17 15:29:00+00:00,long,0,0.0708954,0.019371858,0.21859483,0.3217657,2,0
2025-07-17 15:30:00+00:00,long,0,0.00090227986,0.0015482759,0.057054836,0.17921174,2,0
2025-07-17 15:31:00+00:00,long,0,0.0054972954,0.0040352806,0.15957075,0.24879022,2,0
2025-07-17 15:32:00+00:00,long,0,0.037288602,0.03663353,0.5981599,0.32232752,2,0
2025-07-17 15:33:00+00:00,long,0,0.0017133948,0.0017108383,0.07585688,0.1837452,2,0
2025-07-17 15:34:00+00:00,long,0,0.00072106445,0.0007525116,0.006828102,0.17900664,2,0
2025-07-17 15:35:00+00:00,long,0,0.18506667,0.09311889,0.3187145,0.35394898,2,0
2025-07-17 15:36:00+00:00,long,0,0.13729948,0.06495387,0.34130993,0.26813182,2,0
2025-07-17 15:37:00+00:00,long,0,0.1833289,0.1627048,0.5573225,0.3748479,2,0
2025-07-17 15:38:00+00:00,long,0,0.0034815064,0.004974999,0.005320259,0.17336965,2,0
2025-07-17 15:39:00+00:00,long,0,0.08306696,0.07054578,0.3927974,0.24965286,2,0
2025-07-17 15:40:00+00:00,long,0,0.006929195,0.0071730097,0.023694947,0.19755323,2,0
2025-07-17 15:41:00+00:00,long,0,0.03010161,0.01768765,0.06503309,0.19374208,2,0
2025-07-17 15:42:00+00:00,long,0,0.01812817,0.020691494,0.06530726,0.18731362,2,0
2025-07-17 15:43:00+00:00,long,0,0.0068812086,0.0072815497,0.021963762,0.17724933,2,0
2025-07-17 15:44:00+00:00,long,0,0.4344884,0.27630746,0.7841308,0.50482494,2,0
2025-07-17 15:45:00+00:00,long,0,0.00090728345,0.0037763873,0.02493062,0.19816941,2,0
2025-07-17 15:46:00+00:00,long,0,0.13655347,0.0767476,0.76539266,0.629077,2,1
2025-07-17 15:47:00+00:00,long,0,0.052591633,0.022431295,0.5634684,0.46194264,2,0
2025-07-17 15:48:00+00:00,long,0,0.0033851743,0.002301772,0.021721097,0.18058825,2,0
2025-07-17 15:49:00+00:00,long,0,0.0007179699,0.002187043,0.019518116,0.19955207,2,0
2025-07-17 15:50:00+00:00,long,0,0.0039605936,0.0050562383,0.04439899,0.18589027,2,0
2025-07-18 14:19:00+00:00,short,0,0.0034698874,0.7338036,0.024890834,0.17748839,1,0
2025-07-18 14:20:00+00:00,long,0,0.000718167,0.52126354,0.008548957,0.20054574,1,0
2025-07-18 14:21:00+00:00,long,0,0.0037381006,0.9013215,0.0071775108,0.2010371,1,0
2025-07-18 14:22:00+00:00,short,0,0.056961402,0.85165834,0.27320978,0.2904704,1,0
2025-07-18 14:23:00+00:00,long,0,0.0031875356,0.63548267,0.011241773,0.2001655,1,0
2025-07-18 14:24:00+00:00,short,0,0.02093149,0.89363843,0.20832017,0.23233019,1,0
2025-07-18 14:25:00+00:00,short,0,0.0031390765,0.8386535,0.007855889,0.17430842,1,0
2025-07-18 14:26:00+00:00,short,0,0.1075889,0.08841961,0.75384206,0.3581445,2,0
2025-07-18 14:27:00+00:00,short,0,0.0030361027,0.0064965556,0.0028758543,0.17040318,2,0
2025-07-18 14:28:00+00:00,short,0,0.015810525,0.016871208,0.110351495,0.22152211,2,0
2025-07-18 14:29:00+00:00,long,0,0.0007399208,0.004691222,0.0010860437,0.17122932,2,0
2025-07-18 14:30:00+00:00,long,0,0.0026644494,0.9079497,0.0067096064,0.20711865,1,0
2025-07-18 14:31:00+00:00,short,0,0.009011133,0.6954082,0.05055574,0.20251746,1,0
2025-07-18 14:32:00+00:00,short,0,0.0053911577,0.7313373,0.054431617,0.20248277,1,0
2025-07-18 14:33:00+00:00,short,0,0.032183144,0.026255203,0.4263752,0.28284928,2,0
2025-07-18 14:34:00+00:00,long,0,0.0046912,0.9395798,0.00978864,0.22063844,1,0
2025-07-18 14:35:00+00:00,short,0,0.013502487,0.82823306,0.20573743,0.247683,1,0
2025-07-18 14:36:00+00:00,short,0,0.012453712,0.8530214,0.14104837,0.24925691,1,0
2025-07-18 14:37:00+00:00,short,0,0.00082839007,0.49089408,0.0025122534,0.17068022,1,0
2025-07-18 14:38:00+00:00,long,0,0.0012451374,0.18688802,0.004207401,0.18100749,1,0
2025-07-18 14:39:00+00:00,long,0,0.0008708593,0.13155422,0.0013106962,0.17108165,1,0
2025-07-18 14:40:00+00:00,long,0,0.0031961924,0.96600467,0.009200546,0.18496042,1,0
2025-07-18 14:41:00+00:00,long,0,0.0017409348,0.93896717,0.0058929874,0.23625183,1,0
2025-07-18 14:42:00+00:00,long,0,0.0006476633,0.27113575,0.00035801233,0.17061491,1,0
2025-07-18 14:43:00+00:00,long,0,0.011506348,0.9836025,0.024627566,0.2474765,1,0
2025-07-18 14:44:00+00:00,short,0,0.061002832,0.92732704,0.02587511,0.22752368,1,0
2025-07-18 14:45:00+00:00,short,0,0.074243024,0.9341198,0.032560945,0.22944681,1,0
2025-07-18 14:46:00+00:00,long,0,0.0014881811,0.34686396,0.0029742944,0.17948295,1,0
2025-07-18 14:47:00+00:00,long,0,0.0018776532,0.33561456,0.0025284365,0.18344186,1,0
2025-07-18 14:48:00+00:00,short,1,0.9632974,0.98539597,0.8314691,0.48048076,2,1
2025-07-18 14:49:00+00:00,long,0,0.0010707526,0.2634624,0.002242707,0.17953378,1,0
2025-07-18 14:50:00+00:00,long,0,0.0011972146,0.35283947,0.003227983,0.23296201,1,0
2025-07-18 14:51:00+00:00,long,0,0.00080877886,0.2036045,0.0011043729,0.17708533,1,0
2025-07-18 14:52:00+00:00,short,1,0.97924346,0.9921484,0.8966261,0.5224846,2,1
2025-07-18 14:53:00+00:00,long,0,0.004061634,0.39110515,0.004000559,0.22355728,1,0
2025-07-18 14:54:00+00:00,long,0,0.0030055603,0.8780244,0.0045585884,0.2748771,1,0
2025-07-18 14:55:00+00:00,long,0,0.006615114,0.92521375,0.011310591,0.2558451,1,0
2025-07-18 14:56:00+00:00,long,0,0.0075893346,0.88891745,0.009533744,0.24789691,1,0
2025-07-18 14:57:00+00:00,long,0,0.0044314275,0.38362738,0.00081896817,0.18571888,1,0
2025-07-18 14:58:00+00:00,short,0,0.017759157,0.5891304,0.012941739,0.21217674,1,0
2025-07-18 14:59:00+00:00,long,0,0.00088294403,0.17303,0.0011341124,0.17838253,1,0
2025-07-18 15:00:00+00:00,short,0,0.30051517,0.98271066,0.11276375,0.35164878,1,0
2025-07-18 15:01:00+00:00,short,1,0.9745257,0.992896,0.9165475,0.47453344,2,1
2025-07-18 15:02:00+00:00,long,0,0.0023404798,0.30042976,0.00467371,0.18760681,1,0
2025-07-18 15:03:00+00:00,short,0,0.0061287642,0.30318695,0.003729847,0.1703487,1,0
2025-07-18 15:04:00+00:00,long,0,0.005985644,0.35700205,0.004859488,0.18815343,1,0
2025-07-18 15:05:00+00:00,long,0,0.0028749518,0.20581533,0.0014766818,0.17173715,1,0
2025-07-18 15:06:00+00:00,short,1,0.96993005,0.9850424,0.91746056,0.50091696,2,1
2025-07-18 15:07:00+00:00,long,0,0.0062128957,0.501206,0.008228845,0.19438054,1,0
2025-07-18 15:08:00+00:00,long,0,0.005889642,0.8953896,0.009910207,0.20629191,1,0
2025-07-18 15:09:00+00:00,short,0,0.0023635647,0.2544204,0.009428337,0.18625407,1,0
2025-07-18 15:10:00+00:00,long,0,0.00046970014,0.071292855,0.0009724235,0.17108966,1,0
2025-07-18 15:11:00+00:00,short,0,0.0011852726,0.14940812,0.002658411,0.17131698,1,0
2025-07-18 15:12:00+00:00,short,1,0.9739208,0.9913892,0.8654301,0.6628906,2,1
2025-07-18 15:13:00+00:00,long,0,0.0011278157,0.12535737,0.00021980074,0.16854672,1,0
2025-07-18 15:14:00+00:00,short,0,0.00024998956,0.08114945,0.0001909963,0.16894569,1,0
2025-07-18 15:15:00+00:00,short,0,0.055458687,0.93062407,0.07988193,0.24112828,1,0
2025-07-18 15:16:00+00:00,short,0,0.00046903107,0.14044349,0.001993815,0.171489,1,0
2025-07-18 15:17:00+00:00,short,0,0.17378995,0.08069791,0.07663765,0.29388723,2,0
2025-07-18 15:18:00+00:00,long,0,0.0010384322,0.24282305,0.0048845387,0.18162328,1,0
2025-07-18 15:19:00+00:00,long,0,0.0007636761,0.39006236,0.0018133087,0.18419309,1,0
2025-07-18 15:20:00+00:00,long,0,0.0007853205,0.45326668,0.002275719,0.1791811,1,0
2025-07-18 15:21:00+00:00,short,0,0.03368224,0.6664534,0.06830799,0.20736305,1,0
2025-07-18 15:22:00+00:00,long,0,0.00075701764,0.4759232,0.0022018137,0.17806357,1,0
2025-07-18 15:23:00+00:00,short,0,0.005549435,0.61367357,0.030698815,0.19193578,1,0
2025-07-18 15:24:00+00:00,long,0,0.0009777099,0.14277236,0.0024789576,0.17548566,1,0
2025-07-18 15:25:00+00:00,short,0,0.0012613024,0.46138328,0.005680722,0.17258471,1,0
2025-07-18 15:26:00+00:00,long,0,0.00060732936,0.83590937,0.0017215958,0.18919013,1,0
2025-07-18 15:27:00+00:00,long,0,0.00061992253,0.1531362,0.00020874133,0.16820352,1,0
2025-07-18 15:28:00+00:00,short,0,0.0013125231,0.30621466,0.0049576443,0.1689251,1,0
2025-07-18 15:29:00+00:00,short,0,0.002186422,0.39942032,0.0063997963,0.17220962,1,0
2025-07-18 15:30:00+00:00,short,0,0.0083660735,0.43123415,0.020808045,0.18550555,1,0
2025-07-18 15:31:00+00:00,long,0,0.0010239824,0.42246306,0.004815542,0.18808405,1,0
2025-07-18 15:32:00+00:00,short,0,0.0004914515,0.11233613,0.001104089,0.16839303,1,0
2025-07-18 15:33:00+00:00,long,0,0.0016635148,0.1604333,0.0040167854,0.18660454,1,0
2025-07-18 15:34:00+00:00,short,0,0.0011631792,0.19047269,0.007268226,0.17723966,1,0
2025-07-18 15:35:00+00:00,short,0,0.00035182477,0.08805609,0.0021435705,0.17201068,1,0
2025-07-18 15:36:00+00:00,long,0,0.0075959708,0.9355508,0.011186725,0.20975639,1,0
2025-07-18 15:37:00+00:00,long,0,0.0014328429,0.89859116,0.009572004,0.18001203,1,0
2025-07-18 15:38:00+00:00,long,0,0.000296105,0.053425513,0.0013265414,0.1718552,1,0
2025-07-18 15:39:00+00:00,short,0,0.000500041,0.090646185,0.0007220233,0.17141211,1,0
2025-07-18 15:40:00+00:00,long,0,0.00018337811,0.02766483,0.0008908593,0.16854154,1,0
2025-07-18 15:41:00+00:00,short,0,0.00045098743,0.07193813,0.0010077487,0.16892993,1,0
2025-07-18 15:42:00+00:00,short,0,0.00032088938,0.048485566,0.0007257969,0.16868411,1,0
2025-07-18 15:43:00+00:00,short,0,0.00029698908,0.041446667,0.0007227833,0.16868556,1,0
2025-07-18 15:44:00+00:00,short,0,0.005186137,0.39597833,0.110366546,0.2182938,1,0
2025-07-18 15:45:00+00:00,short,0,0.0013937929,0.12731701,0.005810201,0.17818348,1,0
2025-07-18 15:46:00+00:00,long,0,0.0007348169,0.14855516,0.0026966548,0.17944302,1,0
2025-07-18 15:47:00+00:00,long,0,0.0026300498,0.85883236,0.012352763,0.18827266,1,0
2025-07-18 15:48:00+00:00,short,0,0.015968604,0.76644367,0.13317636,0.28800216,1,0
2025-07-18 15:49:00+00:00,short,0,0.009283709,0.44417423,0.057752743,0.20935197,1,0
2025-07-18 15:50:00+00:00,long,0,0.0013733362,0.32091188,0.0031656374,0.17863964,1,0
2025-07-21 14:19:00+00:00,long,0,0.00038621048,0.00068570307,0.0003303492,0.19197701,2,0
2025-07-21 14:20:00+00:00,short,0,0.0008093054,0.00096213835,0.003223298,0.18942706,2,0
2025-07-21 14:21:00+00:00,long,0,0.00022531363,0.0002882682,0.00023119587,0.17183612,2,0
2025-07-21 14:22:00+00:00,long,0,0.00023091809,0.00029460862,0.00017597932,0.17256795,2,0
2025-07-21 14:23:00+00:00,short,0,0.00031215273,0.0006139793,0.0036913163,0.20758484,2,0
2025-07-21 14:24:00+00:00,long,0,0.00041043124,0.1629421,0.0008580915,0.19672169,1,0
2025-07-21 14:25:00+00:00,short,0,0.0004050761,0.00072790886,0.00115449,0.22992921,2,0
2025-07-21 14:26:00+00:00,short,0,0.0002842888,0.0007133044,0.0011750819,0.24112695,2,0
2025-07-21 14:27:00+00:00,short,0,0.0002574594,0.0007331703,0.0008402245,0.24172199,2,0
2025-07-21 14:28:00+00:00,long,0,0.0030892252,0.8996091,0.0035160496,0.25120905,1,0
2025-07-21 14:29:00+00:00,long,0,0.0054863677,0.89709204,0.0031330467,0.20313708,1,0
2025-07-21 14:30:00+00:00,long,0,0.00017935294,0.01729999,0.00012254996,0.17070942,1,0
2025-07-21 14:31:00+00:00,short,0,0.0003359245,0.05313567,0.0021276928,0.1992669,1,0
2025-07-21 14:32:00+00:00,short,0,0.0002602075,0.0008774222,0.00077023596,0.22392352,2,0
2025-07-21 14:33:00+00:00,long,0,0.00039551957,0.35999537,0.00042675162,0.28422523,1,0
2025-07-21 14:34:00+00:00,short,0,0.00023882641,0.020018576,0.0001994783,0.17312793,1,0
2025-07-21 14:35:00+00:00,long,0,0.00017235991,0.0120903,0.0002316206,0.17336504,1,0
2025-07-21 14:36:00+00:00,short,0,0.0009852701,0.0015982076,0.0024604637,0.18902665,2,0
2025-07-21 14:37:00+00:00,short,0,0.00031087387,0.00043697123,0.0009750326,0.20870633,2,0
2025-07-21 14:38:00+00:00,short,0,0.00056030956,0.0010854469,0.001982434,0.18580918,2,0
2025-07-21 14:39:00+00:00,short,0,0.00033122746,0.00052161294,0.00091080513,0.1931958,2,0
2025-07-21 14:40:00+00:00,long,0,0.00019006344,0.00035831126,8.083895e-05,0.16914326,2,0
2025-07-21 14:41:00+00:00,short,0,0.00016279446,0.00029925237,0.00026156986,0.17447,2,0
2025-07-21 14:42:00+00:00,short,0,0.000121273646,0.00027177916,0.0003867755,0.17516506,2,0
2025-07-21 14:43:00+00:00,long,0,0.0001445697,0.00026764098,0.000101384656,0.17002659,2,0
2025-07-21 14:44:00+00:00,short,0,0.0001295221,0.00026072157,0.00043393025,0.195967,2,0
2025-07-21 14:45:00+00:00,long,0,9.084371e-05,0.018292934,0.00020328254,0.16852139,1,0
2025-07-21 14:46:00+00:00,short,0,0.0005516155,0.0013870331,0.003836877,0.20321368,2,0
2025-07-21 14:47:00+00:00,long,0,0.0001451987,0.00039782605,0.000120092496,0.17607062,2,0
2025-07-21 14:48:00+00:00,long,0,0.0005056893,0.1508803,0.0006297955,0.2098033,1,0
2025-07-21 14:49:00+00:00,short,0,0.0006710661,0.0018038695,0.0023320399,0.21862654,2,0
2025-07-21 14:50:00+00:00,long,0,0.00018607047,0.042311333,0.00025311921,0.1812688,1,0
2025-07-21 14:51:00+00:00,long,0,0.0023412125,0.84308857,0.0024932376,0.2563577,1,0
2025-07-21 14:52:00+00:00,long,0,0.0003768762,0.22839268,0.0008066692,0.24837786,1,0
2025-07-21 14:53:00+00:00,short,0,8.656302e-05,0.035499033,0.001501426,0.19912563,1,0
2025-07-21 14:54:00+00:00,short,0,8.370411e-05,0.027246445,0.0006912674,0.19632585,1,0
2025-07-21 14:55:00+00:00,short,0,5.5531804e-05,0.019630874,0.0007508139,0.1913647,1,0
2025-07-21 14:56:00+00:00,short,0,5.4691143e-05,0.00032590155,0.00071564113,0.20877963,2,0
2025-07-21 14:57:00+00:00,long,0,5.109855e-05,0.00014682389,0.000120374076,0.17250931,2,0
2025-07-21 14:58:00+00:00,long,0,3.9591632e-05,0.011091673,0.00017881743,0.1678549,1,0
2025-07-21 14:59:00+00:00,long,0,3.906019e-05,0.007704198,0.000102217746,0.16861103,1,0
2025-07-21 15:00:00+00:00,long,0,0.00014949775,0.038185034,0.00034479893,0.17951709,1,0
2025-07-21 15:01:00+00:00,short,0,8.779118e-05,0.042006455,0.00061644375,0.1951188,1,0
2025-07-21 15:02:00+00:00,long,0,8.2859595e-05,0.012578693,9.7299504e-05,0.17511177,1,0
2025-07-21 15:03:00+00:00,short,0,8.365009e-05,0.0001513799,0.0002680245,0.17735995,2,0
2025-07-21 15:04:00+00:00,short,0,0.0026836887,0.005091954,0.070234925,0.18813093,2,0
2025-07-21 15:05:00+00:00,short,0,0.0013271063,0.00309406,0.033192225,0.18846522,2,0
2025-07-21 15:06:00+00:00,long,0,0.00014953881,0.0012192891,0.0003799242,0.18445821,2,0
2025-07-21 15:07:00+00:00,long,0,3.7472957e-05,0.00021085812,0.00024900594,0.1686374,2,0
2025-07-21 15:08:00+00:00,long,0,0.00021963524,0.44830722,0.0006708215,0.19485457,1,0
2025-07-21 15:09:00+00:00,short,0,0.00015604633,0.0008040285,0.0022029055,0.21215951,2,0
2025-07-21 15:10:00+00:00,long,0,6.933566e-05,0.020065013,0.00017948159,0.16781503,1,0
2025-07-21 15:11:00+00:00,short,0,7.59335e-05,0.02606563,0.00023224289,0.17245503,1,0
2025-07-21 15:12:00+00:00,long,0,0.00013551005,0.036103163,0.000330553,0.17426445,1,0
2025-07-21 15:13:00+00:00,short,0,5.6291956e-05,0.02254088,0.00022071534,0.17015457,1,0
2025-07-21 15:14:00+00:00,long,0,7.077338e-05,0.022854699,0.00021523653,0.1679898,1,0
2025-07-21 15:15:00+00:00,short,0,0.00015367534,0.05030741,0.00082567794,0.17759334,1,0
2025-07-21 15:16:00+00:00,long,0,0.00011430438,0.035907645,0.00012560216,0.16800803,1,0
2025-07-21 15:17:00+00:00,short,0,0.0007316895,0.002844481,0.0027005468,0.18099791,2,0
2025-07-21 15:18:00+00:00,short,0,7.420449e-05,0.00054692745,0.0005654956,0.18483104,2,0
2025-07-21 15:19:00+00:00,short,0,5.7779176e-05,0.00038452022,0.00051561475,0.18573552,2,0
2025-07-21 15:20:00+00:00,short,0,7.219518e-05,0.00060810085,0.00042121054,0.18385829,2,0
2025-07-21 15:21:00+00:00,short,0,8.1373386e-05,0.00049654895,0.00042207693,0.18165122,2,0
2025-07-21 15:22:00+00:00,long,0,0.00019408099,0.15401912,0.000539465,0.17620027,1,0
2025-07-21 15:23:00+00:00,long,0,0.00014083365,0.0304524,0.00023388503,0.17011441,1,0
2025-07-21 15:24:00+00:00,long,0,0.0011474928,0.7235087,0.0015915979,0.18564852,1,0
2025-07-21 15:25:00+00:00,short,0,0.0029317914,0.16671515,0.004455965,0.17607044,1,0
2025-07-21 15:26:00+00:00,short,0,0.0004271342,0.0012611493,0.0012950888,0.18070169,2,0
2025-07-21 15:27:00+00:00,short,0,9.952254e-05,0.00031820123,0.00014730642,0.16881965,2,0
2025-07-21 15:28:00+00:00,long,0,0.0006814425,0.3422655,0.0010674085,0.17612618,1,0
2025-07-21 15:29:00+00:00,long,0,0.00012844005,0.024862662,0.00012238424,0.16740583,1,0
2025-07-21 15:30:00+00:00,long,0,0.00025527328,0.03366141,0.00014416869,0.17141335,1,0
2025-07-21 15:31:00+00:00,long,0,8.338894e-05,0.019774403,0.000106036125,0.1741429,1,0
2025-07-21 15:32:00+00:00,short,0,0.00019001703,0.036563855,0.0005880046,0.21470414,1,0
2025-07-21 15:33:00+00:00,long,0,0.0038106327,0.80720794,0.0025388834,0.2984625,1,0
2025-07-21 15:34:00+00:00,long,0,0.00018190466,0.026294028,0.00012415288,0.17294882,1,0
2025-07-21 15:35:00+00:00,short,0,0.000106170286,0.014824154,8.290496e-05,0.17684902,1,0
2025-07-21 15:36:00+00:00,short,0,0.00015618686,0.00065860734,0.00046093488,0.22874911,2,0
2025-07-21 15:37:00+00:00,short,0,0.00016474593,0.0011083679,0.00031234146,0.253721,2,0
2025-07-21 15:38:00+00:00,long,0,0.00010093667,0.00035452048,0.000117650314,0.17360884,2,0
2025-07-21 15:39:00+00:00,long,0,0.00023016281,0.034634203,9.253807e-05,0.17310764,1,0
2025-07-21 15:40:00+00:00,short,0,0.00019171224,0.0010394739,0.0013316845,0.23623316,2,0
2025-07-21 15:41:00+00:00,short,0,0.00021775527,0.001698314,0.0010706042,0.24013221,2,0
2025-07-21 15:42:00+00:00,long,0,0.00033620404,0.0009237477,0.00035121737,0.18651378,2,0
2025-07-21 15:43:00+00:00,long,0,0.0057601538,0.81986904,0.0025388834,0.27517858,1,0
2025-07-21 15:44:00+00:00,short,0,0.00079095515,0.083721384,0.0016427626,0.22430444,1,0
2025-07-21 15:45:00+00:00,long,0,0.0006235568,0.1504224,0.00054607634,0.17814903,1,0
2025-07-21 15:46:00+00:00,long,0,0.0008354743,0.17038418,0.0005462739,0.17890064,1,0
2025-07-21 15:47:00+00:00,short,0,0.0010860007,0.005990518,0.002563386,0.18289559,2,0
2025-07-21 15:48:00+00:00,short,0,0.00036324083,0.0018859314,0.0005947656,0.18204825,2,0
2025-07-21 15:49:00+00:00,short,0,0.0048592477,0.055535242,0.0166993,0.21254711,2,0
2025-07-21 15:50:00+00:00,long,0,0.00051562925,0.004070116,0.00046646353,0.17753612,2,0
2025-07-22 14:19:00+00:00,long,0,0.000188127,0.00035247556,0.0001313632,0.17928362,2,0
2025-07-22 14:20:00+00:00,long,0,0.00011087359,0.00031899093,7.4733616e-05,0.18403934,2,0
2025-07-22 14:21:00+00:00,long,0,0.0001280917,0.00027172215,9.903339e-05,0.17655587,2,0
2025-07-22 14:22:00+00:00,long,0,0.00012335293,0.00036706356,9.2100534e-05,0.17210068,2,0
2025-07-22 14:23:00+00:00,long,0,0.00013862939,0.0009898504,0.000118747426,0.24903835,2,0
2025-07-22 14:24:00+00:00,long,0,0.00012820144,0.020972323,0.00020922233,0.1870402,1,0
2025-07-22 14:25:00+00:00,long,0,8.5593296e-05,0.0005083481,0.00043207424,0.20918937,2,0
2025-07-22 14:26:00+00:00,long,0,0.00010029566,0.0003865954,0.00045642405,0.20482957,2,0
2025-07-22 14:27:00+00:00,long,0,0.0005232258,0.55351025,0.0004976566,0.21308823,1,0
2025-07-22 14:28:00+00:00,long,0,0.00010722495,0.00044842588,0.00043967817,0.19835924,2,0
2025-07-22 14:29:00+00:00,long,0,0.00012477228,0.052395247,0.00018988446,0.19830815,1,0
2025-07-22 14:30:00+00:00,long,0,0.000115987124,0.0005000622,0.000987935,0.21891326,2,0
2025-07-22 14:31:00+00:00,long,0,0.00011864228,0.0003800365,0.00015250128,0.16900873,2,0
2025-07-22 14:32:00+00:00,long,0,9.075158e-05,0.00053847936,8.55082e-05,0.17147745,2,0
2025-07-22 14:33:00+00:00,short,0,0.000131627,0.0010943578,0.0009231987,0.18966627,2,0
2025-07-22 14:34:00+00:00,long,0,0.0015195843,0.85672146,0.0005998997,0.22034495,1,0
2025-07-22 14:35:00+00:00,long,0,0.00020493047,0.029689906,0.00015358173,0.16826685,1,0
2025-07-22 14:36:00+00:00,long,0,0.0002048672,0.000687548,7.7165605e-05,0.17558719,2,0
2025-07-22 14:37:00+00:00,short,0,0.0009807405,0.0012585212,0.003376006,0.17609672,2,0
2025-07-22 14:38:00+00:00,long,0,0.0002363365,0.00059308094,0.0002899026,0.20902269,2,0
2025-07-22 14:39:00+00:00,long,0,0.00018231722,0.00080528826,0.00013353852,0.19167507,2,0
2025-07-22 14:40:00+00:00,short,0,0.00032087744,0.0018105652,0.0010753507,0.1798709,2,0
2025-07-22 14:41:00+00:00,long,0,0.00021320625,0.0021834488,0.00022420229,0.24044116,2,0
2025-07-22 14:42:00+00:00,long,0,0.00022202775,0.00082059536,0.00035927584,0.2047131,2,0
2025-07-22 14:43:00+00:00,long,0,0.0001480241,0.0009729216,0.000102899496,0.17316687,2,0
2025-07-22 14:44:00+00:00,long,0,0.00017931942,0.0006069547,0.00015358979,0.16902916,2,0
2025-07-22 14:45:00+00:00,long,0,0.00016494839,0.00075395074,7.3574854e-05,0.16860221,2,0
2025-07-22 14:46:00+00:00,long,0,0.00019086011,0.0006424424,0.00019968838,0.17990513,2,0
2025-07-22 14:47:00+00:00,long,0,0.0001643609,0.06297835,0.00013657403,0.17012133,1,0
2025-07-22 14:48:00+00:00,long,0,8.2075945e-05,0.00037233764,0.0003093896,0.18188089,2,0
2025-07-22 14:49:00+00:00,long,0,0.0011176085,0.7773911,0.0004826024,0.18614979,1,0
2025-07-22 14:50:00+00:00,long,0,0.00072321465,0.84682775,0.00072827074,0.20784603,1,0
2025-07-22 14:51:00+00:00,long,0,0.00012192065,0.046872098,0.00018069577,0.17094755,1,0
2025-07-22 14:52:00+00:00,short,0,0.0017166596,0.0066237175,0.0050007943,0.17211603,2,0
2025-07-22 14:53:00+00:00,short,0,0.00021528394,0.0010532832,0.00076037785,0.18645078,2,0
2025-07-22 14:54:00+00:00,long,0,0.00010572294,0.00040080474,0.00011113716,0.17186804,2,0
2025-07-22 14:55:00+00:00,long,0,0.00021261694,0.0006462486,0.00015057516,0.16964412,2,0
2025-07-22 14:56:00+00:00,long,0,0.00020010007,0.00051200873,0.0003358715,0.17079537,2,0
2025-07-22 14:57:00+00:00,long,0,0.00015925002,0.00057215843,9.865495e-05,0.17057037,2,0
2025-07-22 14:58:00+00:00,long,0,0.00031819576,0.00066344434,0.00049651274,0.18316524,2,0
2025-07-22 14:59:00+00:00,long,0,0.00017180892,0.0005056404,7.0266804e-05,0.16894072,2,0
2025-07-22 15:00:00+00:00,long,0,0.0002220485,0.0011116385,0.000103676495,0.1730209,2,0
2025-07-22 15:01:00+00:00,long,0,0.00018795954,0.0009350076,0.00013090766,0.16947378,2,0
2025-07-22 15:02:00+00:00,long,0,9.994461e-05,0.00027301692,6.0298004e-05,0.1719384,2,0
2025-07-22 15:03:00+00:00,long,0,0.00011142271,0.0002569866,0.00012024042,0.17818253,2,0
2025-07-22 15:04:00+00:00,long,0,0.00010692783,0.025745628,0.00012848439,0.17601998,1,0
2025-07-22 15:05:00+00:00,long,0,8.308501e-05,0.013848395,0.00019877049,0.19232713,1,0
2025-07-22 15:06:00+00:00,short,0,0.00012565835,0.00038551984,0.00077602157,0.20642965,2,0
2025-07-22 15:07:00+00:00,long,0,7.828687e-05,0.0002388772,6.799254e-05,0.17563683,2,0
2025-07-22 15:08:00+00:00,long,0,0.00014308977,0.00038971237,0.00010170779,0.18230653,2,0
2025-07-22 15:09:00+00:00,long,0,0.00012832606,0.00028819044,7.1471e-05,0.17679049,2,0
2025-07-22 15:10:00+00:00,short,0,0.0001601819,0.00060678984,0.0007664086,0.18553157,2,0
2025-07-22 15:11:00+00:00,long,0,7.927513e-05,0.00015081168,0.00011711483,0.1746853,2,0
2025-07-22 15:12:00+00:00,short,0,0.000118306416,0.00026825437,0.0005745703,0.21869345,2,0
2025-07-22 15:13:00+00:00,short,0,0.00019629025,0.0004531369,0.00073222665,0.19424999,2,0
2025-07-22 15:14:00+00:00,short,0,8.5183885e-05,0.00031766805,0.0003104314,0.21772076,2,0
2025-07-22 15:15:00+00:00,long,0,0.00012574896,0.00022140119,6.432243e-05,0.17088455,2,0
2025-07-22 15:16:00+00:00,long,0,0.00015731742,0.00028002777,6.84602e-05,0.1735525,2,0
2025-07-22 15:17:00+00:00,long,0,0.00014757241,0.00024108266,6.569408e-05,0.17321146,2,0
2025-07-22 15:18:00+00:00,short,0,0.00018811732,0.0005333209,0.00073222665,0.19434096,2,0
2025-07-22 15:19:00+00:00,short,0,0.00024342867,0.0005098194,0.0007613944,0.2076515,2,0
2025-07-22 15:20:00+00:00,long,0,0.00011700756,0.0002612795,0.0002438533,0.16887496,2,0
2025-07-22 15:21:00+00:00,short,0,0.0010251484,0.0024098058,0.008029795,0.19119835,2,0
2025-07-22 15:22:00+00:00,long,0,0.0005012395,0.0016466891,0.00048332635,0.18928309,2,0
2025-07-22 15:23:00+00:00,short,0,0.002026307,0.0018240963,0.0020803348,0.22990878,2,0
2025-07-22 15:24:00+00:00,long,0,0.00017561641,0.00038199357,0.00012213056,0.1687177,2,0
2025-07-22 15:25:00+00:00,short,0,0.00040984282,0.0004704395,0.0010487309,0.21740425,2,0
2025-07-22 15:26:00+00:00,long,0,0.0003515713,0.00034052753,0.00028750626,0.20230754,2,0
2025-07-22 15:27:00+00:00,short,0,0.00038609857,0.0008745927,0.0038285388,0.21700948,2,0
2025-07-22 15:28:00+00:00,long,0,0.00012679059,0.00027655208,0.00028750626,0.20230298,2,0
2025-07-22 15:29:00+00:00,long,0,0.00022497617,0.0006200759,0.000182057,0.16845238,2,0
2025-07-22 15:30:00+00:00,long,0,0.0003042125,0.034170404,0.000101940714,0.16731024,1,0
2025-07-22 15:31:00+00:00,long,0,0.0005139763,0.05078456,0.00033251868,0.17281795,1,0
2025-07-22 15:32:00+00:00,long,0,0.00029096505,0.025727544,0.00020190081,0.16739345,1,0
2025-07-22 15:33:00+00:00,long,0,0.00012266276,0.018806582,0.00020493087,0.16734995,1,0
2025-07-22 15:34:00+00:00,long,0,8.390806e-05,0.019233493,0.00014511081,0.1681552,1,0
2025-07-22 15:35:00+00:00,long,0,0.00012644648,0.018638235,0.00016877131,0.16915847,1,0
2025-07-22 15:36:00+00:00,long,0,0.00010041548,0.025067199,0.00019013086,0.16831754,1,0
2025-07-22 15:37:00+00:00,short,0,0.0021025164,0.0066248504,0.103438556,0.17110163,2,0
2025-07-22 15:38:00+00:00,long,0,0.00017905477,0.0004458527,0.00010329598,0.1688894,2,0
2025-07-22 15:39:00+00:00,long,0,0.00012583485,0.0004039915,0.00022849556,0.16924717,2,0
2025-07-22 15:40:00+00:00,long,0,0.00019711566,0.024352295,0.00018170306,0.16770606,1,0
2025-07-22 15:41:00+00:00,short,0,0.00024021353,0.0013993745,0.003035413,0.17723893,2,0
2025-07-22 15:42:00+00:00,long,0,0.007489246,0.81496495,0.0030929968,0.21818496,1,0
2025-07-22 15:43:00+00:00,long,0,0.00019118979,0.025156409,0.00025152444,0.1690554,1,0
2025-07-22 15:44:00+00:00,long,0,0.0004057869,0.027041178,0.00033884373,0.16817348,1,0
2025-07-22 15:45:00+00:00,long,0,0.0003662474,0.037203964,0.0001180729,0.16884013,1,0
2025-07-22 15:46:00+00:00,short,0,0.00023746927,0.05008446,0.0010145999,0.1795609,1,0
2025-07-22 15:47:00+00:00,long,0,0.00026470484,0.00078207866,0.00021684362,0.1724145,2,0
2025-07-22 15:48:00+00:00,long,0,0.00022738824,0.00063928857,0.00017621642,0.17006975,2,0
2025-07-22 15:49:00+00:00,short,0,0.00157025,0.020485647,0.0036467996,0.18214844,2,0
2025-07-22 15:50:00+00:00,long,0,0.00018819375,0.001066545,0.0003684147,0.16863668,2,0
2025-07-23 14:19:00+00:00,long,0,0.00093685836,0.003141723,0.0063441196,0.2022682,2,0
2025-07-23 14:20:00+00:00,long,0,0.00065072626,0.0005936035,0.002931659,0.17218845,2,0
2025-07-23 14:21:00+00:00,long,0,0.07511895,0.13103825,0.46653026,0.41879055,2,0
2025-07-23 14:22:00+00:00,long,0,0.006906058,0.035770793,0.27079898,0.22582023,2,0
2025-07-23 14:23:00+00:00,long,0,0.3108398,0.35337144,0.7584227,0.6660417,2,1
2025-07-23 14:24:00+00:00,long,1,0.9797362,0.9784721,0.9524862,0.79704124,3,2
2025-07-23 14:25:00+00:00,long,0,0.018908193,0.030536013,0.21452557,0.2553701,2,0
2025-07-23 14:26:00+00:00,long,0,0.002426285,0.000917807,0.0018324457,0.17040898,2,0
2025-07-23 14:27:00+00:00,long,1,0.987633,0.95164955,0.9323851,0.7915905,3,2
2025-07-23 14:28:00+00:00,long,0,0.003631222,0.01261931,0.02923396,0.21794128,2,0
2025-07-23 14:29:00+00:00,long,0,0.0016210111,0.00241863,0.012832414,0.176093,2,0
2025-07-23 14:30:00+00:00,long,0,0.0009550319,0.0005880461,0.0014754708,0.16937204,2,0
2025-07-23 14:31:00+00:00,long,0,0.0007945843,0.00065026537,0.0026946305,0.1705005,2,0
2025-07-23 14:32:00+00:00,long,1,0.97003126,0.930074,0.9486534,0.7841669,3,2
2025-07-23 14:33:00+00:00,long,0,0.003239421,0.000728403,0.0022515217,0.17103656,2,0
2025-07-23 14:34:00+00:00,long,0,0.0011943819,0.0013890953,0.005171856,0.17687088,2,0
2025-07-23 14:35:00+00:00,long,0,0.0064491965,0.020849675,0.07466098,0.32279179,2,0
2025-07-23 14:36:00+00:00,long,0,0.0015094437,0.0012480089,0.003907254,0.17727596,2,0
2025-07-23 14:37:00+00:00,long,0,0.0007520305,0.0004248688,0.0037842458,0.17111844,2,0
2025-07-23 14:38:00+00:00,long,0,0.00056306,0.0016186576,0.0071422616,0.17782037,2,0
2025-07-23 14:39:00+00:00,long,0,0.001333906,0.0024277477,0.0415519,0.1837144,2,0
2025-07-23 14:40:00+00:00,long,0,0.2873563,0.39518493,0.6787458,0.716177,2,2
2025-07-23 14:41:00+00:00,long,1,0.9910886,0.9872687,0.9789121,0.81054956,3,2
2025-07-23 14:42:00+00:00,long,0,0.024739573,0.01282017,0.037804995,0.2198133,2,0
2025-07-23 14:43:00+00:00,long,1,0.98885417,0.98551965,0.98107696,0.8182818,3,2
2025-07-23 14:44:00+00:00,long,0,0.17281209,0.070232265,0.38234553,0.3510239,2,0
2025-07-23 14:45:00+00:00,long,0,0.045344435,0.011186858,0.026973765,0.22116792,2,0
2025-07-23 14:46:00+00:00,long,0,0.12317176,0.11193281,0.57169473,0.5295643,2,0
2025-07-23 14:47:00+00:00,long,0,0.027674291,0.012936038,0.036602233,0.26413333,2,0
2025-07-23 14:48:00+00:00,long,0,0.0035199209,0.0037943423,0.004837486,0.19532205,2,0
2025-07-23 14:49:00+00:00,long,0,0.015037832,0.013813579,0.016672919,0.22038372,2,0
2025-07-23 14:50:00+00:00,long,0,0.03398224,0.020725174,0.097341955,0.24370074,2,0
2025-07-23 14:51:00+00:00,long,0,0.008929317,0.0069703865,0.04140522,0.23175031,2,0
2025-07-23 14:52:00+00:00,long,1,0.9901633,0.9898093,0.98389417,0.8088732,3,2
2025-07-23 14:53:00+00:00,long,0,0.4829876,0.3053368,0.85540587,0.72592705,2,2
2025-07-23 14:54:00+00:00,long,0,0.0113833845,0.00680777,0.047608353,0.28293562,2,0
2025-07-23 14:55:00+00:00,long,0,0.0032490476,0.003699297,0.030310402,0.21219963,2,0
2025-07-23 14:56:00+00:00,long,0,0.02166857,0.015890487,0.060753155,0.29398677,2,0
2025-07-23 14:57:00+00:00,long,0,0.0034307484,0.005738024,0.14503664,0.2980148,2,0
2025-07-23 14:58:00+00:00,long,0,0.0014180223,0.0011960663,0.0038372597,0.18878086,2,0
2025-07-23 14:59:00+00:00,long,0,0.0018484392,0.0012458978,0.0055982727,0.1904505,2,0
2025-07-23 15:00:00+00:00,long,0,0.022424862,0.044581957,0.1652544,0.2738609,2,0
2025-07-23 15:01:00+00:00,long,0,0.0035921447,0.011957267,0.011214562,0.18856485,2,0
2025-07-23 15:02:00+00:00,long,0,0.15834105,0.12064721,0.25382882,0.5459384,2,0
2025-07-23 15:03:00+00:00,long,0,0.009883844,0.011113227,0.021247044,0.18781972,2,0
2025-07-23 15:04:00+00:00,long,0,0.01724689,0.011912143,0.030078258,0.18888855,2,0
2025-07-23 15:05:00+00:00,long,0,0.23932043,0.15194057,0.4925608,0.5073346,2,0
2025-07-23 15:06:00+00:00,long,0,0.16467266,0.11487525,0.7147558,0.4929099,2,0
2025-07-23 15:07:00+00:00,long,0,0.25899848,0.20019956,0.717194,0.5057004,2,0
2025-07-23 15:08:00+00:00,long,0,0.24196374,0.1420663,0.68317354,0.5976797,2,1
2025-07-23 15:09:00+00:00,long,0,0.0036053895,0.0020579041,0.008493547,0.19536859,2,0
2025-07-23 15:10:00+00:00,long,0,0.10928068,0.091739856,0.3491372,0.42483163,2,0
2025-07-23 15:11:00+00:00,long,0,0.012577586,0.014392322,0.024232132,0.19462304,2,0
2025-07-23 15:12:00+00:00,long,0,0.0042033317,0.0026006522,0.006407733,0.19298936,2,0
2025-07-23 15:13:00+00:00,long,0,0.0046349308,0.0028698482,0.010097424,0.19401288,2,0
2025-07-23 15:14:00+00:00,long,0,0.13174683,0.08143152,0.1287256,0.3192282,2,0
2025-07-23 15:15:00+00:00,long,0,0.0040854984,0.002863035,0.039982002,0.17822482,2,0
2025-07-23 15:16:00+00:00,long,0,0.0014055903,0.000680782,0.008506632,0.18310238,2,0
2025-07-23 15:17:00+00:00,long,0,0.0018956693,0.0008038132,0.022272531,0.17326725,2,0
2025-07-23 15:18:00+00:00,long,0,0.34086725,0.4286917,0.71759605,0.63618433,2,1
2025-07-23 15:19:00+00:00,long,0,0.0012874802,0.0011459078,0.010569581,0.17231357,2,0
2025-07-23 15:20:00+00:00,long,0,0.001583921,0.0014430404,0.014710489,0.17595369,2,0
2025-07-23 15:21:00+00:00,long,0,0.06858224,0.020953298,0.15242767,0.23487239,2,0
2025-07-23 15:22:00+00:00,long,0,0.027247658,0.009668687,0.11127352,0.22301102,2,0
2025-07-23 15:23:00+00:00,long,0,0.0066656694,0.0023136078,0.06487276,0.18474121,2,0
2025-07-23 15:24:00+00:00,long,0,0.002853264,0.0018498043,0.037083257,0.17678547,2,0
2025-07-23 15:25:00+00:00,long,0,0.0016874109,0.019594977,0.1549963,0.20317656,2,0
2025-07-23 15:26:00+00:00,long,1,0.9597595,0.8899485,0.87949073,0.7027541,3,2
2025-07-23 15:27:00+00:00,long,0,0.0025262393,0.0030366122,0.054521855,0.18065126,2,0
2025-07-23 15:28:00+00:00,long,0,0.028819239,0.010699707,0.119347714,0.22395863,2,0
2025-07-23 15:29:00+00:00,long,0,0.0047655283,0.0043155095,0.04543119,0.18221165,2,0
2025-07-23 15:30:00+00:00,long,0,0.44004634,0.32261497,0.81853646,0.63423246,2,1
2025-07-23 15:31:00+00:00,long,0,0.06699151,0.02310304,0.22829524,0.25235608,2,0
2025-07-23 15:32:00+00:00,long,0,0.034271862,0.0140074985,0.21290727,0.23469184,2,0
2025-07-23 15:33:00+00:00,long,1,0.9464985,0.9168676,0.9440612,0.7824243,3,2
2025-07-23 15:34:00+00:00,long,0,0.009553748,0.013926632,0.05617048,0.19265175,2,0
2025-07-23 15:35:00+00:00,long,1,0.9861626,0.997945,0.9500115,0.7254772,2,2
2025-07-23 15:36:00+00:00,long,0,0.048500955,0.022585448,0.054616485,0.21034469,2,0
2025-07-23 15:37:00+00:00,long,0,0.0030437214,0.0022149791,0.010919618,0.18521161,2,0
2025-07-23 15:38:00+00:00,long,0,0.15657605,0.21429822,0.66278005,0.5729072,2,0
2025-07-23 15:39:00+00:00,long,1,0.9790171,0.94217616,0.9634883,0.7947486,3,2
2025-07-23 15:40:00+00:00,long,0,0.0019758362,0.001252724,0.010086425,0.1743979,2,0
2025-07-23 15:41:00+00:00,long,0,0.0020424293,0.0044029905,0.021255376,0.17536356,2,0
2025-07-23 15:42:00+00:00,long,0,0.06706938,0.06617041,0.4427562,0.4229404,2,0
2025-07-23 15:43:00+00:00,long,0,0.062618256,0.20623314,0.56902456,0.5309311,2,1
2025-07-23 15:44:00+00:00,long,0,0.0019484616,0.0021039075,0.011184937,0.17593826,2,0
2025-07-23 15:45:00+00:00,long,0,0.0019203667,0.0011822426,0.017440073,0.17386788,2,0
2025-07-23 15:46:00+00:00,long,0,0.0062084817,0.006999134,0.060650237,0.1803978,2,0
2025-07-23 15:47:00+00:00,long,0,0.014173766,0.011881056,0.21226463,0.2135263,2,0
2025-07-23 15:48:00+00:00,long,0,0.18558642,0.28162184,0.9457601,0.70825464,2,2
2025-07-23 15:49:00+00:00,long,0,0.013245906,0.0078798635,0.15780829,0.18731052,2,0
2025-07-23 15:50:00+00:00,long,0,0.0011599787,0.0013983872,0.01789069,0.17565918,2,0
2025-07-24 14:19:00+00:00,short,0,0.0007340981,0.001401491,0.004744817,0.18836679,2,0
2025-07-24 14:20:00+00:00,long,0,0.00028232625,0.014347695,0.00021183607,0.16803126,1,0
2025-07-24 14:21:00+00:00,short,0,0.00021203005,0.014219918,0.0004910539,0.16935986,1,0
2025-07-24 14:22:00+00:00,long,0,0.00032206016,0.012615098,0.00035515512,0.17036414,1,0
2025-07-24 14:23:00+00:00,short,0,0.0003693998,0.023757149,0.00033582925,0.1701776,1,0
2025-07-24 14:24:00+00:00,long,0,0.00037752851,0.028198956,0.0002803069,0.17470689,1,0
2025-07-24 14:25:00+00:00,long,0,0.00021500333,0.014532909,8.398418e-05,0.1684516,1,0
2025-07-24 14:26:00+00:00,short,0,0.00018393989,0.01878397,0.00020713599,0.16883035,1,0
2025-07-24 14:27:00+00:00,short,0,0.00043627867,0.03125705,0.0018650513,0.17915054,1,0
2025-07-24 14:28:00+00:00,long,0,0.0002254615,0.1721346,0.00023936713,0.20089883,1,0
2025-07-24 14:29:00+00:00,short,0,0.0003292142,0.023631113,0.00013393856,0.17102711,1,0
2025-07-24 14:30:00+00:00,short,0,0.00031217592,0.00060988654,0.0005257672,0.1742071,2,0
2025-07-24 14:31:00+00:00,long,0,0.00020687487,0.016860416,0.00010374048,0.17900229,1,0
2025-07-24 14:32:00+00:00,long,0,0.00023457826,0.18479013,0.00018631599,0.20031746,1,0
2025-07-24 14:33:00+00:00,long,0,0.00021507077,0.015708528,8.932659e-05,0.16900234,1,0
2025-07-24 14:34:00+00:00,short,0,0.00053533417,0.033233456,0.0005990361,0.18364652,1,0
2025-07-24 14:35:00+00:00,short,0,0.00036818453,0.00039028618,0.00025727466,0.1731866,2,0
2025-07-24 14:36:00+00:00,long,0,0.00014907483,0.0073916456,8.0321355e-05,0.168118,1,0
2025-07-24 14:37:00+00:00,long,0,0.00016654174,0.013841879,5.516887e-05,0.16804242,1,0
2025-07-24 14:38:00+00:00,short,0,0.00012521734,0.010414298,7.066305e-05,0.16757159,1,0
2025-07-24 14:39:00+00:00,long,0,0.00016616263,0.011962553,7.021744e-05,0.17560881,1,0
2025-07-24 14:40:00+00:00,short,0,0.00030174598,0.03023015,0.00024354311,0.17378706,1,0
2025-07-24 14:41:00+00:00,short,0,0.00010829371,0.020104157,7.420803e-05,0.16769533,1,0
2025-07-24 14:42:00+00:00,long,0,9.409671e-05,0.013115919,5.893629e-05,0.16786945,1,0
2025-07-24 14:43:00+00:00,short,0,8.8161905e-05,0.015432876,5.904706e-05,0.16765188,1,0
2025-07-24 14:44:00+00:00,long,0,0.00010364695,0.009534065,0.00013583827,0.16795707,1,0
2025-07-24 14:45:00+00:00,short,0,0.00016507236,0.019345887,6.2084946e-05,0.16778238,1,0
2025-07-24 14:46:00+00:00,long,0,9.914148e-05,0.010698092,7.033411e-05,0.1674092,1,0
2025-07-24 14:47:00+00:00,long,0,6.6780616e-05,0.007349047,6.545216e-05,0.16731858,1,0
2025-07-24 14:48:00+00:00,short,0,0.0003544879,0.027081149,0.00038317541,0.1725594,1,0
2025-07-24 14:49:00+00:00,short,0,0.00020130299,0.020832509,0.0003317113,0.16802819,1,0
2025-07-24 14:50:00+00:00,short,0,0.00013400805,0.01299029,4.3693017e-05,0.16846478,1,0
2025-07-24 14:51:00+00:00,short,0,0.00023147046,0.020987518,0.0003317113,0.16859923,1,0
2025-07-24 14:52:00+00:00,short,0,0.00012338047,0.016033344,5.7575613e-05,0.16847742,1,0
2025-07-24 14:53:00+00:00,short,0,0.00015096016,0.012250446,5.034535e-05,0.16830672,1,0
2025-07-24 14:54:00+00:00,short,0,0.000110619396,0.014616158,0.00010606475,0.16854648,1,0
2025-07-24 14:55:00+00:00,long,0,0.00012254072,0.027642438,0.00011042128,0.16967642,1,0
2025-07-24 14:56:00+00:00,long,0,9.787851e-05,0.013130283,9.967412e-05,0.17112301,1,0
2025-07-24 14:57:00+00:00,short,0,0.00010664028,0.014490206,4.3693017e-05,0.1677577,1,0
2025-07-24 14:58:00+00:00,short,0,0.00011009019,0.015658833,8.153604e-05,0.16786164,1,0
2025-07-24 14:59:00+00:00,long,0,0.00011057458,0.016045423,9.392414e-05,0.17064215,1,0
2025-07-24 15:00:00+00:00,short,0,0.00031553887,0.034510057,0.00010686565,0.16870213,1,0
2025-07-24 15:01:00+00:00,long,0,0.00013976303,0.0154666025,6.3850996e-05,0.16778626,1,0
2025-07-24 15:02:00+00:00,short,0,0.00034504195,0.024688084,0.0002492722,0.17797767,1,0
2025-07-24 15:03:00+00:00,long,0,0.00010981749,0.0125385495,7.2060575e-05,0.16800041,1,0
2025-07-24 15:04:00+00:00,long,0,0.00017594677,0.35312706,0.00028783153,0.21451877,1,0
2025-07-24 15:05:00+00:00,short,0,0.00013977222,0.018175054,0.00019446517,0.16844903,1,0
2025-07-24 15:06:00+00:00,short,0,9.04004e-05,0.016045634,5.1585957e-05,0.16776337,1,0
2025-07-24 15:07:00+00:00,long,0,7.50331e-05,0.010813184,0.00010248674,0.16751115,1,0
2025-07-24 15:08:00+00:00,short,0,0.00016053801,0.017881904,0.00017369378,0.17216219,1,0
2025-07-24 15:09:00+00:00,long,0,6.993549e-05,0.013771253,9.166132e-05,0.17048712,1,0
2025-07-24 15:10:00+00:00,long,0,8.156528e-05,0.022059523,0.000147382,0.1727513,1,0
2025-07-24 15:11:00+00:00,long,0,6.710382e-05,0.013623911,9.5407275e-05,0.16848785,1,0
2025-07-24 15:12:00+00:00,long,0,7.824448e-05,0.015964732,9.255562e-05,0.16848785,1,0
2025-07-24 15:13:00+00:00,short,0,0.0003544242,0.041777108,0.0007987296,0.17678078,1,0
2025-07-24 15:14:00+00:00,short,0,0.00017549422,0.0006168734,0.00010962517,0.16957958,2,0
2025-07-24 15:15:00+00:00,long,0,0.0001331832,0.020516008,0.000111229085,0.16838302,1,0
2025-07-24 15:16:00+00:00,short,0,0.0002164652,0.0008025045,9.165939e-05,0.17113125,2,0
2025-07-24 15:17:00+00:00,short,0,0.000106117244,0.00054388604,0.00011193942,0.16905071,2,0
2025-07-24 15:18:00+00:00,long,0,0.00010749758,0.016563015,8.594212e-05,0.16858484,1,0
2025-07-24 15:19:00+00:00,long,0,6.1913546e-05,0.013984059,4.8147987e-05,0.16879697,1,0
2025-07-24 15:20:00+00:00,long,0,6.0410526e-05,0.008366904,6.923583e-05,0.16728847,1,0
2025-07-24 15:21:00+00:00,short,0,0.00028270305,0.028710414,0.00025200046,0.17305757,1,0
2025-07-24 15:22:00+00:00,short,0,0.0003112968,0.00068320055,0.00035238115,0.17286386,2,0
2025-07-24 15:23:00+00:00,long,0,0.00012351124,0.23499292,0.0002475912,0.19298345,1,0
2025-07-24 15:24:00+00:00,short,0,0.00029754543,0.029413553,0.00049811666,0.17151849,1,0
2025-07-24 15:25:00+00:00,short,0,0.00010217341,0.023931876,0.00010356287,0.16928162,1,0
2025-07-24 15:26:00+00:00,short,0,0.0004163857,0.0025726806,0.00094867335,0.1902808,2,0
2025-07-24 15:27:00+00:00,short,0,0.0001957262,0.0009726199,0.00019253348,0.17644346,2,0
2025-07-24 15:28:00+00:00,long,0,0.0001220223,0.0401648,0.00019339102,0.17714398,1,0
2025-07-24 15:29:00+00:00,long,0,7.4034644e-05,0.016251292,6.682241e-05,0.16819535,1,0
2025-07-24 15:30:00+00:00,long,0,3.793922e-05,0.010022513,6.3723804e-05,0.16751844,1,0
2025-07-24 15:31:00+00:00,long,0,4.4498014e-05,0.008103191,9.1956e-05,0.16742651,1,0
2025-07-24 15:32:00+00:00,long,0,6.2551386e-05,0.013920151,5.88342e-05,0.16761617,1,0
2025-07-24 15:33:00+00:00,short,0,8.831378e-05,0.016829032,8.554238e-05,0.16771078,1,0
2025-07-24 15:34:00+00:00,short,0,0.00029280002,0.0014146691,0.00037679303,0.17698085,2,0
2025-07-24 15:35:00+00:00,short,0,8.2220635e-05,0.018586282,5.3306176e-05,0.16820778,1,0
2025-07-24 15:36:00+00:00,long,0,6.213754e-05,0.010958584,9.055423e-05,0.16786183,1,0
2025-07-24 15:37:00+00:00,short,0,0.00040254358,0.04177951,0.00023561677,0.17462061,1,0
2025-07-24 15:38:00+00:00,long,0,0.00013931635,0.03458366,8.879164e-05,0.17190318,1,0
2025-07-24 15:39:00+00:00,long,0,5.9877304e-05,0.012129817,9.310571e-05,0.16751808,1,0
2025-07-24 15:40:00+00:00,short,0,0.00028850275,0.036644597,0.00027442825,0.18237513,1,0
2025-07-24 15:41:00+00:00,long,0,6.5101565e-05,0.017070461,6.20056e-05,0.1681932,1,0
2025-07-24 15:42:00+00:00,short,0,0.00041701473,0.04291877,0.0003337344,0.1799827,1,0
2025-07-24 15:43:00+00:00,short,0,9.872186e-05,0.017594866,6.577269e-05,0.16855629,1,0
2025-07-24 15:44:00+00:00,short,0,0.00010276163,0.0164393,6.369853e-05,0.16846268,1,0
2025-07-24 15:45:00+00:00,long,0,0.00012000573,0.13872238,0.00013240585,0.18047412,1,0
2025-07-24 15:46:00+00:00,long,0,0.00010677805,0.020241296,6.20056e-05,0.167872,1,0
2025-07-24 15:47:00+00:00,short,0,0.0002462204,0.024376534,0.00034218674,0.16780144,1,0
2025-07-24 15:48:00+00:00,long,0,0.00022599826,0.1972194,0.00015918641,0.18285726,1,0
2025-07-24 15:49:00+00:00,short,0,0.0003186229,0.043949176,0.00027879278,0.17322604,1,0
2025-07-24 15:50:00+00:00,short,0,0.0009283172,0.0036770222,0.0008726444,0.18033086,2,0
2025-07-25 14:19:00+00:00,long,0,0.00030239453,0.00041051672,0.0003024049,0.18478435,2,0
2025-07-25 14:20:00+00:00,long,0,0.00018813633,0.00012625035,0.0026863266,0.17999937,2,0
2025-07-25 14:21:00+00:00,long,0,0.00037575065,0.00018083556,0.0008104916,0.1793708,2,0
2025-07-25 14:22:00+00:00,long,0,0.021401435,0.027951887,0.090323456,0.36017397,2,0
2025-07-25 14:23:00+00:00,long,0,0.022500992,0.028772213,0.086361095,0.37717175,2,0
2025-07-25 14:24:00+00:00,long,0,0.00015616645,0.00028170834,0.002497229,0.18680798,2,0
2025-07-25 14:25:00+00:00,long,0,0.0003253155,0.00022361455,0.0015399642,0.19363749,2,0
2025-07-25 14:26:00+00:00,long,0,0.00027645534,0.00031941943,0.00071814127,0.18223411,2,0
2025-07-25 14:27:00+00:00,long,0,0.0034134926,0.005425693,0.0075022224,0.25348702,2,0
2025-07-25 14:28:00+00:00,long,0,0.0008259589,0.0010028558,0.0034103584,0.19958805,2,0
2025-07-25 14:29:00+00:00,long,0,0.0003463343,0.00023059048,0.0011313095,0.18117906,2,0
2025-07-25 14:30:00+00:00,long,0,0.0049272496,0.006298127,0.006951513,0.24256222,2,0
2025-07-25 14:31:00+00:00,long,0,0.015928702,0.03430726,0.02095469,0.33660626,2,0
2025-07-25 14:32:00+00:00,long,0,0.0003310204,0.0002584937,0.0006658559,0.17883919,2,0
2025-07-25 14:33:00+00:00,long,0,0.00027721174,0.0003613166,0.0011353808,0.19305032,2,0
2025-07-25 14:34:00+00:00,long,0,0.0003361345,0.0003220181,0.0012087782,0.19040094,2,0
2025-07-25 14:35:00+00:00,long,0,0.0006224236,0.00053534284,0.0026131312,0.16800319,2,0
2025-07-25 14:36:00+00:00,long,0,0.00028947808,0.00046460927,0.0018759792,0.17269339,2,0
2025-07-25 14:37:00+00:00,long,0,0.00028111195,0.0003982334,0.00072810525,0.17227788,2,0
2025-07-25 14:38:00+00:00,long,0,0.00040826024,0.00028150593,0.0012025986,0.17113723,2,0
2025-07-25 14:39:00+00:00,long,0,0.00018391061,0.0002474213,0.0013897397,0.17683578,2,0
2025-07-25 14:40:00+00:00,long,0,0.0004301296,0.00020632075,0.0014915705,0.17779188,2,0
2025-07-25 14:41:00+00:00,long,0,0.00021405666,0.00018795794,0.00034868417,0.18392582,2,0
2025-07-25 14:42:00+00:00,long,0,0.00065433915,0.00028643294,0.0048461985,0.21711747,2,0
2025-07-25 14:43:00+00:00,long,0,0.0010707286,0.0007290578,0.006751548,0.3147442,2,0
2025-07-25 14:44:00+00:00,long,0,0.00015244166,0.00036756083,0.0021675022,0.20308954,2,0
2025-07-25 14:45:00+00:00,long,0,0.0015020703,0.0018645517,0.0057710023,0.22965735,2,0
2025-07-25 14:46:00+00:00,long,0,0.00021970039,0.0004697933,0.0019647344,0.17057292,2,0
2025-07-25 14:47:00+00:00,long,0,0.00023985328,0.00047533272,0.00028865543,0.16896902,2,0
2025-07-25 14:48:00+00:00,long,0,0.00031454323,0.0008433352,0.0013494586,0.17774875,2,0
2025-07-25 14:49:00+00:00,long,0,0.00030495587,0.00090111874,0.0018833023,0.17449416,2,0
2025-07-25 14:50:00+00:00,long,0,0.012758659,0.015163258,0.025072917,0.30920362,2,0
2025-07-25 14:51:00+00:00,long,0,0.00019335581,0.0004555028,0.0047683045,0.17241377,2,0
2025-07-25 14:52:00+00:00,long,0,0.0004890749,0.00029820856,0.0013972596,0.17135109,2,0
2025-07-25 14:53:00+00:00,long,0,0.000150336,0.00023666257,0.0008378437,0.16977037,2,0
2025-07-25 14:54:00+00:00,long,0,0.0018162421,0.0020902168,0.014824112,0.21662264,2,0
2025-07-25 14:55:00+00:00,long,0,0.00015885646,0.0007464258,0.0009472661,0.17413683,2,0
2025-07-25 14:56:00+00:00,long,0,0.00025849885,0.00060352875,0.0023782256,0.1759228,2,0
2025-07-25 14:57:00+00:00,long,0,0.00071340054,0.0006901658,0.0039656325,0.1824057,2,0
2025-07-25 14:58:00+00:00,long,0,0.00025603842,0.0007139188,0.00036857874,0.17194612,2,0
2025-07-25 14:59:00+00:00,long,0,0.00018544629,0.00072882924,0.0026296384,0.17644703,2,0
2025-07-25 15:00:00+00:00,long,0,0.0006946026,0.001549377,0.0054451157,0.1962763,2,0
2025-07-25 15:01:00+00:00,long,0,0.008434713,0.005994298,0.025320688,0.23997897,2,0
2025-07-25 15:02:00+00:00,long,0,0.00018977695,0.00025000627,0.0015041635,0.17211072,2,0
2025-07-25 15:03:00+00:00,long,0,0.00064881676,0.00088916154,0.013543388,0.21169828,2,0
2025-07-25 15:04:00+00:00,long,0,0.00019233933,0.00019115189,0.0016921753,0.17073786,2,0
2025-07-25 15:05:00+00:00,long,0,0.00027021626,0.0004678228,0.0006286073,0.1706087,2,0
2025-07-25 15:06:00+00:00,long,0,0.0002825721,0.0003848952,0.00080955686,0.1731949,2,0
2025-07-25 15:07:00+00:00,long,0,0.00023224663,0.00043864496,0.0008878168,0.17399736,2,0
2025-07-25 15:08:00+00:00,long,0,0.00041416546,0.001002089,0.004401795,0.2024129,2,0
2025-07-25 15:09:00+00:00,long,0,0.0002707671,0.00041714494,0.00058928574,0.16992235,2,0
2025-07-25 15:10:00+00:00,long,0,0.00018212992,0.00024198722,0.0007685533,0.17016546,2,0
2025-07-25 15:11:00+00:00,long,0,0.00013629564,0.00019892216,0.0033216479,0.16995402,2,0
2025-07-25 15:12:00+00:00,long,0,0.00022824472,0.00025228967,0.00036963896,0.16914438,2,0
2025-07-25 15:13:00+00:00,long,0,0.0002208271,0.00026717264,0.0016324766,0.16862269,2,0
2025-07-25 15:14:00+00:00,long,0,0.00024167456,0.00026980232,0.00044765946,0.16930938,2,0
2025-07-25 15:15:00+00:00,long,0,0.0002234988,0.00022423202,0.0003578494,0.16978562,2,0
2025-07-25 15:16:00+00:00,long,0,0.00028457952,0.0002753463,0.0036871154,0.17132466,2,0
2025-07-25 15:17:00+00:00,long,0,0.00031006138,0.00019924753,0.0013665134,0.16874307,2,0
2025-07-25 15:18:00+00:00,long,0,0.00040279806,0.0007261823,0.0053943037,0.20038895,2,0
2025-07-25 15:19:00+00:00,long,0,0.00026163744,0.00022483937,0.00048374277,0.16892968,2,0
2025-07-25 15:20:00+00:00,long,0,0.00041390356,0.0005067743,0.0041132234,0.17591447,2,0
2025-07-25 15:21:00+00:00,long,0,0.00027820122,0.00043107968,0.001392555,0.1735449,2,0
2025-07-25 15:22:00+00:00,long,0,0.0019985426,0.009213035,0.041557066,0.3307209,2,0
2025-07-25 15:23:00+00:00,long,0,0.0036362684,0.017041827,0.04372853,0.33857808,2,0
2025-07-25 15:24:00+00:00,long,0,0.003942893,0.64836335,0.04439029,0.26750854,1,0
2025-07-25 15:25:00+00:00,long,0,0.00059846736,0.24273713,0.012829522,0.18545063,1,0
2025-07-25 15:26:00+00:00,long,0,0.00038041294,0.00128341,0.0006009578,0.17666538,2,0
2025-07-25 15:27:00+00:00,long,0,0.00071919156,0.0028338053,0.014089979,0.19502635,2,0
2025-07-25 15:28:00+00:00,long,0,0.00025456309,0.00058917905,0.0017476444,0.16962992,2,0
2025-07-25 15:29:00+00:00,long,0,0.000664276,0.00069408683,0.0060476568,0.19025104,2,0
2025-07-25 15:30:00+00:00,long,0,0.00052484113,0.0016218611,0.0013702197,0.18969981,2,0
2025-07-25 15:31:00+00:00,long,0,0.0005418507,0.0010825549,0.0018391318,0.18062949,2,0
2025-07-25 15:32:00+00:00,long,0,0.00082007784,0.0020300962,0.0021812536,0.20595539,2,0
2025-07-25 15:33:00+00:00,long,0,0.0004200129,0.0010447337,0.00070888427,0.18062949,2,0
2025-07-25 15:34:00+00:00,long,0,0.0006013738,0.00059982337,0.0009924113,0.17855413,2,0
2025-07-25 15:35:00+00:00,long,0,0.00036759654,0.00064921944,0.00066889677,0.1814755,2,0
2025-07-25 15:36:00+00:00,long,0,0.0010317885,0.002570819,0.0145181995,0.21851711,2,0
2025-07-25 15:37:00+00:00,long,0,0.0003598371,0.0004851697,0.0021678293,0.17202945,2,0
2025-07-25 15:38:00+00:00,long,0,0.00024194662,0.0004027301,0.0008658011,0.19034074,2,0
2025-07-25 15:39:00+00:00,long,0,0.0009783505,0.00545224,0.01499774,0.22054686,2,0
2025-07-25 15:40:00+00:00,long,0,0.0003138393,0.00057420577,0.0015420215,0.16964574,2,0
2025-07-25 15:41:00+00:00,long,0,0.00036802804,0.00042476575,0.0011010714,0.19146563,2,0
2025-07-25 15:42:00+00:00,long,0,0.00027074103,0.00045641707,0.0013225456,0.17017616,2,0
2025-07-25 15:43:00+00:00,long,0,0.00052100077,0.00058063434,0.00341656,0.17048211,2,0
2025-07-25 15:44:00+00:00,long,0,0.00040400482,0.00041619284,0.0009288524,0.1748115,2,0
2025-07-25 15:45:00+00:00,long,0,0.00040987527,0.00060451863,0.0011442046,0.17055832,2,0
2025-07-25 15:46:00+00:00,long,0,0.00034438912,0.0008948582,0.0005210648,0.1729755,2,0
2025-07-25 15:47:00+00:00,long,0,0.0005307384,0.00069526327,0.0016580083,0.1716776,2,0
2025-07-25 15:48:00+00:00,long,0,0.00058687053,0.0007675056,0.0042639547,0.17456579,2,0
2025-07-25 15:49:00+00:00,long,0,0.0003675102,0.0013435942,0.0022200455,0.17126848,2,0
2025-07-25 15:50:00+00:00,long,0,0.00036882758,0.0013710199,0.0041741193,0.17793882,2,0
2025-07-28 14:19:00+00:00,long,0,9.467517e-05,0.008695195,7.54648e-05,0.16810362,1,0
2025-07-28 14:20:00+00:00,short,0,0.00013087608,0.007402114,0.000108468164,0.16820359,1,0
2025-07-28 14:21:00+00:00,short,0,0.0006679094,0.00035650027,0.00084494264,0.18122321,2,0
2025-07-28 14:22:00+00:00,short,0,0.00034424273,0.00022493691,0.0012436961,0.17968005,2,0
2025-07-28 14:23:00+00:00,long,0,0.00022333032,0.12538016,0.00019223189,0.20742977,1,0
2025-07-28 14:24:00+00:00,short,0,9.214754e-05,0.010397534,5.870558e-05,0.16796689,1,0
2025-07-28 14:25:00+00:00,long,0,0.00011043011,0.008979639,7.613812e-05,0.16973634,1,0
2025-07-28 14:26:00+00:00,long,0,0.00023126863,0.10364891,0.00026132358,0.20149739,1,0
2025-07-28 14:27:00+00:00,long,0,0.00014884217,0.024599709,9.006353e-05,0.175692,1,0
2025-07-28 14:28:00+00:00,short,0,0.0004308077,0.011552888,0.0001145085,0.16892564,1,0
2025-07-28 14:29:00+00:00,short,0,0.00019610598,0.010967866,5.4708566e-05,0.16793106,1,0
2025-07-28 14:30:00+00:00,short,0,0.00058926496,0.016418472,0.00091756653,0.17402093,1,0
2025-07-28 14:31:00+00:00,short,0,0.00016386765,0.00029887742,0.0008571983,0.16951941,2,0
2025-07-28 14:32:00+00:00,short,0,0.00012905523,0.00017142078,0.00019334807,0.16891585,2,0
2025-07-28 14:33:00+00:00,short,0,0.00021114582,0.00020652977,0.00027807575,0.17054664,2,0
2025-07-28 14:34:00+00:00,short,0,8.205458e-05,0.00012937472,9.715153e-05,0.16751806,2,0
2025-07-28 14:35:00+00:00,short,0,0.00010376354,0.00017138172,0.00014954765,0.16745503,2,0
2025-07-28 14:36:00+00:00,long,0,0.00021636243,0.027742093,0.0001442285,0.16974229,1,0
2025-07-28 14:37:00+00:00,short,0,7.590795e-05,0.0072965515,9.639189e-05,0.16763848,1,0
2025-07-28 14:38:00+00:00,short,0,0.00020141242,0.011055356,0.00034658716,0.17249395,1,0
2025-07-28 14:39:00+00:00,short,0,0.0008005824,0.0017020564,0.0045140954,0.18311517,2,0
2025-07-28 14:40:00+00:00,short,0,6.164796e-05,0.000474467,8.392166e-05,0.16808327,2,0
2025-07-28 14:41:00+00:00,short,0,0.00032375733,0.0006170674,0.00077146414,0.17923076,2,0
2025-07-28 14:42:00+00:00,short,0,0.00088874483,0.0040633804,0.0017328522,0.20258714,2,0
2025-07-28 14:43:00+00:00,long,0,0.00017474033,0.04249513,8.2134124e-05,0.17252433,1,0
2025-07-28 14:44:00+00:00,long,0,0.00024879925,0.032262255,0.00010957334,0.17083095,1,0
2025-07-28 14:45:00+00:00,long,0,0.00023240568,0.067611665,0.00011018314,0.16996668,1,0
2025-07-28 14:46:00+00:00,short,0,0.00014218828,0.02135512,0.00012687573,0.16754101,1,0
2025-07-28 14:47:00+00:00,short,0,0.00014578999,0.017730743,0.000107722924,0.16754259,1,0
2025-07-28 14:48:00+00:00,long,0,0.00019489415,0.073627725,0.00012478883,0.171755,1,0
2025-07-28 14:49:00+00:00,long,0,0.00010884791,0.01748989,7.702893e-05,0.16720933,1,0
2025-07-28 14:50:00+00:00,short,0,0.0012727099,0.037286848,0.00069836277,0.17496228,1,0
2025-07-28 14:51:00+00:00,short,0,0.00018930128,0.025769943,0.00015216052,0.16767992,1,0
2025-07-28 14:52:00+00:00,short,0,0.00022458161,0.03549908,0.00021655808,0.17230284,1,0
2025-07-28 14:53:00+00:00,short,0,0.00012923218,0.02575354,0.00020761708,0.17507838,1,0
2025-07-28 14:54:00+00:00,long,0,5.3765598e-05,0.010650707,3.0781528e-05,0.16722305,1,0
2025-07-28 14:55:00+00:00,long,0,0.00011235917,0.018644493,8.308866e-05,0.17122555,1,0
2025-07-28 14:56:00+00:00,long,0,0.00015546475,0.021276971,0.00013053171,0.16923875,1,0
2025-07-28 14:57:00+00:00,short,0,0.0001362382,0.020767085,0.0001302824,0.17032267,1,0
2025-07-28 14:58:00+00:00,short,0,8.1239334e-05,0.020831035,0.00010903854,0.17004745,1,0
2025-07-28 14:59:00+00:00,short,0,0.0001345693,0.02047674,0.00030250094,0.16991381,1,0
2025-07-28 15:00:00+00:00,long,0,5.9254522e-05,0.010641145,8.8403096e-05,0.16735952,1,0
2025-07-28 15:01:00+00:00,long,0,6.948168e-05,0.011841152,0.00012658702,0.16771191,1,0
2025-07-28 15:02:00+00:00,long,0,6.5503664e-05,0.0072935577,6.844414e-05,0.17046838,1,0
2025-07-28 15:03:00+00:00,long,0,7.093595e-05,0.016895222,0.00012880443,0.17149194,1,0
2025-07-28 15:04:00+00:00,short,0,0.00018615172,0.010094812,0.00065394613,0.1749221,1,0
2025-07-28 15:05:00+00:00,short,0,7.468054e-05,0.010352599,0.000101736114,0.1684163,1,0
2025-07-28 15:06:00+00:00,long,0,6.6325e-05,0.011541578,6.264499e-05,0.16788435,1,0
2025-07-28 15:07:00+00:00,long,0,7.370371e-05,0.010156227,6.824497e-05,0.16726793,1,0
2025-07-28 15:08:00+00:00,short,0,0.000152637,0.017955327,0.00039548488,0.17646639,1,0
2025-07-28 15:09:00+00:00,long,0,9.995434e-05,0.009154805,8.81793e-05,0.16964829,1,0
2025-07-28 15:10:00+00:00,long,0,0.0001139897,0.027831063,9.9298064e-05,0.17310745,1,0
2025-07-28 15:11:00+00:00,short,0,0.0002081961,0.023654062,0.00019974342,0.18364441,1,0
2025-07-28 15:12:00+00:00,long,0,0.00012645095,0.016415099,0.00011845644,0.17185293,1,0
2025-07-28 15:13:00+00:00,short,0,0.00018418666,0.049952913,0.00022001924,0.1825521,1,0
2025-07-28 15:14:00+00:00,short,0,9.816304e-05,0.027846063,7.3703566e-05,0.16857143,1,0
2025-07-28 15:15:00+00:00,long,0,0.00027459994,0.47373545,0.0005803287,0.24472015,1,0
2025-07-28 15:16:00+00:00,long,0,0.00013369127,0.18231203,0.00019504825,0.1807804,1,0
2025-07-28 15:17:00+00:00,short,0,9.336433e-05,0.03060612,6.0123853e-05,0.1683752,1,0
2025-07-28 15:18:00+00:00,long,0,9.9618825e-05,0.02787286,6.690658e-05,0.16845666,1,0
2025-07-28 15:19:00+00:00,long,0,7.986774e-05,0.013349445,0.00011484135,0.16767865,1,0
2025-07-28 15:20:00+00:00,short,0,9.5116855e-05,0.022431107,7.55752e-05,0.16847052,1,0
2025-07-28 15:21:00+00:00,long,0,0.00011219429,0.033773366,0.000108744985,0.17202137,1,0
2025-07-28 15:22:00+00:00,short,0,9.882386e-05,0.0212907,8.0063335e-05,0.16827588,1,0
2025-07-28 15:23:00+00:00,long,0,0.00012814777,0.020569121,5.8697355e-05,0.16851091,1,0
2025-07-28 15:24:00+00:00,short,0,0.00023504371,0.03009797,0.00014019922,0.1763155,1,0
2025-07-28 15:25:00+00:00,short,0,6.36298e-05,0.023666339,5.3809246e-05,0.16894913,1,0
2025-07-28 15:26:00+00:00,short,0,0.00010195919,0.022292675,0.00017957369,0.16922343,1,0
2025-07-28 15:27:00+00:00,long,0,0.0009900532,0.60545945,0.0004528066,0.19616617,1,0
2025-07-28 15:28:00+00:00,short,0,0.00015117566,0.04374729,5.722327e-05,0.16920431,1,0
2025-07-28 15:29:00+00:00,long,0,9.832127e-05,0.044969115,0.000139472,0.17322338,1,0
2025-07-28 15:30:00+00:00,short,0,0.0001830162,0.035582088,0.00011170793,0.18048155,1,0
2025-07-28 15:31:00+00:00,short,0,0.00015157418,0.03447678,0.0001614374,0.17240994,1,0
2025-07-28 15:32:00+00:00,long,0,0.00011605748,0.04180552,0.00013942161,0.17578875,1,0
2025-07-28 15:33:00+00:00,short,0,0.0005878071,0.06949464,0.0032320942,0.19690013,1,0
2025-07-28 15:34:00+00:00,long,0,0.00011260232,0.034684118,8.791408e-05,0.17405175,1,0
2025-07-28 15:35:00+00:00,long,0,0.00012088398,0.06304383,0.00021180193,0.17126368,1,0
2025-07-28 15:36:00+00:00,long,0,9.682192e-05,0.01582116,0.00012280894,0.16766004,1,0
2025-07-28 15:37:00+00:00,short,0,9.5266085e-05,0.021967363,5.7193432e-05,0.1675753,1,0
2025-07-28 15:38:00+00:00,short,0,0.00013144076,0.023041755,0.00014875236,0.16854887,1,0
2025-07-28 15:39:00+00:00,short,0,0.000118152966,0.0008588936,0.00035132506,0.17309217,2,0
2025-07-28 15:40:00+00:00,short,0,9.684878e-05,0.0011555172,6.149113e-05,0.16888632,2,0
2025-07-28 15:41:00+00:00,short,0,0.0002099031,0.00088510464,0.00023002591,0.1766323,2,0
2025-07-28 15:42:00+00:00,short,0,0.00019061296,0.0017660023,0.00060425076,0.17916358,2,0
2025-07-28 15:43:00+00:00,long,0,0.00030448352,0.3083391,0.00015265316,0.18674941,1,0
2025-07-28 15:44:00+00:00,long,0,0.00013503911,0.028572958,5.8853726e-05,0.1680823,1,0
2025-07-28 15:45:00+00:00,long,0,0.00017766398,0.036085825,8.355625e-05,0.16746937,1,0
2025-07-28 15:46:00+00:00,short,0,0.00027079138,0.061565083,0.00044450513,0.18127824,1,0
2025-07-28 15:47:00+00:00,long,0,0.00021888349,0.033329155,0.00010005666,0.1675542,1,0
2025-07-28 15:48:00+00:00,short,0,0.00019273128,0.04891304,0.00011334933,0.16969603,1,0
2025-07-28 15:49:00+00:00,short,0,0.00016437688,0.041501682,0.00014009686,0.16796733,1,0
2025-07-28 15:50:00+00:00,long,0,0.00029155097,0.15894313,0.00029974664,0.17902334,1,0
2025-07-29 14:19:00+00:00,long,0,0.0035091331,0.9693412,0.007713262,0.2569177,1,0
2025-07-29 14:20:00+00:00,short,1,0.9770757,0.9936382,0.94958484,0.5572935,2,1
2025-07-29 14:21:00+00:00,long,0,0.004328361,0.8424636,0.00802533,0.21445787,1,0
2025-07-29 14:22:00+00:00,short,0,0.004176126,0.67638785,0.0026289357,0.1768018,1,0
2025-07-29 14:23:00+00:00,long,0,0.006086115,0.9673447,0.0073076715,0.25972804,1,0
2025-07-29 14:24:00+00:00,long,0,0.0014327836,0.51533186,0.0013370082,0.17572792,1,0
2025-07-29 14:25:00+00:00,long,0,0.0035751876,0.8844574,0.009154009,0.24119072,1,0
2025-07-29 14:26:00+00:00,short,0,0.0010040168,0.60247207,0.0023717294,0.17807947,1,0
2025-07-29 14:27:00+00:00,long,0,0.0008659571,0.5636999,0.0054530515,0.18623032,1,0
2025-07-29 14:28:00+00:00,short,0,0.0011468371,0.57452035,0.001990614,0.17902035,1,0
2025-07-29 14:29:00+00:00,long,0,0.0010414087,0.6673612,0.0057645,0.2634941,1,0
2025-07-29 14:30:00+00:00,long,0,0.00044100545,0.3484764,0.0045650345,0.18190849,1,0
2025-07-29 14:31:00+00:00,long,0,0.00061470654,0.676253,0.0068990043,0.22102813,1,0
2025-07-29 14:32:00+00:00,long,0,0.0009689753,0.963816,0.0060051577,0.2025271,1,0
2025-07-29 14:33:00+00:00,short,0,0.001073945,0.6939547,0.014011667,0.1846907,1,0
2025-07-29 14:34:00+00:00,long,0,0.00023695224,0.2364284,0.0077511934,0.18718989,1,0
2025-07-29 14:35:00+00:00,short,0,0.0021746112,0.8242758,0.060170837,0.20552313,1,0
2025-07-29 14:36:00+00:00,long,0,0.010273639,0.97871566,0.004202531,0.19647332,1,0
2025-07-29 14:37:00+00:00,long,0,0.0033585809,0.97223365,0.0035051387,0.18752094,1,0
2025-07-29 14:38:00+00:00,short,0,0.0045175743,0.79595906,0.026606867,0.20697248,1,0
2025-07-29 14:39:00+00:00,short,0,0.0012230136,0.5674099,0.011471587,0.17467244,1,0
2025-07-29 14:40:00+00:00,short,0,0.09518858,0.99566996,0.32643473,0.36744794,1,0
2025-07-29 14:41:00+00:00,long,0,0.001996917,0.9769026,0.009654761,0.17780854,1,0
2025-07-29 14:42:00+00:00,short,0,0.008927743,0.91289353,0.048482813,0.17836893,1,0
2025-07-29 14:43:00+00:00,short,0,0.015367463,0.95057213,0.178022,0.20686512,1,0
2025-07-29 14:44:00+00:00,long,0,0.0020428114,0.4936115,0.006762989,0.18114431,1,0
2025-07-29 14:45:00+00:00,short,0,0.025085706,0.9836385,0.33687404,0.21402474,1,0
2025-07-29 14:46:00+00:00,short,0,0.059148006,0.98900294,0.52459,0.3971436,1,0
2025-07-29 14:47:00+00:00,long,0,0.0008421162,0.8811371,0.007533891,0.17388088,1,0
2025-07-29 14:48:00+00:00,long,0,0.0006732104,0.66260636,0.0040849843,0.19330598,1,0
2025-07-29 14:49:00+00:00,long,0,0.0009271381,0.71338826,0.005122232,0.19377093,1,0
2025-07-29 14:50:00+00:00,short,0,0.015406163,0.96433043,0.288939,0.20247753,1,0
2025-07-29 14:51:00+00:00,long,0,0.002004327,0.7426646,0.026009262,0.18101805,1,0
2025-07-29 14:52:00+00:00,short,0,0.0017895594,0.7074603,0.011370523,0.1789658,1,0
2025-07-29 14:53:00+00:00,long,0,0.0012887653,0.6310949,0.008385765,0.18366767,1,0
2025-07-29 14:54:00+00:00,short,0,0.00044460088,0.5272189,0.0061990065,0.17506005,1,0
2025-07-29 14:55:00+00:00,long,0,0.0012272005,0.7625361,0.0109621985,0.20104687,1,0
2025-07-29 14:56:00+00:00,short,0,0.00088132685,0.5040679,0.023735432,0.17901868,1,0
2025-07-29 14:57:00+00:00,long,0,0.0007243107,0.9166404,0.009087373,0.1884939,1,0
2025-07-29 14:58:00+00:00,short,0,0.016862327,0.89685476,0.32484618,0.2233667,1,0
2025-07-29 14:59:00+00:00,short,0,0.09559491,0.9907844,0.5802494,0.35770372,1,0
2025-07-29 15:00:00+00:00,short,0,0.000577328,0.54619443,0.0042333296,0.17563106,1,0
2025-07-29 15:01:00+00:00,long,0,0.00496055,0.9867225,0.021987814,0.19515367,1,0
2025-07-29 15:02:00+00:00,long,0,0.00085140456,0.7872883,0.009311319,0.21306701,1,0
2025-07-29 15:03:00+00:00,long,0,0.0015404614,0.9553391,0.0127950655,0.19411315,1,0
2025-07-29 15:04:00+00:00,long,0,0.0014352212,0.98133755,0.027494103,0.18699555,1,0
2025-07-29 15:05:00+00:00,long,0,0.0005806471,0.5887652,0.009898242,0.18846245,1,0
2025-07-29 15:06:00+00:00,long,0,0.00058502366,0.63851756,0.02088678,0.18880375,1,0
2025-07-29 15:07:00+00:00,short,0,0.009837939,0.8962899,0.084744096,0.1857373,1,0
2025-07-29 15:08:00+00:00,short,0,0.011959634,0.9356728,0.078640014,0.18442684,1,0
2025-07-29 15:09:00+00:00,short,0,0.10577391,0.9776962,0.47842008,0.28794518,1,0
2025-07-29 15:10:00+00:00,long,0,0.0012743094,0.6636595,0.0018954698,0.17263424,1,0
2025-07-29 15:11:00+00:00,short,0,0.008958726,0.8876173,0.053697504,0.18530004,1,0
2025-07-29 15:12:00+00:00,long,0,0.0010317292,0.73772776,0.006182179,0.18022199,1,0
2025-07-29 15:13:00+00:00,short,0,0.009500191,0.91361517,0.13356361,0.26225647,1,0
2025-07-29 15:14:00+00:00,long,0,0.0019882945,0.9748892,0.0090552,0.17824334,1,0
2025-07-29 15:15:00+00:00,long,0,0.00062741555,0.46548617,0.0051406035,0.18441564,1,0
2025-07-29 15:16:00+00:00,long,0,0.13843018,0.9959817,0.35189965,0.3748586,1,0
2025-07-29 15:17:00+00:00,long,0,0.0011362734,0.6374965,0.010592714,0.18555605,1,0
2025-07-29 15:18:00+00:00,long,0,0.0014837761,0.48736295,0.015615142,0.18757622,1,0
2025-07-29 15:19:00+00:00,long,0,0.0015587268,0.9763574,0.03179714,0.1921491,1,0
2025-07-29 15:20:00+00:00,long,0,0.0018015142,0.73782927,0.01812046,0.21176112,1,0
2025-07-29 15:21:00+00:00,long,0,0.0016974523,0.815458,0.023350334,0.24550377,1,0
2025-07-29 15:22:00+00:00,long,0,0.04591037,0.98491687,0.37139067,0.56734294,1,0
2025-07-29 15:23:00+00:00,long,0,0.003571955,0.8449556,0.039751533,0.19096117,1,0
2025-07-29 15:24:00+00:00,long,0,0.04540607,0.97771305,0.3287096,0.34123114,1,0
2025-07-29 15:25:00+00:00,long,0,0.00071045064,0.46937743,0.011094509,0.18609518,1,0
2025-07-29 15:26:00+00:00,long,0,0.0013492511,0.57914436,0.003919741,0.18471472,1,0
2025-07-29 15:27:00+00:00,long,0,0.0012313466,0.97265774,0.02569752,0.18759032,1,0
2025-07-29 15:28:00+00:00,long,0,0.0007770231,0.52941173,0.002815238,0.18517046,1,0
2025-07-29 15:29:00+00:00,long,0,0.0134673435,0.9781066,0.33212548,0.52803254,1,0
2025-07-29 15:30:00+00:00,long,0,0.00080835744,0.65002424,0.03647629,0.19306625,1,0
2025-07-29 15:31:00+00:00,long,0,0.0005945301,0.39808923,0.02817713,0.1806653,1,0
2025-07-29 15:32:00+00:00,long,0,0.0053365696,0.98404735,0.07833063,0.19928461,1,0
2025-07-29 15:33:00+00:00,long,0,0.039539177,0.958933,0.3321275,0.33144212,1,0
2025-07-29 15:34:00+00:00,long,0,0.019054135,0.9021319,0.1955441,0.2988445,1,0
2025-07-29 15:35:00+00:00,long,0,0.021409107,0.8963916,0.28225258,0.3240843,1,0
2025-07-29 15:36:00+00:00,long,0,0.032924455,0.94744885,0.39161578,0.31651345,1,0
2025-07-29 15:37:00+00:00,long,0,0.0022014515,0.4949558,0.027840074,0.21277072,1,0
2025-07-29 15:38:00+00:00,long,0,0.0004975252,0.38493606,0.0065505034,0.1783004,1,0
2025-07-29 15:39:00+00:00,long,0,0.0032215149,0.66023386,0.07953442,0.22891636,1,0
2025-07-29 15:40:00+00:00,long,0,0.0007242799,0.44859397,0.012602453,0.20021887,1,0
2025-07-29 15:41:00+00:00,long,0,0.026667984,0.9857819,0.46916178,0.5142589,1,0
2025-07-29 15:42:00+00:00,long,0,0.0013732662,0.4325208,0.01771044,0.18271126,1,0
2025-07-29 15:43:00+00:00,long,0,0.0010165292,0.34425846,0.0034819248,0.17404975,1,0
2025-07-29 15:44:00+00:00,long,0,0.0018966899,0.41939434,0.033388108,0.20383203,1,0
2025-07-29 15:45:00+00:00,long,0,0.0013091156,0.83579975,0.03961544,0.21411891,1,0
2025-07-29 15:46:00+00:00,short,0,0.0015167689,0.46814245,0.007811486,0.17346506,1,0
2025-07-29 15:47:00+00:00,long,0,0.008775275,0.975775,0.06398795,0.18260475,1,0
2025-07-29 15:48:00+00:00,short,0,0.0012476007,0.3904625,0.002492914,0.17287795,1,0
2025-07-29 15:49:00+00:00,long,0,0.0030389617,0.961228,0.033580437,0.21511312,1,0
2025-07-29 15:50:00+00:00,long,0,0.0049646003,0.97421074,0.06322215,0.18403001,1,0
2025-07-30 14:19:00+00:00,short,0,5.8249367e-05,0.024728743,5.6309033e-05,0.17112477,1,0
2025-07-30 14:20:00+00:00,short,0,7.43112e-05,0.22467178,0.00012282288,0.18668985,1,0
2025-07-30 14:21:00+00:00,short,0,3.1781754e-05,0.015443131,3.0050578e-05,0.1687157,1,0
2025-07-30 14:22:00+00:00,short,0,0.00025745205,0.4607972,0.00038945887,0.19091447,1,0
2025-07-30 14:23:00+00:00,short,0,0.00041723443,0.7768811,0.0014752988,0.20086974,1,0
2025-07-30 14:24:00+00:00,short,0,7.9310674e-05,0.06730589,0.00012615634,0.19686143,1,0
2025-07-30 14:25:00+00:00,short,0,0.00019188177,0.760638,0.0016679841,0.20367534,1,0
2025-07-30 14:26:00+00:00,short,0,7.649261e-05,0.042438686,5.4366716e-05,0.17102782,1,0
2025-07-30 14:27:00+00:00,short,0,0.00012200845,0.3618257,0.0002794898,0.23108001,1,0
2025-07-30 14:28:00+00:00,short,0,0.00033671453,0.1898996,0.0004920707,0.201198,1,0
2025-07-30 14:29:00+00:00,short,0,0.00020050036,0.08270687,0.0004372954,0.19495708,1,0
2025-07-30 14:30:00+00:00,short,0,0.00030609334,0.7389681,0.0019627663,0.2345405,1,0
2025-07-30 14:31:00+00:00,short,0,0.00020170244,0.15339744,0.00041314552,0.19521593,1,0
2025-07-30 14:32:00+00:00,short,0,0.00028746077,0.06036272,0.0027467678,0.2356387,1,0
2025-07-30 14:33:00+00:00,short,0,0.00016214814,0.17314075,0.00048477974,0.26234218,1,0
2025-07-30 14:34:00+00:00,short,0,0.03244142,0.84107584,0.43341953,0.4581263,1,0
2025-07-30 14:35:00+00:00,short,0,9.729514e-05,0.031310312,5.3750424e-05,0.16797435,1,0
2025-07-30 14:36:00+00:00,short,0,9.022255e-05,0.101630464,0.00019306695,0.18266077,1,0
2025-07-30 14:37:00+00:00,short,0,0.00018608128,0.03018699,0.0016579981,0.20144962,1,0
2025-07-30 14:38:00+00:00,short,0,6.301028e-05,0.1885779,0.0002160936,0.18060757,1,0
2025-07-30 14:39:00+00:00,short,0,0.0020712446,0.91569823,0.016537612,0.3168311,1,0
2025-07-30 14:40:00+00:00,short,0,0.0007603539,0.0011466547,0.0036255696,0.21026593,2,0
2025-07-30 14:41:00+00:00,short,0,0.00026614298,0.00122388,0.0013798422,0.1776259,2,0
2025-07-30 14:42:00+00:00,short,0,0.00021796588,0.00078628276,0.0002869531,0.19417621,2,0
2025-07-30 14:43:00+00:00,short,0,0.00013433289,0.000357657,0.00011886966,0.1687941,2,0
2025-07-30 14:44:00+00:00,short,0,0.00026160278,0.0009740963,0.00036750562,0.19327988,2,0
2025-07-30 14:45:00+00:00,short,0,0.0053389417,0.004956111,0.009918084,0.22116101,2,0
2025-07-30 14:46:00+00:00,short,0,0.00032644355,0.0007813985,0.00043652015,0.17743422,2,0
2025-07-30 14:47:00+00:00,short,0,0.0032271286,0.0090976795,0.009625917,0.2803785,2,0
2025-07-30 14:48:00+00:00,short,0,0.00025524918,0.0006491622,0.00037806568,0.1940931,2,0
2025-07-30 14:49:00+00:00,short,0,0.0012317038,0.0022894365,0.0024815956,0.20096786,2,0
2025-07-30 14:50:00+00:00,short,1,0.9796826,0.9962658,0.9464782,0.75396043,2,2
2025-07-30 14:51:00+00:00,short,0,0.00014501026,0.086681075,0.00024118471,0.19163619,1,0
2025-07-30 14:52:00+00:00,short,0,0.00034564693,0.00053917145,0.00012923502,0.16876835,2,0
2025-07-30 14:53:00+00:00,short,0,0.002371753,0.124180116,0.002787489,0.22364359,1,0
2025-07-30 14:54:00+00:00,short,0,0.00015232078,0.00036411628,0.00035529342,0.18357651,2,0
2025-07-30 14:55:00+00:00,short,0,0.00025312766,0.0010349079,0.0011690547,0.17377247,2,0
2025-07-30 14:56:00+00:00,short,0,0.00021428723,0.00081906567,0.0010281305,0.17538571,2,0
2025-07-30 14:57:00+00:00,short,0,0.00066938874,0.0013639138,0.00068100035,0.18243383,2,0
2025-07-30 14:58:00+00:00,short,0,0.0014241387,0.002730123,0.0058332374,0.18837593,2,0
2025-07-30 14:59:00+00:00,short,0,0.00025184455,0.0017421832,0.0010418305,0.19758017,2,0
2025-07-30 15:00:00+00:00,short,0,0.0005684255,0.0013651528,0.00032327586,0.17853971,2,0
2025-07-30 15:01:00+00:00,short,0,0.00076634355,0.0013687427,0.00064496166,0.22237088,2,0
2025-07-30 15:02:00+00:00,short,0,6.688336e-05,0.0002541278,0.00024879212,0.16894205,2,0
2025-07-30 15:03:00+00:00,short,0,0.50551766,0.9900748,0.9460422,0.7174168,1,2
2025-07-30 15:04:00+00:00,short,0,4.3364133e-05,0.00029625156,0.00014928679,0.16991504,2,0
2025-07-30 15:05:00+00:00,short,0,0.00020831206,0.023701115,0.0007761569,0.20419605,1,0
2025-07-30 15:06:00+00:00,short,0,0.000118863885,0.0003062133,0.00013750955,0.16848458,2,0
2025-07-30 15:07:00+00:00,short,0,0.0005744767,0.0029013874,0.0021790473,0.1799264,2,0
2025-07-30 15:08:00+00:00,short,0,0.0002481515,0.0007531662,0.0008931354,0.17899074,2,0
2025-07-30 15:09:00+00:00,short,0,0.0009774398,0.0021773828,0.002290661,0.17739423,2,0
2025-07-30 15:10:00+00:00,short,0,0.00020657072,0.0007247118,0.000885248,0.1945088,2,0
2025-07-30 15:11:00+00:00,short,0,0.00042494273,0.0010809025,0.0023039992,0.24914128,2,0
2025-07-30 15:12:00+00:00,short,1,0.9439429,0.9906006,0.92121404,0.63024276,2,1
2025-07-30 15:13:00+00:00,short,0,0.00078692625,0.0015801085,0.0009825293,0.18053065,2,0
2025-07-30 15:14:00+00:00,short,0,0.00038198917,0.0014044597,0.0005879794,0.17957391,2,0
2025-07-30 15:15:00+00:00,short,0,0.00047397945,0.0017262092,0.0012743336,0.18348913,2,0
2025-07-30 15:16:00+00:00,short,0,0.0005497128,0.0008786253,0.0003673207,0.16914506,2,0
2025-07-30 15:17:00+00:00,short,0,0.00027596575,0.0017732024,0.0006145484,0.17699224,2,0
2025-07-30 15:18:00+00:00,short,0,0.0045117904,0.009071349,0.014966371,0.22933108,2,0
2025-07-30 15:19:00+00:00,short,0,0.00049929175,0.0013368992,0.001683046,0.18430774,2,0
2025-07-30 15:20:00+00:00,short,0,0.0013744215,0.0028340195,0.0035016146,0.19517808,2,0
2025-07-30 15:21:00+00:00,short,0,0.00042948042,0.0010122032,0.00080589316,0.18192784,2,0
2025-07-30 15:22:00+00:00,short,0,0.00043468623,0.00077780505,0.0024217754,0.17024839,2,0
2025-07-30 15:23:00+00:00,short,0,0.00020068877,0.0008177957,0.0009607414,0.17702653,2,0
2025-07-30 15:24:00+00:00,short,0,0.00018544805,0.0005087335,0.00078782206,0.1701097,2,0
2025-07-30 15:25:00+00:00,short,0,0.041303243,0.9552816,0.11050068,0.47410727,1,0
2025-07-30 15:26:00+00:00,short,0,0.00027300286,0.0014440047,0.0014764126,0.18224467,2,0
2025-07-30 15:27:00+00:00,short,0,0.00016270195,0.00087733736,0.0004311633,0.18050586,2,0
2025-07-30 15:28:00+00:00,short,0,0.00028151317,0.0006784051,0.0017174033,0.18987565,2,0
2025-07-30 15:29:00+00:00,short,0,0.000589905,0.0011719045,0.00281379,0.18917267,2,0
2025-07-30 15:30:00+00:00,short,0,0.0004239583,0.0018006844,0.0034401678,0.1960835,2,0
2025-07-30 15:31:00+00:00,short,0,0.00022008846,0.0004991669,0.00037143996,0.16852832,2,0
2025-07-30 15:32:00+00:00,short,0,0.00053874997,0.002163411,0.009163195,0.20280395,2,0
2025-07-30 15:33:00+00:00,short,0,0.01894711,0.85904014,0.037748378,0.28656688,1,0
2025-07-30 15:34:00+00:00,short,0,0.0002259433,0.041986667,0.00087798806,0.17527263,1,0
2025-07-30 15:35:00+00:00,short,0,9.846143e-05,0.00032369685,0.0005902031,0.17441283,2,0
2025-07-30 15:36:00+00:00,short,0,5.854764e-05,0.00025488416,0.00059799355,0.17426871,2,0
2025-07-30 15:37:00+00:00,short,0,5.659381e-05,0.00031654947,0.00015023269,0.16766982,2,0
2025-07-30 15:38:00+00:00,short,0,0.00029662263,0.0009273063,0.003389292,0.19342928,2,0
2025-07-30 15:39:00+00:00,short,0,0.016476851,0.982042,0.24422212,0.46858525,1,0
2025-07-30 15:40:00+00:00,short,0,0.00039343306,0.07385461,0.0013799544,0.17993362,1,0
2025-07-30 15:41:00+00:00,short,0,0.00064183376,0.09223224,0.0023581458,0.19314766,1,0
2025-07-30 15:42:00+00:00,short,0,0.00024640124,0.0005592654,0.0017805657,0.17770045,2,0
2025-07-30 15:43:00+00:00,short,0,0.000113184404,0.0003597426,0.00026128622,0.16832097,2,0
2025-07-30 15:44:00+00:00,short,0,0.00059623615,0.0014430542,0.0009125955,0.17578833,2,0
2025-07-30 15:45:00+00:00,short,0,0.0001312196,0.00038245504,0.000108544315,0.16866858,2,0
2025-07-30 15:46:00+00:00,long,0,0.060963634,0.04487232,0.33589587,0.3255716,2,0
2025-07-30 15:47:00+00:00,short,0,0.0006619466,0.0033729014,0.011104123,0.20956914,2,0
2025-07-30 15:48:00+00:00,short,0,0.0005470758,0.0010210678,0.000672756,0.17111363,2,0
2025-07-30 15:49:00+00:00,short,0,0.035896726,0.06757299,0.18996328,0.44920507,2,0
2025-07-30 15:50:00+00:00,short,0,0.0008193253,0.0045639384,0.005024548,0.19236265,2,0
2025-07-31 14:19:00+00:00,long,0,0.0008090471,0.25168854,0.0006070342,0.18501675,1,0
2025-07-31 14:20:00+00:00,long,0,0.001914192,0.91646147,0.0025050796,0.19315831,1,0
2025-07-31 14:21:00+00:00,long,1,0.9783612,0.9973586,0.95226413,0.7977853,2,2
2025-07-31 14:22:00+00:00,long,0,0.03205509,0.9937597,0.042231113,0.2594949,1,0
2025-07-31 14:23:00+00:00,long,0,0.5237171,0.99817085,0.940624,0.7490783,1,2
2025-07-31 14:24:00+00:00,long,0,0.0015902831,0.33266535,0.0015485494,0.1715592,1,0
2025-07-31 14:25:00+00:00,long,0,0.00071235636,0.16873667,0.00056944473,0.17383726,1,0
2025-07-31 14:26:00+00:00,long,0,0.00051627104,0.09677219,0.00034618282,0.16847302,1,0
2025-07-31 14:27:00+00:00,long,0,0.20797668,0.9960083,0.68756455,0.70798916,1,2
2025-07-31 14:28:00+00:00,long,0,0.00065786083,0.099815786,0.00044485187,0.17965738,1,0
2025-07-31 14:29:00+00:00,long,0,0.010257157,0.9767039,0.0077690776,0.24101365,1,0
2025-07-31 14:30:00+00:00,long,0,0.064056195,0.9817253,0.038807794,0.38500443,1,0
2025-07-31 14:31:00+00:00,long,0,0.00045062604,0.118803166,0.0007688086,0.16766189,1,0
2025-07-31 14:32:00+00:00,short,0,0.039538935,0.940782,0.09909546,0.43775308,1,0
2025-07-31 14:33:00+00:00,long,1,0.98691666,0.99730265,0.9639656,0.7913744,2,2
2025-07-31 14:34:00+00:00,long,0,0.004153659,0.9578789,0.0035070512,0.21675758,1,0
2025-07-31 14:35:00+00:00,short,0,0.00067252293,0.19419852,0.0010404147,0.16816418,1,0
2025-07-31 14:36:00+00:00,long,1,0.9885775,0.9970816,0.97319293,0.79419297,2,2
2025-07-31 14:37:00+00:00,long,0,0.00082306017,0.6955918,0.0009305169,0.17369372,1,0
2025-07-31 14:38:00+00:00,long,0,0.0011603776,0.8809572,0.0012902397,0.19839115,1,0
2025-07-31 14:39:00+00:00,short,0,0.0003781751,0.22031657,0.00037346792,0.1689981,1,0
2025-07-31 14:40:00+00:00,long,0,5.511865e-05,0.16237204,0.00022139674,0.16739647,1,0
2025-07-31 14:41:00+00:00,short,0,0.011462365,0.89786375,0.026036594,0.36409783,1,0
2025-07-31 14:42:00+00:00,short,0,0.00030485183,0.37715077,0.0007438946,0.19056986,1,0
2025-07-31 14:43:00+00:00,short,0,0.00022919093,0.4153173,0.00073855557,0.18943192,1,0
2025-07-31 14:44:00+00:00,short,0,0.009185609,0.9446484,0.03978983,0.2574429,1,0
2025-07-31 14:45:00+00:00,long,0,0.00020055562,0.32279402,0.00035659107,0.16890132,1,0
2025-07-31 14:46:00+00:00,long,0,0.07859276,0.99752825,0.5539338,0.4421666,1,0
2025-07-31 14:47:00+00:00,short,0,0.00035482022,0.40237188,0.00016142693,0.17429787,1,0
2025-07-31 14:48:00+00:00,long,0,0.00015034691,0.09859628,0.00015104684,0.16749032,1,0
2025-07-31 14:49:00+00:00,long,0,0.12137173,0.9959109,0.81008077,0.57178754,1,1
2025-07-31 14:50:00+00:00,short,0,0.004179318,0.85339344,0.0042166486,0.2922623,1,0
2025-07-31 14:51:00+00:00,long,0,8.59472e-05,0.15277682,0.0002719671,0.16790564,1,0
2025-07-31 14:52:00+00:00,long,0,0.00982099,0.9906963,0.040442724,0.23662014,1,0
2025-07-31 14:53:00+00:00,short,0,0.00014733564,0.12815554,0.00012741245,0.16768776,1,0
2025-07-31 14:54:00+00:00,long,0,0.28150004,0.9923228,0.91522545,0.64509076,1,1
2025-07-31 14:55:00+00:00,short,1,0.9737837,0.99717283,0.9715921,0.7927076,2,2
2025-07-31 14:56:00+00:00,long,0,0.0024893875,0.93840283,0.011448364,0.18799986,1,0
2025-07-31 14:57:00+00:00,long,0,0.00015591292,0.08278959,0.0011917333,0.16772304,1,0
2025-07-31 14:58:00+00:00,long,0,0.0013817705,0.89724064,0.0045334324,0.17824166,1,0
2025-07-31 14:59:00+00:00,short,0,0.0005512551,0.16131487,0.0004195693,0.17149292,1,0
2025-07-31 15:00:00+00:00,long,1,0.9745954,0.9950536,0.85104424,0.7191057,2,2
2025-07-31 15:01:00+00:00,long,0,0.03350227,0.9831135,0.021805104,0.190929,1,0
2025-07-31 15:02:00+00:00,short,1,0.97578967,0.9962907,0.892988,0.7818107,2,2
2025-07-31 15:03:00+00:00,long,0,0.0010653315,0.24558523,0.001591551,0.1700574,1,0
2025-07-31 15:04:00+00:00,short,0,0.0004882416,0.1002024,0.0005971461,0.1680892,1,0
2025-07-31 15:05:00+00:00,short,0,0.0040934295,0.7949267,0.0054958537,0.23710203,1,0
2025-07-31 15:06:00+00:00,long,0,0.0016295362,0.91306394,0.0009227664,0.17775811,1,0
2025-07-31 15:07:00+00:00,long,0,0.0052544056,0.899011,0.0014614064,0.17734866,1,0
2025-07-31 15:08:00+00:00,long,0,0.000431195,0.28483135,0.0005647127,0.16874701,1,0
2025-07-31 15:09:00+00:00,long,0,0.0005827006,0.3014593,0.0003940088,0.16799067,1,0
2025-07-31 15:10:00+00:00,long,0,0.052701045,0.98815376,0.07153251,0.31061348,1,0
2025-07-31 15:11:00+00:00,long,0,0.00037153543,0.25581482,0.00047885772,0.16849528,1,0
2025-07-31 15:12:00+00:00,long,0,0.0014166341,0.89533955,0.0010306283,0.1718527,1,0
2025-07-31 15:13:00+00:00,short,0,0.09229604,0.9904294,0.07332534,0.3222078,1,0
2025-07-31 15:14:00+00:00,short,0,0.04078709,0.9220109,0.011477574,0.2657276,1,0
2025-07-31 15:15:00+00:00,long,1,0.9701043,0.9972134,0.8821014,0.7752139,2,2
2025-07-31 15:16:00+00:00,long,0,0.00088723877,0.827521,0.0007757362,0.16937888,1,0
2025-07-31 15:17:00+00:00,long,0,0.1747113,0.99270177,0.4169022,0.553232,1,0
2025-07-31 15:18:00+00:00,long,1,0.98652434,0.9975795,0.9555872,0.790086,2,2
2025-07-31 15:19:00+00:00,long,0,0.007342854,0.939121,0.0035945144,0.18370529,1,0
2025-07-31 15:20:00+00:00,long,0,0.19028509,0.99931896,0.6430541,0.7070398,1,1
2025-07-31 15:21:00+00:00,long,0,0.0066160196,0.965656,0.011528123,0.18179697,1,0
2025-07-31 15:22:00+00:00,long,0,0.06760444,0.99686205,0.6877543,0.64097834,1,2
2025-07-31 15:23:00+00:00,long,0,0.031989045,0.99080664,0.094629996,0.25297156,1,0
2025-07-31 15:24:00+00:00,long,1,0.9749238,0.9991013,0.9517,0.79401207,2,2
2025-07-31 15:25:00+00:00,long,0,0.0046255123,0.9525207,0.019953325,0.17931074,1,0
2025-07-31 15:26:00+00:00,long,0,0.17246047,0.99769634,0.8837443,0.7139217,1,2
2025-07-31 15:27:00+00:00,long,0,0.0005997576,0.73445046,0.0029420515,0.17470504,1,0
2025-07-31 15:28:00+00:00,long,0,0.0002417912,0.03489663,0.0004768269,0.17010562,1,0
2025-07-31 15:29:00+00:00,long,0,0.009108592,0.9662093,0.30615222,0.42363667,1,0
2025-07-31 15:30:00+00:00,long,0,0.005329993,0.9672971,0.27560386,0.413648,1,0
2025-07-31 15:31:00+00:00,long,0,0.04149372,0.9930889,0.37745705,0.5855811,1,0
2025-07-31 15:32:00+00:00,long,0,0.00012509132,0.05162158,0.00072579,0.18499617,1,0
2025-07-31 15:33:00+00:00,long,0,0.03477052,0.9905792,0.28144482,0.6010309,1,1
2025-07-31 15:34:00+00:00,long,0,0.2716299,0.99538064,0.70815694,0.65061694,1,2
2025-07-31 15:35:00+00:00,long,0,5.509526e-05,0.036497924,0.00035877182,0.17035519,1,0
2025-07-31 15:36:00+00:00,long,0,0.00012996352,0.34884152,0.0008854109,0.17270674,1,0
2025-07-31 15:37:00+00:00,long,0,0.06007942,0.992289,0.2777309,0.4640404,1,0
2025-07-31 15:38:00+00:00,long,0,0.17244919,0.9951047,0.8383149,0.62620574,1,1
2025-07-31 15:39:00+00:00,long,0,8.277289e-05,0.38767344,0.000944431,0.17056407,1,0
2025-07-31 15:40:00+00:00,long,0,0.0325162,0.99159217,0.32283488,0.37545696,1,0
2025-07-31 15:41:00+00:00,long,0,8.243724e-05,0.46279147,0.0013486851,0.17469771,1,0
2025-07-31 15:42:00+00:00,long,0,0.0011238154,0.6511699,0.006596827,0.3193461,1,0
2025-07-31 15:43:00+00:00,long,0,0.00050783984,0.8842812,0.004154679,0.1823762,1,0
2025-07-31 15:44:00+00:00,long,0,0.00010083585,0.04619875,0.00079719815,0.17963928,1,0
2025-07-31 15:45:00+00:00,long,0,0.0018847102,0.92980474,0.009145938,0.22945654,1,0
2025-07-31 15:46:00+00:00,long,0,0.00052061776,0.38033083,0.012444155,0.31219992,1,0
2025-07-31 15:47:00+00:00,long,0,9.579911e-05,0.03220799,0.00056350534,0.16824228,1,0
2025-07-31 15:48:00+00:00,long,0,0.00053686375,0.24485086,0.012610591,0.3477749,1,0
2025-07-31 15:49:00+00:00,long,0,0.032731906,0.988976,0.5974244,0.5464446,1,1
2025-07-31 15:50:00+00:00,long,0,0.01883521,0.9829489,0.531343,0.6409645,1,1
2025-08-01 14:19:00+00:00,short,0,0.0010191625,0.004611645,0.00018816038,0.16965507,2,0
2025-08-01 14:20:00+00:00,short,0,0.0026514903,0.0044500167,0.00092579983,0.1728035,2,0
2025-08-01 14:21:00+00:00,short,0,0.00074628886,0.0014466267,0.00073995395,0.17137158,2,0
2025-08-01 14:22:00+00:00,short,0,0.0008056463,0.002880596,0.0007100029,0.17186934,2,0
2025-08-01 14:23:00+00:00,short,0,0.0006652498,0.0025073125,0.00071300095,0.17139012,2,0
2025-08-01 14:24:00+00:00,short,0,0.002756884,0.0045842687,0.0015727706,0.17431264,2,0
2025-08-01 14:25:00+00:00,short,0,0.104721434,0.018301139,0.221571,0.23323107,2,0
2025-08-01 14:26:00+00:00,short,0,0.0017110688,0.0042660567,0.0009916164,0.16972284,2,0
2025-08-01 14:27:00+00:00,short,0,0.0045425612,0.010305659,0.007854644,0.18255459,2,0
2025-08-01 14:28:00+00:00,short,0,0.0041032657,0.006917979,0.008208637,0.1771996,2,0
2025-08-01 14:29:00+00:00,short,0,0.0010729475,0.0026218921,0.0010646787,0.1688564,2,0
2025-08-01 14:30:00+00:00,short,0,0.00045136872,0.0012688072,0.0005663559,0.1700421,2,0
2025-08-01 14:31:00+00:00,short,0,0.010058682,0.015390237,0.031803325,0.20490684,2,0
2025-08-01 14:32:00+00:00,short,0,0.061161358,0.072707675,0.08749222,0.33395657,2,0
2025-08-01 14:33:00+00:00,short,0,0.0012794099,0.0011814366,0.000989765,0.17081572,2,0
2025-08-01 14:34:00+00:00,short,0,0.56479,0.9980252,0.77470577,0.51721984,1,1
2025-08-01 14:35:00+00:00,short,0,0.031169519,0.037137218,0.18894465,0.21629052,2,0
2025-08-01 14:36:00+00:00,short,0,0.005262624,0.008903398,0.01198855,0.18679397,2,0
2025-08-01 14:37:00+00:00,short,1,0.9544887,0.9193473,0.8673589,0.76356745,3,2
2025-08-01 14:38:00+00:00,short,0,0.0028492457,0.008784903,0.002825606,0.17750466,2,0
2025-08-01 14:39:00+00:00,short,0,0.0004750859,0.0016937621,0.0010121149,0.16889562,2,0
2025-08-01 14:40:00+00:00,short,0,0.10811164,0.19583873,0.5126769,0.48817492,2,0
2025-08-01 14:41:00+00:00,short,0,0.030179614,0.03520696,0.097348616,0.2513872,2,0
2025-08-01 14:42:00+00:00,short,0,0.0001939097,0.0010114368,0.00019895821,0.16772646,2,0
2025-08-01 14:43:00+00:00,short,0,0.0010703426,0.0047726464,0.0053603053,0.17228614,2,0
2025-08-01 14:44:00+00:00,short,0,0.0009245041,0.0008130245,0.0012383885,0.17211922,2,0
2025-08-01 14:45:00+00:00,short,0,0.0012154331,0.0033882854,0.0055497168,0.18006958,2,0
2025-08-01 14:46:00+00:00,short,0,0.0004921446,0.0015200112,0.0010275401,0.17210507,2,0
2025-08-01 14:47:00+00:00,short,0,0.013961775,0.030820861,0.0959628,0.32156363,2,0
2025-08-01 14:48:00+00:00,short,0,0.00026261862,0.001818517,0.0009331764,0.17136036,2,0
2025-08-01 14:49:00+00:00,short,0,0.0043151244,0.0073638563,0.005406641,0.1850911,2,0
2025-08-01 14:50:00+00:00,short,0,0.00039348967,0.0012426256,0.0010884503,0.16921417,2,0
2025-08-01 14:51:00+00:00,short,0,0.00017160918,0.0011213068,0.00051385484,0.16817059,2,0
2025-08-01 14:52:00+00:00,short,0,0.0003864928,0.00093993807,0.0006776497,0.17254047,2,0
2025-08-01 14:53:00+00:00,short,0,0.00018413099,0.0007049096,0.00082957343,0.16787206,2,0
2025-08-01 14:54:00+00:00,short,0,0.00044875106,0.00084729365,0.00085337367,0.1699609,2,0
2025-08-01 14:55:00+00:00,short,0,0.0019996613,0.0033024284,0.01177832,0.18181837,2,0
2025-08-01 14:56:00+00:00,short,0,0.001892008,0.0016995699,0.0011879366,0.1694567,2,0
2025-08-01 14:57:00+00:00,short,0,0.00024083498,0.00049029413,0.00048271308,0.16876389,2,0
2025-08-01 14:58:00+00:00,short,0,0.022796895,0.017398296,0.06422547,0.2903097,2,0
2025-08-01 14:59:00+00:00,short,0,0.0003298001,0.00087754976,0.0006374123,0.17061853,2,0
2025-08-01 15:00:00+00:00,short,0,0.00041564708,0.0010197943,0.0005155256,0.16943999,2,0
2025-08-01 15:01:00+00:00,short,0,0.001871425,0.004887156,0.008253319,0.18035167,2,0
2025-08-01 15:02:00+00:00,short,0,0.00020195048,0.00060309836,0.00053360435,0.16998039,2,0
2025-08-01 15:03:00+00:00,short,0,0.00032081935,0.0004855535,0.001030646,0.16820441,2,0
2025-08-01 15:04:00+00:00,short,0,0.0049425936,0.0030909965,0.036484487,0.19044201,2,0
2025-08-01 15:05:00+00:00,short,0,0.00016996653,0.0004259199,0.0005865557,0.1692078,2,0
2025-08-01 15:06:00+00:00,short,0,0.000110416004,0.00027792124,0.0003865676,0.16745262,2,0
2025-08-01 15:07:00+00:00,short,0,0.00016671301,0.00043952983,0.0003707434,0.16896218,2,0
2025-08-01 15:08:00+00:00,short,0,0.7711356,0.6575078,0.94600517,0.6719398,2,1
2025-08-01 15:09:00+00:00,short,0,0.0011195265,0.0015073438,0.007827257,0.17856753,2,0
2025-08-01 15:10:00+00:00,short,1,0.9482596,0.9259032,0.948477,0.77891034,3,2
2025-08-01 15:11:00+00:00,short,0,0.00024090504,0.0006456763,0.00029566887,0.16881722,2,0
2025-08-01 15:12:00+00:00,short,0,0.0032989115,0.004288452,0.0040755337,0.17716043,2,0
2025-08-01 15:13:00+00:00,short,0,0.00021864404,0.0007199301,0.00054382044,0.1701891,2,0
2025-08-01 15:14:00+00:00,short,0,0.00016973025,0.0006028409,0.00021175468,0.16736417,2,0
2025-08-01 15:15:00+00:00,short,0,0.0013025475,0.0030272708,0.003539534,0.17775817,2,0
2025-08-01 15:16:00+00:00,short,0,0.004185586,0.0041588834,0.013684907,0.18178792,2,0
2025-08-01 15:17:00+00:00,short,0,0.00023210363,0.0008568402,0.00034990444,0.16958328,2,0
2025-08-01 15:18:00+00:00,short,0,0.00011582157,0.0009614038,0.0001275368,0.1672759,2,0
2025-08-01 15:19:00+00:00,short,0,0.2699439,0.14895612,0.39284095,0.45141375,2,0
2025-08-01 15:20:00+00:00,short,0,0.0006804921,0.0022939043,0.0017558326,0.17569803,2,0
2025-08-01 15:21:00+00:00,short,0,8.0974125e-05,0.0005174557,0.00044141107,0.16848105,2,0
2025-08-01 15:22:00+00:00,short,0,9.406621e-05,0.00089076505,0.000543028,0.1692453,2,0
2025-08-01 15:23:00+00:00,short,0,0.031096103,0.038762894,0.18232988,0.32046583,2,0
2025-08-01 15:24:00+00:00,short,0,0.00014195527,0.00076763064,0.0008132043,0.16971643,2,0
2025-08-01 15:25:00+00:00,short,0,0.008247694,0.0146600725,0.07141773,0.2458133,2,0
2025-08-01 15:26:00+00:00,short,0,0.0067836735,0.015405157,0.07857091,0.2644095,2,0
2025-08-01 15:27:00+00:00,short,0,8.861731e-05,0.000454819,0.0016721713,0.17031091,2,0
2025-08-01 15:28:00+00:00,short,0,5.798158e-05,0.0003704514,0.00080795697,0.17458789,2,0
2025-08-01 15:29:00+00:00,short,0,0.0030273485,0.004932377,0.043853026,0.24580514,2,0
2025-08-01 15:30:00+00:00,short,0,0.00017363369,0.00041107755,0.001225829,0.17076312,2,0
2025-08-01 15:31:00+00:00,short,0,0.043452643,0.080283076,0.50736046,0.44244862,2,0
2025-08-01 15:32:00+00:00,short,0,0.017724639,0.013958722,0.053189,0.21365164,2,0
2025-08-01 15:33:00+00:00,short,0,0.00065491034,0.0037916144,0.0024242327,0.17828423,2,0
2025-08-01 15:34:00+00:00,short,0,6.704204e-05,0.00041565916,0.00065483263,0.17010881,2,0
2025-08-01 15:35:00+00:00,short,0,0.00016951692,0.0003312884,0.0012201937,0.16760461,2,0
2025-08-01 15:36:00+00:00,short,0,0.00013242631,0.00024713742,0.0011366562,0.16777347,2,0
2025-08-01 15:37:00+00:00,short,0,0.00017201333,0.00047566407,0.0013033597,0.16936344,2,0
2025-08-01 15:38:00+00:00,short,0,0.4567505,0.5345353,0.9565936,0.4291166,2,0
2025-08-01 15:39:00+00:00,short,0,0.008860197,0.0034709,0.048604794,0.22141278,2,0
2025-08-01 15:40:00+00:00,short,0,0.00013003059,0.00035975582,0.0013170544,0.17052186,2,0
2025-08-01 15:41:00+00:00,short,0,0.0004205912,0.0012778467,0.0033018352,0.17764938,2,0
2025-08-01 15:42:00+00:00,short,0,0.0001075349,0.00022266056,0.0012977232,0.17018409,2,0
2025-08-01 15:43:00+00:00,short,0,0.00011237943,0.0005552394,0.0009801278,0.17126508,2,0
2025-08-01 15:44:00+00:00,short,0,0.00020536217,0.00063107954,0.003679131,0.17088313,2,0
2025-08-01 15:45:00+00:00,short,0,0.00030417973,0.00072238705,0.0031089052,0.17677747,2,0
2025-08-01 15:46:00+00:00,short,0,0.002604975,0.011957059,0.013058236,0.25460318,2,0
2025-08-01 15:47:00+00:00,short,0,0.00010220284,0.0003506926,0.00095416204,0.16776817,2,0
2025-08-01 15:48:00+00:00,short,0,0.00023202752,0.00058235944,0.0016433359,0.1747608,2,0
2025-08-01 15:49:00+00:00,short,0,0.00038726913,0.0019315805,0.0061227344,0.1837612,2,0
2025-08-01 15:50:00+00:00,short,0,0.00011079296,0.00021158798,0.000985387,0.1718546,2,0
2025-08-04 14:19:00+00:00,long,0,0.0020788754,0.2537851,0.0018045547,0.17312956,1,0
2025-08-04 14:20:00+00:00,long,0,0.0010700537,0.21420275,0.00084442785,0.17203315,1,0
2025-08-04 14:21:00+00:00,long,1,0.969544,0.9869745,0.89963627,0.76637477,2,2
2025-08-04 14:22:00+00:00,short,0,0.0005919577,0.13756396,0.00015039422,0.16851066,1,0
2025-08-04 14:23:00+00:00,short,0,0.0009229801,0.12205489,0.00016181143,0.16791041,1,0
2025-08-04 14:24:00+00:00,short,0,0.0008601869,0.18447399,0.00055930193,0.16882063,1,0
2025-08-04 14:25:00+00:00,long,0,0.0009334832,0.3228632,0.0010435436,0.17390616,1,0
2025-08-04 14:26:00+00:00,short,0,0.0006505244,0.1231828,0.0001330696,0.1679747,1,0
2025-08-04 14:27:00+00:00,short,0,0.010773493,0.88858026,0.0022167019,0.17054383,1,0
2025-08-04 14:28:00+00:00,long,0,0.0014737106,0.36938134,0.0014832385,0.17494138,1,0
2025-08-04 14:29:00+00:00,short,0,0.0021656498,0.39672107,0.0008077603,0.1680323,1,0
2025-08-04 14:30:00+00:00,short,0,0.10503179,0.989682,0.10799287,0.32387027,1,0
2025-08-04 14:31:00+00:00,short,0,0.00091080775,0.29877532,0.00042533744,0.16814043,1,0
2025-08-04 14:32:00+00:00,short,0,0.0003880961,0.12967746,0.00014102623,0.1681541,1,0
2025-08-04 14:33:00+00:00,short,0,0.000978194,0.37444335,0.00041999805,0.16818191,1,0
2025-08-04 14:34:00+00:00,short,0,0.002074165,0.5110177,0.0016344455,0.1788278,1,0
2025-08-04 14:35:00+00:00,short,0,0.17612459,0.9765454,0.13802724,0.47030234,1,0
2025-08-04 14:36:00+00:00,short,0,0.006565235,0.8460132,0.006386696,0.20673375,1,0
2025-08-04 14:37:00+00:00,short,0,0.007667605,0.83765477,0.0053948616,0.22251703,1,0
2025-08-04 14:38:00+00:00,short,0,0.00032638412,0.19718497,9.5987656e-05,0.16864406,1,0
2025-08-04 14:39:00+00:00,short,0,0.0023029416,0.7572251,0.0014798119,0.20296566,1,0
2025-08-04 14:40:00+00:00,short,0,0.00069666706,0.6820908,0.0017572616,0.35391474,1,0
2025-08-04 14:41:00+00:00,short,0,0.095032975,0.9558982,0.48009413,0.5215225,1,0
2025-08-04 14:42:00+00:00,short,0,0.0003276027,0.13850898,0.0010243703,0.18097557,1,0
2025-08-04 14:43:00+00:00,short,0,0.00022478234,0.06462733,0.00037171572,0.17346293,1,0
2025-08-04 14:44:00+00:00,short,0,0.004135824,0.83606756,0.008258699,0.3268821,1,0
2025-08-04 14:45:00+00:00,short,0,0.0003049402,0.0016056143,0.00016781075,0.16823316,2,0
2025-08-04 14:46:00+00:00,short,0,0.00054736243,0.00299994,0.00059490476,0.18319963,2,0
2025-08-04 14:47:00+00:00,short,0,0.0013227938,0.013348848,0.0013837544,0.20689954,2,0
2025-08-04 14:48:00+00:00,short,0,0.0040776134,0.016342334,0.004548426,0.21674609,2,0
2025-08-04 14:49:00+00:00,short,0,0.0009989081,0.011522793,0.0012861645,0.2048288,2,0
2025-08-04 14:50:00+00:00,short,0,0.000413744,0.002544978,0.0013429865,0.16935454,2,0
2025-08-04 14:51:00+00:00,short,0,0.00021697041,0.00064892625,0.00040014603,0.1681429,2,0
2025-08-04 14:52:00+00:00,short,0,0.00017848323,0.0007978841,0.00023968068,0.17386256,2,0
2025-08-04 14:53:00+00:00,short,0,0.00076282833,0.0035141306,0.002894717,0.19671392,2,0
2025-08-04 14:54:00+00:00,short,0,0.00013950019,0.0004660913,0.000264775,0.17031018,2,0
2025-08-04 14:55:00+00:00,short,0,0.008514716,0.033361882,0.04330757,0.33598018,2,0
2025-08-04 14:56:00+00:00,short,0,0.13913335,0.14586964,0.66191834,0.59000534,2,0
2025-08-04 14:57:00+00:00,short,0,0.1110935,0.102883905,0.721949,0.60322183,2,0
2025-08-04 14:58:00+00:00,short,0,0.0007682406,0.003078276,0.0020681147,0.17649151,2,0
2025-08-04 14:59:00+00:00,short,0,0.18501255,0.15311074,0.61795473,0.6095399,2,0
2025-08-04 15:00:00+00:00,short,0,0.00045252952,0.0013019732,0.0005746115,0.17383032,2,0
2025-08-04 15:01:00+00:00,short,1,0.9753955,0.939671,0.8828715,0.72960186,3,2
2025-08-04 15:02:00+00:00,short,0,0.001462644,0.0023677475,0.001452185,0.17515552,2,0
2025-08-04 15:03:00+00:00,short,0,0.0009958426,0.0042387727,0.0018658096,0.17252533,2,0
2025-08-04 15:04:00+00:00,short,0,0.0045026997,0.01215326,0.0052912906,0.34574065,2,0
2025-08-04 15:05:00+00:00,short,0,0.03329784,0.066529006,0.02743033,0.21735525,2,0
2025-08-04 15:06:00+00:00,short,0,0.0002101454,0.0005688738,0.00019972838,0.16981399,2,0
2025-08-04 15:07:00+00:00,short,0,0.00016612667,0.000643271,0.00035703648,0.17032595,2,0
2025-08-04 15:08:00+00:00,short,0,0.00013728811,0.0005751339,0.00045524904,0.17209144,2,0
2025-08-04 15:09:00+00:00,short,0,0.0008327584,0.0059418404,0.0021792257,0.22266316,2,0
2025-08-04 15:10:00+00:00,short,0,0.00019195642,0.00058733916,0.0005478888,0.17104572,2,0
2025-08-04 15:11:00+00:00,short,0,0.0063935164,0.017208591,0.021653732,0.3699542,2,0
2025-08-04 15:12:00+00:00,short,0,0.124374494,0.087123275,0.46832886,0.48235407,2,0
2025-08-04 15:13:00+00:00,short,0,0.27311796,0.26439932,0.42817703,0.67030233,2,2
2025-08-04 15:14:00+00:00,short,0,0.00036670492,0.0009028745,0.0016019784,0.18784487,2,0
2025-08-04 15:15:00+00:00,short,0,0.00065290736,0.001431901,0.0012305634,0.17123073,2,0
2025-08-04 15:16:00+00:00,short,0,0.00022165697,0.00027113265,0.00035665598,0.16856782,2,0
2025-08-04 15:17:00+00:00,short,0,0.18777402,0.08007345,0.4662582,0.64607024,2,1
2025-08-04 15:18:00+00:00,short,0,0.00041368802,0.00074860593,0.0005398441,0.17044616,2,0
2025-08-04 15:19:00+00:00,short,0,0.0004625912,0.0011526769,0.0021234287,0.1785215,2,0
2025-08-04 15:20:00+00:00,short,0,0.0003106964,0.00091508875,0.0030863364,0.17716293,2,0
2025-08-04 15:21:00+00:00,short,0,0.0006787834,0.0032749805,0.0018563308,0.22512452,2,0
2025-08-04 15:22:00+00:00,short,0,0.00029565816,0.00038667355,0.00032782202,0.1686152,2,0
2025-08-04 15:23:00+00:00,short,0,0.00040629724,0.00055570394,0.0031246406,0.1795339,2,0
2025-08-04 15:24:00+00:00,short,0,0.0006001539,0.0015645811,0.0032936805,0.19373626,2,0
2025-08-04 15:25:00+00:00,short,0,0.0011192737,0.00070712523,0.0011950071,0.17413135,2,0
2025-08-04 15:26:00+00:00,short,0,0.0027139154,0.00759121,0.0225,0.40153703,2,0
2025-08-04 15:27:00+00:00,short,0,0.0033280158,0.0047380687,0.019744026,0.29552427,2,0
2025-08-04 15:28:00+00:00,short,0,0.00058138836,0.0022153838,0.0035444698,0.20565718,2,0
2025-08-04 15:29:00+00:00,short,0,0.0006225915,0.0017580563,0.004850975,0.21588701,2,0
2025-08-04 15:30:00+00:00,short,0,0.0032722172,0.0023805923,0.00635049,0.18515064,2,0
2025-08-04 15:31:00+00:00,long,0,0.38718855,0.20352799,0.8281046,0.6661865,2,1
2025-08-04 15:32:00+00:00,short,0,0.00019312568,0.00024911587,0.00052560365,0.17060737,2,0
2025-08-04 15:33:00+00:00,short,0,0.0003739462,0.00037681783,0.0005548878,0.17008132,2,0
2025-08-04 15:34:00+00:00,long,0,0.0015483334,0.0046562348,0.009955801,0.22204308,2,0
2025-08-04 15:35:00+00:00,short,0,0.0002349227,0.0015011765,0.0006090617,0.17523678,2,0
2025-08-04 15:36:00+00:00,short,0,0.00028712387,0.00096799346,0.00070564594,0.1804354,2,0
2025-08-04 15:37:00+00:00,long,0,0.0058650323,0.011990663,0.014866532,0.20621604,2,0
2025-08-04 15:38:00+00:00,short,0,0.00036416698,0.00044817588,0.00050208374,0.17102583,2,0
2025-08-04 15:39:00+00:00,long,0,0.0064926883,0.017559322,0.11944055,0.3742431,2,0
2025-08-04 15:40:00+00:00,short,0,0.0001864107,0.00026073874,0.0002595373,0.169681,2,0
2025-08-04 15:41:00+00:00,short,0,0.00018021486,0.00038103756,0.0009484699,0.17084521,2,0
2025-08-04 15:42:00+00:00,long,0,0.008515892,0.045415733,0.06886921,0.39204574,2,0
2025-08-04 15:43:00+00:00,long,0,0.0007823738,0.001503603,0.0038696872,0.18553913,2,0
2025-08-04 15:44:00+00:00,long,0,0.0008833648,0.0012051372,0.00870649,0.1847133,2,0
2025-08-04 15:45:00+00:00,long,0,0.010887251,0.03223163,0.026938973,0.24604313,2,0
2025-08-04 15:46:00+00:00,short,0,0.0003617823,0.0003679763,0.0010432086,0.17121585,2,0
2025-08-04 15:47:00+00:00,long,0,0.010807315,0.042750012,0.028142989,0.22174847,2,0
2025-08-04 15:48:00+00:00,long,0,0.0010359456,0.0021723155,0.014040624,0.18766958,2,0
2025-08-04 15:49:00+00:00,long,0,0.00072320877,0.0012716976,0.0053011104,0.18369932,2,0
2025-08-04 15:50:00+00:00,long,1,0.968351,0.9265991,0.91271573,0.7825381,3,2
2025-08-05 14:19:00+00:00,long,0,0.004319767,0.85468984,0.03076344,0.19333382,1,0
2025-08-05 14:20:00+00:00,long,0,0.008400337,0.9235886,0.050438486,0.19659175,1,0
2025-08-05 14:21:00+00:00,long,0,0.08359761,0.9968142,0.023228468,0.23034663,1,0
2025-08-05 14:22:00+00:00,long,0,0.006010207,0.8396665,0.024300873,0.18135308,1,0
2025-08-05 14:23:00+00:00,short,1,0.98330635,0.9929975,0.94590807,0.47959527,2,1
2025-08-05 14:24:00+00:00,long,0,0.009933431,0.98984045,0.025191847,0.18453003,1,0
2025-08-05 14:25:00+00:00,long,0,0.008691646,0.8769329,0.040858682,0.1770143,1,0
2025-08-05 14:26:00+00:00,long,0,0.009007025,0.9732185,0.012040612,0.18551673,1,0
2025-08-05 14:27:00+00:00,long,0,0.010722626,0.9673961,0.012662207,0.19099037,1,0
2025-08-05 14:28:00+00:00,long,0,0.031203259,0.9863809,0.01197691,0.21031158,1,0
2025-08-05 14:29:00+00:00,short,1,0.96602714,0.9914517,0.9405863,0.4766303,2,1
2025-08-05 14:30:00+00:00,long,0,0.003683262,0.9703011,0.0044668806,0.20304023,1,0
2025-08-05 14:31:00+00:00,long,0,0.0020104195,0.9780295,0.0022701933,0.19771546,1,0
2025-08-05 14:32:00+00:00,short,0,0.10474024,0.9562457,0.4215887,0.2867169,1,0
2025-08-05 14:33:00+00:00,short,0,0.071400955,0.96425736,0.39583117,0.26478416,1,0
2025-08-05 14:34:00+00:00,long,0,0.0024597477,0.9775864,0.004504166,0.1991957,1,0
2025-08-05 14:35:00+00:00,long,0,0.0014472544,0.978299,0.0023247323,0.20803034,1,0
2025-08-05 14:36:00+00:00,long,0,0.0028009322,0.83506316,0.0030928955,0.17246316,1,0
2025-08-05 14:37:00+00:00,long,0,0.0024411099,0.9846303,0.0031195828,0.18840063,1,0
2025-08-05 14:38:00+00:00,long,0,0.002649766,0.89165545,0.0022517198,0.17206617,1,0
2025-08-05 14:39:00+00:00,long,0,0.0014464601,0.965863,0.002163144,0.20578998,1,0
2025-08-05 14:40:00+00:00,long,0,0.0029862584,0.86581177,0.0032081692,0.1841145,1,0
2025-08-05 14:41:00+00:00,short,0,0.00873397,0.9562554,0.020960879,0.17986234,1,0
2025-08-05 14:42:00+00:00,long,0,0.0006708685,0.9154452,0.0010181876,0.18874967,1,0
2025-08-05 14:43:00+00:00,long,0,0.0013008212,0.9622733,0.0036045313,0.19175924,1,0
2025-08-05 14:44:00+00:00,short,0,0.014290058,0.9511864,0.037550613,0.19213693,1,0
2025-08-05 14:45:00+00:00,long,0,0.0012161586,0.90013623,0.00062658824,0.17600602,1,0
2025-08-05 14:46:00+00:00,short,0,0.018114544,0.93813807,0.023925794,0.19597535,1,0
2025-08-05 14:47:00+00:00,long,0,0.0012586017,0.97082,0.0020965561,0.21113972,1,0
2025-08-05 14:48:00+00:00,short,0,0.016841361,0.93484133,0.015638422,0.19822176,1,0
2025-08-05 14:49:00+00:00,short,0,0.0047551617,0.88922226,0.0028197046,0.17075096,1,0
2025-08-05 14:50:00+00:00,long,0,0.0003409851,0.52968454,0.00042257976,0.17110036,1,0
2025-08-05 14:51:00+00:00,long,0,0.00072445074,0.9145359,0.00060450454,0.19455503,1,0
2025-08-05 14:52:00+00:00,short,0,0.0013340813,0.66125935,0.0018607926,0.17110114,1,0
2025-08-05 14:53:00+00:00,long,0,0.0032772229,0.9720213,0.0029314042,0.18736452,1,0
2025-08-05 14:54:00+00:00,long,0,0.00040766096,0.48441574,0.00040274818,0.17087334,1,0
2025-08-05 14:55:00+00:00,long,0,0.0028420163,0.9730714,0.0029645562,0.19538175,1,0
2025-08-05 14:56:00+00:00,long,0,0.00063062797,0.58302826,0.00071063987,0.17063572,1,0
2025-08-05 14:57:00+00:00,short,0,0.044533994,0.9547998,0.041565575,0.24777304,1,0
2025-08-05 14:58:00+00:00,short,0,0.033168584,0.9418441,0.05911678,0.24740301,1,0
2025-08-05 14:59:00+00:00,long,0,0.0008950244,0.76009697,0.0010737783,0.18918948,1,0
2025-08-05 15:00:00+00:00,long,0,0.0005682476,0.9451498,0.0005609874,0.19573532,1,0
2025-08-05 15:01:00+00:00,short,0,0.0015131235,0.8784862,0.001414892,0.17225496,1,0
2025-08-05 15:02:00+00:00,long,0,0.00047675666,0.58159626,0.0005962501,0.1721272,1,0
2025-08-05 15:03:00+00:00,long,0,0.0024935224,0.98497295,0.0024643396,0.18252675,1,0
2025-08-05 15:04:00+00:00,short,0,0.0013435942,0.7765773,0.0031483592,0.17192538,1,0
2025-08-05 15:05:00+00:00,long,0,0.0033649956,0.9796863,0.008657927,0.18053329,1,0
2025-08-05 15:06:00+00:00,long,0,0.0020203392,0.7208448,0.007905399,0.1731674,1,0
2025-08-05 15:07:00+00:00,long,0,0.0018193134,0.8605165,0.010628265,0.1917543,1,0
2025-08-05 15:08:00+00:00,long,0,0.0046396367,0.9904631,0.006584982,0.1953064,1,0
2025-08-05 15:09:00+00:00,long,0,0.04216876,0.9957496,0.45309126,0.39619014,1,0
2025-08-05 15:10:00+00:00,long,0,0.0056803264,0.98575264,0.2217466,0.28118366,1,0
2025-08-05 15:11:00+00:00,long,0,0.0005781562,0.56386405,0.0011832917,0.17134987,1,0
2025-08-05 15:12:00+00:00,long,0,0.035798352,0.9950169,0.25028652,0.35151806,1,0
2025-08-05 15:13:00+00:00,long,0,0.0035306164,0.91858035,0.027502652,0.20351946,1,0
2025-08-05 15:14:00+00:00,long,0,0.12225905,0.99567395,0.22802237,0.3918618,1,0
2025-08-05 15:15:00+00:00,long,0,0.0006607462,0.7038388,0.0048044855,0.2276895,1,0
2025-08-05 15:16:00+00:00,long,0,0.019283177,0.9878098,0.1968093,0.49556994,1,0
2025-08-05 15:17:00+00:00,long,0,0.0009323552,0.8172974,0.0044062147,0.21044602,1,0
2025-08-05 15:18:00+00:00,long,0,0.0015872213,0.77758676,0.005410473,0.2035702,1,0
2025-08-05 15:19:00+00:00,long,0,0.0025866884,0.8641731,0.011257487,0.20092064,1,0
2025-08-05 15:20:00+00:00,long,0,0.0035292562,0.89539725,0.030776218,0.23635995,1,0
2025-08-05 15:21:00+00:00,long,0,0.00026620692,0.9097834,0.0076433453,0.18880804,1,0
2025-08-05 15:22:00+00:00,long,0,0.010773391,0.98275936,0.2060285,0.45515954,1,0
2025-08-05 15:23:00+00:00,long,0,0.01673884,0.9820338,0.21476738,0.3351884,1,0
2025-08-05 15:24:00+00:00,long,0,0.0031497185,0.9793097,0.02288066,0.24060668,1,0
2025-08-05 15:25:00+00:00,long,0,0.0010559608,0.51268953,0.013408451,0.19427584,1,0
2025-08-05 15:26:00+00:00,long,0,0.00023368509,0.8000203,0.005725809,0.22115318,1,0
2025-08-05 15:27:00+00:00,long,0,0.004727537,0.8749676,0.1284968,0.3221726,1,0
2025-08-05 15:28:00+00:00,long,0,0.0020674043,0.795516,0.09860382,0.35080066,1,0
2025-08-05 15:29:00+00:00,long,0,6.765312e-05,0.60556453,0.0033352487,0.20944667,1,0
2025-08-05 15:30:00+00:00,long,0,0.00051161303,0.3423902,0.0058299224,0.231551,1,0
2025-08-05 15:31:00+00:00,long,0,0.0019515927,0.9456302,0.012322866,0.21023823,1,0
2025-08-05 15:32:00+00:00,long,0,0.010539206,0.97129685,0.22384827,0.3931391,1,0
2025-08-05 15:33:00+00:00,long,0,0.0014788574,0.35079357,0.004385261,0.17745487,1,0
2025-08-05 15:34:00+00:00,long,0,0.00084298645,0.90759593,0.0070899706,0.19466786,1,0
2025-08-05 15:35:00+00:00,long,0,0.0047555813,0.94342005,0.02888733,0.24548943,1,0
2025-08-05 15:36:00+00:00,long,1,0.98413205,0.9967114,0.94004786,0.7428774,2,2
2025-08-05 15:37:00+00:00,long,0,0.031877767,0.9799504,0.08666237,0.3943398,1,0
2025-08-05 15:38:00+00:00,long,0,0.0006662577,0.2603017,0.019103082,0.20807035,1,0
2025-08-05 15:39:00+00:00,long,0,0.0021238069,0.38082322,0.028065963,0.23996705,1,0
2025-08-05 15:40:00+00:00,long,0,0.00035704515,0.42950413,0.00448903,0.19690813,1,0
2025-08-05 15:41:00+00:00,long,0,0.00013754299,0.038906723,0.0024128638,0.18080203,1,0
2025-08-05 15:42:00+00:00,long,0,0.0011123774,0.21587664,0.014345523,0.20610802,1,0
2025-08-05 15:43:00+00:00,long,0,0.0003457359,0.5179468,0.0038168393,0.19999993,1,0
2025-08-05 15:44:00+00:00,long,1,0.9620763,0.9944389,0.8449671,0.66670936,2,1
2025-08-05 15:45:00+00:00,long,0,0.0003495532,0.22337194,0.012376759,0.19384174,1,0
2025-08-05 15:46:00+00:00,long,0,0.00037121854,0.60693216,0.0045681754,0.19821565,1,0
2025-08-05 15:47:00+00:00,long,0,0.014169515,0.95356333,0.057723653,0.34784374,1,0
2025-08-05 15:48:00+00:00,long,0,0.00031381086,0.4847613,0.003945008,0.19916125,1,0
2025-08-05 15:49:00+00:00,long,0,0.0014665639,0.78655016,0.116661035,0.35720944,1,0
2025-08-05 15:50:00+00:00,long,0,0.00022887976,0.11969431,0.004056129,0.23002835,1,0
2025-08-06 14:19:00+00:00,short,0,0.4574962,0.996588,0.80697006,0.7623139,1,2
2025-08-06 14:20:00+00:00,long,0,0.0038217797,0.42014608,0.028066235,0.37301937,1,0
2025-08-06 14:21:00+00:00,long,0,0.002155331,0.40783325,0.023775984,0.37080154,1,0
2025-08-06 14:22:00+00:00,long,0,0.010273479,0.55656374,0.06817308,0.41641822,1,0
2025-08-06 14:23:00+00:00,long,0,0.0013731172,0.30757934,0.007836454,0.1947623,1,0
2025-08-06 14:24:00+00:00,long,0,0.0016018556,0.5305156,0.013640478,0.1851605,1,0
2025-08-06 14:25:00+00:00,long,0,0.0026334731,0.43463057,0.020635284,0.21625449,1,0
2025-08-06 14:26:00+00:00,long,0,0.119928345,0.99082196,0.6698192,0.5846358,1,0
2025-08-06 14:27:00+00:00,long,0,0.0045784996,0.9281827,0.034028284,0.19893284,1,0
2025-08-06 14:28:00+00:00,long,0,0.0026546472,0.48145172,0.053164966,0.3124964,1,0
2025-08-06 14:29:00+00:00,long,0,0.2965053,0.99216425,0.85138464,0.6018093,1,1
2025-08-06 14:30:00+00:00,long,0,0.037644956,0.9784232,0.23792613,0.6255391,1,1
2025-08-06 14:31:00+00:00,long,0,0.009735681,0.746236,0.101572365,0.39619246,1,0
2025-08-06 14:32:00+00:00,long,0,0.00061613653,0.5308687,0.011115579,0.19522285,1,0
2025-08-06 14:33:00+00:00,long,0,0.0012876316,0.5318155,0.024476763,0.22608073,1,0
2025-08-06 14:34:00+00:00,long,0,0.023102378,0.97452164,0.24763343,0.62751395,1,1
2025-08-06 14:35:00+00:00,long,0,0.11238128,0.99517715,0.31514624,0.68437266,1,2
2025-08-06 14:36:00+00:00,long,0,0.0026166055,0.7077409,0.013218412,0.2158823,1,0
2025-08-06 14:37:00+00:00,long,0,0.034830872,0.97693956,0.2689213,0.5458948,1,0
2025-08-06 14:38:00+00:00,long,0,0.0016823041,0.63369304,0.00847926,0.20536731,1,0
2025-08-06 14:39:00+00:00,long,0,0.015859451,0.9726795,0.25467536,0.5611386,1,0
2025-08-06 14:40:00+00:00,long,0,0.004066915,0.8573513,0.00825622,0.26122865,1,0
2025-08-06 14:41:00+00:00,long,0,0.24842796,0.99597126,0.63326067,0.61425,1,1
2025-08-06 14:42:00+00:00,long,0,0.0019703712,0.25023553,0.00443633,0.1944152,1,0
2025-08-06 14:43:00+00:00,long,0,0.03640996,0.923869,0.057563573,0.25715494,1,0
2025-08-06 14:44:00+00:00,long,0,0.08231035,0.9562515,0.06810437,0.3038197,1,0
2025-08-06 14:45:00+00:00,long,1,0.9764202,0.9752358,0.9696447,0.7872469,3,2
2025-08-06 14:46:00+00:00,long,0,0.053505868,0.06436104,0.01823387,0.29755634,2,0
2025-08-06 14:47:00+00:00,long,1,0.9381595,0.9206523,0.7881745,0.6356721,3,1
2025-08-06 14:48:00+00:00,long,1,0.9894587,0.98289466,0.9678407,0.7710962,3,2
2025-08-06 14:49:00+00:00,long,1,0.97786623,0.97767663,0.88278085,0.7245056,3,2
2025-08-06 14:50:00+00:00,long,1,0.9815021,0.97667044,0.89909786,0.7191227,3,2
2025-08-06 14:51:00+00:00,long,1,0.97653824,0.9730301,0.9328934,0.74590254,3,2
2025-08-06 14:52:00+00:00,long,0,0.1424301,0.2808203,0.22671501,0.3543249,2,0
2025-08-06 14:53:00+00:00,long,0,0.011161536,0.010531759,0.010514213,0.23461907,2,0
2025-08-06 14:54:00+00:00,long,0,0.024150828,0.05139734,0.013574837,0.2271079,2,0
2025-08-06 14:55:00+00:00,long,1,0.9843369,0.98137456,0.950747,0.75798446,3,2
2025-08-06 14:56:00+00:00,long,1,0.98378885,0.96885574,0.9086588,0.7180166,3,2
2025-08-06 14:57:00+00:00,long,1,0.9810708,0.97783625,0.9332966,0.7647982,3,2
2025-08-06 14:58:00+00:00,long,1,0.97693366,0.94575834,0.8956135,0.71614236,3,2
2025-08-06 14:59:00+00:00,long,0,0.0038497823,0.005406323,0.0065974863,0.20858705,2,0
2025-08-06 15:00:00+00:00,long,1,0.9798504,0.98029673,0.9376683,0.76575786,3,2
2025-08-06 15:01:00+00:00,long,0,0.004563338,0.006036732,0.007163477,0.26877514,2,0
2025-08-06 15:02:00+00:00,long,0,0.46882138,0.47879767,0.82125103,0.7223568,2,2
2025-08-06 15:03:00+00:00,long,0,0.021691838,0.012498595,0.112012774,0.34295216,2,0
2025-08-06 15:04:00+00:00,long,1,0.9582735,0.95920616,0.94340634,0.7803796,3,2
2025-08-06 15:05:00+00:00,long,0,0.0011379946,0.0018245261,0.022433005,0.2435403,2,0
2025-08-06 15:06:00+00:00,long,0,0.02366234,0.028534798,0.07715704,0.49631032,2,1
2025-08-06 15:07:00+00:00,long,0,0.00112609,0.0010084809,0.0036686657,0.21564741,2,0
2025-08-06 15:08:00+00:00,long,1,0.9812289,0.97208774,0.95985645,0.785259,3,2
2025-08-06 15:09:00+00:00,long,1,0.9831902,0.98178905,0.94706786,0.788637,3,2
2025-08-06 15:10:00+00:00,long,0,0.0023419412,0.0023177755,0.0011251299,0.20470381,2,0
2025-08-06 15:11:00+00:00,long,0,0.33448485,0.352912,0.48989648,0.5978483,2,1
2025-08-06 15:12:00+00:00,long,0,0.0037725002,0.004899037,0.00578319,0.26266098,2,0
2025-08-06 15:13:00+00:00,long,0,0.006810782,0.0047245426,0.0018125087,0.22567268,2,0
2025-08-06 15:14:00+00:00,long,0,0.0034841376,0.004178224,0.0025624302,0.22282515,2,0
2025-08-06 15:15:00+00:00,long,1,0.9750988,0.97244847,0.95556337,0.76758385,3,2
2025-08-06 15:16:00+00:00,long,0,0.35042265,0.3352636,0.8748378,0.50355154,2,0
2025-08-06 15:17:00+00:00,long,0,0.0040539126,0.00354712,0.004216955,0.19560225,2,0
2025-08-06 15:18:00+00:00,long,0,0.0012176521,0.0026657358,0.012143365,0.21638846,2,0
2025-08-06 15:19:00+00:00,long,0,0.028867979,0.020570861,0.12736565,0.23906386,2,0
2025-08-06 15:20:00+00:00,long,0,0.09215384,0.069539644,0.23403108,0.3329757,2,0
2025-08-06 15:21:00+00:00,long,0,0.20477267,0.2572688,0.5927186,0.5319081,2,0
2025-08-06 15:22:00+00:00,long,0,0.003360984,0.003626865,0.005574105,0.22853433,2,0
2025-08-06 15:23:00+00:00,long,0,0.13909698,0.08528729,0.22313921,0.41779694,2,0
2025-08-06 15:24:00+00:00,long,0,0.004897108,0.004843336,0.0016413586,0.19405122,2,0
2025-08-06 15:25:00+00:00,long,0,0.3534309,0.30193812,0.6788695,0.64968735,2,1
2025-08-06 15:26:00+00:00,long,0,0.100059494,0.100664765,0.54812557,0.5205007,2,0
2025-08-06 15:27:00+00:00,long,0,0.21749702,0.24438354,0.6453149,0.557041,2,0
2025-08-06 15:28:00+00:00,long,0,0.16523881,0.101980925,0.585198,0.52302426,2,0
2025-08-06 15:29:00+00:00,long,0,0.013186734,0.015031166,0.3313135,0.38078928,2,0
2025-08-06 15:30:00+00:00,long,0,0.0007332632,0.0016326841,0.00093148905,0.18956703,2,0
2025-08-06 15:31:00+00:00,long,0,0.22821067,0.176261,0.5566393,0.58921546,2,0
2025-08-06 15:32:00+00:00,long,0,0.006200043,0.0058439043,0.0043380093,0.2194906,2,0
2025-08-06 15:33:00+00:00,long,0,0.0034590699,0.004496132,0.0013651431,0.20563452,2,0
2025-08-06 15:34:00+00:00,long,0,0.12927127,0.058985393,0.3610034,0.4034886,2,0
2025-08-06 15:35:00+00:00,long,0,0.1466086,0.05705707,0.56416696,0.4684575,2,0
2025-08-06 15:36:00+00:00,long,0,0.0020353536,0.0006057578,0.0023039314,0.1784151,2,0
2025-08-06 15:37:00+00:00,long,0,0.0026032373,0.0018053203,0.001744516,0.17736542,2,0
2025-08-06 15:38:00+00:00,long,0,0.007046282,0.0017517445,0.010828051,0.19711232,2,0
2025-08-06 15:39:00+00:00,long,0,0.0038989016,0.003428126,0.016914334,0.20581935,2,0
2025-08-06 15:40:00+00:00,long,0,0.0009539779,0.001396288,0.007382835,0.18536359,2,0
2025-08-06 15:41:00+00:00,long,0,0.0028461395,0.0017172872,0.013301896,0.18134795,2,0
2025-08-06 15:42:00+00:00,long,0,0.000977526,0.00066642853,0.004077478,0.17059015,2,0
2025-08-06 15:43:00+00:00,long,0,0.0015789429,0.0010965175,0.005649318,0.17339538,2,0
2025-08-06 15:44:00+00:00,long,0,0.012054092,0.035304267,0.15353712,0.3420122,2,0
2025-08-06 15:45:00+00:00,long,0,0.11112861,0.17096741,0.5281783,0.6193657,2,1
2025-08-06 15:46:00+00:00,long,0,0.0058690486,0.009679217,0.017920483,0.22395486,2,0
2025-08-06 15:47:00+00:00,long,0,0.061094917,0.039066125,0.35730115,0.4021943,2,0
2025-08-06 15:48:00+00:00,long,0,0.049973916,0.056217067,0.5053856,0.49955192,2,0
2025-08-06 15:49:00+00:00,long,0,0.08353808,0.09708833,0.55017865,0.528924,2,0
2025-08-06 15:50:00+00:00,long,0,0.058054272,0.057144906,0.520565,0.5473892,2,0
2025-08-07 14:19:00+00:00,short,0,0.039871667,0.034748785,0.15650243,0.21968631,2,0
2025-08-07 14:20:00+00:00,long,1,0.9908242,0.9980969,0.958601,0.79885036,2,2
2025-08-07 14:21:00+00:00,short,0,0.16513155,0.9397654,0.16792384,0.34769335,1,0
2025-08-07 14:22:00+00:00,long,0,0.00081667077,0.42273107,0.00011651389,0.19831882,1,0
2025-08-07 14:23:00+00:00,long,0,0.00076474046,0.39068338,0.00012246151,0.17933072,1,0
2025-08-07 14:24:00+00:00,short,1,0.9712903,0.99858814,0.8940151,0.7655824,2,2
2025-08-07 14:25:00+00:00,short,1,0.95227957,0.90513545,0.74082935,0.5862046,3,0
2025-08-07 14:26:00+00:00,long,0,0.001079808,0.8508256,0.0003356044,0.18458807,1,0
2025-08-07 14:27:00+00:00,short,0,0.011372468,0.833012,0.021529859,0.2425675,1,0
2025-08-07 14:28:00+00:00,long,0,0.0006840211,0.583812,0.00028434495,0.1761461,1,0
2025-08-07 14:29:00+00:00,long,0,0.00047068417,0.7740712,0.00047565022,0.18315132,1,0
2025-08-07 14:30:00+00:00,short,0,0.000103585786,0.19051546,0.00024852634,0.1689405,1,0
2025-08-07 14:31:00+00:00,long,0,0.0003079996,0.88656867,0.0007522162,0.18195562,1,0
2025-08-07 14:32:00+00:00,long,0,0.0006216638,0.9303305,0.0016138885,0.19840439,1,0
2025-08-07 14:33:00+00:00,short,0,0.041358165,0.96703,0.19711885,0.32456124,1,0
2025-08-07 14:34:00+00:00,short,0,0.054567583,0.95891327,0.41157874,0.3637661,1,0
2025-08-07 14:35:00+00:00,short,0,8.5631174e-05,0.0994156,7.018925e-05,0.1687246,1,0
2025-08-07 14:36:00+00:00,long,0,4.122116e-05,0.13559867,9.794163e-05,0.1705424,1,0
2025-08-07 14:37:00+00:00,long,0,0.0009093648,0.92861897,0.00086168275,0.18434656,1,0
2025-08-07 14:38:00+00:00,long,0,0.00013575994,0.10254852,0.000100883844,0.16848858,1,0
2025-08-07 14:39:00+00:00,short,0,0.21791261,0.99173355,0.3442454,0.5853371,1,1
2025-08-07 14:40:00+00:00,short,0,7.443873e-05,0.10749746,0.00014962538,0.16802247,1,0
2025-08-07 14:41:00+00:00,long,0,0.00026569093,0.75166017,0.00074103294,0.17294133,1,0
2025-08-07 14:42:00+00:00,long,0,0.00045946747,0.88066614,0.0021266858,0.18124531,1,0
2025-08-07 14:43:00+00:00,long,0,8.485788e-05,0.14209962,0.0003012622,0.16952449,1,0
2025-08-07 14:44:00+00:00,short,0,0.4700816,0.99807906,0.88946486,0.6255152,1,1
2025-08-07 14:45:00+00:00,short,0,0.0007917635,0.5160335,0.0007772186,0.22340365,1,0
2025-08-07 14:46:00+00:00,short,1,0.99240935,0.9735205,0.9547178,0.79942816,3,2
2025-08-07 14:47:00+00:00,short,0,0.00028060903,0.0025510497,0.00011597639,0.2075965,2,0
2025-08-07 14:48:00+00:00,short,0,0.24396524,0.5605781,0.61226195,0.715187,2,2
2025-08-07 14:49:00+00:00,short,0,6.602519e-05,0.0015245592,0.00010791827,0.16847672,2,0
2025-08-07 14:50:00+00:00,long,0,0.041198455,0.9887061,0.06196188,0.3638887,1,0
2025-08-07 14:51:00+00:00,short,0,0.00053801254,0.39006272,0.0005962043,0.21484457,1,0
2025-08-07 14:52:00+00:00,short,0,0.00084467576,0.5166475,0.0013465374,0.21830958,1,0
2025-08-07 14:53:00+00:00,long,0,0.00023095793,0.17056052,0.00029131118,0.17024763,1,0
2025-08-07 14:54:00+00:00,short,0,0.1245456,0.9928423,0.2028315,0.6251553,1,1
2025-08-07 14:55:00+00:00,short,0,0.5963506,0.48505372,0.8337715,0.7409725,2,2
2025-08-07 14:56:00+00:00,long,0,0.0011862715,0.7783357,0.0010578169,0.17956138,1,0
2025-08-07 14:57:00+00:00,long,1,0.9767303,0.99438286,0.9476377,0.704062,2,1
2025-08-07 14:58:00+00:00,long,0,0.00034030684,0.12597527,0.0004414496,0.168406,1,0
2025-08-07 14:59:00+00:00,long,0,0.0010792058,0.8211592,0.0009792906,0.17447813,1,0
2025-08-07 15:00:00+00:00,short,0,0.05238154,0.9885455,0.06622314,0.61015713,1,1
2025-08-07 15:01:00+00:00,long,0,0.011219544,0.9853593,0.0052704406,0.21903689,1,0
2025-08-07 15:02:00+00:00,short,0,0.04261111,0.9811447,0.055508625,0.5804857,1,1
2025-08-07 15:03:00+00:00,long,0,0.0010119202,0.8452541,0.0008512382,0.18360622,1,0
2025-08-07 15:04:00+00:00,short,0,0.00024389282,0.13008678,0.00018907452,0.16952656,1,0
2025-08-07 15:05:00+00:00,short,0,0.00023594835,0.15615796,0.00023374817,0.1706078,1,0
2025-08-07 15:06:00+00:00,long,0,0.00022386585,0.21994063,0.00038659817,0.18082374,1,0
2025-08-07 15:07:00+00:00,long,0,0.00020197898,0.26387802,0.0003946469,0.17544599,1,0
2025-08-07 15:08:00+00:00,short,0,0.087154716,0.9958116,0.2814157,0.71281487,1,2
2025-08-07 15:09:00+00:00,short,0,0.0066527836,0.9750597,0.023051806,0.48891497,1,1
2025-08-07 15:10:00+00:00,short,0,0.00017989433,0.110436276,0.0007108248,0.17020808,1,0
2025-08-07 15:11:00+00:00,long,0,0.0007995634,0.91039085,0.0012363361,0.18683684,1,0
2025-08-07 15:12:00+00:00,long,0,0.0001400954,0.0699438,0.0006551345,0.168894,1,0
2025-08-07 15:13:00+00:00,long,0,0.00022802917,0.6460329,0.00057588896,0.17811058,1,0
2025-08-07 15:14:00+00:00,short,0,0.2059382,0.99816895,0.4741238,0.7261429,1,2
2025-08-07 15:15:00+00:00,short,0,0.016841756,0.907175,0.029816521,0.24454033,1,0
2025-08-07 15:16:00+00:00,short,0,0.0033216556,0.71582323,0.011275223,0.21813178,1,0
2025-08-07 15:17:00+00:00,long,0,0.00055367826,0.76497626,0.00096464047,0.17711817,1,0
2025-08-07 15:18:00+00:00,short,0,0.001712925,0.47961456,0.004467939,0.19742584,1,0
2025-08-07 15:19:00+00:00,short,0,0.021128796,0.9349157,0.03403011,0.2704347,1,0
2025-08-07 15:20:00+00:00,long,0,0.00032485987,0.8492831,0.0011121777,0.17863993,1,0
2025-08-07 15:21:00+00:00,long,0,0.00020953717,0.86168486,0.0015983819,0.18049727,1,0
2025-08-07 15:22:00+00:00,short,0,0.0002546517,0.09495003,0.0004786457,0.16871639,1,0
2025-08-07 15:23:00+00:00,long,0,0.000555292,0.8610598,0.0025043732,0.18251699,1,0
2025-08-07 15:24:00+00:00,short,0,0.3868357,0.99732816,0.7924188,0.77373576,1,2
2025-08-07 15:25:00+00:00,long,0,0.00092014,0.92465866,0.002602356,0.18632877,1,0
2025-08-07 15:26:00+00:00,short,0,0.0031264129,0.69093746,0.009768481,0.24254388,1,0
2025-08-07 15:27:00+00:00,long,1,0.9674577,0.997273,0.93488413,0.77840424,2,2
2025-08-07 15:28:00+00:00,long,0,0.00014253035,0.07246957,0.00023468384,0.16878907,1,0
2025-08-07 15:29:00+00:00,short,0,0.008512808,0.9486546,0.05679146,0.3740239,1,0
2025-08-07 15:30:00+00:00,long,0,0.004532191,0.95188624,0.024354437,0.21286775,1,0
2025-08-07 15:31:00+00:00,long,0,0.00083779416,0.8666508,0.0032559806,0.21145272,1,0
2025-08-07 15:32:00+00:00,long,0,0.0005776847,0.0811527,0.00046987412,0.16932493,1,0
2025-08-07 15:33:00+00:00,short,1,0.9711703,0.99559325,0.90193295,0.6295752,2,1
2025-08-07 15:34:00+00:00,long,0,0.010269896,0.95832336,0.021497302,0.20045428,1,0
2025-08-07 15:35:00+00:00,long,0,0.0001659008,0.1432841,0.000768428,0.18474205,1,0
2025-08-07 15:36:00+00:00,short,0,0.015752347,0.9480153,0.07207873,0.4303491,1,0
2025-08-07 15:37:00+00:00,short,0,0.0127133615,0.97190577,0.06263039,0.45382234,1,0
2025-08-07 15:38:00+00:00,long,0,0.6096418,0.9968822,0.8673742,0.71246076,1,1
2025-08-07 15:39:00+00:00,short,1,0.9766782,0.9990921,0.9292148,0.78083366,2,2
2025-08-07 15:40:00+00:00,long,0,0.012276212,0.9829921,0.09570017,0.386767,1,0
2025-08-07 15:41:00+00:00,long,0,0.00018940256,0.16638693,0.0010408533,0.19913238,1,0
2025-08-07 15:42:00+00:00,short,0,0.0007139246,0.296233,0.0030641698,0.3138769,1,0
2025-08-07 15:43:00+00:00,short,0,0.00062775024,0.16611275,0.001192049,0.25902805,1,0
2025-08-07 15:44:00+00:00,long,0,0.0001883334,0.09687178,0.0010514085,0.18329382,1,0
2025-08-07 15:45:00+00:00,short,0,0.0001454272,0.044071756,0.00026589798,0.1760419,1,0
2025-08-07 15:46:00+00:00,short,0,0.00017413458,0.054144867,0.00029060658,0.17495202,1,0
2025-08-07 15:47:00+00:00,long,0,0.000107430766,0.03949985,0.00068050704,0.2002086,1,0
2025-08-07 15:48:00+00:00,short,0,0.3498172,0.9950003,0.70942163,0.72031194,1,2
2025-08-07 15:49:00+00:00,long,0,0.0001734667,0.054157827,0.00096134754,0.1718676,1,0
2025-08-07 15:50:00+00:00,long,0,0.012661343,0.9885025,0.15311292,0.28777173,1,0
2025-08-08 14:19:00+00:00,long,0,0.048905388,0.054615967,0.20659801,0.22597682,2,0
2025-08-08 14:20:00+00:00,long,0,0.011910257,0.043515638,0.04860607,0.23626225,2,0
2025-08-08 14:21:00+00:00,long,0,0.38545397,0.48876777,0.5850388,0.52996916,2,0
2025-08-08 14:22:00+00:00,long,0,0.018267035,0.038335305,0.024575762,0.223013,2,0
2025-08-08 14:23:00+00:00,long,1,0.98413056,0.97631025,0.97005963,0.8031245,3,2
2025-08-08 14:24:00+00:00,long,1,0.97762567,0.98107934,0.91800344,0.77660793,3,2
2025-08-08 14:25:00+00:00,long,1,0.9910087,0.9891053,0.98397624,0.79963475,3,2
2025-08-08 14:26:00+00:00,long,0,0.012476692,0.05409244,0.01941947,0.23699522,2,0
2025-08-08 14:27:00+00:00,long,1,0.99062306,0.9775164,0.9697962,0.7969051,3,2
2025-08-08 14:28:00+00:00,long,1,0.99391335,0.9859183,0.9888259,0.80105084,3,2
2025-08-08 14:29:00+00:00,long,1,0.9910439,0.98229724,0.9804228,0.79617363,3,2
2025-08-08 14:30:00+00:00,long,1,0.99124736,0.98156977,0.9613475,0.79000854,3,2
2025-08-08 14:31:00+00:00,long,1,0.996351,0.9911255,0.9768892,0.81106955,3,2
2025-08-08 14:32:00+00:00,long,0,0.004003547,0.011259351,0.0056546857,0.1929128,2,0
2025-08-08 14:33:00+00:00,long,1,0.9937251,0.98718935,0.98864603,0.7987652,3,2
2025-08-08 14:34:00+00:00,long,1,0.9934437,0.9856495,0.9772421,0.7782018,3,2
2025-08-08 14:35:00+00:00,long,0,0.015175368,0.02984363,0.03885673,0.23569787,2,0
2025-08-08 14:36:00+00:00,long,0,0.098556176,0.13555218,0.066249415,0.24203087,2,0
2025-08-08 14:37:00+00:00,long,1,0.98362446,0.97286135,0.9856359,0.78086567,3,2
2025-08-08 14:38:00+00:00,long,0,0.010317937,0.010435893,0.021193435,0.22349061,2,0
2025-08-08 14:39:00+00:00,long,1,0.9607006,0.9459926,0.9250721,0.76248854,3,2
2025-08-08 14:40:00+00:00,long,1,0.9887294,0.9768225,0.97501093,0.7646179,3,2
2025-08-08 14:41:00+00:00,long,1,0.9885345,0.981617,0.9821536,0.7814202,3,2
2025-08-08 14:42:00+00:00,long,1,0.9910875,0.98271734,0.9810038,0.7837923,3,2
2025-08-08 14:43:00+00:00,long,0,0.116396405,0.2518452,0.43061113,0.5088781,2,0
2025-08-08 14:44:00+00:00,long,0,0.02237933,0.0749653,0.12287397,0.42375764,2,0
2025-08-08 14:45:00+00:00,long,0,0.0011277497,0.00096309814,0.003971481,0.18037479,2,0
2025-08-08 14:46:00+00:00,long,0,0.010832587,0.009764096,0.17384474,0.31267774,2,0
2025-08-08 14:47:00+00:00,long,0,0.0007048085,0.0004660515,0.002470836,0.1719945,2,0
2025-08-08 14:48:00+00:00,long,0,0.00026459963,0.00036143998,0.0033597732,0.17157091,2,0
2025-08-08 14:49:00+00:00,long,0,0.002736536,0.0037825238,0.019961268,0.20825814,2,0
2025-08-08 14:50:00+00:00,long,0,0.00053478155,0.0004164272,0.002077665,0.17160743,2,0
2025-08-08 14:51:00+00:00,long,0,0.00048417895,0.0012119695,0.0020443478,0.18354477,2,0
2025-08-08 14:52:00+00:00,long,0,0.0032635941,0.009882038,0.06455815,0.19722098,2,0
2025-08-08 14:53:00+00:00,long,0,0.09875487,0.15398642,0.7174239,0.43172744,2,0
2025-08-08 14:54:00+00:00,long,0,0.0017444793,0.0037728657,0.020243628,0.19529706,2,0
2025-08-08 14:55:00+00:00,long,0,0.0013597937,0.0017192143,0.003519809,0.17953049,2,0
2025-08-08 14:56:00+00:00,long,0,0.0018128839,0.0036050158,0.03481523,0.18990935,2,0
2025-08-08 14:57:00+00:00,long,0,0.0082026925,0.01272837,0.20788978,0.20079367,2,0
2025-08-08 14:58:00+00:00,long,0,0.012248501,0.017988905,0.3904581,0.24442227,2,0
2025-08-08 14:59:00+00:00,long,0,0.0011122349,0.00094586145,0.03582921,0.21130817,2,0
2025-08-08 15:00:00+00:00,long,1,0.9872519,0.9859898,0.97834617,0.759346,3,2
2025-08-08 15:01:00+00:00,long,0,0.0027477187,0.0062277284,0.0031066255,0.1886905,2,0
2025-08-08 15:02:00+00:00,long,0,0.0149281835,0.02390868,0.35476246,0.27152407,2,0
2025-08-08 15:03:00+00:00,long,0,0.22910292,0.182697,0.70975196,0.54733515,2,0
2025-08-08 15:04:00+00:00,long,0,0.0036878632,0.003542963,0.06299491,0.20931785,2,0
2025-08-08 15:05:00+00:00,long,0,0.0021020712,0.0022539394,0.0359104,0.21467598,2,0
2025-08-08 15:06:00+00:00,long,0,0.06553533,0.06339094,0.54048204,0.39540616,2,0
2025-08-08 15:07:00+00:00,long,0,0.14248219,0.15083098,0.69307846,0.4661502,2,0
2025-08-08 15:08:00+00:00,long,0,0.35756063,0.40097228,0.79549336,0.61256546,2,1
2025-08-08 15:09:00+00:00,long,0,0.016204575,0.012319507,0.38973805,0.26866415,2,0
2025-08-08 15:10:00+00:00,long,0,0.0023789362,0.0011916091,0.015558328,0.1770993,2,0
2025-08-08 15:11:00+00:00,long,0,0.0029043327,0.0046410616,0.010907255,0.19128132,2,0
2025-08-08 15:12:00+00:00,long,0,0.0011811003,0.0013258682,0.005066561,0.17206155,2,0
2025-08-08 15:13:00+00:00,long,0,0.030331003,0.017487988,0.24481472,0.23701876,2,0
2025-08-08 15:14:00+00:00,long,0,0.018497972,0.034060422,0.5306326,0.22817318,2,0
2025-08-08 15:15:00+00:00,long,0,0.020806365,0.009893761,0.07314799,0.22560388,2,0
2025-08-08 15:16:00+00:00,long,0,0.0003501175,0.0003856259,0.0019606769,0.17033242,2,0
2025-08-08 15:17:00+00:00,long,0,0.068784446,0.058141556,0.66077244,0.29429963,2,0
2025-08-08 15:18:00+00:00,long,0,0.0011143718,0.0015109523,0.0030635174,0.17992467,2,0
2025-08-08 15:19:00+00:00,long,0,0.042966902,0.017604126,0.17695656,0.2141955,2,0
2025-08-08 15:20:00+00:00,long,0,0.00079851155,0.00083901244,0.002973036,0.18820794,2,0
2025-08-08 15:21:00+00:00,long,0,0.00061564846,0.0010772573,0.0035209148,0.18828116,2,0
2025-08-08 15:22:00+00:00,long,0,0.039923202,0.034626793,0.08098147,0.21094243,2,0
2025-08-08 15:23:00+00:00,long,0,0.085332856,0.14329578,0.59833544,0.3736699,2,0
2025-08-08 15:24:00+00:00,long,0,0.0023562484,0.000539402,0.00461124,0.17375864,2,0
2025-08-08 15:25:00+00:00,long,0,0.011550412,0.0061634574,0.063085236,0.2106988,2,0
2025-08-08 15:26:00+00:00,long,0,0.03694945,0.008900167,0.25075236,0.2416716,2,0
2025-08-08 15:27:00+00:00,long,0,0.010866274,0.002125216,0.044418316,0.22821604,2,0
2025-08-08 15:28:00+00:00,long,0,0.00052454235,0.003541687,0.00605433,0.204772,2,0
2025-08-08 15:29:00+00:00,long,0,0.0284851,0.010518395,0.15922812,0.26781705,2,0
2025-08-08 15:30:00+00:00,long,0,0.012885958,0.010646216,0.03420696,0.18971066,2,0
2025-08-08 15:31:00+00:00,long,0,0.002096626,0.0007333093,0.0040127775,0.17350368,2,0
2025-08-08 15:32:00+00:00,long,0,0.014168416,0.019759823,0.08518962,0.21187444,2,0
2025-08-08 15:33:00+00:00,long,0,0.012098836,0.0077252164,0.04330672,0.21542472,2,0
2025-08-08 15:34:00+00:00,long,0,0.012644568,0.0043727704,0.042038895,0.18420517,2,0
2025-08-08 15:35:00+00:00,long,0,0.2104087,0.116307475,0.33903363,0.38054037,2,0
2025-08-08 15:36:00+00:00,long,0,0.1175082,0.115706965,0.60713947,0.42685127,2,0
2025-08-08 15:37:00+00:00,long,0,0.00086350087,0.00026431924,0.0041249637,0.17230475,2,0
2025-08-08 15:38:00+00:00,long,0,0.020271346,0.008482929,0.23577605,0.2500368,2,0
2025-08-08 15:39:00+00:00,long,0,0.0043770494,0.0013300572,0.013467711,0.17576943,2,0
2025-08-08 15:40:00+00:00,long,0,0.019013353,0.0060293917,0.13063051,0.2221421,2,0
2025-08-08 15:41:00+00:00,long,0,0.1974078,0.1894629,0.66526157,0.4529884,2,0
2025-08-08 15:42:00+00:00,long,0,0.04247319,0.01044103,0.11205946,0.25122237,2,0
2025-08-08 15:43:00+00:00,long,0,0.0021454582,0.0002986991,0.0036504534,0.17474066,2,0
2025-08-08 15:44:00+00:00,long,0,0.011489715,0.0018251289,0.023220832,0.18946968,2,0
2025-08-08 15:45:00+00:00,long,0,0.004369467,0.00042486272,0.006702787,0.176915,2,0
2025-08-08 15:46:00+00:00,long,0,0.011739061,0.0017587342,0.0134031745,0.18348794,2,0
2025-08-08 15:47:00+00:00,long,0,0.091583274,0.05425958,0.3455635,0.46096182,2,0
2025-08-08 15:48:00+00:00,long,0,0.07049832,0.027734397,0.3822193,0.3394086,2,0
2025-08-08 15:49:00+00:00,long,0,0.030113274,0.0031172584,0.27316344,0.22875519,2,0
2025-08-08 15:50:00+00:00,long,0,0.008297184,0.00090555137,0.47972015,0.2422583,2,0
2025-08-11 14:19:00+00:00,long,0,0.00033713918,0.83590555,0.0019290944,0.19710104,1,0
2025-08-11 14:20:00+00:00,long,0,0.000784281,0.92415625,0.002344234,0.19181703,1,0
2025-08-11 14:21:00+00:00,long,0,0.00038183373,0.51048625,0.0017669045,0.18563928,1,0
2025-08-11 14:22:00+00:00,long,0,0.0003507262,0.33571973,0.00037310424,0.16960196,1,0
2025-08-11 14:23:00+00:00,long,0,0.00048224806,0.28217915,0.001073364,0.1865422,1,0
2025-08-11 14:24:00+00:00,short,0,0.0006841612,0.56887615,0.000848594,0.17189254,1,0
2025-08-11 14:25:00+00:00,short,1,0.976109,0.94382626,0.9198893,0.7716946,3,2
2025-08-11 14:26:00+00:00,short,0,0.012035752,0.014784637,0.0336184,0.20859896,2,0
2025-08-11 14:27:00+00:00,short,0,0.12384231,0.09602534,0.27522224,0.3563737,2,0
2025-08-11 14:28:00+00:00,long,0,0.0011866253,0.7318076,0.0019239254,0.18077229,1,0
2025-08-11 14:29:00+00:00,long,0,0.00052837736,0.24240309,0.001219234,0.16892023,1,0
2025-08-11 14:30:00+00:00,long,0,0.0004947428,0.1756678,0.00045164095,0.17210287,1,0
2025-08-11 14:31:00+00:00,long,0,0.00047022093,0.81265396,0.0029019448,0.21027076,1,0
2025-08-11 14:32:00+00:00,long,0,0.00097625924,0.95816773,0.0061918106,0.19103289,1,0
2025-08-11 14:33:00+00:00,long,0,0.0008897387,0.23595299,0.0012581162,0.18902473,1,0
2025-08-11 14:34:00+00:00,short,0,0.0006104469,0.1636292,0.00087699306,0.17019975,1,0
2025-08-11 14:35:00+00:00,short,0,0.01505562,0.6250049,0.043440834,0.31345966,1,0
2025-08-11 14:36:00+00:00,short,0,0.4214981,0.3271586,0.73939437,0.65354186,2,1
2025-08-11 14:37:00+00:00,short,0,0.00023550625,0.09203553,0.00021556452,0.17455624,1,0
2025-08-11 14:38:00+00:00,long,0,0.0002695339,0.6837767,0.00069645,0.19894929,1,0
2025-08-11 14:39:00+00:00,short,0,0.00068620674,0.21676505,0.00235513,0.2209981,1,0
2025-08-11 14:40:00+00:00,short,0,0.06788346,0.93538433,0.13694347,0.43481573,1,0
2025-08-11 14:41:00+00:00,short,0,0.0024518243,0.005186804,0.012034506,0.2561455,2,0
2025-08-11 14:42:00+00:00,short,0,0.0026400338,0.005410966,0.0074474667,0.28767762,2,0
2025-08-11 14:43:00+00:00,long,0,0.00024006379,0.5730093,0.0005206567,0.19364344,1,0
2025-08-11 14:44:00+00:00,long,0,0.00041544883,0.129057,0.00041654613,0.19294466,1,0
2025-08-11 14:45:00+00:00,short,0,0.02005199,0.85130495,0.082713075,0.27095798,1,0
2025-08-11 14:46:00+00:00,long,0,0.00025276613,0.09913037,0.00012156008,0.16817214,1,0
2025-08-11 14:47:00+00:00,short,0,0.003817115,0.4582165,0.014626648,0.19937606,1,0
2025-08-11 14:48:00+00:00,long,0,0.0014007278,0.9735112,0.009403733,0.18459278,1,0
2025-08-11 14:49:00+00:00,short,0,0.0012704282,0.36572298,0.009845592,0.19022971,1,0
2025-08-11 14:50:00+00:00,long,0,0.0003292842,0.11397092,0.0007018406,0.16908292,1,0
2025-08-11 14:51:00+00:00,long,0,0.00027829138,0.08666778,0.00063786993,0.1683194,1,0
2025-08-11 14:52:00+00:00,short,0,0.00053912157,0.18761006,0.0018843891,0.17255193,1,0
2025-08-11 14:53:00+00:00,long,0,0.00014883351,0.07156553,0.00063858647,0.16888326,1,0
2025-08-11 14:54:00+00:00,short,0,0.000142908,0.086744964,0.00021907515,0.16797352,1,0
2025-08-11 14:55:00+00:00,long,0,0.00050821464,0.15611328,0.005490667,0.1736543,1,0
2025-08-11 14:56:00+00:00,long,0,0.0004845961,0.80902106,0.004225161,0.18969584,1,0
2025-08-11 14:57:00+00:00,long,0,0.0004913988,0.08804481,0.0013919611,0.17210488,1,0
2025-08-11 14:58:00+00:00,short,0,0.02063145,0.9460747,0.13191232,0.23525023,1,0
2025-08-11 14:59:00+00:00,long,0,0.0004090029,0.10833532,0.0013449404,0.17285876,1,0
2025-08-11 15:00:00+00:00,long,0,0.00024102474,0.12644263,0.0006776313,0.17120747,1,0
2025-08-11 15:01:00+00:00,short,0,0.0073407064,0.7687716,0.03183469,0.28208682,1,0
2025-08-11 15:02:00+00:00,long,0,0.0002731669,0.05946323,0.0015741272,0.18076897,1,0
2025-08-11 15:03:00+00:00,long,0,0.00018094268,0.14566855,0.0028237244,0.18545276,1,0
2025-08-11 15:04:00+00:00,short,0,0.019840294,0.84213096,0.12411325,0.27230167,1,0
2025-08-11 15:05:00+00:00,long,0,0.0008768652,0.8840987,0.0073200404,0.18899429,1,0
2025-08-11 15:06:00+00:00,short,0,0.0060165287,0.49846017,0.022936285,0.28197628,1,0
2025-08-11 15:07:00+00:00,long,0,0.0005479867,0.3928807,0.0018726919,0.19762039,1,0
2025-08-11 15:08:00+00:00,long,0,0.00081458554,0.11491093,0.0025167873,0.18774585,1,0
2025-08-11 15:09:00+00:00,short,0,0.0014134329,0.35393447,0.0043725567,0.2534171,1,0
2025-08-11 15:10:00+00:00,short,0,0.01950313,0.96437496,0.15018763,0.4645442,1,1
2025-08-11 15:11:00+00:00,long,0,0.0007799192,0.92681485,0.008420296,0.20541032,1,0
2025-08-11 15:12:00+00:00,long,0,0.00057408237,0.94348943,0.007932109,0.20675568,1,0
2025-08-11 15:13:00+00:00,short,0,0.0014583952,0.3801572,0.004075248,0.25350702,1,0
2025-08-11 15:14:00+00:00,short,0,0.007296026,0.73697865,0.023573931,0.30849752,1,0
2025-08-11 15:15:00+00:00,long,0,0.00091082853,0.32148495,0.00252637,0.18956752,1,0
2025-08-11 15:16:00+00:00,long,0,0.00095887727,0.8852227,0.007509191,0.18851358,1,0
2025-08-11 15:17:00+00:00,short,0,0.0013533088,0.24488053,0.0013778368,0.17739385,1,0
2025-08-11 15:18:00+00:00,long,0,0.00028854344,0.15349056,0.001028138,0.17597608,1,0
2025-08-11 15:19:00+00:00,long,0,0.00084201223,0.13316967,0.0022643318,0.1794291,1,0
2025-08-11 15:20:00+00:00,short,0,0.0069438247,0.61268556,0.016350731,0.22845465,1,0
2025-08-11 15:21:00+00:00,long,0,0.00079956267,0.24834143,0.003569749,0.17782126,1,0
2025-08-11 15:22:00+00:00,short,0,0.0012868067,0.3181521,0.006296003,0.1999851,1,0
2025-08-11 15:23:00+00:00,long,0,0.00031009302,0.08911752,0.00086543,0.16971952,1,0
2025-08-11 15:24:00+00:00,short,0,0.004105055,0.5248186,0.025492247,0.21893883,1,0
2025-08-11 15:25:00+00:00,short,0,0.33013943,0.9946249,0.69151723,0.5953496,1,1
2025-08-11 15:26:00+00:00,long,0,0.00077139324,0.8717307,0.0072119455,0.185571,1,0
2025-08-11 15:27:00+00:00,long,0,0.0004251891,0.081149876,0.009316268,0.17615221,1,0
2025-08-11 15:28:00+00:00,short,0,0.00043172514,0.18825434,0.003184508,0.19129455,1,0
2025-08-11 15:29:00+00:00,short,0,0.00042665604,0.19492233,0.0033591904,0.1826991,1,0
2025-08-11 15:30:00+00:00,short,0,0.00068924227,0.2500476,0.00078576105,0.22473843,1,0
2025-08-11 15:31:00+00:00,long,0,0.001240848,0.94148344,0.0023111964,0.18626173,1,0
2025-08-11 15:32:00+00:00,short,0,0.0016328659,0.4036639,0.0039548045,0.2449321,1,0
2025-08-11 15:33:00+00:00,long,0,0.026400119,0.98633075,0.11530047,0.36048755,1,0
2025-08-11 15:34:00+00:00,long,0,0.00062925374,0.30674475,0.00079177675,0.18519151,1,0
2025-08-11 15:35:00+00:00,short,0,0.0012752855,0.27525085,0.0051080897,0.17683035,1,0
2025-08-11 15:36:00+00:00,short,0,0.0020890664,0.38381028,0.010961505,0.2286375,1,0
2025-08-11 15:37:00+00:00,long,0,0.0011571832,0.9252493,0.014996297,0.20519687,1,0
2025-08-11 15:38:00+00:00,long,0,0.00036623466,0.11479082,0.0016030044,0.16963126,1,0
2025-08-11 15:39:00+00:00,long,0,0.00048711806,0.7951592,0.0021111136,0.24457751,1,0
2025-08-11 15:40:00+00:00,long,0,0.00024639606,0.1020574,0.0012110226,0.17090298,1,0
2025-08-11 15:41:00+00:00,long,0,0.00031556233,0.11498971,0.0013591743,0.17090587,1,0
2025-08-11 15:42:00+00:00,long,0,0.00046215972,0.13472176,0.0029779377,0.17186143,1,0
2025-08-11 15:43:00+00:00,long,0,0.00035694867,0.14465223,0.0012062537,0.17402731,1,0
2025-08-11 15:44:00+00:00,long,0,0.00023411954,0.09255988,0.0014696871,0.17040795,1,0
2025-08-11 15:45:00+00:00,short,0,0.0050473846,0.50999326,0.05099576,0.21719082,1,0
2025-08-11 15:46:00+00:00,long,0,0.0007800296,0.76985484,0.003040128,0.20864822,1,0
2025-08-11 15:47:00+00:00,short,0,0.0004536698,0.18990672,0.026794592,0.18990754,1,0
2025-08-11 15:48:00+00:00,short,0,0.00025763744,0.0761147,0.003149852,0.17066343,1,0
2025-08-11 15:49:00+00:00,short,0,0.01713914,0.92148966,0.12201521,0.27691516,1,0
2025-08-11 15:50:00+00:00,long,0,0.005224483,0.96672773,0.013137867,0.22108454,1,0
2025-08-12 14:19:00+00:00,long,0,0.03630477,0.032722343,0.21534957,0.497907,2,0
2025-08-12 14:20:00+00:00,long,0,0.00029006568,0.00068058254,0.0004637343,0.17054354,2,0
2025-08-12 14:21:00+00:00,long,0,0.015499142,0.014171121,0.034043815,0.3332905,2,0
2025-08-12 14:22:00+00:00,long,0,0.0009269243,0.0010505824,0.0037167068,0.21037082,2,0
2025-08-12 14:23:00+00:00,long,0,0.00026589519,0.00074476347,0.000451551,0.17148072,2,0
2025-08-12 14:24:00+00:00,long,0,0.00030552046,0.0008677428,0.0012095091,0.17386661,2,0
2025-08-12 14:25:00+00:00,long,0,0.00011019712,0.00036086823,0.0002544772,0.18615957,2,0
2025-08-12 14:26:00+00:00,long,0,7.401326e-05,0.00017024617,0.0003194794,0.171429,2,0
2025-08-12 14:27:00+00:00,long,0,0.008763815,0.03067696,0.06203404,0.43221888,2,0
2025-08-12 14:28:00+00:00,long,0,0.00017963396,0.0009574403,0.006977999,0.25689173,2,0
2025-08-12 14:29:00+00:00,long,0,0.5317372,0.51549184,0.85982764,0.72557575,2,2
2025-08-12 14:30:00+00:00,long,0,0.0007332971,0.0009770832,0.0015301979,0.18111424,2,0
2025-08-12 14:31:00+00:00,long,0,0.00030296014,0.00032941357,0.0001975893,0.1703462,2,0
2025-08-12 14:32:00+00:00,long,1,0.9755692,0.95365644,0.8822781,0.774926,3,2
2025-08-12 14:33:00+00:00,long,0,0.0005033989,0.000796448,0.0014842708,0.18314916,2,0
2025-08-12 14:34:00+00:00,long,0,0.00037939326,0.00046703615,0.00029211215,0.17078675,2,0
2025-08-12 14:35:00+00:00,long,0,0.0009375259,0.0035252706,0.01682557,0.3555406,2,0
2025-08-12 14:36:00+00:00,long,0,0.0010647228,0.0008530558,0.003238299,0.184906,2,0
2025-08-12 14:37:00+00:00,long,0,8.6059634e-05,0.00011172498,0.00017286865,0.16875844,2,0
2025-08-12 14:38:00+00:00,long,0,0.00013719495,0.00017072067,0.00016226675,0.17093413,2,0
2025-08-12 14:39:00+00:00,long,0,0.0038508337,0.0078074844,0.008424991,0.4270724,2,1
2025-08-12 14:40:00+00:00,long,0,0.0006911369,0.0012917577,0.0005800102,0.1731826,2,0
2025-08-12 14:41:00+00:00,long,0,0.0006916193,0.0022547087,0.0035762088,0.19641483,2,0
2025-08-12 14:42:00+00:00,long,0,0.0038189196,0.012496536,0.012292059,0.25522622,2,0
2025-08-12 14:43:00+00:00,long,0,0.0002937969,0.00057503197,0.000503079,0.17162521,2,0
2025-08-12 14:44:00+00:00,long,0,0.0028456808,0.0085380925,0.01811974,0.27296284,2,0
2025-08-12 14:45:00+00:00,long,0,0.00040856315,0.0013666052,0.00030164758,0.17154664,2,0
2025-08-12 14:46:00+00:00,long,0,0.01366603,0.06512448,0.09945608,0.26855493,2,0
2025-08-12 14:47:00+00:00,long,1,0.9772768,0.96999174,0.94051075,0.7886161,3,2
2025-08-12 14:48:00+00:00,long,0,0.0040565333,0.025628276,0.025879463,0.20289572,2,0
2025-08-12 14:49:00+00:00,long,0,0.0021126964,0.005051718,0.004181706,0.19625984,2,0
2025-08-12 14:50:00+00:00,long,0,0.009979692,0.010417856,0.013765075,0.22011144,2,0
2025-08-12 14:51:00+00:00,long,0,0.005811994,0.012875518,0.025493713,0.32775322,2,0
2025-08-12 14:52:00+00:00,long,0,0.0013249001,0.0022989812,0.00081124034,0.1775705,2,0
2025-08-12 14:53:00+00:00,long,0,0.0012947804,0.002121162,0.0018890989,0.17467515,2,0
2025-08-12 14:54:00+00:00,long,0,0.002011141,0.004087134,0.00088186533,0.17510746,2,0
2025-08-12 14:55:00+00:00,long,1,0.9814355,0.9645537,0.92521185,0.7865588,3,2
2025-08-12 14:56:00+00:00,long,0,0.048144322,0.058863394,0.14520393,0.49161282,2,1
2025-08-12 14:57:00+00:00,long,0,0.023728086,0.04121142,0.06427575,0.26192504,2,0
2025-08-12 14:58:00+00:00,long,0,0.0013547867,0.0058642766,0.0010745253,0.17503047,2,0
2025-08-12 14:59:00+00:00,long,0,0.06982679,0.09067413,0.3707387,0.5423719,2,1
2025-08-12 15:00:00+00:00,long,0,0.006283801,0.012839961,0.00995247,0.2066244,2,0
2025-08-12 15:01:00+00:00,long,0,0.0011834224,0.004255179,0.007936286,0.18114074,2,0
2025-08-12 15:02:00+00:00,long,0,0.18255067,0.1098169,0.34038693,0.5118001,2,0
2025-08-12 15:03:00+00:00,long,0,0.0016240545,0.007434046,0.0019433681,0.1814127,2,0
2025-08-12 15:04:00+00:00,long,0,0.004768558,0.0095477495,0.040191896,0.24682558,2,0
2025-08-12 15:05:00+00:00,long,0,0.00043368127,0.0009642835,0.013513556,0.18169576,2,0
2025-08-12 15:06:00+00:00,long,0,0.0057280273,0.010160695,0.050221436,0.22887999,2,0
2025-08-12 15:07:00+00:00,long,0,0.002170179,0.011143909,0.003116128,0.1874284,2,0
2025-08-12 15:08:00+00:00,long,0,0.00054021337,0.0013942821,0.0075575346,0.18303828,2,0
2025-08-12 15:09:00+00:00,long,0,0.0024632637,0.01137457,0.005385354,0.18472083,2,0
2025-08-12 15:10:00+00:00,long,0,0.0008598435,0.0025648763,0.005366321,0.18727128,2,0
2025-08-12 15:11:00+00:00,long,0,0.32898736,0.27099377,0.5312035,0.593438,2,1
2025-08-12 15:12:00+00:00,long,0,0.21137267,0.22027853,0.628647,0.6236521,2,1
2025-08-12 15:13:00+00:00,long,0,0.056675464,0.055056132,0.44242182,0.29877827,2,0
2025-08-12 15:14:00+00:00,long,0,0.08699943,0.19151506,0.114247575,0.32615116,2,0
2025-08-12 15:15:00+00:00,long,0,0.0013514148,0.0022749084,0.0075662914,0.18567564,2,0
2025-08-12 15:16:00+00:00,long,1,0.9845464,0.9792181,0.9708681,0.81088305,3,2
2025-08-12 15:17:00+00:00,long,0,0.010962798,0.030368842,0.021051882,0.18225347,2,0
2025-08-12 15:18:00+00:00,long,1,0.95044744,0.9009692,0.8151209,0.6592099,3,1
2025-08-12 15:19:00+00:00,long,0,0.027111208,0.05948598,0.2344283,0.26587924,2,0
2025-08-12 15:20:00+00:00,long,0,0.0009358418,0.0025056135,0.0013752078,0.17959224,2,0
2025-08-12 15:21:00+00:00,long,1,0.97798336,0.96130157,0.91990185,0.7777378,3,2
2025-08-12 15:22:00+00:00,long,0,0.0026259094,0.0060867234,0.007744434,0.18808435,2,0
2025-08-12 15:23:00+00:00,long,0,0.0015249578,0.0024529756,0.0013246534,0.1766793,2,0
2025-08-12 15:24:00+00:00,long,0,0.0015507813,0.002713958,0.0013246534,0.17899124,2,0
2025-08-12 15:25:00+00:00,long,1,0.98573864,0.96358246,0.95558697,0.74687487,3,2
2025-08-12 15:26:00+00:00,long,1,0.9816363,0.9642041,0.9197373,0.76427174,3,2
2025-08-12 15:27:00+00:00,long,0,0.0007018152,0.0007501113,0.0009987615,0.17366232,2,0
2025-08-12 15:28:00+00:00,long,0,0.0006741918,0.0009892611,0.0012029319,0.17336607,2,0
2025-08-12 15:29:00+00:00,long,0,0.00040910722,0.0003830352,0.0011752576,0.17275207,2,0
2025-08-12 15:30:00+00:00,long,0,0.0004613531,0.00042557088,0.0011348083,0.17474033,2,0
2025-08-12 15:31:00+00:00,long,0,0.08775205,0.059167992,0.34462947,0.33269137,2,0
2025-08-12 15:32:00+00:00,long,0,0.09722225,0.05190234,0.2709484,0.33637157,2,0
2025-08-12 15:33:00+00:00,long,0,0.35109746,0.14835037,0.7810042,0.56866544,2,1
2025-08-12 15:34:00+00:00,long,0,0.005933094,0.0031531414,0.01777327,0.23991601,2,0
2025-08-12 15:35:00+00:00,long,0,0.004716417,0.0013805762,0.04297765,0.20625986,2,0
2025-08-12 15:36:00+00:00,long,0,0.0004515725,0.00020177553,0.00067388767,0.17134948,2,0
2025-08-12 15:37:00+00:00,long,0,0.0009123099,0.000808305,0.005883916,0.17733093,2,0
2025-08-12 15:38:00+00:00,long,0,0.055147,0.021147927,0.28507563,0.30507427,2,0
2025-08-12 15:39:00+00:00,long,0,0.00031953,0.00012955163,0.0006044265,0.17016327,2,0
2025-08-12 15:40:00+00:00,long,0,0.0013096469,0.00092722423,0.0031556124,0.17894822,2,0
2025-08-12 15:41:00+00:00,long,0,0.0013803383,0.0006147716,0.0015228624,0.1780678,2,0
2025-08-12 15:42:00+00:00,long,0,0.0027733727,0.0024416244,0.0032588001,0.18810482,2,0
2025-08-12 15:43:00+00:00,long,0,0.0011310789,0.00084299967,0.004225317,0.19523597,2,0
2025-08-12 15:44:00+00:00,long,0,0.02498097,0.012897275,0.06278139,0.26428974,2,0
2025-08-12 15:45:00+00:00,long,0,0.00055346504,0.00040395302,0.006671879,0.1734268,2,0
2025-08-12 15:46:00+00:00,long,0,0.4533138,0.370835,0.76140296,0.66187245,2,1
2025-08-12 15:47:00+00:00,long,0,0.011709679,0.009386665,0.29504976,0.2281919,2,0
2025-08-12 15:48:00+00:00,long,0,0.0034903104,0.0006449936,0.022552071,0.18559861,2,0
2025-08-12 15:49:00+00:00,long,0,0.0036888816,0.0010117731,0.013421705,0.1716954,2,0
2025-08-12 15:50:00+00:00,long,0,0.004453901,0.0025655974,0.057849545,0.23013097,2,0
2025-08-13 14:19:00+00:00,long,0,0.00057329034,0.0010901827,0.0003127947,0.20320271,2,0
2025-08-13 14:20:00+00:00,long,0,0.00022654363,0.00032752653,0.00037048687,0.17108911,2,0
2025-08-13 14:21:00+00:00,long,0,0.0056011984,0.91554165,0.004749262,0.40269098,1,0
2025-08-13 14:22:00+00:00,long,0,0.00026579862,0.0002055773,0.0009994303,0.1742217,2,0
2025-08-13 14:23:00+00:00,long,0,0.00024779406,0.0001444917,0.0008764563,0.17418434,2,0
2025-08-13 14:24:00+00:00,long,0,0.00021455056,0.00020568533,0.0007245599,0.17047012,2,0
2025-08-13 14:25:00+00:00,long,0,0.0028475393,0.0015779524,0.00026101506,0.2208265,2,0
2025-08-13 14:26:00+00:00,short,0,0.00064656767,0.0011511254,0.004430018,0.16963218,2,0
2025-08-13 14:27:00+00:00,long,0,0.00017485251,0.00018868569,0.00053752353,0.17180799,2,0
2025-08-13 14:28:00+00:00,short,0,0.00092315825,0.0013067444,0.0051798946,0.17269522,2,0
2025-08-13 14:29:00+00:00,long,0,0.00060497166,0.0004602252,0.00016173122,0.17029707,2,0
2025-08-13 14:30:00+00:00,short,0,0.00065365573,0.0004465994,0.003259672,0.17138253,2,0
2025-08-13 14:31:00+00:00,long,0,0.00022325006,0.0002310804,0.000765266,0.16865778,2,0
2025-08-13 14:32:00+00:00,long,0,0.021157095,0.12207683,0.0030898126,0.41772375,2,0
2025-08-13 14:33:00+00:00,long,0,0.00029667834,0.00029562294,0.0003803712,0.16822606,2,0
2025-08-13 14:34:00+00:00,long,0,0.0015672082,0.038418453,0.0005238968,0.17294292,1,0
2025-08-13 14:35:00+00:00,long,0,0.0008102271,0.13151282,0.00054098165,0.1819098,1,0
2025-08-13 14:36:00+00:00,long,0,0.0002276449,0.021951217,0.00041999127,0.16899724,1,0
2025-08-13 14:37:00+00:00,long,0,0.0007528451,0.44568443,0.000736225,0.20361213,1,0
2025-08-13 14:38:00+00:00,long,0,0.00026791723,0.030657062,0.00027565207,0.17056519,1,0
2025-08-13 14:39:00+00:00,long,0,0.000117453485,0.02201021,0.00047334467,0.16896778,1,0
2025-08-13 14:40:00+00:00,long,0,0.00012465277,0.00040317146,0.0016462957,0.17292982,2,0
2025-08-13 14:41:00+00:00,long,0,0.0002543484,0.0006138161,0.00049577217,0.1717459,2,0
2025-08-13 14:42:00+00:00,long,0,9.0016394e-05,0.00046494594,0.001623086,0.17250453,2,0
2025-08-13 14:43:00+00:00,long,0,0.0009159419,0.16076386,0.00038089865,0.17546056,1,0
2025-08-13 14:44:00+00:00,long,0,0.0042616976,0.62887114,0.0011935784,0.22123657,1,0
2025-08-13 14:45:00+00:00,long,0,9.409581e-05,0.014928836,0.000384354,0.16845745,1,0
2025-08-13 14:46:00+00:00,long,0,6.891858e-05,0.00017091662,0.00031765382,0.17227413,2,0
2025-08-13 14:47:00+00:00,long,0,0.00013268353,0.00028512214,0.000726938,0.17275669,2,0
2025-08-13 14:48:00+00:00,long,0,0.00015635761,0.00022898518,0.0010666985,0.17303807,2,0
2025-08-13 14:49:00+00:00,long,0,0.0036661199,0.6486739,0.0017709436,0.19171603,1,0
2025-08-13 14:50:00+00:00,long,0,8.481258e-05,0.00017063653,0.000115299124,0.16825901,2,0
2025-08-13 14:51:00+00:00,short,0,0.0001430255,0.00054460374,0.0020020828,0.16840376,2,0
2025-08-13 14:52:00+00:00,short,0,0.0001805172,0.00020643348,0.00231624,0.17155175,2,0
2025-08-13 14:53:00+00:00,long,0,7.614517e-05,0.00020627452,0.0006064227,0.17351352,2,0
2025-08-13 14:54:00+00:00,long,0,7.6417804e-05,0.00014999822,0.00047885542,0.16822918,2,0
2025-08-13 14:55:00+00:00,long,0,6.9798385e-05,0.00017791979,0.00016219003,0.16833197,2,0
2025-08-13 14:56:00+00:00,long,0,7.17334e-05,0.0001655435,0.0004500002,0.16827494,2,0
2025-08-13 14:57:00+00:00,long,0,0.0004332774,0.0005422516,0.00021866217,0.17416768,2,0
2025-08-13 14:58:00+00:00,long,0,7.301897e-05,0.000119431046,0.00013263432,0.16977079,2,0
2025-08-13 14:59:00+00:00,long,0,0.00037414662,0.062717974,0.00028031197,0.17174037,1,0
2025-08-13 15:00:00+00:00,short,0,0.0016211052,0.001643138,0.010628285,0.16993915,2,0
2025-08-13 15:01:00+00:00,long,0,0.00019461541,0.0003623689,0.00023383176,0.16864668,2,0
2025-08-13 15:02:00+00:00,long,0,0.0002379638,0.0002805042,0.00020514456,0.16843866,2,0
2025-08-13 15:03:00+00:00,long,0,0.00010346022,0.00017439877,0.00066563184,0.17105645,2,0
2025-08-13 15:04:00+00:00,long,0,0.00044786432,0.12007561,0.0003804006,0.17418969,1,0
2025-08-13 15:05:00+00:00,long,0,0.00014555622,0.026618132,0.00034814724,0.1682574,1,0
2025-08-13 15:06:00+00:00,long,0,0.0001016217,0.00022009497,0.00045526034,0.1739742,2,0
2025-08-13 15:07:00+00:00,short,0,0.0001225524,0.00025992288,0.0022828118,0.17267345,2,0
2025-08-13 15:08:00+00:00,long,0,5.9167734e-05,0.00013187426,0.00023456416,0.16868836,2,0
2025-08-13 15:09:00+00:00,long,0,0.0007272006,0.30929253,0.0005009297,0.18440254,1,0
2025-08-13 15:10:00+00:00,long,0,0.007861343,0.83071893,0.0045521883,0.39160392,1,0
2025-08-13 15:11:00+00:00,short,0,0.00025961205,0.053834915,0.0048714215,0.18009035,1,0
2025-08-13 15:12:00+00:00,long,0,0.00027734684,0.0005081216,0.00082685304,0.18080151,2,0
2025-08-13 15:13:00+00:00,long,0,0.0002312327,0.00063318637,0.00093915657,0.18307485,2,0
2025-08-13 15:14:00+00:00,long,0,0.00014962081,0.00041145724,0.0003335655,0.17235446,2,0
2025-08-13 15:15:00+00:00,short,0,0.00025715693,0.0005991634,0.0044905627,0.17384185,2,0
2025-08-13 15:16:00+00:00,long,0,0.0008841429,0.60942984,0.0012527627,0.20311962,1,0
2025-08-13 15:17:00+00:00,long,0,0.00024373498,0.051755846,0.00045007246,0.16984533,1,0
2025-08-13 15:18:00+00:00,long,0,0.00037816534,0.059528895,0.0004448559,0.16873252,1,0
2025-08-13 15:19:00+00:00,long,0,0.0006800512,0.40043274,0.00060930586,0.1841647,1,0
2025-08-13 15:20:00+00:00,long,0,0.00031298024,0.05104607,0.0009157106,0.17362797,1,0
2025-08-13 15:21:00+00:00,long,0,0.0011223434,0.15647702,0.00056635885,0.17537321,1,0
2025-08-13 15:22:00+00:00,short,0,0.00046167782,0.0012534729,0.0021548409,0.17323993,2,0
2025-08-13 15:23:00+00:00,long,0,0.0009900626,0.21279332,0.000589463,0.1857682,1,0
2025-08-13 15:24:00+00:00,long,0,0.0004480627,0.051783334,0.00050445757,0.16921675,1,0
2025-08-13 15:25:00+00:00,long,0,0.00013575023,0.027762048,0.0005104165,0.17033605,1,0
2025-08-13 15:26:00+00:00,long,0,0.00073972484,0.04805509,0.0011254605,0.20602751,1,0
2025-08-13 15:27:00+00:00,short,0,0.00379511,0.0030443843,0.0026156276,0.17319237,2,0
2025-08-13 15:28:00+00:00,long,0,0.00030578973,0.00045772368,0.0004064896,0.1744749,2,0
2025-08-13 15:29:00+00:00,short,0,0.00041631627,0.00074154296,0.0026846551,0.17972021,2,0
2025-08-13 15:30:00+00:00,long,0,0.00013078252,0.0001900511,0.001135555,0.17284979,2,0
2025-08-13 15:31:00+00:00,long,0,0.0020093215,0.014244993,0.0005913041,0.28454125,2,0
2025-08-13 15:32:00+00:00,short,0,0.03377149,0.15998664,0.17353332,0.26574257,2,0
2025-08-13 15:33:00+00:00,short,0,0.00035832988,0.0011545676,0.0010349631,0.17251098,2,0
2025-08-13 15:34:00+00:00,short,0,0.00030324535,0.00096759695,0.0013300077,0.1775903,2,0
2025-08-13 15:35:00+00:00,long,0,0.00021618263,0.00035090244,0.00022331157,0.16950852,2,0
2025-08-13 15:36:00+00:00,long,0,0.00037000843,0.000623623,0.00012986467,0.16858341,2,0
2025-08-13 15:37:00+00:00,long,0,0.00018124968,0.0003883559,0.00012021382,0.16940384,2,0
2025-08-13 15:38:00+00:00,long,0,0.00084679684,0.001432761,0.00020922933,0.18242617,2,0
2025-08-13 15:39:00+00:00,short,0,0.0026702757,0.0062510655,0.005218531,0.18109156,2,0
2025-08-13 15:40:00+00:00,long,0,0.00015005903,0.0007297578,0.00022989084,0.16812496,2,0
2025-08-13 15:41:00+00:00,long,0,0.00017287805,0.00055668707,0.00014721922,0.16784912,2,0
2025-08-13 15:42:00+00:00,short,0,0.0010666649,0.0038496233,0.0027940073,0.18159647,2,0
2025-08-13 15:43:00+00:00,long,0,0.000282414,0.0008173512,0.00032622175,0.17054582,2,0
2025-08-13 15:44:00+00:00,long,0,0.00039209804,0.0016581574,0.00026652234,0.1727305,2,0
2025-08-13 15:45:00+00:00,long,0,0.0007057559,0.00207402,0.00047425763,0.17187399,2,0
2025-08-13 15:46:00+00:00,short,0,0.00025842717,0.0015493578,0.00048660082,0.1761327,2,0
2025-08-13 15:47:00+00:00,long,0,0.00021265302,0.000908817,0.00037536377,0.16816391,2,0
2025-08-13 15:48:00+00:00,long,0,0.00016974093,0.00075864623,0.0004140048,0.16751345,2,0
2025-08-13 15:49:00+00:00,long,0,0.00017943623,0.022910213,0.0002907421,0.1674126,1,0
2025-08-13 15:50:00+00:00,long,0,0.001758638,0.6988833,0.0008923753,0.21653537,1,0
2025-08-14 14:19:00+00:00,long,0,0.0010422018,0.002015231,0.007330502,0.17060171,2,0
2025-08-14 14:20:00+00:00,long,1,0.9901918,0.95170534,0.97215456,0.6980112,3,1
2025-08-14 14:21:00+00:00,long,0,0.0012157544,0.002291,0.0068947,0.17499112,2,0
2025-08-14 14:22:00+00:00,long,0,0.00044112,0.12889563,0.0059268,0.20514274,1,0
2025-08-14 14:23:00+00:00,long,0,0.0003793229,0.082172126,0.0041561252,0.1955796,1,0
2025-08-14 14:24:00+00:00,long,1,0.9876874,0.96835405,0.92918336,0.71451044,3,2
2025-08-14 14:25:00+00:00,long,0,0.0013926923,0.0025569117,0.0069193025,0.17807388,2,0
2025-08-14 14:26:00+00:00,long,0,0.06442074,0.025817001,0.071003824,0.24710189,2,0
2025-08-14 14:27:00+00:00,long,0,0.0026832586,0.0041487035,0.007392541,0.18226625,2,0
2025-08-14 14:28:00+00:00,long,0,0.0011320729,0.0018155117,0.006052371,0.17791516,2,0
2025-08-14 14:29:00+00:00,long,0,0.00026202988,0.117026955,0.0021798664,0.1974981,1,0
2025-08-14 14:30:00+00:00,long,0,0.0004532756,0.14686643,0.001977504,0.18240358,1,0
2025-08-14 14:31:00+00:00,long,0,0.0002674354,0.033172015,0.0006910356,0.1720593,1,0
2025-08-14 14:32:00+00:00,long,0,0.0002873794,0.032582868,0.0007163084,0.19374134,1,0
2025-08-14 14:33:00+00:00,long,1,0.9667745,0.99445677,0.9040136,0.512541,2,1
2025-08-14 14:34:00+00:00,long,0,0.0007878289,0.14234553,0.0063146935,0.17195715,1,0
2025-08-14 14:35:00+00:00,long,0,0.0005773143,0.13627103,0.0037773454,0.188121,1,0
2025-08-14 14:36:00+00:00,long,0,0.0060879583,0.51629686,0.022210883,0.18893461,1,0
2025-08-14 14:37:00+00:00,long,0,0.0028990584,0.44962823,0.02835565,0.19495107,1,0
2025-08-14 14:38:00+00:00,long,0,0.00015007333,0.033216998,0.00047443644,0.18165438,1,0
2025-08-14 14:39:00+00:00,long,0,0.007549763,0.8347717,0.06679624,0.23759544,1,0
2025-08-14 14:40:00+00:00,long,0,0.0040121544,0.5473889,0.0894091,0.37574673,1,0
2025-08-14 14:41:00+00:00,long,0,0.00037614434,0.09685651,0.0057390826,0.21561158,1,0
2025-08-14 14:42:00+00:00,long,0,0.0002746091,0.049356785,0.0010503232,0.20609277,1,0
2025-08-14 14:43:00+00:00,long,0,0.0012229892,0.11076783,0.011037233,0.18656234,1,0
2025-08-14 14:44:00+00:00,long,0,0.0004700688,0.060570955,0.0010695348,0.18030703,1,0
2025-08-14 14:45:00+00:00,long,0,0.0008693665,0.15776646,0.003198455,0.2170018,1,0
2025-08-14 14:46:00+00:00,long,0,0.0038910375,0.7278294,0.026409118,0.22561419,1,0
2025-08-14 14:47:00+00:00,long,0,0.0007354197,0.117072,0.0003921255,0.17208831,1,0
2025-08-14 14:48:00+00:00,long,0,0.00051945983,0.08922839,0.0042067496,0.17280121,1,0
2025-08-14 14:49:00+00:00,long,0,0.026352966,0.98590964,0.33711705,0.48079762,1,0
2025-08-14 14:50:00+00:00,long,0,0.00032593976,0.07529942,0.003979249,0.1917647,1,0
2025-08-14 14:51:00+00:00,long,0,0.030939814,0.9849686,0.30562788,0.326094,1,0
2025-08-14 14:52:00+00:00,long,0,0.0013980117,0.26633817,0.006927138,0.18784656,1,0
2025-08-14 14:53:00+00:00,long,0,0.0006131685,0.35427672,0.020049432,0.18956609,1,0
2025-08-14 14:54:00+00:00,long,0,0.08250257,0.9937115,0.4875066,0.41984263,1,0
2025-08-14 14:55:00+00:00,long,0,0.004132453,0.012526599,0.022271203,0.2126937,2,0
2025-08-14 14:56:00+00:00,long,0,0.0004283403,0.14609496,0.0025578446,0.20664541,1,0
2025-08-14 14:57:00+00:00,long,0,0.07173738,0.12321483,0.30650046,0.40005803,2,0
2025-08-14 14:58:00+00:00,long,0,0.00043450002,0.082268976,0.0034337754,0.18068404,1,0
2025-08-14 14:59:00+00:00,long,0,0.00048643505,0.095709495,0.0018745913,0.20123978,1,0
2025-08-14 15:00:00+00:00,long,0,0.0008328541,0.4217205,0.008127315,0.21168864,1,0
2025-08-14 15:01:00+00:00,long,0,0.0006032458,0.20516753,0.0047013233,0.20070414,1,0
2025-08-14 15:02:00+00:00,long,0,0.00044026092,0.09158724,0.0030963304,0.19522357,1,0
2025-08-14 15:03:00+00:00,long,0,0.037933134,0.97989815,0.55668324,0.43563867,1,0
2025-08-14 15:04:00+00:00,long,0,0.00043462304,0.108368255,0.0008878717,0.18446887,1,0
2025-08-14 15:05:00+00:00,long,0,0.0009560867,0.21090886,0.0019559648,0.23003791,1,0
2025-08-14 15:06:00+00:00,long,0,0.042936012,0.96218556,0.105658256,0.44240448,1,1
2025-08-14 15:07:00+00:00,long,0,0.0023594787,0.38468784,0.009393886,0.34289694,1,0
2025-08-14 15:08:00+00:00,long,0,0.0008345839,0.13415033,0.0011977267,0.28782526,1,0
2025-08-14 15:09:00+00:00,long,0,0.001885566,0.43332782,0.016526014,0.17828967,1,0
2025-08-14 15:10:00+00:00,long,0,0.003566167,0.8737955,0.0307098,0.22898455,1,0
2025-08-14 15:11:00+00:00,long,0,0.00032147364,0.09519106,0.0016444119,0.17664064,1,0
2025-08-14 15:12:00+00:00,long,0,0.0014936932,0.5646712,0.04573278,0.1961926,1,0
2025-08-14 15:13:00+00:00,long,0,0.0002561678,0.07721841,0.0014696347,0.18952037,1,0
2025-08-14 15:14:00+00:00,long,0,0.072229855,0.20785786,0.66769016,0.42607167,2,0
2025-08-14 15:15:00+00:00,long,0,0.0006229376,0.1295352,0.0021187328,0.20834768,1,0
2025-08-14 15:16:00+00:00,long,0,0.1839713,0.19182011,0.68733495,0.58344245,2,1
2025-08-14 15:17:00+00:00,long,0,0.0029104135,0.01200087,0.019970018,0.2553335,2,0
2025-08-14 15:18:00+00:00,long,0,0.0025217193,0.29834563,0.031484555,0.30155048,1,0
2025-08-14 15:19:00+00:00,long,0,0.0022767067,0.15131994,0.00654395,0.17997819,1,0
2025-08-14 15:20:00+00:00,long,0,0.0011155397,0.2087172,0.002886689,0.22535475,1,0
2025-08-14 15:21:00+00:00,long,0,0.0009700661,0.17802334,0.0010756949,0.22580655,1,0
2025-08-14 15:22:00+00:00,long,0,0.0016004643,0.43262297,0.020705478,0.34175953,1,0
2025-08-14 15:23:00+00:00,long,0,0.000656732,0.10723611,0.003806629,0.24615256,1,0
2025-08-14 15:24:00+00:00,long,0,0.0022703076,0.82133603,0.030156704,0.18976521,1,0
2025-08-14 15:25:00+00:00,long,0,0.0008745443,0.2313177,0.002621533,0.19081707,1,0
2025-08-14 15:26:00+00:00,long,0,0.0049387165,0.91907096,0.056312814,0.2332375,1,0
2025-08-14 15:27:00+00:00,long,0,0.0009313284,0.19218215,0.0009709015,0.17099233,1,0
2025-08-14 15:28:00+00:00,long,0,0.0045540426,0.30430996,0.01203437,0.19647427,1,0
2025-08-14 15:29:00+00:00,long,0,0.0024717695,0.378125,0.0071674935,0.2047429,1,0
2025-08-14 15:30:00+00:00,long,0,0.06797579,0.9666948,0.111926034,0.45290065,1,0
2025-08-14 15:31:00+00:00,long,0,0.0013612347,0.17989048,0.0038313132,0.18504529,1,0
2025-08-14 15:32:00+00:00,long,0,0.112192065,0.99241334,0.19430397,0.5109559,1,1
2025-08-14 15:33:00+00:00,long,0,0.0027815215,0.3939178,0.012171828,0.28843558,1,0
2025-08-14 15:34:00+00:00,long,0,0.0057065752,0.565392,0.010156054,0.19382739,1,0
2025-08-14 15:35:00+00:00,long,0,0.36957368,0.9953477,0.6545077,0.5983366,1,1
2025-08-14 15:36:00+00:00,long,0,0.0020461874,0.36232758,0.002158989,0.19382076,1,0
2025-08-14 15:37:00+00:00,long,0,0.27272245,0.9955456,0.36031273,0.49395368,1,0
2025-08-14 15:38:00+00:00,long,0,0.0021209377,0.3577021,0.0014779958,0.18594944,1,0
2025-08-14 15:39:00+00:00,long,0,0.0059602973,0.35125327,0.005156051,0.17866485,1,0
2025-08-14 15:40:00+00:00,long,0,0.00083635526,0.2358829,0.0023544368,0.18255752,1,0
2025-08-14 15:41:00+00:00,long,0,0.0010841396,0.14434282,0.0031666413,0.17252344,1,0
2025-08-14 15:42:00+00:00,long,0,0.0012049376,0.5598573,0.012496382,0.20089655,1,0
2025-08-14 15:43:00+00:00,long,0,0.0016820495,0.23602001,0.005470948,0.21256143,1,0
2025-08-14 15:44:00+00:00,long,0,0.0013652509,0.2676741,0.0024238245,0.18673784,1,0
2025-08-14 15:45:00+00:00,long,0,0.0059905006,0.62946033,0.021697106,0.28875145,1,0
2025-08-14 15:46:00+00:00,long,0,0.0064773546,0.7116576,0.020138511,0.28701738,1,0
2025-08-14 15:47:00+00:00,long,0,0.0030655656,0.41613662,0.004717306,0.21667635,1,0
2025-08-14 15:48:00+00:00,long,0,0.009672906,0.932536,0.011164052,0.42850986,1,1
2025-08-14 15:49:00+00:00,long,0,0.00095631357,0.25626826,0.0034665584,0.18548723,1,0
2025-08-14 15:50:00+00:00,long,0,0.005027534,0.7146849,0.023315415,0.32470134,1,0
2025-08-15 14:19:00+00:00,short,0,0.038173012,0.94007427,0.15964064,0.28706926,1,0
2025-08-15 14:20:00+00:00,short,0,0.036048837,0.9325666,0.47764468,0.3321066,1,0
2025-08-15 14:21:00+00:00,short,0,0.070120625,0.94377285,0.48431852,0.37349412,1,0
2025-08-15 14:22:00+00:00,long,0,0.0080643445,0.89232,0.103812486,0.2907705,1,0
2025-08-15 14:23:00+00:00,short,1,0.9654366,0.9845465,0.9127841,0.6163226,2,1
2025-08-15 14:24:00+00:00,short,0,0.017050391,0.940997,0.11637618,0.30014464,1,0
2025-08-15 14:25:00+00:00,short,0,0.009339928,0.8743444,0.06433509,0.23576634,1,0
2025-08-15 14:26:00+00:00,short,0,0.80824775,0.46810886,0.58650273,0.59214073,3,1
2025-08-15 14:27:00+00:00,short,0,0.0722735,0.9542196,0.14955378,0.27411032,1,0
2025-08-15 14:28:00+00:00,short,0,0.044142812,0.95738703,0.06074901,0.2703677,1,0
2025-08-15 14:29:00+00:00,long,0,0.0092778085,0.9941836,0.008756274,0.20780486,1,0
2025-08-15 14:30:00+00:00,long,0,0.019499984,0.9751482,0.011281083,0.24836598,1,0
2025-08-15 14:31:00+00:00,short,1,0.97581077,0.98906696,0.8399831,0.4456841,2,1
2025-08-15 14:32:00+00:00,short,1,0.99004716,0.9964469,0.9516332,0.56056494,2,1
2025-08-15 14:33:00+00:00,long,0,0.019129267,0.9681558,0.007092676,0.21821387,1,0
2025-08-15 14:34:00+00:00,short,1,0.99183357,0.99769247,0.9453572,0.5182594,2,1
2025-08-15 14:35:00+00:00,short,1,0.9892047,0.996058,0.939491,0.5270578,2,1
2025-08-15 14:36:00+00:00,long,0,0.015897982,0.93199724,0.007534565,0.19675343,1,0
2025-08-15 14:37:00+00:00,short,0,0.047467317,0.9867035,0.26921412,0.27364987,1,0
2025-08-15 14:38:00+00:00,long,0,0.0037603998,0.88326955,0.00696245,0.19676512,1,0
2025-08-15 14:39:00+00:00,long,0,0.0024618264,0.86646676,0.0019308664,0.18311031,1,0
2025-08-15 14:40:00+00:00,short,1,0.971475,0.99720687,0.93298924,0.64245725,2,1
2025-08-15 14:41:00+00:00,short,0,0.007497583,0.9406646,0.026417602,0.20039403,1,0
2025-08-15 14:42:00+00:00,long,0,0.0029129898,0.9177862,0.009641412,0.21209557,1,0
2025-08-15 14:43:00+00:00,short,0,0.012844955,0.9445372,0.06465904,0.21214193,1,0
2025-08-15 14:44:00+00:00,long,0,0.0012055833,0.9176599,0.001544536,0.17521358,1,0
2025-08-15 14:45:00+00:00,short,0,0.0028808413,0.8055013,0.0063183988,0.1787865,1,0
2025-08-15 14:46:00+00:00,long,0,0.000448487,0.6465033,0.0031425732,0.18851978,1,0
2025-08-15 14:47:00+00:00,long,0,0.002564675,0.98083085,0.010963666,0.20319201,1,0
2025-08-15 14:48:00+00:00,long,0,0.0008446085,0.9759664,0.010477245,0.19475979,1,0
2025-08-15 14:49:00+00:00,short,0,0.0034787117,0.7730782,0.06169177,0.18821074,1,0
2025-08-15 14:50:00+00:00,long,0,0.00040121572,0.75313395,0.001787769,0.1763856,1,0
2025-08-15 14:51:00+00:00,short,0,0.0027901784,0.89134717,0.02199426,0.18918355,1,0
2025-08-15 14:52:00+00:00,short,0,0.011332112,0.8900002,0.116963565,0.31834182,1,0
2025-08-15 14:53:00+00:00,short,0,0.028960561,0.9256641,0.16321099,0.34372547,1,0
2025-08-15 14:54:00+00:00,short,0,0.001708039,0.889285,0.03491948,0.282387,1,0
2025-08-15 14:55:00+00:00,short,0,0.0017781451,0.8811774,0.018538663,0.25569537,1,0
2025-08-15 14:56:00+00:00,short,0,0.1949629,0.9861872,0.6116727,0.59222597,1,0
2025-08-15 14:57:00+00:00,short,1,0.96586466,0.92724514,0.94503033,0.7398352,3,2
2025-08-15 14:58:00+00:00,long,0,0.00067221094,0.6587977,0.0004087636,0.17482872,1,0
2025-08-15 14:59:00+00:00,short,0,0.00072957214,0.5593396,0.00033315743,0.17791718,1,0
2025-08-15 15:00:00+00:00,short,0,0.011088661,0.87817025,0.045510557,0.21839587,1,0
2025-08-15 15:01:00+00:00,short,0,0.10254595,0.98357314,0.7576486,0.4806126,1,0
2025-08-15 15:02:00+00:00,short,0,0.09782407,0.22322248,0.7624701,0.44613397,2,0
2025-08-15 15:03:00+00:00,short,0,0.021938583,0.8873813,0.3415893,0.3415306,1,0
2025-08-15 15:04:00+00:00,long,0,0.00027853533,0.5994314,0.0036319692,0.18474728,1,0
2025-08-15 15:05:00+00:00,long,0,0.00015902058,0.5357475,0.00075976545,0.17149223,1,0
2025-08-15 15:06:00+00:00,short,0,0.0006355473,0.5499148,0.002580606,0.1965083,1,0
2025-08-15 15:07:00+00:00,short,0,0.08483524,0.9829076,0.5487111,0.57448864,1,0
2025-08-15 15:08:00+00:00,short,0,0.016139966,0.90772057,0.086541556,0.34961283,1,0
2025-08-15 15:09:00+00:00,long,0,0.0008067995,0.9361027,0.0066838353,0.1937228,1,0
2025-08-15 15:10:00+00:00,short,0,0.0017496838,0.8368685,0.016178861,0.26445577,1,0
2025-08-15 15:11:00+00:00,short,0,0.00026651903,0.5059208,0.0016220819,0.1732462,1,0
2025-08-15 15:12:00+00:00,short,0,0.034230016,0.9665132,0.16038556,0.39257184,1,0
2025-08-15 15:13:00+00:00,short,0,0.020231389,0.9439226,0.14182207,0.40805498,1,0
2025-08-15 15:14:00+00:00,long,0,0.00017402934,0.5432169,0.0025526735,0.17238311,1,0
2025-08-15 15:15:00+00:00,long,0,0.00013234891,0.54171723,0.001087704,0.1706434,1,0
2025-08-15 15:16:00+00:00,short,0,0.00017378177,0.5764734,0.00044469966,0.17019959,1,0
2025-08-15 15:17:00+00:00,short,0,0.005582757,0.86904526,0.042746052,0.25014198,1,0
2025-08-15 15:18:00+00:00,short,0,0.00023958908,0.6459877,0.0014914228,0.17077695,1,0
2025-08-15 15:19:00+00:00,long,0,0.0013975811,0.96642137,0.009234352,0.18439615,1,0
2025-08-15 15:20:00+00:00,short,0,0.00011452148,0.47018993,0.0002993063,0.17109005,1,0
2025-08-15 15:21:00+00:00,short,0,0.08957712,0.9900384,0.36892918,0.51673764,1,0
2025-08-15 15:22:00+00:00,long,0,0.0005464033,0.7621904,0.0039291633,0.19946007,1,0
2025-08-15 15:23:00+00:00,long,0,0.0003746056,0.4218475,0.0017880226,0.18219332,1,0
2025-08-15 15:24:00+00:00,short,0,0.00022435005,0.511941,0.00040285816,0.17106713,1,0
2025-08-15 15:25:00+00:00,long,0,0.0002052598,0.24231954,0.00069001253,0.17116255,1,0
2025-08-15 15:26:00+00:00,short,0,0.0020741888,0.88060546,0.024192026,0.2393031,1,0
2025-08-15 15:27:00+00:00,short,0,9.8166594e-05,0.4342104,0.0016869,0.17129417,1,0
2025-08-15 15:28:00+00:00,short,0,0.001602816,0.8141001,0.052955844,0.23593812,1,0
2025-08-15 15:29:00+00:00,short,0,0.00014248157,0.14283629,0.000362471,0.16971195,1,0
2025-08-15 15:30:00+00:00,long,0,0.0005688347,0.5294246,0.0097258985,0.19586264,1,0
2025-08-15 15:31:00+00:00,short,0,0.01411881,0.9328004,0.08501592,0.25130355,1,0
2025-08-15 15:32:00+00:00,long,0,0.00036608544,0.27122858,0.0015641579,0.16895933,1,0
2025-08-15 15:33:00+00:00,long,0,0.00023643656,0.18775937,0.0023676676,0.17253555,1,0
2025-08-15 15:34:00+00:00,long,0,0.000242707,0.16919506,0.004394387,0.1802544,1,0
2025-08-15 15:35:00+00:00,long,0,8.102727e-05,0.08962961,0.00086504006,0.16890518,1,0
2025-08-15 15:36:00+00:00,long,0,0.0038918252,0.9402827,0.27200434,0.36626172,1,0
2025-08-15 15:37:00+00:00,long,0,0.02784317,0.96562374,0.2868295,0.40185443,1,0
2025-08-15 15:38:00+00:00,long,0,0.00024233865,0.16493589,0.0028095706,0.17158557,1,0
2025-08-15 15:39:00+00:00,long,0,0.0076702577,0.99150336,0.04481909,0.2569164,1,0
2025-08-15 15:40:00+00:00,long,0,0.0010611862,0.9732357,0.010030564,0.18086787,1,0
2025-08-15 15:41:00+00:00,long,0,0.0037147526,0.5756764,0.0061457385,0.1871221,1,0
2025-08-15 15:42:00+00:00,long,0,0.00039889623,0.26025742,0.00046786672,0.16946967,1,0
2025-08-15 15:43:00+00:00,long,0,0.001245106,0.97622037,0.006281063,0.18597357,1,0
2025-08-15 15:44:00+00:00,long,0,0.0006598202,0.27769965,0.00066037633,0.16964824,1,0
2025-08-15 15:45:00+00:00,long,0,0.007734316,0.96242654,0.24108304,0.2656122,1,0
2025-08-15 15:46:00+00:00,long,0,0.0005860935,0.2889974,0.00084632006,0.1692218,1,0
2025-08-15 15:47:00+00:00,long,0,0.0039675073,0.9347363,0.3029294,0.28578869,1,0
2025-08-15 15:48:00+00:00,long,0,0.0006507796,0.21407609,0.0007492611,0.16927902,1,0
2025-08-15 15:49:00+00:00,long,0,0.0006231269,0.2270448,0.0025467617,0.17098276,1,0
2025-08-15 15:50:00+00:00,long,0,0.00020982427,0.13577634,0.0012728482,0.17082162,1,0
2025-08-18 14:19:00+00:00,long,0,0.0001874945,0.00017422292,0.00013847917,0.16925178,2,0
2025-08-18 14:20:00+00:00,long,0,0.00026580342,0.0006101883,0.00014572257,0.17282183,2,0
2025-08-18 14:21:00+00:00,long,0,0.00019172559,0.00026146814,0.0002019422,0.17070311,2,0
2025-08-18 14:22:00+00:00,short,0,0.0001818939,0.00013964833,0.000117991636,0.17134577,2,0
2025-08-18 14:23:00+00:00,long,0,0.00025728275,0.000311764,0.00022899633,0.17230916,2,0
2025-08-18 14:24:00+00:00,long,0,0.00022315387,0.0002531414,0.00027308278,0.17117853,2,0
2025-08-18 14:25:00+00:00,short,0,0.00015125192,0.016228795,0.00049804355,0.1868791,1,0
2025-08-18 14:26:00+00:00,short,0,0.00018403727,0.007129812,0.00015218793,0.17426048,1,0
2025-08-18 14:27:00+00:00,short,0,0.00010995234,0.0136429565,0.0003704777,0.18034314,1,0
2025-08-18 14:28:00+00:00,short,0,6.579076e-05,0.011903076,0.0003572709,0.1771072,1,0
2025-08-18 14:29:00+00:00,short,0,5.2587442e-05,0.0065259705,7.376235e-05,0.16874252,1,0
2025-08-18 14:30:00+00:00,long,0,0.00017140541,0.009861368,0.00013794897,0.17658894,1,0
2025-08-18 14:31:00+00:00,short,0,6.0898994e-05,0.008889705,0.00018637977,0.16790642,1,0
2025-08-18 14:32:00+00:00,long,0,0.00011091578,0.004909262,0.00018752401,0.16882204,1,0
2025-08-18 14:33:00+00:00,long,0,0.00011705243,0.00036207435,0.00013679848,0.17107193,2,0
2025-08-18 14:34:00+00:00,long,0,0.00022440759,0.0013500088,0.0005044194,0.17577626,2,0
2025-08-18 14:35:00+00:00,short,0,0.00010483268,0.00026862905,0.00016433441,0.17401876,2,0
2025-08-18 14:36:00+00:00,short,0,0.00012306614,0.0075876615,0.00015045317,0.1735165,1,0
2025-08-18 14:37:00+00:00,short,0,8.639141e-05,0.011376608,0.0002427387,0.176602,1,0
2025-08-18 14:38:00+00:00,long,0,0.00010028533,0.0055238972,0.0002159523,0.16852754,1,0
2025-08-18 14:39:00+00:00,long,0,6.718175e-05,0.0076215924,9.590595e-05,0.1684432,1,0
2025-08-18 14:40:00+00:00,short,0,6.1560306e-05,0.005275523,0.00016149005,0.17080627,1,0
2025-08-18 14:41:00+00:00,long,0,0.00014400505,0.010768601,0.00028003764,0.18124191,1,0
2025-08-18 14:42:00+00:00,long,0,4.8715185e-05,0.0032944507,7.8561556e-05,0.16865659,1,0
2025-08-18 14:43:00+00:00,short,0,4.7440946e-05,0.0042004045,5.210583e-05,0.16849838,1,0
2025-08-18 14:44:00+00:00,long,0,5.689549e-05,0.0061949594,7.783859e-05,0.17028312,1,0
2025-08-18 14:45:00+00:00,short,0,0.00011032739,0.015957339,0.00031960828,0.18872905,1,0
2025-08-18 14:46:00+00:00,long,0,0.00035472825,0.002309641,0.0009274627,0.21354711,2,0
2025-08-18 14:47:00+00:00,short,0,0.00010172262,0.009205251,7.783733e-05,0.17798573,1,0
2025-08-18 14:48:00+00:00,short,0,9.624365e-05,0.0085197175,7.979976e-05,0.17396145,1,0
2025-08-18 14:49:00+00:00,short,0,0.00010953083,0.02070225,0.0006229732,0.20073594,1,0
2025-08-18 14:50:00+00:00,short,0,8.207657e-05,0.014186404,0.0005816361,0.19994237,1,0
2025-08-18 14:51:00+00:00,short,0,6.835706e-05,0.0060084634,0.00017592312,0.1700048,1,0
2025-08-18 14:52:00+00:00,long,0,5.1883544e-05,0.008580913,0.0001126165,0.17767562,1,0
2025-08-18 14:53:00+00:00,short,0,6.7046836e-05,0.011976605,0.00038202907,0.20465,1,0
2025-08-18 14:54:00+00:00,long,0,7.5031385e-05,0.006839442,0.0001975535,0.17255302,1,0
2025-08-18 14:55:00+00:00,short,0,7.117303e-05,0.005362157,6.4353044e-05,0.1717683,1,0
2025-08-18 14:56:00+00:00,short,0,6.321696e-05,0.0071040797,0.00014761633,0.17102136,1,0
2025-08-18 14:57:00+00:00,long,0,6.885539e-05,0.008336582,0.00019390693,0.17521779,1,0
2025-08-18 14:58:00+00:00,short,0,8.618208e-05,0.011145102,0.00045024458,0.19621436,1,0
2025-08-18 14:59:00+00:00,short,0,5.3592274e-05,0.0055525494,0.00013161721,0.17110743,1,0
2025-08-18 15:00:00+00:00,short,0,8.6107575e-05,0.009991048,0.00010318424,0.16956998,1,0
2025-08-18 15:01:00+00:00,long,0,9.556252e-05,0.008993776,7.377895e-05,0.17115523,1,0
2025-08-18 15:02:00+00:00,short,0,7.212258e-05,0.0057311105,0.00065365544,0.185571,1,0
2025-08-18 15:03:00+00:00,short,0,4.960027e-05,0.0037615167,7.387625e-05,0.16857709,1,0
2025-08-18 15:04:00+00:00,short,0,6.167571e-05,0.0038139324,0.00011799422,0.17161809,1,0
2025-08-18 15:05:00+00:00,short,0,6.2990934e-05,0.0057443585,8.690071e-05,0.16907202,1,0
2025-08-18 15:06:00+00:00,short,0,6.338677e-05,0.008669295,0.00019767862,0.18247421,1,0
2025-08-18 15:07:00+00:00,short,0,4.8174854e-05,0.004879065,7.8694495e-05,0.16818656,1,0
2025-08-18 15:08:00+00:00,short,0,5.8363243e-05,0.010220568,0.00061765965,0.17852674,1,0
2025-08-18 15:09:00+00:00,short,0,4.5737772e-05,0.0063110385,6.0996692e-05,0.16841441,1,0
2025-08-18 15:10:00+00:00,long,0,9.4115196e-05,0.008386324,0.00018163343,0.16994913,1,0
2025-08-18 15:11:00+00:00,short,0,6.967376e-05,0.011318631,0.00010158507,0.17053139,1,0
2025-08-18 15:12:00+00:00,short,0,6.2448875e-05,0.010469437,0.00011617264,0.17203212,1,0
2025-08-18 15:13:00+00:00,long,0,0.00013011965,0.010018767,0.00013914217,0.17081775,1,0
2025-08-18 15:14:00+00:00,short,0,9.1390146e-05,0.015153598,0.00011617264,0.17185201,1,0
2025-08-18 15:15:00+00:00,long,0,0.00010876854,0.01145259,7.306717e-05,0.16988729,1,0
2025-08-18 15:16:00+00:00,long,0,0.00011321236,0.0119044725,0.00019148606,0.17852904,1,0
2025-08-18 15:17:00+00:00,long,0,7.233169e-05,0.00026032166,8.0443e-05,0.16962297,2,0
2025-08-18 15:18:00+00:00,short,0,6.573789e-05,0.013372388,7.263506e-05,0.16986859,1,0
2025-08-18 15:19:00+00:00,long,0,9.063543e-05,0.00028760935,6.765434e-05,0.17061038,2,0
2025-08-18 15:20:00+00:00,short,0,0.00010291921,0.019091867,0.00047243002,0.20787074,1,0
2025-08-18 15:21:00+00:00,short,0,9.261584e-05,0.010975141,7.615242e-05,0.16896619,1,0
2025-08-18 15:22:00+00:00,long,0,0.00015607088,0.010483154,8.3639e-05,0.17875487,1,0
2025-08-18 15:23:00+00:00,short,0,8.9939684e-05,0.010700287,0.00011584807,0.16985439,1,0
2025-08-18 15:24:00+00:00,short,0,7.587459e-05,0.011182253,0.00014219749,0.17331503,1,0
2025-08-18 15:25:00+00:00,long,0,0.00011652322,0.008325355,8.029608e-05,0.17354031,1,0
2025-08-18 15:26:00+00:00,short,0,8.728149e-05,0.010586289,0.000107804,0.17011935,1,0
2025-08-18 15:27:00+00:00,long,0,0.00014080359,0.00868255,8.441584e-05,0.1719291,1,0
2025-08-18 15:28:00+00:00,short,0,8.779378e-05,0.009771332,0.00010235215,0.17011935,1,0
2025-08-18 15:29:00+00:00,short,0,7.7266035e-05,0.0123361815,0.0003694082,0.18061334,1,0
2025-08-18 15:30:00+00:00,long,0,9.6391246e-05,0.010046453,9.2861694e-05,0.1722011,1,0
2025-08-18 15:31:00+00:00,short,0,9.924136e-05,0.011251969,8.174772e-05,0.16981308,1,0
2025-08-18 15:32:00+00:00,long,0,0.00023792005,0.00038839865,0.00015140748,0.1793276,2,0
2025-08-18 15:33:00+00:00,long,0,0.00012944,0.00032097538,0.000119772274,0.17017446,2,0
2025-08-18 15:34:00+00:00,long,0,9.203337e-05,0.0005306716,8.0443e-05,0.16868894,2,0
2025-08-18 15:35:00+00:00,short,0,6.566778e-05,0.014231132,0.00039761394,0.18207455,1,0
2025-08-18 15:36:00+00:00,short,0,6.587306e-05,0.012277056,7.263506e-05,0.16945408,1,0
2025-08-18 15:37:00+00:00,long,0,7.491149e-05,0.007069075,0.0001446603,0.1679238,1,0
2025-08-18 15:38:00+00:00,long,0,9.5701675e-05,0.011441901,0.00014729364,0.16857143,1,0
2025-08-18 15:39:00+00:00,long,0,8.23611e-05,0.00024508144,0.00015052376,0.16845644,2,0
2025-08-18 15:40:00+00:00,short,0,0.00012548425,0.016585685,5.9527734e-05,0.16962962,1,0
2025-08-18 15:41:00+00:00,short,0,0.00011336349,0.016525123,0.00012009754,0.17161591,1,0
2025-08-18 15:42:00+00:00,long,0,0.00023677226,0.0007104669,0.00015487644,0.1822322,2,0
2025-08-18 15:43:00+00:00,short,0,9.038738e-05,0.000385313,4.3911103e-05,0.16815506,2,0
2025-08-18 15:44:00+00:00,long,0,0.00013559485,0.0004626514,0.00012899507,0.17949755,2,0
2025-08-18 15:45:00+00:00,short,0,7.7876524e-05,0.024592606,0.00032575743,0.1917236,1,0
2025-08-18 15:46:00+00:00,short,0,0.00010200733,0.017300354,5.9977257e-05,0.17058112,1,0
2025-08-18 15:47:00+00:00,long,0,0.000118959135,0.01743808,7.0558075e-05,0.16914324,1,0
2025-08-18 15:48:00+00:00,short,0,0.00022350946,0.025316153,0.00060180895,0.18574744,1,0
2025-08-18 15:49:00+00:00,long,0,0.00010252965,0.018199297,0.00016723794,0.1723469,1,0
2025-08-18 15:50:00+00:00,short,0,0.00012453373,0.032303467,5.3788575e-05,0.1692506,1,0
2025-08-19 14:19:00+00:00,short,0,0.0012780676,0.00409551,0.004121617,0.17717999,2,0
2025-08-19 14:20:00+00:00,short,0,0.0010519054,0.0030509809,0.007522939,0.17970437,2,0
2025-08-19 14:21:00+00:00,short,0,0.016678384,0.013488412,0.22581828,0.35550603,2,0
2025-08-19 14:22:00+00:00,short,0,0.0016727381,0.0035122726,0.07137031,0.19825816,2,0
2025-08-19 14:23:00+00:00,short,0,0.004887147,0.008167844,0.11708986,0.22266889,2,0
2025-08-19 14:24:00+00:00,short,0,0.0036695772,0.012807449,0.01964511,0.17800814,2,0
2025-08-19 14:25:00+00:00,short,0,0.00033248,0.0010193625,0.0010750899,0.16907953,2,0
2025-08-19 14:26:00+00:00,short,0,0.00040069644,0.0022359523,0.0018750001,0.1846966,2,0
2025-08-19 14:27:00+00:00,short,0,0.0017822812,0.0043538,0.02653281,0.20627312,2,0
2025-08-19 14:28:00+00:00,short,0,0.14165568,0.10717686,0.43409532,0.6282486,2,1
2025-08-19 14:29:00+00:00,short,0,0.14010482,0.06084696,0.46754488,0.54321915,2,0
2025-08-19 14:30:00+00:00,short,0,0.042343546,0.08476831,0.28578004,0.52622736,2,0
2025-08-19 14:31:00+00:00,short,0,0.0005631402,0.00090639945,0.0027141748,0.17871499,2,0
2025-08-19 14:32:00+00:00,short,0,0.0015965377,0.001306559,0.0037199163,0.17410785,2,0
2025-08-19 14:33:00+00:00,short,0,0.0013358499,0.0025919655,0.0032740606,0.16868985,2,0
2025-08-19 14:34:00+00:00,short,0,0.0011134307,0.0013438405,0.002376041,0.18297292,2,0
2025-08-19 14:35:00+00:00,short,0,0.0006045696,0.002112017,0.0016154052,0.17598367,2,0
2025-08-19 14:36:00+00:00,short,0,0.0030073766,0.0024218548,0.0028455455,0.18415965,2,0
2025-08-19 14:37:00+00:00,short,0,0.0003509145,0.0011675245,0.0015706471,0.17016615,2,0
2025-08-19 14:38:00+00:00,short,0,0.0016405383,0.0013184745,0.0013965394,0.17744766,2,0
2025-08-19 14:39:00+00:00,short,0,0.0012424759,0.0019250665,0.0019853266,0.17853086,2,0
2025-08-19 14:40:00+00:00,short,0,0.00071540015,0.0021729958,0.004701703,0.18392938,2,0
2025-08-19 14:41:00+00:00,short,0,0.0027599707,0.008857204,0.009503539,0.21891584,2,0
2025-08-19 14:42:00+00:00,short,0,0.0013580214,0.0022224667,0.0020701145,0.18043865,2,0
2025-08-19 14:43:00+00:00,short,0,0.0012626131,0.0071790568,0.019030064,0.23815346,2,0
2025-08-19 14:44:00+00:00,short,0,0.00043041055,0.00085078203,0.0006411328,0.16952898,2,0
2025-08-19 14:45:00+00:00,short,0,0.00038787635,0.00072434347,0.0011773093,0.16948147,2,0
2025-08-19 14:46:00+00:00,short,0,0.0004769935,0.0018863669,0.0012701827,0.17999668,2,0
2025-08-19 14:47:00+00:00,short,0,0.0015623078,0.006687125,0.010425355,0.22229266,2,0
2025-08-19 14:48:00+00:00,short,0,0.0010545794,0.005058412,0.009118797,0.2048858,2,0
2025-08-19 14:49:00+00:00,short,0,0.000538102,0.0011890925,0.001968478,0.17655037,2,0
2025-08-19 14:50:00+00:00,short,0,0.0011079869,0.0017228927,0.007161531,0.18526192,2,0
2025-08-19 14:51:00+00:00,short,0,0.00070919446,0.00071606925,0.004063494,0.17047615,2,0
2025-08-19 14:52:00+00:00,short,0,0.0050797164,0.008397883,0.05843267,0.23689657,2,0
2025-08-19 14:53:00+00:00,short,0,0.0049071354,0.005394841,0.06256206,0.23462994,2,0
2025-08-19 14:54:00+00:00,short,0,0.0006480798,0.0021990614,0.0032008719,0.17787218,2,0
2025-08-19 14:55:00+00:00,short,0,0.0012693094,0.0015959167,0.010367334,0.18462807,2,0
2025-08-19 14:56:00+00:00,short,0,0.00059238804,0.0012670658,0.0025499882,0.18303339,2,0
2025-08-19 14:57:00+00:00,short,0,0.00039099617,0.0014542748,0.002699892,0.18008316,2,0
2025-08-19 14:58:00+00:00,short,0,0.00049483054,0.0007383448,0.0016925305,0.16951643,2,0
2025-08-19 14:59:00+00:00,short,0,0.007041416,0.00720305,0.08606975,0.22174479,2,0
2025-08-19 15:00:00+00:00,short,0,0.0046712575,0.0043495316,0.093623355,0.21825087,2,0
2025-08-19 15:01:00+00:00,short,0,0.0013427217,0.0038149343,0.0032529675,0.17273141,2,0
2025-08-19 15:02:00+00:00,short,0,0.01105559,0.0037325607,0.14259686,0.2182719,2,0
2025-08-19 15:03:00+00:00,short,0,0.21729498,0.19110416,0.81025183,0.665528,2,1
2025-08-19 15:04:00+00:00,short,0,0.00017760012,0.00035042406,0.0010009715,0.16957265,2,0
2025-08-19 15:05:00+00:00,short,1,0.9694974,0.99535227,0.9588731,0.78152305,2,2
2025-08-19 15:06:00+00:00,short,0,0.027122721,0.1785491,0.04626612,0.23935437,1,0
2025-08-19 15:07:00+00:00,short,0,0.001400719,0.0013390707,0.0021551752,0.17683434,2,0
2025-08-19 15:08:00+00:00,short,0,0.32865298,0.40914914,0.7145417,0.6462944,2,1
2025-08-19 15:09:00+00:00,short,0,0.00024237424,0.0003245234,0.0006395991,0.17082043,2,0
2025-08-19 15:10:00+00:00,short,0,0.010334929,0.003750787,0.05729767,0.22241752,2,0
2025-08-19 15:11:00+00:00,short,0,0.0005581766,0.0011712328,0.0026115768,0.17432892,2,0
2025-08-19 15:12:00+00:00,short,0,0.007439494,0.02499409,0.026143074,0.21278252,2,0
2025-08-19 15:13:00+00:00,short,0,0.00072608504,0.00059121987,0.000818768,0.17031313,2,0
2025-08-19 15:14:00+00:00,short,0,0.0006587464,0.0022491664,0.002862289,0.17479677,2,0
2025-08-19 15:15:00+00:00,short,0,0.0029920365,0.0038922152,0.0046623116,0.17314029,2,0
2025-08-19 15:16:00+00:00,short,0,0.0007030898,0.0010146511,0.0021260767,0.17058031,2,0
2025-08-19 15:17:00+00:00,short,0,0.0012765329,0.0027601751,0.0037909534,0.18572587,2,0
2025-08-19 15:18:00+00:00,short,0,0.0006120344,0.0019483727,0.0022658738,0.17675094,2,0
2025-08-19 15:19:00+00:00,short,0,0.0007514653,0.004430544,0.0038671712,0.17256795,2,0
2025-08-19 15:20:00+00:00,short,0,0.00026772698,0.0005369958,0.0008745277,0.17057414,2,0
2025-08-19 15:21:00+00:00,short,0,0.0006869301,0.002180632,0.005711036,0.1766106,2,0
2025-08-19 15:22:00+00:00,short,0,0.000517148,0.0009687302,0.0037021947,0.17714997,2,0
2025-08-19 15:23:00+00:00,short,0,0.00038567296,0.0024252718,0.003791688,0.17905776,2,0
2025-08-19 15:24:00+00:00,short,0,0.0005085536,0.0008343708,0.0034712974,0.17616235,2,0
2025-08-19 15:25:00+00:00,short,0,0.0036018125,0.0059559313,0.011479035,0.2045352,2,0
2025-08-19 15:26:00+00:00,short,0,0.0010675392,0.0016089528,0.0028761837,0.17358112,2,0
2025-08-19 15:27:00+00:00,short,0,0.00062884006,0.0027379964,0.0028914171,0.18977852,2,0
2025-08-19 15:28:00+00:00,short,0,0.012406444,0.019622445,0.016493859,0.22530693,2,0
2025-08-19 15:29:00+00:00,short,0,0.00026807614,0.00069745927,0.0036102782,0.17149466,2,0
2025-08-19 15:30:00+00:00,short,0,0.0033271443,0.0049149417,0.01269573,0.31908807,2,0
2025-08-19 15:31:00+00:00,short,0,0.108605795,0.096165985,0.23956497,0.5437737,2,0
2025-08-19 15:32:00+00:00,short,0,0.00055695535,0.0007115127,0.0061807996,0.16991957,2,0
2025-08-19 15:33:00+00:00,short,1,0.9886517,0.9766633,0.9680759,0.7765389,3,2
2025-08-19 15:34:00+00:00,short,0,0.00026183634,0.0009547017,0.0029217086,0.179717,2,0
2025-08-19 15:35:00+00:00,short,0,0.0006932363,0.0017280302,0.0035671091,0.18763667,2,0
2025-08-19 15:36:00+00:00,short,0,0.0004676783,0.0010982335,0.002830474,0.1826942,2,0
2025-08-19 15:37:00+00:00,short,0,0.00086986495,0.0017793542,0.0047349893,0.20001028,2,0
2025-08-19 15:38:00+00:00,short,0,0.03983261,0.015337036,0.1443553,0.3887563,2,0
2025-08-19 15:39:00+00:00,short,0,0.00055027794,0.00087631185,0.004558266,0.18804489,2,0
2025-08-19 15:40:00+00:00,short,0,0.00023150336,0.0005561233,0.0043296167,0.18465517,2,0
2025-08-19 15:41:00+00:00,short,0,0.00045574602,0.0006685328,0.0028505777,0.16995992,2,0
2025-08-19 15:42:00+00:00,short,0,0.0050681885,0.0038659354,0.009073467,0.21983583,2,0
2025-08-19 15:43:00+00:00,short,0,0.0010641138,0.0013904679,0.0027537842,0.17014559,2,0
2025-08-19 15:44:00+00:00,short,1,0.98722935,0.9685033,0.97181284,0.78339195,3,2
2025-08-19 15:45:00+00:00,short,0,0.010240619,0.4492991,0.097067945,0.2939073,1,0
2025-08-19 15:46:00+00:00,short,0,0.0001596651,0.0006038619,0.0039731096,0.17960893,2,0
2025-08-19 15:47:00+00:00,short,0,0.021875374,0.009841843,0.017539738,0.19162875,2,0
2025-08-19 15:48:00+00:00,short,0,0.00033886117,0.0007454381,0.004557483,0.18178813,2,0
2025-08-19 15:49:00+00:00,short,0,0.036891095,0.028652346,0.03321887,0.30873471,2,0
2025-08-19 15:50:00+00:00,short,0,0.12219704,0.1618363,0.47846624,0.62799996,2,0
2025-08-20 14:19:00+00:00,short,0,0.0011767655,0.0028044933,0.0016714693,0.18088102,2,0
2025-08-20 14:20:00+00:00,short,0,0.00010236992,0.0003495822,0.00011252505,0.17795068,2,0
2025-08-20 14:21:00+00:00,short,0,0.0002525036,0.0004100009,0.0010607833,0.2286342,2,0
2025-08-20 14:22:00+00:00,short,0,0.00031769622,0.00045296285,0.0012362465,0.22581907,2,0
2025-08-20 14:23:00+00:00,short,0,9.8100056e-05,0.00017527264,4.9593033e-05,0.16904835,2,0
2025-08-20 14:24:00+00:00,short,0,6.866334e-05,0.0002330914,4.941336e-05,0.16817218,2,0
2025-08-20 14:25:00+00:00,short,0,0.00010135131,0.0004196733,0.0002537634,0.18120319,2,0
2025-08-20 14:26:00+00:00,short,0,0.00080628035,0.0023774756,0.0026075717,0.22664154,2,0
2025-08-20 14:27:00+00:00,short,0,0.00021316276,0.00045382162,0.00050607795,0.1829105,2,0
2025-08-20 14:28:00+00:00,short,0,0.00016700274,0.0005871206,0.000118204254,0.17437088,2,0
2025-08-20 14:29:00+00:00,short,0,0.0020718114,0.0045741554,0.0108256405,0.260698,2,0
2025-08-20 14:30:00+00:00,short,0,0.3717173,0.9921951,0.7874996,0.7557793,1,2
2025-08-20 14:31:00+00:00,short,0,4.8893486e-05,0.012254682,4.6078723e-05,0.16883786,1,0
2025-08-20 14:32:00+00:00,short,0,0.00035017042,0.0008263159,0.0008477382,0.17690647,2,0
2025-08-20 14:33:00+00:00,short,0,7.734551e-05,0.00018978183,0.00010989112,0.17208661,2,0
2025-08-20 14:34:00+00:00,short,0,5.7147852e-05,0.00016337667,4.944164e-05,0.1678016,2,0
2025-08-20 14:35:00+00:00,short,0,0.00010793268,0.00042455076,0.0001521009,0.17388439,2,0
2025-08-20 14:36:00+00:00,short,0,0.00078805786,0.0049647414,0.008620498,0.24573557,2,0
2025-08-20 14:37:00+00:00,short,0,0.0011958395,0.0035837183,0.009291555,0.24964277,2,0
2025-08-20 14:38:00+00:00,short,0,0.00011734243,0.00048166307,0.00034167495,0.18549001,2,0
2025-08-20 14:39:00+00:00,short,0,0.0016220332,0.26064715,0.0053628203,0.23350148,1,0
2025-08-20 14:40:00+00:00,short,0,0.0114403805,0.6478641,0.0256158,0.2517201,1,0
2025-08-20 14:41:00+00:00,short,0,0.0017749689,0.39605904,0.0077257357,0.21474545,1,0
2025-08-20 14:42:00+00:00,short,0,8.984025e-05,0.046482425,9.483528e-05,0.17274302,1,0
2025-08-20 14:43:00+00:00,short,0,0.00026450376,0.0017815424,0.00047560217,0.17673256,2,0
2025-08-20 14:44:00+00:00,short,0,8.334585e-05,0.00025185297,3.840681e-05,0.16802222,2,0
2025-08-20 14:45:00+00:00,short,0,5.4794662e-05,0.00014435743,3.8427366e-05,0.16728188,2,0
2025-08-20 14:46:00+00:00,short,0,8.670784e-05,0.00023953426,0.00012255661,0.1722214,2,0
2025-08-20 14:47:00+00:00,short,0,0.0001598005,0.00040489912,0.0002880723,0.18064739,2,0
2025-08-20 14:48:00+00:00,short,0,0.0002688235,0.0006308853,0.0005239814,0.18278748,2,0
2025-08-20 14:49:00+00:00,short,0,0.10296156,0.93520796,0.3358724,0.4547731,1,0
2025-08-20 14:50:00+00:00,short,1,0.9683796,0.9926415,0.8962213,0.7125566,2,2
2025-08-20 14:51:00+00:00,short,0,0.00060998567,0.0021547321,0.00044457777,0.18915434,2,0
2025-08-20 14:52:00+00:00,short,0,0.0012099243,0.0023088348,0.0013585984,0.19377889,2,0
2025-08-20 14:53:00+00:00,short,0,0.00021977644,0.0004592667,8.21443e-05,0.16938011,2,0
2025-08-20 14:54:00+00:00,short,0,0.0056843543,0.0076776035,0.005734761,0.21828492,2,0
2025-08-20 14:55:00+00:00,short,0,0.00011817078,0.0001639536,0.0001840806,0.16775806,2,0
2025-08-20 14:56:00+00:00,short,0,0.00077743863,0.00095313025,0.0006366073,0.17463213,2,0
2025-08-20 14:57:00+00:00,short,0,0.033514004,0.055666924,0.035091825,0.36590448,2,0
2025-08-20 14:58:00+00:00,short,0,0.0005883348,0.00092568295,0.00066127034,0.17451572,2,0
2025-08-20 14:59:00+00:00,short,0,0.0003664648,0.00042931896,0.00012458491,0.16875261,2,0
2025-08-20 15:00:00+00:00,short,0,0.000503433,0.0020755047,0.00041770778,0.18032551,2,0
2025-08-20 15:01:00+00:00,short,0,0.00075320964,0.0022702247,0.002354132,0.18489431,2,0
2025-08-20 15:02:00+00:00,short,0,0.0007551908,0.0020002392,0.0017225621,0.19313169,2,0
2025-08-20 15:03:00+00:00,short,0,0.00038683173,0.00084515725,0.0010954113,0.1817842,2,0
2025-08-20 15:04:00+00:00,short,0,0.00013735595,0.00068774854,0.00018768232,0.17141728,2,0
2025-08-20 15:05:00+00:00,short,0,0.0017599444,0.0072150356,0.0117201125,0.2315421,2,0
2025-08-20 15:06:00+00:00,short,0,9.814685e-05,0.0004473922,0.00019543174,0.17123133,2,0
2025-08-20 15:07:00+00:00,short,0,0.00032525935,0.0007948645,0.00040596625,0.17284234,2,0
2025-08-20 15:08:00+00:00,short,0,0.00031209856,0.002666673,0.002057072,0.19498813,2,0
2025-08-20 15:09:00+00:00,short,0,0.00013518908,0.0005589427,0.001034082,0.1796142,2,0
2025-08-20 15:10:00+00:00,short,0,0.003398443,0.012525891,0.013383024,0.29529297,2,0
2025-08-20 15:11:00+00:00,short,0,0.08053882,0.98250335,0.43171003,0.63099295,1,1
2025-08-20 15:12:00+00:00,short,0,0.00015854836,0.00058706047,0.00022714818,0.17176215,2,0
2025-08-20 15:13:00+00:00,short,0,9.439454e-05,0.00028216426,0.00016692551,0.1675363,2,0
2025-08-20 15:14:00+00:00,short,0,0.00021708773,0.0009602389,0.00023567538,0.17288488,2,0
2025-08-20 15:15:00+00:00,short,0,0.0002818908,0.0017097847,0.0003880147,0.17487359,2,0
2025-08-20 15:16:00+00:00,short,0,0.00011237781,0.0007512802,0.00025596275,0.17478633,2,0
2025-08-20 15:17:00+00:00,short,0,0.0002108553,0.00047281952,0.00038573638,0.17372364,2,0
2025-08-20 15:18:00+00:00,long,0,0.002629326,0.018828126,0.0073762746,0.20822285,2,0
2025-08-20 15:19:00+00:00,short,0,0.00049430534,0.0013024191,0.00036808522,0.1757104,2,0
2025-08-20 15:20:00+00:00,short,0,0.7703796,0.7707345,0.88613975,0.74198014,2,2
2025-08-20 15:21:00+00:00,short,0,0.00035468055,0.0024218825,0.0004993953,0.17441149,2,0
2025-08-20 15:22:00+00:00,short,0,0.00018641906,0.0015628434,0.00017186333,0.1836677,2,0
2025-08-20 15:23:00+00:00,short,0,0.00027033273,0.0014569326,0.00015856832,0.17118835,2,0
2025-08-20 15:24:00+00:00,short,0,0.00024948787,0.002615267,0.00049039535,0.18868081,2,0
2025-08-20 15:25:00+00:00,short,0,0.00017110186,0.0014771761,0.0009446906,0.17967431,2,0
2025-08-20 15:26:00+00:00,short,0,0.0037347975,0.010606817,0.010591755,0.20494403,2,0
2025-08-20 15:27:00+00:00,short,0,0.25047323,0.99181974,0.7633379,0.70365494,1,1
2025-08-20 15:28:00+00:00,short,0,0.0005236329,0.102634735,0.0014796426,0.18928216,1,0
2025-08-20 15:29:00+00:00,short,0,0.0001633533,0.053703357,0.00017133726,0.16980325,1,0
2025-08-20 15:30:00+00:00,short,0,0.00025470174,0.05163727,0.0002631249,0.1855026,1,0
2025-08-20 15:31:00+00:00,long,0,0.0006408069,0.004043462,0.0035520094,0.18494962,2,0
2025-08-20 15:32:00+00:00,long,0,0.00043104205,0.0019341828,0.0009491298,0.1747898,2,0
2025-08-20 15:33:00+00:00,long,0,0.011457245,0.026109127,0.17431448,0.33802792,2,0
2025-08-20 15:34:00+00:00,short,0,0.0002575456,0.0013870952,0.00023788237,0.17073072,2,0
2025-08-20 15:35:00+00:00,short,0,0.00025290283,0.00090336846,0.0001361473,0.16961432,2,0
2025-08-20 15:36:00+00:00,short,0,0.00026789447,0.00089161046,0.0002081572,0.17618726,2,0
2025-08-20 15:37:00+00:00,short,0,0.00027418998,0.00077216176,0.0006180439,0.18280767,2,0
2025-08-20 15:38:00+00:00,short,0,0.00026072704,0.0006570513,0.00027591974,0.17481364,2,0
2025-08-20 15:39:00+00:00,short,0,0.00054317317,0.0041776868,0.002393411,0.17915599,2,0
2025-08-20 15:40:00+00:00,short,0,0.00029972006,0.0740661,0.0008770771,0.18871935,1,0
2025-08-20 15:41:00+00:00,short,0,0.0005995919,0.118447214,0.0011301818,0.21938364,1,0
2025-08-20 15:42:00+00:00,short,0,0.00018991524,0.00072325015,0.00037728512,0.18311737,2,0
2025-08-20 15:43:00+00:00,long,0,0.008543814,0.026142772,0.020632494,0.26464424,2,0
2025-08-20 15:44:00+00:00,long,0,0.000272594,0.0012836313,0.00084664195,0.19329496,2,0
2025-08-20 15:45:00+00:00,short,0,0.0002710975,0.0011520672,0.00025634398,0.18369617,2,0
2025-08-20 15:46:00+00:00,long,0,0.010995956,0.011836851,0.03160437,0.27257696,2,0
2025-08-20 15:47:00+00:00,long,0,0.0012533959,0.002308065,0.0014984402,0.199336,2,0
2025-08-20 15:48:00+00:00,short,0,0.00032392188,0.0017599695,0.0006018913,0.1965432,2,0
2025-08-20 15:49:00+00:00,short,0,0.00030527645,0.00077831297,0.00056666124,0.18298407,2,0
2025-08-20 15:50:00+00:00,short,0,0.0004457367,0.0009639312,0.000493825,0.1846865,2,0
2025-08-21 14:19:00+00:00,short,0,0.000106581516,0.00041160043,9.204039e-05,0.16891028,2,0
2025-08-21 14:20:00+00:00,short,0,0.034207333,0.08807521,0.02445627,0.32126752,2,0
2025-08-21 14:21:00+00:00,short,0,0.0006415531,0.0012726305,0.0016220626,0.17442787,2,0
2025-08-21 14:22:00+00:00,short,0,0.00038801171,0.00055789447,0.00048908027,0.16788583,2,0
2025-08-21 14:23:00+00:00,short,0,0.00047046077,0.0004917277,0.00015853035,0.16879946,2,0
2025-08-21 14:24:00+00:00,short,0,0.0007873136,0.0009528643,0.0009175906,0.17673057,2,0
2025-08-21 14:25:00+00:00,short,0,0.0005106296,0.0015112286,0.00090949395,0.17437075,2,0
2025-08-21 14:26:00+00:00,short,0,0.0006603345,0.0013120064,0.0015875689,0.17722525,2,0
2025-08-21 14:27:00+00:00,short,0,0.00066256005,0.0011412019,0.001231448,0.17440303,2,0
2025-08-21 14:28:00+00:00,short,0,0.0005334271,0.0009772875,0.00056674174,0.17157024,2,0
2025-08-21 14:29:00+00:00,short,0,0.0012524353,0.0029786045,0.0027763085,0.18149628,2,0
2025-08-21 14:30:00+00:00,short,0,0.00081992237,0.0017670307,0.0015630405,0.1815824,2,0
2025-08-21 14:31:00+00:00,short,0,0.0005593363,0.0013013155,0.00057645736,0.16788544,2,0
2025-08-21 14:32:00+00:00,short,0,0.000438046,0.0007239076,0.00023490099,0.16782562,2,0
2025-08-21 14:33:00+00:00,short,0,0.0019093187,0.003024591,0.0058011264,0.19489874,2,0
2025-08-21 14:34:00+00:00,short,0,0.028496707,0.48175377,0.014598306,0.2597978,1,0
2025-08-21 14:35:00+00:00,short,0,0.00037039208,0.0013622061,0.0007530794,0.17483969,2,0
2025-08-21 14:36:00+00:00,short,0,0.0012677478,0.003729597,0.0015968257,0.18552355,2,0
2025-08-21 14:37:00+00:00,short,0,0.0004320073,0.0006652434,0.00038066052,0.16790162,2,0
2025-08-21 14:38:00+00:00,short,0,0.0009472295,0.0019597039,0.0026753016,0.18659502,2,0
2025-08-21 14:39:00+00:00,short,0,0.00049092784,0.0014510909,0.0005577179,0.1712846,2,0
2025-08-21 14:40:00+00:00,short,0,0.42008337,0.9926012,0.68902206,0.6586161,1,1
2025-08-21 14:41:00+00:00,short,0,0.00029303852,0.0013459636,0.00046520133,0.17159162,2,0
2025-08-21 14:42:00+00:00,short,0,0.0022078897,0.26371354,0.0071179634,0.21472745,1,0
2025-08-21 14:43:00+00:00,short,0,0.018296886,0.06536382,0.038313936,0.2110114,2,0
2025-08-21 14:44:00+00:00,short,0,0.00064390496,0.001539759,0.0042081084,0.19397219,2,0
2025-08-21 14:45:00+00:00,short,0,0.00085289124,0.0021781207,0.0036181924,0.17780463,2,0
2025-08-21 14:46:00+00:00,short,0,0.0018501705,0.0018779562,0.008113726,0.17691386,2,0
2025-08-21 14:47:00+00:00,short,0,0.0010133451,0.0018970402,0.003297305,0.18705176,2,0
2025-08-21 14:48:00+00:00,short,0,0.00037028862,0.00050198706,0.0003107011,0.16803499,2,0
2025-08-21 14:49:00+00:00,short,0,0.0029809847,0.0073996508,0.01251911,0.20186777,2,0
2025-08-21 14:50:00+00:00,short,0,0.0002612247,0.00045438914,0.00037387438,0.16879226,2,0
2025-08-21 14:51:00+00:00,short,0,0.00033815813,0.00040917916,7.8171615e-05,0.16756709,2,0
2025-08-21 14:52:00+00:00,short,0,0.00043767993,0.00041253588,0.0003938113,0.16888463,2,0
2025-08-21 14:53:00+00:00,short,0,0.0003291571,0.000489125,0.00018770272,0.16865271,2,0
2025-08-21 14:54:00+00:00,short,0,0.0022828379,0.0060606785,0.005232387,0.17986304,2,0
2025-08-21 14:55:00+00:00,short,0,0.00050938904,0.00055320346,0.0004803279,0.1688221,2,0
2025-08-21 14:56:00+00:00,short,0,0.00037344353,0.0007660343,0.00068902096,0.17030834,2,0
2025-08-21 14:57:00+00:00,short,0,0.0035566099,0.010458875,0.015994702,0.20952065,2,0
2025-08-21 14:58:00+00:00,short,0,0.00031034293,0.0006967205,0.00053074496,0.16829157,2,0
2025-08-21 14:59:00+00:00,short,0,0.0004890971,0.0005074694,0.0003082161,0.16927455,2,0
2025-08-21 15:00:00+00:00,short,0,0.00010036177,0.00073125906,0.00027386108,0.1691975,2,0
2025-08-21 15:01:00+00:00,short,0,9.449865e-05,0.00076083845,0.00021125899,0.16786699,2,0
2025-08-21 15:02:00+00:00,short,0,0.00011511632,0.00063837954,0.0020231504,0.18514366,2,0
2025-08-21 15:03:00+00:00,short,0,0.0014257642,0.0068949154,0.0044552716,0.1740886,2,0
2025-08-21 15:04:00+00:00,short,0,0.00010727016,0.00041667416,0.001081792,0.18194324,2,0
2025-08-21 15:05:00+00:00,short,0,0.0049206074,0.0026451463,0.0050316975,0.17818485,2,0
2025-08-21 15:06:00+00:00,short,0,0.0069339345,0.004275364,0.0050249416,0.17821516,2,0
2025-08-21 15:07:00+00:00,short,0,0.00056479935,0.001435781,0.0015119662,0.19452794,2,0
2025-08-21 15:08:00+00:00,short,0,0.0021931536,0.004170448,0.00778483,0.19616528,2,0
2025-08-21 15:09:00+00:00,short,0,0.00043559296,0.0009834751,0.0006427437,0.17322142,2,0
2025-08-21 15:10:00+00:00,short,0,0.0009237644,0.21197584,0.013822619,0.19850762,1,0
2025-08-21 15:11:00+00:00,short,0,0.00027318226,0.0011776009,0.0013316275,0.17116378,2,0
2025-08-21 15:12:00+00:00,short,0,0.00037880903,0.0009295226,0.00030805718,0.1686124,2,0
2025-08-21 15:13:00+00:00,short,0,0.0005072716,0.096790336,0.0018950638,0.18227524,1,0
2025-08-21 15:14:00+00:00,short,0,0.0002928106,0.07631063,0.0005343928,0.17559136,1,0
2025-08-21 15:15:00+00:00,short,0,0.072409466,0.9843556,0.5844064,0.64046216,1,1
2025-08-21 15:16:00+00:00,short,0,0.0003429539,0.52781016,0.0015960414,0.17646062,1,0
2025-08-21 15:17:00+00:00,short,0,0.00019952319,0.00090199534,0.00037305767,0.1675167,2,0
2025-08-21 15:18:00+00:00,short,0,0.00032449895,0.0010981676,0.001320445,0.1685617,2,0
2025-08-21 15:19:00+00:00,short,0,0.0006421519,0.0010979103,0.00020763071,0.16783953,2,0
2025-08-21 15:20:00+00:00,short,0,0.00047431415,0.00082823733,0.00037156534,0.17004573,2,0
2025-08-21 15:21:00+00:00,short,0,0.0004774944,0.0011553322,0.0007604227,0.17935736,2,0
2025-08-21 15:22:00+00:00,short,0,0.00016488187,0.00064143934,0.00039648204,0.16863914,2,0
2025-08-21 15:23:00+00:00,short,0,0.0023648792,0.003172823,0.0025476872,0.17726348,2,0
2025-08-21 15:24:00+00:00,short,0,0.00022384003,0.0006174757,0.0007604786,0.17131536,2,0
2025-08-21 15:25:00+00:00,short,0,0.00014295775,0.00047583893,0.00044003184,0.16874988,2,0
2025-08-21 15:26:00+00:00,short,0,0.000171165,0.0006136418,0.0010638437,0.17173892,2,0
2025-08-21 15:27:00+00:00,short,0,6.75255e-05,0.0002472456,0.00061087083,0.16778229,2,0
2025-08-21 15:28:00+00:00,short,0,0.0014854746,0.0032020605,0.0027681235,0.17977329,2,0
2025-08-21 15:29:00+00:00,short,0,0.0004361805,0.0036026444,0.006218071,0.18156306,2,0
2025-08-21 15:30:00+00:00,short,0,0.00022106472,0.0004621688,0.0002781699,0.16823095,2,0
2025-08-21 15:31:00+00:00,short,0,0.00083177973,0.003389664,0.0061984216,0.19291359,2,0
2025-08-21 15:32:00+00:00,short,1,0.9640492,0.9933803,0.8999764,0.55729896,2,1
2025-08-21 15:33:00+00:00,short,0,0.0046208473,0.3071578,0.0027321205,0.18965448,1,0
2025-08-21 15:34:00+00:00,short,0,0.0006833737,0.055202242,0.0002542965,0.1680699,1,0
2025-08-21 15:35:00+00:00,short,0,0.00073233724,0.08409429,0.0008876747,0.18138032,1,0
2025-08-21 15:36:00+00:00,short,0,0.00079529296,0.001538402,0.0011245956,0.17225708,2,0
2025-08-21 15:37:00+00:00,short,0,0.00046897453,0.00085258734,0.00036440103,0.16810201,2,0
2025-08-21 15:38:00+00:00,short,0,0.0003706464,0.0007650907,0.00031176608,0.16791223,2,0
2025-08-21 15:39:00+00:00,short,0,0.00074841833,0.0011719654,0.0016072945,0.1780247,2,0
2025-08-21 15:40:00+00:00,short,0,0.0011465111,0.0015634656,0.0018324013,0.18663323,2,0
2025-08-21 15:41:00+00:00,short,0,0.001807603,0.0023722947,0.0027126197,0.1749139,2,0
2025-08-21 15:42:00+00:00,short,0,0.0017256555,0.0022271601,0.0024107597,0.18918608,2,0
2025-08-21 15:43:00+00:00,long,0,0.0047760857,0.0059743747,0.005140009,0.17877896,2,0
2025-08-21 15:44:00+00:00,short,0,0.0007740839,0.0010811461,0.0004086646,0.16917787,2,0
2025-08-21 15:45:00+00:00,short,0,0.0021603783,0.006357453,0.006739526,0.19018127,2,0
2025-08-21 15:46:00+00:00,short,0,0.0003514949,0.0011855136,0.00016720414,0.16753978,2,0
2025-08-21 15:47:00+00:00,short,0,0.0012053773,0.0038248287,0.0066724797,0.18675362,2,0
2025-08-21 15:48:00+00:00,short,0,0.00041543297,0.0009308072,0.0006709903,0.16869628,2,0
2025-08-21 15:49:00+00:00,short,0,0.0007289217,0.0016483841,0.0016635038,0.17698689,2,0
2025-08-21 15:50:00+00:00,short,0,0.00043727542,0.0005746427,0.0003858824,0.16781907,2,0
2025-08-22 14:19:00+00:00,long,0,0.00016872464,0.0003454611,0.00014325153,0.16944452,2,0
2025-08-22 14:20:00+00:00,long,0,0.053694684,0.040836412,0.33352476,0.40432155,2,0
2025-08-22 14:21:00+00:00,long,0,0.00035083637,0.00064979825,0.00029000157,0.1683064,2,0
2025-08-22 14:22:00+00:00,long,0,0.00023316698,0.0004174998,0.00014920224,0.16792707,2,0
2025-08-22 14:23:00+00:00,long,0,0.35485142,0.2767295,0.1724298,0.6084241,2,1
2025-08-22 14:24:00+00:00,long,0,0.0006766388,0.001385189,0.00068530097,0.17013139,2,0
2025-08-22 14:25:00+00:00,long,0,0.00022295884,0.00039695835,6.5575725e-05,0.16793372,2,0
2025-08-22 14:26:00+00:00,long,0,0.0002271159,0.00032476668,7.2400006e-05,0.1679845,2,0
2025-08-22 14:27:00+00:00,long,0,0.0303928,0.045280933,0.010398486,0.34560764,2,0
2025-08-22 14:28:00+00:00,long,1,0.96680486,0.92382723,0.89343876,0.729218,3,2
2025-08-22 14:29:00+00:00,long,0,0.0004866013,0.0006485497,0.00037548493,0.168774,2,0
2025-08-22 14:30:00+00:00,long,0,0.069008484,0.14518696,0.3197101,0.6187692,2,1
2025-08-22 14:31:00+00:00,long,0,0.03980627,0.13818143,0.52545524,0.59037477,2,1
2025-08-22 14:32:00+00:00,long,0,0.00052850234,0.0008784269,0.00049176026,0.17056783,2,0
2025-08-22 14:33:00+00:00,long,0,0.008219471,0.016946286,0.017609455,0.3873981,2,0
2025-08-22 14:34:00+00:00,long,0,0.00034350067,0.00036296566,8.161609e-05,0.16850068,2,0
2025-08-22 14:35:00+00:00,long,0,0.00036952674,0.00048772414,0.0003424041,0.1749789,2,0
2025-08-22 14:36:00+00:00,long,1,0.9805321,0.94457245,0.9561438,0.7822578,3,2
2025-08-22 14:37:00+00:00,long,0,0.0025961034,0.0062685064,0.0024646232,0.2228574,2,0
2025-08-22 14:38:00+00:00,long,0,0.12445341,0.13007921,0.22788031,0.5236149,2,0
2025-08-22 14:39:00+00:00,long,0,0.00034461345,0.0006256412,0.00022460219,0.16829067,2,0
2025-08-22 14:40:00+00:00,long,0,0.00089222484,0.003993562,0.0020211556,0.24084269,2,0
2025-08-22 14:41:00+00:00,long,0,0.00036127475,0.0008393411,0.0012816308,0.18191731,2,0
2025-08-22 14:42:00+00:00,long,0,0.04963716,0.097038664,0.32939917,0.51199645,2,0
2025-08-22 14:43:00+00:00,long,0,0.002319899,0.0024988698,0.005282311,0.17844553,2,0
2025-08-22 14:44:00+00:00,long,0,0.00012101454,0.0003554357,0.0003360233,0.19240446,2,0
2025-08-22 14:45:00+00:00,long,0,0.00046293245,0.0016721953,0.00045885495,0.18217914,2,0
2025-08-22 14:46:00+00:00,long,0,0.00044077073,0.0012975218,0.0005582854,0.17366748,2,0
2025-08-22 14:47:00+00:00,long,1,0.9860605,0.9677796,0.96703935,0.8021719,3,2
2025-08-22 14:48:00+00:00,long,0,0.00018349547,0.00023257459,5.0039158e-05,0.16786152,2,0
2025-08-22 14:49:00+00:00,long,0,0.00013600534,0.00020171473,4.1594518e-05,0.16759193,2,0
2025-08-22 14:50:00+00:00,long,0,0.00071077835,0.000596239,0.0017162632,0.17247719,2,0
2025-08-22 14:51:00+00:00,long,0,0.00070561364,0.0033042498,0.0022390457,0.24170876,2,0
2025-08-22 14:52:00+00:00,long,0,0.013201579,0.02734576,0.17773786,0.5185635,2,0
2025-08-22 14:53:00+00:00,long,0,0.00012765665,0.00030504633,0.00017954064,0.16960794,2,0
2025-08-22 14:54:00+00:00,long,0,0.001827114,0.0017455816,0.0067584296,0.18632378,2,0
2025-08-22 14:55:00+00:00,long,0,0.00014852545,0.00028954045,0.00043134706,0.17198008,2,0
2025-08-22 14:56:00+00:00,long,0,8.259862e-05,0.0001288161,4.9406342e-05,0.16923214,2,0
2025-08-22 14:57:00+00:00,long,0,0.008651638,0.009597488,0.1554992,0.36091495,2,0
2025-08-22 14:58:00+00:00,long,0,0.004741234,0.0020348944,0.083143584,0.24578257,2,0
2025-08-22 14:59:00+00:00,long,0,0.00023143737,0.00080967066,0.00036064623,0.2030042,2,0
2025-08-22 15:00:00+00:00,long,0,0.0006550327,0.0027230137,0.00107425,0.275647,2,0
2025-08-22 15:01:00+00:00,long,0,0.00011560849,0.00049821974,0.00015964547,0.16879456,2,0
2025-08-22 15:02:00+00:00,long,0,0.00010864476,0.00046556952,0.00027278665,0.19131039,2,0
2025-08-22 15:03:00+00:00,long,0,4.384215e-05,0.000110105844,3.8508144e-05,0.16927803,2,0
2025-08-22 15:04:00+00:00,long,0,0.00075703755,0.0032806494,0.0024287053,0.2298559,2,0
2025-08-22 15:05:00+00:00,long,0,0.00014096586,0.00037817235,0.00027044976,0.16940258,2,0
2025-08-22 15:06:00+00:00,long,0,9.355514e-05,0.0002123572,3.6385565e-05,0.16815867,2,0
2025-08-22 15:07:00+00:00,long,0,0.0001884234,0.0005135816,0.0001539998,0.16900574,2,0
2025-08-22 15:08:00+00:00,long,0,0.00010319724,0.00014878115,2.9150111e-05,0.168431,2,0
2025-08-22 15:09:00+00:00,long,0,0.0043687574,0.008414024,0.005167979,0.3464018,2,0
2025-08-22 15:10:00+00:00,long,0,0.3152846,0.574166,0.68162733,0.7362011,2,2
2025-08-22 15:11:00+00:00,long,0,0.0025999916,0.0029745842,0.007822833,0.18200253,2,0
2025-08-22 15:12:00+00:00,long,1,0.9736472,0.9238409,0.9697665,0.79316974,3,2
2025-08-22 15:13:00+00:00,long,0,0.0019423196,0.0044880053,0.010075528,0.17990018,2,0
2025-08-22 15:14:00+00:00,long,0,0.00017702377,0.0022689062,0.00068412407,0.18976569,2,0
2025-08-22 15:15:00+00:00,long,0,5.873162e-05,0.00049904606,7.5394084e-05,0.1682503,2,0
2025-08-22 15:16:00+00:00,long,0,0.6287641,0.6145471,0.8418688,0.7057312,2,2
2025-08-22 15:17:00+00:00,long,0,0.17325857,0.3056013,0.7488663,0.6637404,2,1
2025-08-22 15:18:00+00:00,long,0,0.0022162949,0.016183948,0.018304229,0.28900543,2,0
2025-08-22 15:19:00+00:00,long,0,0.00014999136,0.0009856401,0.00022356617,0.17171377,2,0
2025-08-22 15:20:00+00:00,long,0,9.750124e-05,0.00048229474,6.561808e-05,0.16737884,2,0
2025-08-22 15:21:00+00:00,long,0,0.00013592937,0.0008460161,0.00041799003,0.16935493,2,0
2025-08-22 15:22:00+00:00,long,1,0.97878253,0.95608485,0.97059447,0.79512376,3,2
2025-08-22 15:23:00+00:00,long,0,0.00023774587,0.00081089255,0.00049046567,0.16974865,2,0
2025-08-22 15:24:00+00:00,long,0,0.0015274733,0.0063417843,0.024860958,0.1894389,2,0
2025-08-22 15:25:00+00:00,long,0,6.732939e-05,0.0004261148,0.00019611289,0.1702088,2,0
2025-08-22 15:26:00+00:00,long,0,0.040660594,0.16879594,0.2833149,0.48739293,2,0
2025-08-22 15:27:00+00:00,long,0,0.00014189437,0.0007769128,0.001634482,0.17514656,2,0
2025-08-22 15:28:00+00:00,long,0,0.0022150942,0.016436085,0.039075445,0.43445882,2,0
2025-08-22 15:29:00+00:00,long,0,0.03252402,0.06674233,0.39015663,0.5110143,2,0
2025-08-22 15:30:00+00:00,long,0,0.020058649,0.048696637,0.09423689,0.5136084,2,0
2025-08-22 15:31:00+00:00,long,0,0.00046971202,0.0007556317,0.0009565181,0.17436533,2,0
2025-08-22 15:32:00+00:00,long,0,0.20786603,0.23840056,0.7627563,0.7233687,2,2
2025-08-22 15:33:00+00:00,long,0,0.0037499603,0.0061775926,0.04814525,0.19254655,2,0
2025-08-22 15:34:00+00:00,long,0,0.00062359095,0.0026370361,0.00837818,0.18036054,2,0
2025-08-22 15:35:00+00:00,long,0,0.0001335706,0.00048570876,0.00029759223,0.21574445,2,0
2025-08-22 15:36:00+00:00,long,0,0.005644429,0.010735512,0.0020062583,0.26640984,2,0
2025-08-22 15:37:00+00:00,long,0,0.00032907238,0.00067731045,0.00026239964,0.17266643,2,0
2025-08-22 15:38:00+00:00,long,0,0.00020643644,0.00033863384,0.00012771983,0.17573394,2,0
2025-08-22 15:39:00+00:00,long,1,0.96139085,0.95229787,0.9173755,0.7840386,3,2
2025-08-22 15:40:00+00:00,long,0,0.0008925063,0.0014762628,0.007650431,0.17593591,2,0
2025-08-22 15:41:00+00:00,long,0,0.0024797076,0.0051118154,0.05533931,0.18097632,2,0
2025-08-22 15:42:00+00:00,long,0,0.0011807902,0.0035335533,0.0026193112,0.25582498,2,0
2025-08-22 15:43:00+00:00,long,0,0.00014001741,0.0005367594,0.0005188606,0.19934566,2,0
2025-08-22 15:44:00+00:00,long,0,0.009705337,0.02070963,0.37531218,0.27211225,2,0
2025-08-22 15:45:00+00:00,long,0,0.008178354,0.018296387,0.4718842,0.2809185,2,0
2025-08-22 15:46:00+00:00,long,0,0.00019979979,0.00038266747,0.00021017967,0.17070521,2,0
2025-08-22 15:47:00+00:00,long,0,0.0014352102,0.005546902,0.0020646711,0.22303082,2,0
2025-08-22 15:48:00+00:00,long,0,0.00014128102,0.00017452952,8.695617e-05,0.17012219,2,0
2025-08-22 15:49:00+00:00,long,0,0.00027273153,0.0008225509,0.0009008105,0.18639177,2,0
2025-08-22 15:50:00+00:00,long,0,0.0030853844,0.0061363094,0.034769088,0.18071735,2,0
2025-08-25 14:19:00+00:00,short,0,0.0039637834,0.59186184,0.009077952,0.17953277,1,0
2025-08-25 14:20:00+00:00,short,1,0.97884905,0.97912073,0.90499574,0.41468552,2,0
2025-08-25 14:21:00+00:00,short,0,0.0006620592,0.67816895,0.00111298,0.17189829,1,0
2025-08-25 14:22:00+00:00,long,0,0.0013110683,0.7122738,0.0014677073,0.17563373,1,0
2025-08-25 14:23:00+00:00,long,0,0.0014127238,0.8786556,0.003933006,0.18749768,1,0
2025-08-25 14:24:00+00:00,short,0,0.0033073667,0.7525697,0.0069097383,0.1743738,1,0
2025-08-25 14:25:00+00:00,short,0,0.0044896565,0.86689276,0.028641066,0.18410145,1,0
2025-08-25 14:26:00+00:00,short,0,0.018386519,0.92336494,0.07876773,0.2501944,1,0
2025-08-25 14:27:00+00:00,short,0,0.0084672775,0.8795786,0.028548462,0.18926723,1,0
2025-08-25 14:28:00+00:00,short,1,0.97315323,0.9908274,0.9345498,0.5017884,2,1
2025-08-25 14:29:00+00:00,short,0,0.0018159802,0.7272869,0.005759698,0.17620979,1,0
2025-08-25 14:30:00+00:00,long,0,0.0040337937,0.84281886,0.008222796,0.19772916,1,0
2025-08-25 14:31:00+00:00,long,0,0.0026178018,0.6898935,0.0025008058,0.19051772,1,0
2025-08-25 14:32:00+00:00,short,0,0.0011857162,0.68144786,0.0064273532,0.16989867,1,0
2025-08-25 14:33:00+00:00,short,0,0.0008628519,0.60980046,0.00072335906,0.16951127,1,0
2025-08-25 14:34:00+00:00,short,0,0.0004940896,0.57463825,0.0007544761,0.16828912,1,0
2025-08-25 14:35:00+00:00,long,0,0.0010255475,0.6023602,0.0029326195,0.1724435,1,0
2025-08-25 14:36:00+00:00,short,0,0.03257165,0.9377784,0.41023237,0.33255646,1,0
2025-08-25 14:37:00+00:00,short,0,0.00072927185,0.6361074,0.004516788,0.17027901,1,0
2025-08-25 14:38:00+00:00,long,0,0.0011892278,0.8693984,0.00921441,0.19699855,1,0
2025-08-25 14:39:00+00:00,long,0,0.006283039,0.9716821,0.037294723,0.18463154,1,0
2025-08-25 14:40:00+00:00,long,0,0.0002864373,0.31148225,0.00018523069,0.16945706,1,0
2025-08-25 14:41:00+00:00,short,0,0.00033818185,0.39409623,0.00042071738,0.17770849,1,0
2025-08-25 14:42:00+00:00,long,0,0.00020194432,0.19562308,0.00013899471,0.16743486,1,0
2025-08-25 14:43:00+00:00,short,0,0.0026277632,0.76296264,0.048245452,0.28370476,1,0
2025-08-25 14:44:00+00:00,short,0,0.00030421163,0.3340196,0.0005290529,0.1716205,1,0
2025-08-25 14:45:00+00:00,long,0,0.0009533855,0.8450616,0.0018903445,0.1730072,1,0
2025-08-25 14:46:00+00:00,long,0,0.00014609155,0.17225854,0.00014926301,0.16781336,1,0
2025-08-25 14:47:00+00:00,long,0,0.00014479816,0.13132934,6.962541e-05,0.16749763,1,0
2025-08-25 14:48:00+00:00,short,0,0.0008946902,0.6702779,0.0010895255,0.18795843,1,0
2025-08-25 14:49:00+00:00,short,0,0.0005238216,0.57613003,0.0011788062,0.16976231,1,0
2025-08-25 14:50:00+00:00,long,0,0.0002678222,0.1835968,0.0004141767,0.17161365,1,0
2025-08-25 14:51:00+00:00,long,0,0.00035432942,0.2529384,0.00044245776,0.17583156,1,0
2025-08-25 14:52:00+00:00,short,0,0.0004397731,0.64225006,0.0015425892,0.19001675,1,0
2025-08-25 14:53:00+00:00,long,0,0.00012538163,0.105538145,0.00020628494,0.16844709,1,0
2025-08-25 14:54:00+00:00,long,0,0.00023076886,0.14153324,0.000764524,0.17493075,1,0
2025-08-25 14:55:00+00:00,short,0,0.00064858026,0.6673694,0.018483073,0.19457613,1,0
2025-08-25 14:56:00+00:00,long,0,0.0003819238,0.11410865,0.00072027254,0.17302148,1,0
2025-08-25 14:57:00+00:00,short,0,8.808132e-05,0.081959225,0.00028040528,0.16774271,1,0
2025-08-25 14:58:00+00:00,short,0,0.00024237446,0.4149141,0.0020155052,0.17951958,1,0
2025-08-25 14:59:00+00:00,short,0,0.00014159594,0.12939928,0.0003341438,0.16971807,1,0
2025-08-25 15:00:00+00:00,short,0,0.00047848606,0.7031801,0.003295207,0.17715631,1,0
2025-08-25 15:01:00+00:00,long,0,0.0002953494,0.22221366,0.00044523666,0.17210282,1,0
2025-08-25 15:02:00+00:00,short,0,0.0025750704,0.7039759,0.017122377,0.18792813,1,0
2025-08-25 15:03:00+00:00,long,0,0.00012884976,0.054984894,0.00011365064,0.16727829,1,0
2025-08-25 15:04:00+00:00,long,0,0.0005634986,0.6552183,0.0011104299,0.17334853,1,0
2025-08-25 15:05:00+00:00,short,0,0.00030551347,0.19989692,0.00053951616,0.17973447,1,0
2025-08-25 15:06:00+00:00,long,0,0.0001287078,0.037492555,0.00021870388,0.16790958,1,0
2025-08-25 15:07:00+00:00,long,0,0.00018250715,0.040892124,0.00020925606,0.16792317,1,0
2025-08-25 15:08:00+00:00,short,0,0.0002815937,0.16071078,0.00037340313,0.17070502,1,0
2025-08-25 15:09:00+00:00,short,0,0.00015522211,0.18593878,0.0009890496,0.18645914,1,0
2025-08-25 15:10:00+00:00,short,0,8.018444e-05,0.036993153,0.00011500957,0.16851765,1,0
2025-08-25 15:11:00+00:00,long,0,7.554371e-05,0.028347634,9.855472e-05,0.16771023,1,0
2025-08-25 15:12:00+00:00,short,0,0.0002768325,0.24244885,0.0015281193,0.18863629,1,0
2025-08-25 15:13:00+00:00,short,0,0.00083827245,0.50141966,0.0016848769,0.19315605,1,0
2025-08-25 15:14:00+00:00,short,0,8.7914166e-05,0.04327824,0.00014263626,0.16893505,1,0
2025-08-25 15:15:00+00:00,long,0,0.00010866103,0.041619413,9.6869844e-05,0.16787206,1,0
2025-08-25 15:16:00+00:00,short,0,0.0024315594,0.60230076,0.0065491446,0.20992778,1,0
2025-08-25 15:17:00+00:00,long,0,0.00027754233,0.6370991,0.0009442609,0.18827295,1,0
2025-08-25 15:18:00+00:00,short,0,0.0004723994,0.33620113,0.002521838,0.19772743,1,0
2025-08-25 15:19:00+00:00,short,0,0.00011708001,0.065426596,0.00063491706,0.16860972,1,0
2025-08-25 15:20:00+00:00,long,0,4.981804e-05,0.083242945,0.00044551812,0.18422078,1,0
2025-08-25 15:21:00+00:00,long,0,0.0006863009,0.9286234,0.0039649433,0.19147776,1,0
2025-08-25 15:22:00+00:00,long,0,0.00034992065,0.6235257,0.000978738,0.22849835,1,0
2025-08-25 15:23:00+00:00,long,0,8.9802656e-05,0.07406259,0.00014823314,0.16984443,1,0
2025-08-25 15:24:00+00:00,long,0,0.00012661757,0.07247505,0.00027595524,0.1691689,1,0
2025-08-25 15:25:00+00:00,long,0,0.00039548788,0.18381163,0.00053695514,0.1765551,1,0
2025-08-25 15:26:00+00:00,long,0,0.00027722708,0.74480206,0.00065215304,0.21021245,1,0
2025-08-25 15:27:00+00:00,long,0,0.00044514434,0.19802366,0.0010854976,0.21810894,1,0
2025-08-25 15:28:00+00:00,long,0,0.00027348063,0.15189296,0.0008668916,0.17538853,1,0
2025-08-25 15:29:00+00:00,long,0,0.0005077658,0.20084336,0.0012319132,0.22543259,1,0
2025-08-25 15:30:00+00:00,long,0,0.0007901664,0.9125709,0.0023459152,0.18972813,1,0
2025-08-25 15:31:00+00:00,long,0,0.0017971034,0.70450866,0.0045581125,0.24299149,1,0
2025-08-25 15:32:00+00:00,long,0,0.00030536496,0.15286529,0.00027295368,0.16966462,1,0
2025-08-25 15:33:00+00:00,long,0,0.0014307881,0.30956566,0.0013281747,0.18722653,1,0
2025-08-25 15:34:00+00:00,long,0,0.00032446338,0.09024051,0.00034645054,0.16983114,1,0
2025-08-25 15:35:00+00:00,long,0,0.00010193392,0.04783995,0.00034645054,0.16900696,1,0
2025-08-25 15:36:00+00:00,long,0,5.1714607e-05,0.017206252,7.955215e-05,0.16807763,1,0
2025-08-25 15:37:00+00:00,long,0,5.6378347e-05,0.018678306,0.0002748532,0.16812517,1,0
2025-08-25 15:38:00+00:00,long,0,6.4762804e-05,0.021912497,0.00013283062,0.16758426,1,0
2025-08-25 15:39:00+00:00,long,0,0.00019309751,0.08603502,0.00087414903,0.1786748,1,0
2025-08-25 15:40:00+00:00,long,0,7.061859e-05,0.017096635,0.00026980898,0.16808705,1,0
2025-08-25 15:41:00+00:00,long,0,9.198968e-05,0.037723888,0.0005272278,0.16965151,1,0
2025-08-25 15:42:00+00:00,long,0,6.88401e-05,0.015626645,0.00032692723,0.16826488,1,0
2025-08-25 15:43:00+00:00,long,0,0.00025237096,0.31029537,0.00082116283,0.17873149,1,0
2025-08-25 15:44:00+00:00,long,0,0.00017689874,0.096905455,0.000815331,0.17578147,1,0
2025-08-25 15:45:00+00:00,long,0,0.00013583893,0.03338451,0.0005310177,0.17142992,1,0
2025-08-25 15:46:00+00:00,long,0,8.180808e-05,0.027003758,0.0005221536,0.17032187,1,0
2025-08-25 15:47:00+00:00,long,0,0.00017679975,0.06644368,0.00072494696,0.17159069,1,0
2025-08-25 15:48:00+00:00,long,0,0.00033884263,0.10092785,0.004638239,0.20002435,1,0
2025-08-25 15:49:00+00:00,long,0,0.00030781556,0.12032502,0.004638239,0.19810231,1,0
2025-08-25 15:50:00+00:00,long,0,0.0001022664,0.024377458,0.00026738492,0.16855527,1,0
2025-08-26 14:19:00+00:00,long,0,0.0056512738,0.9314134,0.18885073,0.2348965,1,0
2025-08-26 14:20:00+00:00,long,0,0.0030803299,0.5999601,0.038436837,0.20776945,1,0
2025-08-26 14:21:00+00:00,long,0,0.003433805,0.86557496,0.17805856,0.21413864,1,0
2025-08-26 14:22:00+00:00,long,0,0.0011208785,0.47123018,0.019406319,0.19364226,1,0
2025-08-26 14:23:00+00:00,long,0,0.0018522155,0.7412394,0.058380824,0.2171541,1,0
2025-08-26 14:24:00+00:00,long,0,0.0013530949,0.8902281,0.3020425,0.21452208,1,0
2025-08-26 14:25:00+00:00,long,0,0.0026688627,0.71733516,0.07894339,0.22839046,1,0
2025-08-26 14:26:00+00:00,long,0,0.3769674,0.99919575,0.9630893,0.6649255,1,1
2025-08-26 14:27:00+00:00,long,0,0.023960669,0.97988564,0.812133,0.3901333,1,0
2025-08-26 14:28:00+00:00,long,0,0.003890583,0.6692336,0.011382493,0.21424048,1,0
2025-08-26 14:29:00+00:00,long,0,0.0010146038,0.70115405,0.097040206,0.204798,1,0
2025-08-26 14:30:00+00:00,long,0,0.004792123,0.81844956,0.05698989,0.20858832,1,0
2025-08-26 14:31:00+00:00,long,0,0.09169018,0.9976647,0.8835096,0.36163625,1,0
2025-08-26 14:32:00+00:00,long,0,0.0020760333,0.7202699,0.015390676,0.18957639,1,0
2025-08-26 14:33:00+00:00,long,0,0.01299128,0.9514415,0.07549605,0.20819874,1,0
2025-08-26 14:34:00+00:00,long,0,0.19570543,0.99805284,0.94464976,0.42441782,1,0
2025-08-26 14:35:00+00:00,long,0,0.003021337,0.9547482,0.03271738,0.34387645,1,0
2025-08-26 14:36:00+00:00,long,0,0.0055519305,0.66791266,0.022916138,0.18931854,1,0
2025-08-26 14:37:00+00:00,long,0,0.019512359,0.94424844,0.095724456,0.21295507,1,0
2025-08-26 14:38:00+00:00,long,0,0.025686061,0.9724347,0.25661245,0.21736531,1,0
2025-08-26 14:39:00+00:00,long,0,0.02545486,0.95223796,0.13574821,0.20766787,1,0
2025-08-26 14:40:00+00:00,long,0,0.22604555,0.984082,0.5928203,0.5064787,1,0
2025-08-26 14:41:00+00:00,long,0,0.04508385,0.971144,0.20920207,0.264701,1,0
2025-08-26 14:42:00+00:00,long,0,0.3269514,0.9837742,0.6969238,0.5743672,1,1
2025-08-26 14:43:00+00:00,long,0,0.050550923,0.9596733,0.22577041,0.34771028,1,0
2025-08-26 14:44:00+00:00,long,1,0.97083586,0.9977564,0.9700319,0.72371596,2,2
2025-08-26 14:45:00+00:00,long,1,0.967161,0.99338806,0.9059907,0.65935284,2,1
2025-08-26 14:46:00+00:00,long,0,0.1304823,0.95279413,0.06400354,0.33950603,1,0
2025-08-26 14:47:00+00:00,long,0,0.023788942,0.81673527,0.02373993,0.20399182,1,0
2025-08-26 14:48:00+00:00,long,0,0.025928022,0.90197563,0.10344883,0.28214252,1,0
2025-08-26 14:49:00+00:00,long,1,0.9866217,0.99760085,0.9404234,0.65620106,2,1
2025-08-26 14:50:00+00:00,long,0,0.0056926506,0.806072,0.041301113,0.26291218,1,0
2025-08-26 14:51:00+00:00,long,0,0.04630281,0.8975725,0.58886725,0.4680312,1,0
2025-08-26 14:52:00+00:00,long,0,0.101112716,0.91837823,0.78729177,0.59145385,1,1
2025-08-26 14:53:00+00:00,long,1,0.9859536,0.9982389,0.97598165,0.75781155,2,2
2025-08-26 14:54:00+00:00,long,1,0.98464626,0.9964706,0.96592796,0.7603343,2,2
2025-08-26 14:55:00+00:00,long,1,0.96888864,0.99158937,0.8821951,0.6643235,2,1
2025-08-26 14:56:00+00:00,long,1,0.98456824,0.99571735,0.9175191,0.7249716,2,2
2025-08-26 14:57:00+00:00,long,0,0.22799835,0.98155576,0.27011317,0.48660207,1,0
2025-08-26 14:58:00+00:00,long,0,0.025474047,0.91612965,0.16782083,0.395897,1,0
2025-08-26 14:59:00+00:00,long,0,0.010401774,0.87141705,0.23708752,0.35192856,1,0
2025-08-26 15:00:00+00:00,long,1,0.9830341,0.99375546,0.9580029,0.7307007,2,2
2025-08-26 15:01:00+00:00,long,0,0.0102133965,0.44789168,0.015024392,0.20231076,1,0
2025-08-26 15:02:00+00:00,long,0,0.010787529,0.39928594,0.030765692,0.20411664,1,0
2025-08-26 15:03:00+00:00,long,0,0.022177568,0.83215857,0.18282795,0.34318557,1,0
2025-08-26 15:04:00+00:00,long,0,0.00857845,0.6667869,0.03894093,0.2630695,1,0
2025-08-26 15:05:00+00:00,long,0,0.006554499,0.6804646,0.036011536,0.25296322,1,0
2025-08-26 15:06:00+00:00,long,0,0.2521856,0.9525436,0.8294146,0.572014,1,1
2025-08-26 15:07:00+00:00,long,1,0.98964477,0.99892956,0.98142,0.73297864,2,2
2025-08-26 15:08:00+00:00,long,0,0.0011458489,0.22210723,0.015198003,0.19613145,1,0
2025-08-26 15:09:00+00:00,long,1,0.9914743,0.9971692,0.9738219,0.7338609,2,2
2025-08-26 15:10:00+00:00,long,1,0.9780181,0.9949025,0.9445001,0.73879933,2,2
2025-08-26 15:11:00+00:00,long,0,0.07209025,0.8876498,0.104809694,0.24326535,1,0
2025-08-26 15:12:00+00:00,long,1,0.9932243,0.99867505,0.964411,0.77304626,2,2
2025-08-26 15:13:00+00:00,long,1,0.97850454,0.99650335,0.9155832,0.6508941,2,1
2025-08-26 15:14:00+00:00,long,0,0.23300324,0.9783877,0.21150272,0.41205725,1,0
2025-08-26 15:15:00+00:00,long,1,0.9894574,0.99778205,0.9785227,0.78582716,2,2
2025-08-26 15:16:00+00:00,long,0,0.025204321,0.78400046,0.11901066,0.31607816,1,0
2025-08-26 15:17:00+00:00,long,0,0.013080298,0.6357291,0.016298685,0.22084671,1,0
2025-08-26 15:18:00+00:00,long,0,0.3706412,0.992882,0.5724883,0.53955585,1,0
2025-08-26 15:19:00+00:00,long,0,0.016988264,0.758472,0.018937664,0.25235382,1,0
2025-08-26 15:20:00+00:00,long,0,0.008285982,0.65604687,0.02677565,0.25963667,1,0
2025-08-26 15:21:00+00:00,long,0,0.007063892,0.64881337,0.023322964,0.21421234,1,0
2025-08-26 15:22:00+00:00,long,0,0.043214235,0.970088,0.10217581,0.24195594,1,0
2025-08-26 15:23:00+00:00,long,1,0.9539627,0.9902345,0.8944666,0.49705902,2,1
2025-08-26 15:24:00+00:00,long,1,0.98684955,0.99650794,0.9527899,0.7383652,2,2
2025-08-26 15:25:00+00:00,long,0,0.01881159,0.8226111,0.031989075,0.23790948,1,0
2025-08-26 15:26:00+00:00,long,1,0.9901309,0.9984169,0.95051676,0.7601082,2,2
2025-08-26 15:27:00+00:00,long,0,0.034700606,0.94725007,0.039314605,0.23515783,1,0
2025-08-26 15:28:00+00:00,long,0,0.21687137,0.9630859,0.24867855,0.37040544,1,0
2025-08-26 15:29:00+00:00,long,0,0.071799845,0.92623854,0.13555332,0.3346561,1,0
2025-08-26 15:30:00+00:00,long,0,0.013528571,0.74002194,0.04129201,0.229195,1,0
2025-08-26 15:31:00+00:00,long,0,0.013922103,0.662322,0.052913547,0.24250357,1,0
2025-08-26 15:32:00+00:00,long,1,0.99066037,0.9980915,0.9755367,0.68694687,2,1
2025-08-26 15:33:00+00:00,long,0,0.085845016,0.85560435,0.08826707,0.29005626,1,0
2025-08-26 15:34:00+00:00,long,1,0.9845895,0.9947831,0.9725878,0.67729974,2,1
2025-08-26 15:35:00+00:00,long,0,0.016144553,0.5709387,0.14472933,0.2352935,1,0
2025-08-26 15:36:00+00:00,long,0,0.01257021,0.38957682,0.031451564,0.20090841,1,0
2025-08-26 15:37:00+00:00,long,0,0.07997243,0.86990744,0.22751907,0.34592405,1,0
2025-08-26 15:38:00+00:00,long,0,0.0144130085,0.6137547,0.057258803,0.21134542,1,0
2025-08-26 15:39:00+00:00,long,0,0.036355074,0.67893255,0.14418511,0.2279606,1,0
2025-08-26 15:40:00+00:00,long,0,0.45527226,0.9802904,0.93878233,0.57029325,1,1
2025-08-26 15:41:00+00:00,long,1,0.95654356,0.98502177,0.9462235,0.5716271,2,1
2025-08-26 15:42:00+00:00,long,1,0.99305326,0.997322,0.98744,0.6992168,2,1
2025-08-26 15:43:00+00:00,long,0,0.027406938,0.66362923,0.043361228,0.19664693,1,0
2025-08-26 15:44:00+00:00,long,1,0.97536546,0.994197,0.9461621,0.57526284,2,1
2025-08-26 15:45:00+00:00,long,1,0.98558426,0.9479356,0.9667653,0.7755366,3,2
2025-08-26 15:46:00+00:00,long,1,0.9765414,0.9177347,0.9552946,0.765745,3,2
2025-08-26 15:47:00+00:00,long,0,0.021835083,0.028260335,0.02215657,0.20594074,2,0
2025-08-26 15:48:00+00:00,long,0,0.0706476,0.07890666,0.097020775,0.2889844,2,0
2025-08-26 15:49:00+00:00,long,0,0.11868972,0.186043,0.31601146,0.4334321,2,0
2025-08-26 15:50:00+00:00,long,0,0.54422206,0.5298235,0.9242333,0.7197439,2,2
2025-08-27 14:19:00+00:00,long,0,0.0019843755,0.0022852328,0.04176493,0.1977558,2,0
2025-08-27 14:20:00+00:00,long,0,0.0009556286,0.0010366476,0.008736286,0.18419302,2,0
2025-08-27 14:21:00+00:00,long,0,0.0013397583,0.00090724236,0.024623044,0.21823289,2,0
2025-08-27 14:22:00+00:00,long,0,0.0006161903,0.0005618176,0.002066294,0.17168982,2,0
2025-08-27 14:23:00+00:00,long,0,0.00053267006,0.0005385566,0.002066294,0.17085767,2,0
2025-08-27 14:24:00+00:00,long,0,0.0007505414,0.0009825232,0.0074332575,0.17397338,2,0
2025-08-27 14:25:00+00:00,long,0,0.000954538,0.0015016969,0.012108659,0.17971377,2,0
2025-08-27 14:26:00+00:00,long,0,0.0007911432,0.0011202348,0.003638195,0.18401845,2,0
2025-08-27 14:27:00+00:00,long,0,0.0005463536,0.0009918535,0.002790847,0.17554593,2,0
2025-08-27 14:28:00+00:00,long,0,0.0011574053,0.0009760537,0.0143854255,0.22106053,2,0
2025-08-27 14:29:00+00:00,long,0,0.00057411025,0.0012654526,0.0021605326,0.18487401,2,0
2025-08-27 14:30:00+00:00,long,0,0.0018426892,0.0013613559,0.0511941,0.21184325,2,0
2025-08-27 14:31:00+00:00,long,0,0.0008897866,0.0011561139,0.001671214,0.17542891,2,0
2025-08-27 14:32:00+00:00,long,0,0.0016490757,0.0013228119,0.028673692,0.22879271,2,0
2025-08-27 14:33:00+00:00,long,0,0.00069629104,0.00071536674,0.011802794,0.17944498,2,0
2025-08-27 14:34:00+00:00,long,0,0.0010057089,0.00110966,0.0015773253,0.17498793,2,0
2025-08-27 14:35:00+00:00,long,0,0.00050699076,0.00095072226,0.0019757582,0.17194904,2,0
2025-08-27 14:36:00+00:00,long,0,0.0005987065,0.0009490227,0.0017628436,0.17317648,2,0
2025-08-27 14:37:00+00:00,long,0,0.00045747095,0.00067332014,0.0014098636,0.20285039,2,0
2025-08-27 14:38:00+00:00,long,0,0.0007434549,0.0031007447,0.003021366,0.17199789,2,0
2025-08-27 14:39:00+00:00,long,0,0.00037291454,0.0010097438,0.0036526013,0.19519025,2,0
2025-08-27 14:40:00+00:00,long,0,0.0015663331,0.0025957748,0.0045561465,0.254127,2,0
2025-08-27 14:41:00+00:00,long,0,0.0004881502,0.0009048415,0.003976978,0.2305334,2,0
2025-08-27 14:42:00+00:00,long,0,0.003142606,0.0069763795,0.010115834,0.2909185,2,0
2025-08-27 14:43:00+00:00,long,0,0.0005865359,0.00029895408,0.0024780098,0.19390035,2,0
2025-08-27 14:44:00+00:00,long,0,0.0005136802,0.00045170746,0.0026236735,0.18499772,2,0
2025-08-27 14:45:00+00:00,long,0,0.0010400238,0.00039564137,0.0025850711,0.17677051,2,0
2025-08-27 14:46:00+00:00,long,0,0.0006179588,0.0001831719,0.0035029992,0.17326449,2,0
2025-08-27 14:47:00+00:00,long,0,0.0011631902,0.0009386006,0.00391546,0.18047827,2,0
2025-08-27 14:48:00+00:00,long,0,0.00073986483,0.00038778875,0.002546202,0.17677051,2,0
2025-08-27 14:49:00+00:00,long,0,0.00072858314,0.00070807006,0.0023743086,0.16984807,2,0
2025-08-27 14:50:00+00:00,long,0,0.003976207,0.003094756,0.0074475375,0.24793088,2,0
2025-08-27 14:51:00+00:00,long,0,0.00094254327,0.0005322455,0.004206115,0.18187094,2,0
2025-08-27 14:52:00+00:00,long,0,0.0001377464,0.00031702482,0.0010041475,0.17189743,2,0
2025-08-27 14:53:00+00:00,long,0,9.763651e-05,0.00013409676,0.001266176,0.18350746,2,0
2025-08-27 14:54:00+00:00,long,0,0.00013745368,0.00018291919,0.0018694381,0.18902986,2,0
2025-08-27 14:55:00+00:00,long,0,0.00036214374,0.0004733519,0.0021279915,0.21540849,2,0
2025-08-27 14:56:00+00:00,long,0,0.1849683,0.24833202,0.47311586,0.45442685,2,0
2025-08-27 14:57:00+00:00,long,0,0.0004634649,0.0004237191,0.0055148387,0.18524931,2,0
2025-08-27 14:58:00+00:00,long,0,0.0002711355,0.0002631407,0.0011791942,0.20477895,2,0
2025-08-27 14:59:00+00:00,long,0,0.00038989796,0.00030498407,0.0052087153,0.18695557,2,0
2025-08-27 15:00:00+00:00,long,0,0.004365614,0.009347374,0.045984738,0.34447578,2,0
2025-08-27 15:01:00+00:00,long,0,0.00019493187,0.00065612706,0.00539878,0.18862575,2,0
2025-08-27 15:02:00+00:00,long,0,0.00019862915,0.00032245988,0.002661348,0.2052901,2,0
2025-08-27 15:03:00+00:00,long,0,0.062017206,0.19869748,0.28866315,0.4784012,2,1
2025-08-27 15:04:00+00:00,long,0,0.041180726,0.8509992,0.15878199,0.30621496,1,0
2025-08-27 15:05:00+00:00,long,0,0.0004040616,0.00046515034,0.004292009,0.21320803,2,0
2025-08-27 15:06:00+00:00,long,0,0.0046744356,0.0028839947,0.0038197923,0.17578767,2,0
2025-08-27 15:07:00+00:00,long,0,0.0014177798,0.0017700713,0.0020150996,0.19211908,2,0
2025-08-27 15:08:00+00:00,long,0,0.0014496503,0.0014212284,0.00055238255,0.179375,2,0
2025-08-27 15:09:00+00:00,long,0,0.0009989415,0.0019066574,0.0007780356,0.19091095,2,0
2025-08-27 15:10:00+00:00,long,0,0.0004078201,0.00085606053,0.0021208066,0.19920434,2,0
2025-08-27 15:11:00+00:00,long,0,0.0002741555,0.00064173253,0.0051706294,0.19991629,2,0
2025-08-27 15:12:00+00:00,long,0,0.17612456,0.35136497,0.38468206,0.4824195,2,1
2025-08-27 15:13:00+00:00,long,0,0.007345058,0.008828742,0.028922858,0.37094402,2,0
2025-08-27 15:14:00+00:00,long,0,0.0016083568,0.002247954,0.0018248057,0.18676738,2,0
2025-08-27 15:15:00+00:00,long,0,0.0011438483,0.0019453317,0.004345688,0.20804155,2,0
2025-08-27 15:16:00+00:00,long,0,0.019376243,0.011395057,0.033836763,0.26985553,2,0
2025-08-27 15:17:00+00:00,long,0,0.00715477,0.006594321,0.025438081,0.34332302,2,0
2025-08-27 15:18:00+00:00,long,0,0.0010463374,0.0011106271,0.002273759,0.19722266,2,0
2025-08-27 15:19:00+00:00,long,0,0.026097018,0.05350099,0.10819659,0.35226974,2,0
2025-08-27 15:20:00+00:00,long,0,0.00041635256,0.0006396354,0.0030841306,0.17588656,2,0
2025-08-27 15:21:00+00:00,long,0,0.0018513218,0.0012761051,0.0069493377,0.24406733,2,0
2025-08-27 15:22:00+00:00,long,0,0.00070382754,0.0009622831,0.0013265085,0.25358,2,0
2025-08-27 15:23:00+00:00,long,0,0.00063224323,0.00075335323,0.0015242631,0.25519192,2,0
2025-08-27 15:24:00+00:00,long,0,0.0007675557,0.0011845017,0.0040664594,0.23207434,2,0
2025-08-27 15:25:00+00:00,long,0,0.41307533,0.33874637,0.3373753,0.45194912,2,0
2025-08-27 15:26:00+00:00,long,0,0.0005914822,0.00084280496,0.003252298,0.21653199,2,0
2025-08-27 15:27:00+00:00,long,0,0.0006277795,0.0010043604,0.003134624,0.20067488,2,0
2025-08-27 15:28:00+00:00,long,0,0.011825417,0.010407268,0.031391673,0.26499903,2,0
2025-08-27 15:29:00+00:00,long,0,0.0035818713,0.0016546508,0.009471642,0.22147495,2,0
2025-08-27 15:30:00+00:00,long,0,0.07170451,0.07760588,0.34882304,0.5766611,2,1
2025-08-27 15:31:00+00:00,long,0,0.008581135,0.0035314534,0.020360867,0.21191019,2,0
2025-08-27 15:32:00+00:00,long,0,0.005618494,0.006304923,0.020214079,0.20472603,2,0
2025-08-27 15:33:00+00:00,long,0,0.0033327849,0.0035399562,0.024327526,0.22638343,2,0
2025-08-27 15:34:00+00:00,long,0,0.0020100446,0.0034373573,0.0061664083,0.25211886,2,0
2025-08-27 15:35:00+00:00,long,0,0.0020118628,0.0021613655,0.011790276,0.21019161,2,0
2025-08-27 15:36:00+00:00,long,0,0.0014314518,0.0021592653,0.005346478,0.2066375,2,0
2025-08-27 15:37:00+00:00,long,0,0.0055271573,0.003987607,0.077010915,0.30213198,2,0
2025-08-27 15:38:00+00:00,long,0,0.0057738456,0.008426696,0.010400743,0.25347003,2,0
2025-08-27 15:39:00+00:00,long,0,0.0009827137,0.00307892,0.0028445432,0.20749407,2,0
2025-08-27 15:40:00+00:00,long,0,0.07465261,0.053991813,0.7236545,0.44494128,2,0
2025-08-27 15:41:00+00:00,long,0,0.003629092,0.0026750637,0.024471782,0.19434726,2,0
2025-08-27 15:42:00+00:00,long,0,0.005771115,0.006186294,0.041718382,0.19051357,2,0
2025-08-27 15:43:00+00:00,long,0,0.0075395335,0.008806284,0.059414186,0.18935497,2,0
2025-08-27 15:44:00+00:00,long,0,0.0055169784,0.0058324244,0.038984206,0.19437933,2,0
2025-08-27 15:45:00+00:00,long,1,0.98796034,0.9514122,0.97508913,0.79675597,3,2
2025-08-27 15:46:00+00:00,long,1,0.9890308,0.9726793,0.9532396,0.7916215,3,2
2025-08-27 15:47:00+00:00,long,0,0.06242861,0.051023506,0.091622815,0.37917948,2,0
2025-08-27 15:48:00+00:00,long,0,0.045055795,0.050425984,0.019825704,0.28179476,2,0
2025-08-27 15:49:00+00:00,long,1,0.9846721,0.93755955,0.9303092,0.75966746,3,2
2025-08-27 15:50:00+00:00,long,1,0.9785488,0.95178616,0.88656557,0.75966746,3,2
2025-08-28 14:19:00+00:00,long,0,0.017386585,0.018841982,0.17494689,0.22318225,2,0
2025-08-28 14:20:00+00:00,long,0,0.0022470208,0.00048526385,0.010597418,0.18791671,2,0
2025-08-28 14:21:00+00:00,long,0,0.0025943394,0.001596971,0.0026432024,0.1712346,2,0
2025-08-28 14:22:00+00:00,long,0,0.0069605447,0.0012589835,0.021775614,0.18406273,2,0
2025-08-28 14:23:00+00:00,long,0,0.012898215,0.0027822847,0.010455505,0.19120836,2,0
2025-08-28 14:24:00+00:00,long,0,0.006369634,0.0047230674,0.01262332,0.1886438,2,0
2025-08-28 14:25:00+00:00,long,0,0.0022862474,0.0066639897,0.010174492,0.17577271,2,0
2025-08-28 14:26:00+00:00,long,0,0.012575555,0.00566768,0.01263811,0.17975926,2,0
2025-08-28 14:27:00+00:00,long,0,0.008565381,0.007841745,0.017957589,0.19174087,2,0
2025-08-28 14:28:00+00:00,long,0,0.011554919,0.003199573,0.035076886,0.19338727,2,0
2025-08-28 14:29:00+00:00,long,0,0.0030157093,0.003878949,0.0048214914,0.17084454,2,0
2025-08-28 14:30:00+00:00,long,0,0.0051905257,0.005011221,0.010920993,0.18102501,2,0
2025-08-28 14:31:00+00:00,long,0,0.87197846,0.5379666,0.94168055,0.71029305,3,1
2025-08-28 14:32:00+00:00,long,0,0.004740889,0.002896292,0.0010541541,0.16998388,2,0
2025-08-28 14:33:00+00:00,long,1,0.9741832,0.9959227,0.97152746,0.7298603,2,2
2025-08-28 14:34:00+00:00,long,1,0.97230613,0.99641967,0.96736574,0.62241787,2,1
2025-08-28 14:35:00+00:00,long,0,0.0041026385,0.1621313,0.007193438,0.18103184,1,0
2025-08-28 14:36:00+00:00,long,0,0.05211059,0.80029637,0.33397177,0.21895687,1,0
2025-08-28 14:37:00+00:00,long,0,0.003485118,0.007733196,0.02243485,0.18978374,2,0
2025-08-28 14:38:00+00:00,long,0,0.0034910897,0.0037568253,0.008071706,0.17557816,2,0
2025-08-28 14:39:00+00:00,long,1,0.9747501,0.9286249,0.9399596,0.7165303,3,2
2025-08-28 14:40:00+00:00,long,1,0.9751652,0.99566585,0.94675004,0.605748,2,1
2025-08-28 14:41:00+00:00,long,0,0.017846348,0.554654,0.15772168,0.20831455,1,0
2025-08-28 14:42:00+00:00,long,0,0.0016584465,0.0013186779,0.0029054251,0.17586638,2,0
2025-08-28 14:43:00+00:00,long,0,0.054647233,0.06763659,0.3282788,0.2973539,2,0
2025-08-28 14:44:00+00:00,long,0,0.09026402,0.1024658,0.35631022,0.32783723,2,0
2025-08-28 14:45:00+00:00,long,0,0.0050079743,0.0040483233,0.002279144,0.18704951,2,0
2025-08-28 14:46:00+00:00,long,0,0.0011264521,0.0015939645,0.0026569357,0.17462586,2,0
2025-08-28 14:47:00+00:00,long,0,0.1266781,0.1698785,0.3170491,0.45555106,2,0
2025-08-28 14:48:00+00:00,long,0,0.006568685,0.0032112324,0.0037008265,0.19320814,2,0
2025-08-28 14:49:00+00:00,long,0,0.0017678746,0.0018878793,0.0026615113,0.17417382,2,0
2025-08-28 14:50:00+00:00,long,0,0.0021918516,0.0011533189,0.0031473942,0.17141354,2,0
2025-08-28 14:51:00+00:00,long,1,0.98570585,0.9474523,0.9489559,0.7596651,3,2
2025-08-28 14:52:00+00:00,long,0,0.0014841422,0.00084193365,0.0029272425,0.17373578,2,0
2025-08-28 14:53:00+00:00,long,0,0.0017573535,0.0016733323,0.02009626,0.17596604,2,0
2025-08-28 14:54:00+00:00,long,0,0.0014064888,0.0010035669,0.011362256,0.17719632,2,0
2025-08-28 14:55:00+00:00,long,0,0.0038250447,0.0008613749,0.018445594,0.19026019,2,0
2025-08-28 14:56:00+00:00,long,0,0.0022661942,0.0012419405,0.009348817,0.17875159,2,0
2025-08-28 14:57:00+00:00,long,0,0.0016643662,0.001022023,0.0061268453,0.17607148,2,0
2025-08-28 14:58:00+00:00,long,0,0.00073039683,0.0007078403,0.001873052,0.1700791,2,0
2025-08-28 14:59:00+00:00,long,0,0.0009130255,0.00047177591,0.002120649,0.1707045,2,0
2025-08-28 15:00:00+00:00,long,0,0.0023574918,0.0037514234,0.051643565,0.2057568,2,0
2025-08-28 15:01:00+00:00,long,0,0.0030634955,0.0012132227,0.021633532,0.17310254,2,0
2025-08-28 15:02:00+00:00,long,0,0.0011129031,0.00064376014,0.026987191,0.17339356,2,0
2025-08-28 15:03:00+00:00,long,0,0.0026729258,0.0022887134,0.06622756,0.177707,2,0
2025-08-28 15:04:00+00:00,long,0,0.0021347357,0.00069712166,0.0073964824,0.16933317,2,0
2025-08-28 15:05:00+00:00,long,0,0.0024026646,0.0010596077,0.0052589634,0.17358358,2,0
2025-08-28 15:06:00+00:00,long,0,0.0075364807,0.014467638,0.021394275,0.25215968,2,0
2025-08-28 15:07:00+00:00,long,0,0.001734947,0.0008775343,0.0019783766,0.17203224,2,0
2025-08-28 15:08:00+00:00,long,0,0.003920944,0.0015200214,0.016763682,0.1794378,2,0
2025-08-28 15:09:00+00:00,long,0,0.0007575821,0.0014551211,0.024089051,0.17804098,2,0
2025-08-28 15:10:00+00:00,long,0,0.0010189911,0.00072924444,0.0114882905,0.17307675,2,0
2025-08-28 15:11:00+00:00,long,0,0.0010870799,0.00090046175,0.024902768,0.17699897,2,0
2025-08-28 15:12:00+00:00,long,0,0.00068070256,0.0011934635,0.0030044443,0.17041583,2,0
2025-08-28 15:13:00+00:00,long,0,0.018796321,0.016839016,0.07647978,0.2782041,2,0
2025-08-28 15:14:00+00:00,long,0,0.0012791984,0.0016934292,0.039127134,0.17896181,2,0
2025-08-28 15:15:00+00:00,long,1,0.9890191,0.9981413,0.97123355,0.7495127,2,2
2025-08-28 15:16:00+00:00,long,0,0.06435078,0.64516914,0.1917311,0.30019173,1,0
2025-08-28 15:17:00+00:00,long,0,0.0027150295,0.0028354363,0.021118991,0.21303172,2,0
2025-08-28 15:18:00+00:00,long,0,0.0014484347,0.002032185,0.006216206,0.19484784,2,0
2025-08-28 15:19:00+00:00,long,0,0.0047789672,0.0033476686,0.021739703,0.21693768,2,0
2025-08-28 15:20:00+00:00,long,0,0.0012781126,0.00083905284,0.005409183,0.19545378,2,0
2025-08-28 15:21:00+00:00,long,0,0.024313493,0.027453836,0.099176034,0.45648184,2,0
2025-08-28 15:22:00+00:00,long,0,0.0017929228,0.0008371845,0.0060082613,0.19066644,2,0
2025-08-28 15:23:00+00:00,long,0,0.001976281,0.0014997455,0.02352228,0.17577799,2,0
2025-08-28 15:24:00+00:00,long,0,0.004866085,0.001656746,0.0117802955,0.2109006,2,0
2025-08-28 15:25:00+00:00,long,0,0.012577728,0.014358016,0.04826698,0.26913467,2,0
2025-08-28 15:26:00+00:00,long,1,0.97603333,0.96992594,0.92404175,0.7517576,3,2
2025-08-28 15:27:00+00:00,long,0,0.17783248,0.9676696,0.10186877,0.36493436,1,0
2025-08-28 15:28:00+00:00,long,0,0.0045043244,0.0074638533,0.0029943415,0.19140337,2,0
2025-08-28 15:29:00+00:00,long,0,0.109696224,0.07533856,0.14274852,0.44418272,2,0
2025-08-28 15:30:00+00:00,long,0,0.008131909,0.008206433,0.012988529,0.17959426,2,0
2025-08-28 15:31:00+00:00,long,0,0.0022993684,0.0053951964,0.011077623,0.17342573,2,0
2025-08-28 15:32:00+00:00,long,0,0.12135274,0.106762655,0.36793596,0.27746367,2,0
2025-08-28 15:33:00+00:00,long,0,0.004434182,0.005734766,0.0044092988,0.17735247,2,0
2025-08-28 15:34:00+00:00,long,0,0.0062463866,0.004407296,0.005334636,0.17809819,2,0
2025-08-28 15:35:00+00:00,long,0,0.0030306892,0.0028398577,0.022549987,0.18718593,2,0
2025-08-28 15:36:00+00:00,long,0,0.0035505667,0.0055565843,0.02210449,0.18619524,2,0
2025-08-28 15:37:00+00:00,long,0,0.012730659,0.011419991,0.084614925,0.20845635,2,0
2025-08-28 15:38:00+00:00,long,0,0.022023328,0.025076106,0.111993,0.28876197,2,0
2025-08-28 15:39:00+00:00,long,1,0.98616207,0.9576463,0.9312401,0.75677425,3,2
2025-08-28 15:40:00+00:00,long,0,0.0070822574,0.010351026,0.0049953093,0.17618518,2,0
2025-08-28 15:41:00+00:00,long,1,0.98916936,0.95465696,0.9524631,0.73592836,3,2
2025-08-28 15:42:00+00:00,long,0,0.012010835,0.009418465,0.014559306,0.1741847,2,0
2025-08-28 15:43:00+00:00,long,0,0.006535901,0.0040198443,0.033553213,0.1732667,2,0
2025-08-28 15:44:00+00:00,long,0,0.0036763146,0.0096666915,0.0017020426,0.16933282,2,0
2025-08-28 15:45:00+00:00,long,0,0.008907982,0.033673193,0.002409031,0.20021595,2,0
2025-08-28 15:46:00+00:00,long,1,0.9884327,0.9827099,0.9210485,0.7627075,3,2
2025-08-28 15:47:00+00:00,long,0,0.023503607,0.042467467,0.003032273,0.20429473,2,0
2025-08-28 15:48:00+00:00,long,1,0.9883499,0.9986002,0.9399519,0.672095,2,1
2025-08-28 15:49:00+00:00,long,0,0.25517985,0.981703,0.17694455,0.34340024,1,0
2025-08-28 15:50:00+00:00,long,0,0.009467639,0.57405543,0.0052971793,0.1819244,1,0
2025-08-29 14:19:00+00:00,short,0,0.0026666664,0.010417591,0.0038918548,0.16897859,2,0
2025-08-29 14:20:00+00:00,long,0,0.0038195928,0.014530949,0.013596097,0.19891411,2,0
2025-08-29 14:21:00+00:00,short,0,0.0056622056,0.021979025,0.028566236,0.22010274,2,0
2025-08-29 14:22:00+00:00,long,0,0.0017276675,0.0021273599,0.0022975283,0.1686215,2,0
2025-08-29 14:23:00+00:00,long,0,0.00036823069,0.0012516583,0.0005423408,0.16842483,2,0
2025-08-29 14:24:00+00:00,short,0,0.0012790571,0.007966584,0.008429522,0.1740402,2,0
2025-08-29 14:25:00+00:00,long,0,0.028857121,0.025497705,0.021878615,0.270974,2,0
2025-08-29 14:26:00+00:00,long,0,0.00021287578,0.00073595636,0.00018150148,0.16794617,2,0
2025-08-29 14:27:00+00:00,short,0,0.009532232,0.028257856,0.014963973,0.19248116,2,0
2025-08-29 14:28:00+00:00,long,0,0.0025318735,0.002039113,0.0046036053,0.18343711,2,0
2025-08-29 14:29:00+00:00,short,0,0.0044341334,0.03719404,0.008283799,0.20905745,2,0
2025-08-29 14:30:00+00:00,long,0,0.00045470087,0.0013034579,0.00045495253,0.16822582,2,0
2025-08-29 14:31:00+00:00,short,0,0.0008433592,0.0051533417,0.00809014,0.17601238,2,0
2025-08-29 14:32:00+00:00,short,0,0.0009061654,0.0023617023,0.002244088,0.17429449,2,0
2025-08-29 14:33:00+00:00,long,0,0.0010832616,0.0012552256,0.0010611002,0.16810556,2,0
2025-08-29 14:34:00+00:00,long,0,0.0016121854,0.0021045713,0.008557627,0.17717652,2,0
2025-08-29 14:35:00+00:00,short,0,0.0008047329,0.00302847,0.009448933,0.17531411,2,0
2025-08-29 14:36:00+00:00,long,0,0.01528676,0.03825946,0.114983946,0.2950242,2,0
2025-08-29 14:37:00+00:00,long,0,0.0022519801,0.0035474591,0.0024159164,0.17279811,2,0
2025-08-29 14:38:00+00:00,short,0,0.003202602,0.0083838655,0.006301623,0.17189588,2,0
2025-08-29 14:39:00+00:00,long,0,0.0012257221,0.0012639421,0.0037305362,0.1681884,2,0
2025-08-29 14:40:00+00:00,short,0,0.0005697243,0.0022124357,0.010625603,0.18679,2,0
2025-08-29 14:41:00+00:00,short,0,0.0007945055,0.0016921293,0.0016649036,0.16834386,2,0
2025-08-29 14:42:00+00:00,long,0,0.0013210004,0.003221002,0.017327508,0.19284391,2,0
2025-08-29 14:43:00+00:00,long,0,0.0031680053,0.002770834,0.013587358,0.17881949,2,0
2025-08-29 14:44:00+00:00,short,0,0.002481192,0.003995414,0.0065316116,0.17509848,2,0
2025-08-29 14:45:00+00:00,short,0,0.0015091865,0.0028983802,0.016928034,0.18799669,2,0
2025-08-29 14:46:00+00:00,short,0,0.0010468409,0.002933893,0.013644458,0.18905944,2,0
2025-08-29 14:47:00+00:00,long,0,0.0037028738,0.004301577,0.07018316,0.19433968,2,0
2025-08-29 14:48:00+00:00,short,0,0.0009837581,0.002913343,0.009820128,0.18815207,2,0
2025-08-29 14:49:00+00:00,short,0,0.0010398459,0.0030703829,0.026767835,0.17965059,2,0
2025-08-29 14:50:00+00:00,short,0,0.001823289,0.009135067,0.007504609,0.17322962,2,0
2025-08-29 14:51:00+00:00,short,0,0.0026015183,0.007654899,0.0040629613,0.18135507,2,0
2025-08-29 14:52:00+00:00,short,0,0.009330208,0.007976965,0.009024257,0.20805573,2,0
2025-08-29 14:53:00+00:00,long,0,0.2744929,0.46540043,0.5391424,0.7080477,2,2
2025-08-29 14:54:00+00:00,short,0,0.0022012303,0.003849131,0.06843882,0.20807318,2,0
2025-08-29 14:55:00+00:00,long,0,0.029871373,0.050639223,0.15513188,0.3931248,2,0
2025-08-29 14:56:00+00:00,short,0,0.00032485957,0.0013920943,0.006279176,0.17192428,2,0
2025-08-29 14:57:00+00:00,short,0,0.0017144007,0.0029193384,0.043921534,0.18505202,2,0
2025-08-29 14:58:00+00:00,long,0,0.0072430354,0.7563352,0.14414077,0.3752891,1,0
2025-08-29 14:59:00+00:00,long,0,0.034481328,0.9850348,0.24373761,0.5546666,1,0
2025-08-29 15:00:00+00:00,short,0,0.0011010194,0.004227527,0.0012305481,0.17601293,2,0
2025-08-29 15:01:00+00:00,long,0,0.04927205,0.98946345,0.52282757,0.7040188,1,2
2025-08-29 15:02:00+00:00,short,0,0.0012117369,0.08033249,0.006458507,0.21207352,1,0
2025-08-29 15:03:00+00:00,short,0,0.00056279305,0.0011154297,0.00322295,0.17180015,2,0
2025-08-29 15:04:00+00:00,short,0,0.0003473463,0.00189356,0.00028772317,0.17558861,2,0
2025-08-29 15:05:00+00:00,short,0,0.00029872698,0.000749844,0.00031870155,0.16856419,2,0
2025-08-29 15:06:00+00:00,short,0,0.0002646935,0.00033522834,0.00018881187,0.1738996,2,0
2025-08-29 15:07:00+00:00,long,0,0.13459979,0.20073502,0.6725677,0.61140746,2,1
2025-08-29 15:08:00+00:00,short,0,0.00036094498,0.00072561885,0.00037899145,0.17171736,2,0
2025-08-29 15:09:00+00:00,short,0,0.00036991373,0.00089160533,0.0009443666,0.17393376,2,0
2025-08-29 15:10:00+00:00,short,0,0.00024165383,0.0005203608,0.00037707473,0.17459679,2,0
2025-08-29 15:11:00+00:00,short,0,0.00032271637,0.0010763007,0.0015250478,0.17408456,2,0
2025-08-29 15:12:00+00:00,short,0,0.03533921,0.03219734,0.050818272,0.28110945,2,0
2025-08-29 15:13:00+00:00,short,0,0.0016793613,0.0013257861,0.009431397,0.17780147,2,0
2025-08-29 15:14:00+00:00,short,0,0.0005473556,0.001086293,0.0005683957,0.17113519,2,0
2025-08-29 15:15:00+00:00,short,0,0.00023949682,0.00093961216,0.00020313197,0.16898628,2,0
2025-08-29 15:16:00+00:00,short,0,0.004478063,0.005230394,0.06635102,0.25736022,2,0
2025-08-29 15:17:00+00:00,short,0,0.00021455524,0.0005881456,0.0003089678,0.16860628,2,0
2025-08-29 15:18:00+00:00,short,0,0.00088130246,0.0010694946,0.0051822094,0.17268473,2,0
2025-08-29 15:19:00+00:00,short,0,0.000120095705,0.00039150886,0.000385109,0.17351873,2,0
2025-08-29 15:20:00+00:00,short,0,0.00013183578,0.00063918985,0.00050910556,0.17179836,2,0
2025-08-29 15:21:00+00:00,short,0,0.003811732,0.005145105,0.050581474,0.26711133,2,0
2025-08-29 15:22:00+00:00,short,0,0.00015055477,0.000310822,0.0003639431,0.16854872,2,0
2025-08-29 15:23:00+00:00,short,0,0.00020816672,0.00035835413,0.00016334691,0.16822301,2,0
2025-08-29 15:24:00+00:00,short,0,0.0035360272,0.0036117258,0.022188604,0.22239502,2,0
2025-08-29 15:25:00+00:00,short,0,0.002039943,0.0017549411,0.009948562,0.18212843,2,0
2025-08-29 15:26:00+00:00,short,0,0.008030373,0.00879726,0.02327019,0.24905814,2,0
2025-08-29 15:27:00+00:00,short,0,0.010859788,0.0053752726,0.029046318,0.24321805,2,0
2025-08-29 15:28:00+00:00,short,0,0.00013414818,0.00064766116,0.00021489817,0.16856624,2,0
2025-08-29 15:29:00+00:00,short,0,5.2087493e-05,0.00027043532,0.0001862517,0.16881692,2,0
2025-08-29 15:30:00+00:00,short,0,0.00021109429,0.0012240724,0.00050242577,0.1726857,2,0
2025-08-29 15:31:00+00:00,short,0,0.0001751926,0.0011465804,0.00077333517,0.17483445,2,0
2025-08-29 15:32:00+00:00,short,0,0.0022905716,0.0026990268,0.007159575,0.19768663,2,0
2025-08-29 15:33:00+00:00,short,0,0.007518014,0.008061965,0.021102687,0.22702312,2,0
2025-08-29 15:34:00+00:00,short,0,0.00016600602,0.0006053754,0.00051543984,0.16853583,2,0
2025-08-29 15:35:00+00:00,short,0,6.632867e-05,0.00031636783,0.0001468208,0.16803001,2,0
2025-08-29 15:36:00+00:00,short,0,0.00087424024,0.0015836172,0.002279183,0.17419468,2,0
2025-08-29 15:37:00+00:00,short,0,0.00892922,0.0129099805,0.010676997,0.22780158,2,0
2025-08-29 15:38:00+00:00,short,0,0.0030712383,0.0040798564,0.009839709,0.19916004,2,0
2025-08-29 15:39:00+00:00,short,0,0.00011338359,0.00024234093,0.00023887011,0.16806988,2,0
2025-08-29 15:40:00+00:00,short,0,0.0019741866,0.0009452182,0.008264044,0.17905636,2,0
2025-08-29 15:41:00+00:00,short,0,0.0020826804,0.0035749224,0.003064467,0.17701131,2,0
2025-08-29 15:42:00+00:00,short,0,0.00020709669,0.00039371123,0.00029481627,0.16795446,2,0
2025-08-29 15:43:00+00:00,short,0,0.00046360193,0.0007049603,0.001928587,0.17384629,2,0
2025-08-29 15:44:00+00:00,short,0,0.0003718132,0.0005803317,0.00041069582,0.16834843,2,0
2025-08-29 15:45:00+00:00,short,0,0.00041475435,0.00048657603,0.00033258207,0.16772926,2,0
2025-08-29 15:46:00+00:00,short,0,0.001904237,0.006593032,0.003186716,0.2032265,2,0
2025-08-29 15:47:00+00:00,short,0,0.0007596181,0.0009668187,0.0018778687,0.17412822,2,0
2025-08-29 15:48:00+00:00,short,0,0.0025100317,0.0016955069,0.0039736456,0.17807473,2,0
2025-08-29 15:49:00+00:00,short,0,0.00033635582,0.00046766692,0.0003523563,0.16863598,2,0
2025-08-29 15:50:00+00:00,short,0,0.003077884,0.0066860737,0.012643467,0.2475971,2,0
2025-09-02 14:19:00+00:00,short,0,0.00018979143,0.0020213125,7.858411e-05,0.17002232,2,0
2025-09-02 14:20:00+00:00,short,0,0.0041863606,0.009199829,0.0051902942,0.22201276,2,0
2025-09-02 14:21:00+00:00,short,0,0.0004365087,0.0014267496,0.00021718277,0.1685381,2,0
2025-09-02 14:22:00+00:00,short,0,0.00024260243,0.0004303706,8.1101476e-05,0.16796102,2,0
2025-09-02 14:23:00+00:00,short,0,0.00058582186,0.17422022,0.0011203767,0.1801195,1,0
2025-09-02 14:24:00+00:00,short,0,0.0003308825,0.14065425,0.000719221,0.17327867,1,0
2025-09-02 14:25:00+00:00,short,0,0.0008864681,0.4940132,0.0024374502,0.17720442,1,0
2025-09-02 14:26:00+00:00,short,0,0.00011807177,0.016822139,5.0285806e-05,0.16787809,1,0
2025-09-02 14:27:00+00:00,short,0,0.00029975522,0.02567691,0.00022856507,0.17474222,1,0
2025-09-02 14:28:00+00:00,short,0,0.00023330441,0.042969503,0.000682313,0.17298503,1,0
2025-09-02 14:29:00+00:00,short,0,0.0001445828,0.019563444,0.00036454503,0.1749134,1,0
2025-09-02 14:30:00+00:00,short,0,0.001571125,0.29618093,0.002525427,0.19592185,1,0
2025-09-02 14:31:00+00:00,long,0,0.00016065975,0.05323898,0.00026902554,0.17009856,1,0
2025-09-02 14:32:00+00:00,long,0,0.0005492294,0.73595643,0.0108160665,0.18088107,1,0
2025-09-02 14:33:00+00:00,long,0,0.00039791633,0.005285935,0.007362169,0.17980601,2,0
2025-09-02 14:34:00+00:00,long,0,0.00026971076,0.0016249231,0.00043401917,0.17511402,2,0
2025-09-02 14:35:00+00:00,long,0,0.00074390665,0.0068640118,0.015557415,0.17927474,2,0
2025-09-02 14:36:00+00:00,long,0,0.0011674578,0.0060239644,0.0077754804,0.17995448,2,0
2025-09-02 14:37:00+00:00,short,0,0.0019585516,0.35470366,0.002829291,0.19080897,1,0
2025-09-02 14:38:00+00:00,long,0,0.00015241682,0.073307656,0.00075562595,0.17961977,1,0
2025-09-02 14:39:00+00:00,short,0,0.0004930454,0.17725842,0.0014068077,0.1767078,1,0
2025-09-02 14:40:00+00:00,short,0,4.9585564e-05,0.008085744,0.00019555421,0.17447598,1,0
2025-09-02 14:41:00+00:00,short,0,0.0029410028,0.50654763,0.0034518335,0.21517827,1,0
2025-09-02 14:42:00+00:00,long,1,0.97443074,0.9381819,0.93041646,0.77615184,3,2
2025-09-02 14:43:00+00:00,long,0,0.00030725935,0.0005924572,0.0002564122,0.16837667,2,0
2025-09-02 14:44:00+00:00,long,0,0.002280055,0.00888586,0.020513317,0.20582809,2,0
2025-09-02 14:45:00+00:00,long,0,0.0036889743,0.016593318,0.015668811,0.19370049,2,0
2025-09-02 14:46:00+00:00,long,0,0.0004377158,0.0006639773,0.0005872432,0.17503701,2,0
2025-09-02 14:47:00+00:00,long,0,0.0003276218,0.0007561316,0.00026461072,0.1732629,2,0
2025-09-02 14:48:00+00:00,long,0,0.00027100524,0.0006947486,0.0007027344,0.17425568,2,0
2025-09-02 14:49:00+00:00,long,0,0.00034015407,0.020901892,0.00038580238,0.19678114,1,0
2025-09-02 14:50:00+00:00,short,0,0.00010845927,0.016172314,0.00020594947,0.1860991,1,0
2025-09-02 14:51:00+00:00,long,0,0.00015358275,0.19381261,0.0010823584,0.22490092,1,0
2025-09-02 14:52:00+00:00,long,0,0.00010444125,0.0092530865,0.00038837607,0.1817546,1,0
2025-09-02 14:53:00+00:00,short,0,0.00037913257,0.016404564,0.0006685093,0.17395425,1,0
2025-09-02 14:54:00+00:00,long,0,0.00016612223,0.13199818,0.0017997228,0.1953088,1,0
2025-09-02 14:55:00+00:00,short,0,0.00011354957,0.020321876,0.00030131187,0.19739129,1,0
2025-09-02 14:56:00+00:00,short,0,9.927032e-05,0.015942805,0.00023742489,0.1786818,1,0
2025-09-02 14:57:00+00:00,long,0,0.0006659495,0.77288556,0.017904319,0.22511123,1,0
2025-09-02 14:58:00+00:00,long,0,0.00017006996,0.012584001,0.00065189134,0.17462696,1,0
2025-09-02 14:59:00+00:00,short,0,0.00016009928,0.012972737,0.0009810359,0.17906713,1,0
2025-09-02 15:00:00+00:00,short,0,5.65328e-05,0.015178418,0.00020718537,0.18226023,1,0
2025-09-02 15:01:00+00:00,long,0,7.099177e-05,0.014150385,0.00039865996,0.17664921,1,0
2025-09-02 15:02:00+00:00,long,0,0.0006581606,0.6454586,0.010273653,0.21049209,1,0
2025-09-02 15:03:00+00:00,short,0,0.0020993792,0.47534192,0.0030002638,0.18444975,1,0
2025-09-02 15:04:00+00:00,long,0,0.0042519355,0.8275136,0.12112275,0.26742834,1,0
2025-09-02 15:05:00+00:00,long,0,0.00095389294,0.4038404,0.003378906,0.30486655,1,0
2025-09-02 15:06:00+00:00,short,0,0.0121821975,0.8285375,0.018751439,0.21440734,1,0
2025-09-02 15:07:00+00:00,long,0,0.00020554161,0.026625417,0.0008642618,0.17652738,1,0
2025-09-02 15:08:00+00:00,long,0,0.0004959619,0.14450015,0.0017055252,0.23122613,1,0
2025-09-02 15:09:00+00:00,long,0,0.0033109605,0.7004084,0.023221599,0.29678762,1,0
2025-09-02 15:10:00+00:00,long,0,0.0003273957,0.19662079,0.0013926651,0.20071608,1,0
2025-09-02 15:11:00+00:00,long,0,0.0008619874,0.0023169585,0.0055006854,0.18122737,2,0
2025-09-02 15:12:00+00:00,short,0,0.0022047532,0.36083716,0.0017988664,0.19417095,1,0
2025-09-02 15:13:00+00:00,short,0,0.0005024835,0.035879705,0.0008192581,0.17293419,1,0
2025-09-02 15:14:00+00:00,long,0,0.00092198426,0.27639142,0.0014962843,0.19485791,1,0
2025-09-02 15:15:00+00:00,long,0,0.0016141944,0.7439509,0.0020824713,0.19681774,1,0
2025-09-02 15:16:00+00:00,short,0,0.0055301692,0.34373426,0.002193424,0.17944378,1,0
2025-09-02 15:17:00+00:00,long,0,0.00043048896,0.69677776,0.0040336503,0.19499217,1,0
2025-09-02 15:18:00+00:00,short,0,0.00017968279,0.041709356,0.0006691811,0.18972437,1,0
2025-09-02 15:19:00+00:00,short,0,0.0009244688,0.0819922,0.0010748279,0.17730065,1,0
2025-09-02 15:20:00+00:00,long,0,0.00046040266,0.54045564,0.001833587,0.25226498,1,0
2025-09-02 15:21:00+00:00,short,0,0.029458813,0.9807406,0.301341,0.48673427,1,0
2025-09-02 15:22:00+00:00,short,0,0.001185822,0.18878694,0.0011897723,0.19330777,1,0
2025-09-02 15:23:00+00:00,long,0,0.008412778,0.89481395,0.084118366,0.24676009,1,0
2025-09-02 15:24:00+00:00,long,0,0.005447665,0.89796215,0.04428664,0.31756762,1,0
2025-09-02 15:25:00+00:00,short,0,0.0019479424,0.4690378,0.0027517881,0.18454276,1,0
2025-09-02 15:26:00+00:00,long,0,0.0019666061,0.76369995,0.04425545,0.26369572,1,0
2025-09-02 15:27:00+00:00,short,0,0.0008344563,0.10946999,0.0010098269,0.19979638,1,0
2025-09-02 15:28:00+00:00,short,0,0.0015910888,0.6000582,0.0025268362,0.19141139,1,0
2025-09-02 15:29:00+00:00,short,0,0.00051298324,0.06957938,0.00013902904,0.16961645,1,0
2025-09-02 15:30:00+00:00,short,0,0.05381865,0.9876894,0.19497101,0.61312044,1,0
2025-09-02 15:31:00+00:00,long,0,0.051128965,0.97077405,0.4344218,0.31500235,1,0
2025-09-02 15:32:00+00:00,long,0,0.0004962213,0.070946634,0.00043365813,0.16998339,1,0
2025-09-02 15:33:00+00:00,short,0,0.00049046753,0.10449679,0.00060090853,0.18890421,1,0
2025-09-02 15:34:00+00:00,long,0,0.0004917739,0.06730082,0.0004917333,0.17029648,1,0
2025-09-02 15:35:00+00:00,long,0,0.00042685456,0.43574739,0.0010082138,0.19136505,1,0
2025-09-02 15:36:00+00:00,long,0,0.0003997093,0.0008692253,0.0005572939,0.17347002,2,0
2025-09-02 15:37:00+00:00,short,0,0.0014151252,0.29495874,0.002672565,0.17747246,1,0
2025-09-02 15:38:00+00:00,long,0,0.293135,0.24608545,0.64418745,0.63576007,2,1
2025-09-02 15:39:00+00:00,short,0,0.00026796933,0.000599553,0.00027472773,0.18382193,2,0
2025-09-02 15:40:00+00:00,long,0,0.0006010111,0.025170323,0.0007054822,0.18994282,1,0
2025-09-02 15:41:00+00:00,short,0,0.00049810385,0.038460504,0.00043278802,0.190201,1,0
2025-09-02 15:42:00+00:00,short,0,0.00091621466,0.1485479,0.00268127,0.17870171,1,0
2025-09-02 15:43:00+00:00,short,0,0.06617962,0.98012847,0.23543121,0.43262258,1,0
2025-09-02 15:44:00+00:00,long,0,0.0003630347,0.25271377,0.0007019245,0.19713618,1,0
2025-09-02 15:45:00+00:00,short,0,0.00066293933,0.05205714,0.0007004891,0.18441986,1,0
2025-09-02 15:46:00+00:00,long,0,0.17348897,0.16059366,0.6178441,0.50596875,2,0
2025-09-02 15:47:00+00:00,short,0,0.0008488913,0.075826,0.0006995584,0.19728124,1,0
2025-09-02 15:48:00+00:00,short,0,0.00047086214,0.05220056,0.00018421213,0.18104148,1,0
2025-09-02 15:49:00+00:00,short,0,0.0002686608,0.053608872,0.00020684864,0.1712852,1,0
2025-09-02 15:50:00+00:00,long,0,0.0035174317,0.7374679,0.0012933027,0.28428423,1,0
2025-09-03 14:19:00+00:00,long,0,0.00011920838,0.00011080362,0.001308913,0.17051105,2,0
2025-09-03 14:20:00+00:00,long,0,0.00012020168,8.548856e-05,0.0011868502,0.1704249,2,0
2025-09-03 14:21:00+00:00,long,0,0.000110472254,8.5076164e-05,0.0007523653,0.17158358,2,0
2025-09-03 14:22:00+00:00,long,0,0.00010524746,0.00013338555,0.0017574029,0.17307039,2,0
2025-09-03 14:23:00+00:00,long,0,6.956694e-05,7.22334e-05,0.0029480401,0.17158669,2,0
2025-09-03 14:24:00+00:00,long,0,6.018455e-05,7.1496564e-05,0.0007626779,0.17098676,2,0
2025-09-03 14:25:00+00:00,long,0,0.00010791425,0.00017442838,0.001110661,0.16908193,2,0
2025-09-03 14:26:00+00:00,short,0,8.764312e-05,0.00013971892,0.0019035998,0.16972262,2,0
2025-09-03 14:27:00+00:00,long,0,0.00047169768,0.0025008817,0.0010281095,0.23800874,2,0
2025-09-03 14:28:00+00:00,long,0,5.4872526e-05,0.00016963884,0.0017811414,0.17116183,2,0
2025-09-03 14:29:00+00:00,long,0,6.7957015e-05,0.00011630986,0.00040646497,0.17120403,2,0
2025-09-03 14:30:00+00:00,short,0,0.00015907973,0.0007187325,0.009935659,0.16843075,2,0
2025-09-03 14:31:00+00:00,long,0,4.5430395e-05,6.0818435e-05,0.0005251679,0.1674697,2,0
2025-09-03 14:32:00+00:00,long,0,6.710741e-05,0.00010464222,0.0038924373,0.16869031,2,0
2025-09-03 14:33:00+00:00,long,0,3.9571285e-05,4.943217e-05,0.0017194557,0.16747029,2,0
2025-09-03 14:34:00+00:00,long,0,4.0979136e-05,5.0834777e-05,0.00050797994,0.16733642,2,0
2025-09-03 14:35:00+00:00,long,0,4.843909e-05,6.913614e-05,0.00021929585,0.16731931,2,0
2025-09-03 14:36:00+00:00,long,0,4.2031577e-05,6.4494525e-05,0.0012489746,0.16748887,2,0
2025-09-03 14:37:00+00:00,long,0,6.8029316e-05,8.9447625e-05,0.001012178,0.168763,2,0
2025-09-03 14:38:00+00:00,long,0,4.785694e-05,6.813202e-05,0.00028301022,0.16729255,2,0
2025-09-03 14:39:00+00:00,long,0,4.5238787e-05,7.5519434e-05,0.00048120483,0.16876136,2,0
2025-09-03 14:40:00+00:00,long,0,6.814424e-05,0.00028323833,0.0007975868,0.1710121,2,0
2025-09-03 14:41:00+00:00,short,0,6.2296785e-05,0.00030402202,0.0011558413,0.16953258,2,0
2025-09-03 14:42:00+00:00,long,0,5.2852643e-05,0.00022138578,0.0007052278,0.17114128,2,0
2025-09-03 14:43:00+00:00,short,0,5.024779e-05,0.00029977292,0.0012406211,0.17041141,2,0
2025-09-03 14:44:00+00:00,long,0,0.0051298407,0.8055671,0.0019708185,0.1806487,1,0
2025-09-03 14:45:00+00:00,long,0,0.004033857,0.87494385,0.0027449504,0.19423132,1,0
2025-09-03 14:46:00+00:00,long,0,0.0006308477,0.36683807,0.00075127516,0.17259993,1,0
2025-09-03 14:47:00+00:00,long,0,0.00060002203,0.1434915,0.0005246664,0.16921271,1,0
2025-09-03 14:48:00+00:00,long,0,0.00013180863,0.027907643,0.0008173271,0.17286624,1,0
2025-09-03 14:49:00+00:00,short,0,0.00025782568,0.052053586,0.0014191996,0.17124702,1,0
2025-09-03 14:50:00+00:00,long,0,0.00028738295,0.03554184,0.0003896219,0.17072965,1,0
2025-09-03 14:51:00+00:00,long,0,0.00015711639,0.018322458,0.00022835923,0.16798349,1,0
2025-09-03 14:52:00+00:00,short,0,0.00024440727,0.00041635375,0.0016127188,0.1708426,2,0
2025-09-03 14:53:00+00:00,long,0,0.00014597486,0.00024687036,0.00012771582,0.16780303,2,0
2025-09-03 14:54:00+00:00,long,0,0.00012870264,0.017432166,0.0004251135,0.1676123,1,0
2025-09-03 14:55:00+00:00,short,0,0.0050224913,0.006452607,0.015240326,0.18544388,2,0
2025-09-03 14:56:00+00:00,short,0,0.00031599074,0.00053895306,0.002685475,0.17209028,2,0
2025-09-03 14:57:00+00:00,long,0,0.00035883154,0.0015658664,0.00086284283,0.18370454,2,0
2025-09-03 14:58:00+00:00,long,0,0.0016039342,0.8025543,0.004093622,0.22447395,1,0
2025-09-03 14:59:00+00:00,long,0,0.00017517355,0.029094502,0.0001252742,0.16822626,1,0
2025-09-03 15:00:00+00:00,long,0,0.0002616754,0.04404863,0.00018108333,0.16806228,1,0
2025-09-03 15:01:00+00:00,short,0,0.002792286,0.0031378397,0.013333275,0.172536,2,0
2025-09-03 15:02:00+00:00,short,0,0.0016658461,0.0024162796,0.012130977,0.18460648,2,0
2025-09-03 15:03:00+00:00,long,0,0.00012598145,0.0002534283,0.0001336789,0.16747546,2,0
2025-09-03 15:04:00+00:00,short,0,0.00020917488,0.0003488809,0.0022059588,0.17294611,2,0
2025-09-03 15:05:00+00:00,long,0,0.00043794143,0.0027189106,0.00078506535,0.19852014,2,0
2025-09-03 15:06:00+00:00,long,0,0.0021755404,0.853056,0.0050223796,0.26008108,1,0
2025-09-03 15:07:00+00:00,long,0,0.00019475464,0.03708685,0.00019840637,0.16872679,1,0
2025-09-03 15:08:00+00:00,short,0,0.00025144292,0.0005596739,0.0016666886,0.17313766,2,0
2025-09-03 15:09:00+00:00,long,0,0.000283744,0.05725956,0.00039192167,0.1712663,1,0
2025-09-03 15:10:00+00:00,long,0,0.00032798242,0.14297652,0.00054330006,0.17411323,1,0
2025-09-03 15:11:00+00:00,long,0,0.00039658428,0.1062656,0.0005927295,0.17313366,1,0
2025-09-03 15:12:00+00:00,short,0,0.0013097877,0.113207735,0.0036193305,0.1909516,1,0
2025-09-03 15:13:00+00:00,long,0,0.0003213627,0.06611558,0.00042583363,0.16861822,1,0
2025-09-03 15:14:00+00:00,long,0,0.0009826106,0.5489228,0.0023368986,0.19727159,1,0
2025-09-03 15:15:00+00:00,short,0,0.00034953537,0.071889974,0.0016648283,0.17259628,1,0
2025-09-03 15:16:00+00:00,long,0,0.00010816852,0.0002988062,0.00013970186,0.16770065,2,0
2025-09-03 15:17:00+00:00,long,0,0.002374991,0.7675816,0.002020425,0.23578508,1,0
2025-09-03 15:18:00+00:00,long,0,0.00013689621,0.028706985,0.0001639125,0.16828547,1,0
2025-09-03 15:19:00+00:00,short,0,0.00041459504,0.00041911975,0.0013683216,0.17187436,2,0
2025-09-03 15:20:00+00:00,long,0,4.323666e-05,0.0003400435,0.00013529057,0.16760455,2,0
2025-09-03 15:21:00+00:00,long,0,4.6258756e-05,0.0002288442,0.00020498755,0.16790621,2,0
2025-09-03 15:22:00+00:00,long,0,3.7444097e-05,0.00021638781,0.00014032963,0.16741328,2,0
2025-09-03 15:23:00+00:00,long,0,6.499289e-05,0.0002500718,0.0004352431,0.16742091,2,0
2025-09-03 15:24:00+00:00,long,0,0.003923442,0.7858474,0.003942387,0.21348993,1,0
2025-09-03 15:25:00+00:00,long,0,9.0942514e-05,0.019083988,0.000115062656,0.16831966,1,0
2025-09-03 15:26:00+00:00,short,0,0.00013114855,0.00048598152,0.0013822765,0.17193057,2,0
2025-09-03 15:27:00+00:00,long,0,5.9347098e-05,0.00017352808,0.00022466942,0.16814238,2,0
2025-09-03 15:28:00+00:00,long,0,0.00013732792,0.0002974039,0.00047348134,0.16778255,2,0
2025-09-03 15:29:00+00:00,short,0,0.00047517556,0.0016033006,0.0021694265,0.1711135,2,0
2025-09-03 15:30:00+00:00,long,0,0.0001695913,0.0010493806,0.00066415704,0.17372505,2,0
2025-09-03 15:31:00+00:00,long,0,5.5121487e-05,0.00023689553,0.0003967938,0.17081642,2,0
2025-09-03 15:32:00+00:00,short,0,7.289749e-05,0.0003541543,0.0006168169,0.1727488,2,0
2025-09-03 15:33:00+00:00,long,0,0.001291005,0.6707752,0.0019783569,0.1961592,1,0
2025-09-03 15:34:00+00:00,short,0,0.00036401805,0.000783469,0.0024872737,0.17538346,2,0
2025-09-03 15:35:00+00:00,long,0,0.00012631055,0.00038827982,0.00051982683,0.16757534,2,0
2025-09-03 15:36:00+00:00,long,0,6.8953166e-05,0.0003040852,0.00014538283,0.16765635,2,0
2025-09-03 15:37:00+00:00,long,0,7.232983e-05,0.00034966803,0.00017333493,0.16758482,2,0
2025-09-03 15:38:00+00:00,short,0,0.00060128723,0.0012539356,0.0027641566,0.17242002,2,0
2025-09-03 15:39:00+00:00,long,0,0.000108982305,0.0005767764,0.00017470817,0.16761243,2,0
2025-09-03 15:40:00+00:00,short,0,0.00013887654,0.0010384956,0.00063103985,0.17208044,2,0
2025-09-03 15:41:00+00:00,long,0,0.012297676,0.94371,0.015989102,0.2332964,1,0
2025-09-03 15:42:00+00:00,long,0,0.0010855058,0.7632023,0.0018091422,0.19384612,1,0
2025-09-03 15:43:00+00:00,long,0,0.00016274804,0.039995696,0.00076055323,0.16822064,1,0
2025-09-03 15:44:00+00:00,short,0,0.00045253278,0.084562175,0.002912091,0.17324615,1,0
2025-09-03 15:45:00+00:00,long,0,0.00020706016,0.035794705,0.00041022236,0.16801502,1,0
2025-09-03 15:46:00+00:00,long,0,0.00013292072,0.0008415823,0.00024473187,0.16828068,2,0
2025-09-03 15:47:00+00:00,short,0,0.00020010292,0.000692221,0.00048229037,0.1725113,2,0
2025-09-03 15:48:00+00:00,short,0,0.000745604,0.0024197083,0.0017160908,0.17379744,2,0
2025-09-03 15:49:00+00:00,long,0,0.00057077606,0.005702343,0.0005001687,0.18799172,2,0
2025-09-03 15:50:00+00:00,short,0,0.0012858118,0.005230238,0.0014641302,0.17769425,2,0
2025-09-04 14:19:00+00:00,long,0,0.005154816,0.0023842892,0.0007734973,0.18949425,2,0
2025-09-04 14:20:00+00:00,long,0,0.06906784,0.08646635,0.17472196,0.58064365,2,1
2025-09-04 14:21:00+00:00,long,0,0.0003657744,0.0040028743,0.0040055765,0.19106472,2,0
2025-09-04 14:22:00+00:00,long,0,0.00019878698,0.00045810215,0.0006146471,0.2592672,2,0
2025-09-04 14:23:00+00:00,long,0,0.026420072,0.014497222,0.0658359,0.46542,2,1
2025-09-04 14:24:00+00:00,long,0,0.040563066,0.033688873,0.15065423,0.54606915,2,1
2025-09-04 14:25:00+00:00,long,0,0.05268662,0.013641466,0.1880329,0.5041178,2,1
2025-09-04 14:26:00+00:00,long,0,0.09750306,0.06638564,0.27811947,0.54175764,2,1
2025-09-04 14:27:00+00:00,long,0,0.00036230707,0.00016451596,0.00036796628,0.17571622,2,0
2025-09-04 14:28:00+00:00,long,0,0.2710114,0.090792924,0.8430579,0.5880284,2,1
2025-09-04 14:29:00+00:00,long,0,0.00021176497,0.00023917094,0.00024151379,0.18362294,2,0
2025-09-04 14:30:00+00:00,long,0,0.00020926243,0.00014852885,0.00018137417,0.16902448,2,0
2025-09-04 14:31:00+00:00,long,0,0.00051556167,0.0003537622,0.003484265,0.18043011,2,0
2025-09-04 14:32:00+00:00,long,0,0.32411352,0.10355629,0.7769508,0.6697704,2,1
2025-09-04 14:33:00+00:00,long,0,0.0010321357,0.001705945,0.019206135,0.2101873,2,0
2025-09-04 14:34:00+00:00,long,0,0.0001395465,7.712279e-05,0.00026490758,0.16896988,2,0
2025-09-04 14:35:00+00:00,long,0,0.00023544676,0.00017956443,0.00043087115,0.16892709,2,0
2025-09-04 14:36:00+00:00,long,0,8.5169675e-05,0.00011593493,0.00023421197,0.16838968,2,0
2025-09-04 14:37:00+00:00,long,0,0.4409456,0.32779443,0.83728987,0.6943962,2,2
2025-09-04 14:38:00+00:00,long,0,0.00027628115,0.00050766295,0.0011592966,0.16971292,2,0
2025-09-04 14:39:00+00:00,long,0,0.04569303,0.061831754,0.3678423,0.41126326,2,0
2025-09-04 14:40:00+00:00,long,0,0.008552413,0.021578671,0.035065856,0.44257995,2,1
2025-09-04 14:41:00+00:00,long,0,0.00023215299,0.0010266472,0.002165019,0.18465178,2,0
2025-09-04 14:42:00+00:00,long,0,0.0062690144,0.0066868975,0.008946753,0.20799047,2,0
2025-09-04 14:43:00+00:00,long,0,0.0043241912,0.011555655,0.010790516,0.3603944,2,0
2025-09-04 14:44:00+00:00,long,0,0.002396446,0.009209579,0.016562385,0.45387998,2,1
2025-09-04 14:45:00+00:00,long,0,0.0006774986,0.0017749022,0.0023691042,0.17317249,2,0
2025-09-04 14:46:00+00:00,long,0,0.0003973345,0.0015562272,0.0018278882,0.1971417,2,0
2025-09-04 14:47:00+00:00,long,0,0.0009406713,0.0014477775,0.004460509,0.20306747,2,0
2025-09-04 14:48:00+00:00,long,0,0.0053676856,0.010756142,0.016032727,0.4250532,2,1
2025-09-04 14:49:00+00:00,long,0,0.22474493,0.468669,0.674506,0.71224385,2,2
2025-09-04 14:50:00+00:00,long,0,0.00059953757,0.0018135443,0.0055407924,0.19898152,2,0
2025-09-04 14:51:00+00:00,long,0,0.00027888795,0.00021585329,0.0004403625,0.16891383,2,0
2025-09-04 14:52:00+00:00,long,0,0.00017689941,0.00032555126,0.00055827666,0.17072402,2,0
2025-09-04 14:53:00+00:00,long,0,0.067471646,0.0137201445,0.2128998,0.33067143,2,0
2025-09-04 14:54:00+00:00,long,0,0.0010449373,0.0007207638,0.0014047867,0.17391247,2,0
2025-09-04 14:55:00+00:00,long,0,0.001295016,0.0009004437,0.0029246134,0.17442596,2,0
2025-09-04 14:56:00+00:00,long,0,0.0005527868,0.0007191717,0.0037544325,0.17411292,2,0
2025-09-04 14:57:00+00:00,long,0,0.0004997077,0.0005544445,0.003919266,0.1739288,2,0
2025-09-04 14:58:00+00:00,long,0,0.030190794,0.028425291,0.027882235,0.38684377,2,0
2025-09-04 14:59:00+00:00,long,0,0.00089464796,0.00090339605,0.007920028,0.17490469,2,0
2025-09-04 15:00:00+00:00,long,0,0.00047908418,0.00061781507,0.0004988496,0.1710996,2,0
2025-09-04 15:01:00+00:00,long,0,0.0007742635,0.0024218848,0.0051525077,0.1749991,2,0
2025-09-04 15:02:00+00:00,long,0,0.018857345,0.013294563,0.14544785,0.37726513,2,0
2025-09-04 15:03:00+00:00,long,0,0.00028301319,0.00028047131,0.0008299236,0.16957124,2,0
2025-09-04 15:04:00+00:00,long,0,0.001772885,0.0015810025,0.016113892,0.1956193,2,0
2025-09-04 15:05:00+00:00,long,0,0.0007963751,0.0011048676,0.0025038882,0.17619906,2,0
2025-09-04 15:06:00+00:00,long,0,0.0057933214,0.01128362,0.037087284,0.24448013,2,0
2025-09-04 15:07:00+00:00,long,0,0.008048941,0.0111652315,0.058786463,0.23180199,2,0
2025-09-04 15:08:00+00:00,long,0,0.4056896,0.22804336,0.7221761,0.73920864,2,2
2025-09-04 15:09:00+00:00,long,0,0.00055037,0.0005705541,0.00085973984,0.1718458,2,0
2025-09-04 15:10:00+00:00,long,0,0.00050327077,0.0014666085,0.0013930771,0.17151326,2,0
2025-09-04 15:11:00+00:00,long,0,0.022603082,0.03279568,0.2482812,0.39561382,2,0
2025-09-04 15:12:00+00:00,long,0,0.0015381983,0.004161898,0.0128899375,0.20001315,2,0
2025-09-04 15:13:00+00:00,long,0,0.43867517,0.2671117,0.8539115,0.72655326,2,2
2025-09-04 15:14:00+00:00,long,0,0.004938255,0.005109054,0.012600923,0.19866239,2,0
2025-09-04 15:15:00+00:00,long,0,0.005650767,0.0074064415,0.012162932,0.20774114,2,0
2025-09-04 15:16:00+00:00,long,0,0.0014409717,0.0039657135,0.002017578,0.17972088,2,0
2025-09-04 15:17:00+00:00,long,0,0.000949209,0.0010035664,0.0006931016,0.17137514,2,0
2025-09-04 15:18:00+00:00,long,0,0.009360532,0.008451019,0.019976893,0.21607554,2,0
2025-09-04 15:19:00+00:00,long,0,0.04217116,0.05724793,0.031448476,0.37192607,2,0
2025-09-04 15:20:00+00:00,long,0,0.007122376,0.00963808,0.025586234,0.24173518,2,0
2025-09-04 15:21:00+00:00,long,0,0.0005000548,0.00048733494,0.0005371765,0.17218064,2,0
2025-09-04 15:22:00+00:00,long,0,0.062403522,0.040643997,0.079803735,0.41423926,2,0
2025-09-04 15:23:00+00:00,long,0,0.013169904,0.028735125,0.25887454,0.29562986,2,0
2025-09-04 15:24:00+00:00,long,0,0.00067217054,0.0012316897,0.00048629296,0.17728133,2,0
2025-09-04 15:25:00+00:00,long,0,0.00072183827,0.00091908465,0.0006853917,0.17284775,2,0
2025-09-04 15:26:00+00:00,long,0,0.040303744,0.060327157,0.052008122,0.30597946,2,0
2025-09-04 15:27:00+00:00,long,0,0.0004868611,0.0013031437,0.00095678424,0.18138506,2,0
2025-09-04 15:28:00+00:00,long,0,0.0006398707,0.0023207632,0.00092624273,0.19052269,2,0
2025-09-04 15:29:00+00:00,long,0,0.0004528245,0.0022610074,0.0016776329,0.18011458,2,0
2025-09-04 15:30:00+00:00,long,0,0.10576403,0.14500453,0.08272469,0.4312546,2,0
2025-09-04 15:31:00+00:00,long,0,0.0031855076,0.0033175317,0.008525459,0.20310895,2,0
2025-09-04 15:32:00+00:00,long,0,0.0027744027,0.00859832,0.0008711702,0.17800874,2,0
2025-09-04 15:33:00+00:00,long,0,0.06068953,0.0830794,0.070300184,0.44876468,2,0
2025-09-04 15:34:00+00:00,long,0,0.0014896769,0.0010320338,0.0066227983,0.1807432,2,0
2025-09-04 15:35:00+00:00,long,0,0.0018379575,0.0037773184,0.00047863502,0.17756756,2,0
2025-09-04 15:36:00+00:00,long,0,0.007603685,0.010482041,0.06178605,0.231162,2,0
2025-09-04 15:37:00+00:00,long,0,0.001531305,0.0015853824,0.005142752,0.19410437,2,0
2025-09-04 15:38:00+00:00,long,0,0.0008159038,0.000737818,0.002359333,0.17607407,2,0
2025-09-04 15:39:00+00:00,long,0,0.0020785984,0.0059086736,0.0025840963,0.1754147,2,0
2025-09-04 15:40:00+00:00,long,0,0.0006157265,0.0004387161,0.00052439136,0.1706336,2,0
2025-09-04 15:41:00+00:00,long,0,0.0021738436,0.0041363714,0.002936571,0.17561172,2,0
2025-09-04 15:42:00+00:00,long,0,0.00074516033,0.0011344246,0.0023241928,0.17669402,2,0
2025-09-04 15:43:00+00:00,long,0,0.0010353951,0.0037207152,0.0008204225,0.17268427,2,0
2025-09-04 15:44:00+00:00,long,0,0.00037814715,0.0017684747,0.00086782797,0.17408812,2,0
2025-09-04 15:45:00+00:00,long,0,0.00892151,0.009877407,0.040249083,0.36426452,2,0
2025-09-04 15:46:00+00:00,long,0,0.0007053579,0.00036340608,0.0006937942,0.17048816,2,0
2025-09-04 15:47:00+00:00,long,0,0.061938122,0.078967266,0.1341336,0.45529687,2,1
2025-09-04 15:48:00+00:00,long,0,0.04061267,0.032076802,0.094946474,0.42435765,2,0
2025-09-04 15:49:00+00:00,long,0,0.0025562965,0.004142233,0.013587243,0.22990511,2,0
2025-09-04 15:50:00+00:00,long,0,0.00038890736,0.00017144399,0.00033232375,0.16927463,2,0
2025-09-05 14:19:00+00:00,short,0,0.14484894,0.09866398,0.5267887,0.58599275,2,1
2025-09-05 14:20:00+00:00,short,1,0.9707521,0.94789785,0.95233387,0.77967715,3,2
2025-09-05 14:21:00+00:00,short,0,0.10888525,0.04619582,0.33791262,0.5671552,2,1
2025-09-05 14:22:00+00:00,short,0,0.06599694,0.10241196,0.3322564,0.58216447,2,1
2025-09-05 14:23:00+00:00,short,0,0.059661858,0.05778641,0.3765831,0.5740365,2,1
2025-09-05 14:24:00+00:00,short,0,0.0037254428,0.01193855,0.012796204,0.39906064,2,0
2025-09-05 14:25:00+00:00,short,0,0.09733519,0.25860938,0.3832904,0.6012199,2,1
2025-09-05 14:26:00+00:00,long,0,0.27681538,0.9979054,0.40648472,0.72172767,1,2
2025-09-05 14:27:00+00:00,long,0,0.0006964009,0.80569804,0.0003626969,0.19983773,1,0
2025-09-05 14:28:00+00:00,long,0,0.0020362623,0.8766489,0.0005595013,0.1968201,1,0
2025-09-05 14:29:00+00:00,long,0,0.00025642416,0.1466753,0.00017998542,0.16794777,1,0
2025-09-05 14:30:00+00:00,long,1,0.9837504,0.9984257,0.9669601,0.80225325,2,2
2025-09-05 14:31:00+00:00,long,0,0.0003755152,0.6290544,0.00035482243,0.1774581,1,0
2025-09-05 14:32:00+00:00,short,0,0.0013490533,0.27473342,0.00068529276,0.17309044,1,0
2025-09-05 14:33:00+00:00,short,0,0.24727994,0.99151284,0.3598962,0.6794167,1,2
2025-09-05 14:34:00+00:00,long,0,0.0006623009,0.34907392,0.0008305526,0.17294781,1,0
2025-09-05 14:35:00+00:00,short,0,0.0071393643,0.37889305,0.018777598,0.22526519,1,0
2025-09-05 14:36:00+00:00,long,0,0.0029746154,0.9585462,0.0022856253,0.24966936,1,0
2025-09-05 14:37:00+00:00,short,0,0.0047367713,0.6152427,0.019393293,0.26002577,1,0
2025-09-05 14:38:00+00:00,long,0,0.00030605774,0.29072484,0.00045853973,0.17937498,1,0
2025-09-05 14:39:00+00:00,short,1,0.9789165,0.9960639,0.8777662,0.7600805,2,2
2025-09-05 14:40:00+00:00,long,0,0.0023610159,0.98821706,0.0061087008,0.2443326,1,0
2025-09-05 14:41:00+00:00,short,0,0.00018298163,0.19083959,0.00017940528,0.1744808,1,0
2025-09-05 14:42:00+00:00,long,0,0.00017670283,0.82574993,0.00037006734,0.17704125,1,0
2025-09-05 14:43:00+00:00,long,0,0.00023168421,0.8452978,0.00056696543,0.18233432,1,0
2025-09-05 14:44:00+00:00,short,0,0.5950286,0.99688596,0.76127636,0.7162709,1,2
2025-09-05 14:45:00+00:00,long,1,0.96923447,0.9978326,0.9782682,0.80663157,2,2
2025-09-05 14:46:00+00:00,long,0,0.000112063324,0.18941097,0.0007426278,0.16804953,1,0
2025-09-05 14:47:00+00:00,long,0,8.7879205e-05,0.1441802,0.00064654765,0.16780712,1,0
2025-09-05 14:48:00+00:00,long,0,0.00013404153,0.5239081,0.00021479452,0.17375909,1,0
2025-09-05 14:49:00+00:00,long,0,0.000150337,0.87129474,0.00091450784,0.1822151,1,0
2025-09-05 14:50:00+00:00,long,0,0.00013163692,0.219991,0.00017348392,0.17353658,1,0
2025-09-05 14:51:00+00:00,long,0,0.2215075,0.9942967,0.684999,0.7744708,1,2
2025-09-05 14:52:00+00:00,long,0,0.00015477724,0.13716131,0.00026749913,0.16774638,1,0
2025-09-05 14:53:00+00:00,long,0,8.966728e-05,0.23033579,0.00023544495,0.18186653,1,0
2025-09-05 14:54:00+00:00,short,0,0.00022259435,0.16153312,0.00072673574,0.18247998,1,0
2025-09-05 14:55:00+00:00,long,0,0.0054207337,0.9857379,0.04787993,0.39450994,1,0
2025-09-05 14:56:00+00:00,long,0,0.00014975542,0.1602222,0.00018965412,0.17085123,1,0
2025-09-05 14:57:00+00:00,short,0,0.00022877155,0.14925765,0.0009768496,0.17381626,1,0
2025-09-05 14:58:00+00:00,long,0,0.00014358015,0.45032862,0.000255862,0.17837112,1,0
2025-09-05 14:59:00+00:00,short,1,0.9755672,0.99692315,0.8751538,0.67189425,2,1
2025-09-05 15:00:00+00:00,short,0,0.004463985,0.7606613,0.019509614,0.2525352,1,0
2025-09-05 15:01:00+00:00,long,0,0.0032545836,0.97257406,0.0022496083,0.19025226,1,0
2025-09-05 15:02:00+00:00,short,0,9.6796524e-05,0.08158426,0.000100460304,0.16740377,1,0
2025-09-05 15:03:00+00:00,short,0,0.00010809779,0.04155472,6.832911e-05,0.1677344,1,0
2025-09-05 15:04:00+00:00,long,0,0.18225414,0.9936395,0.22369419,0.6645002,1,2
2025-09-05 15:05:00+00:00,long,0,0.0002602832,0.20261273,0.00028694325,0.17816113,1,0
2025-09-05 15:06:00+00:00,long,0,0.0002210953,0.18452,0.0002652159,0.18869728,1,0
2025-09-05 15:07:00+00:00,short,0,0.02481185,0.9069249,0.041459553,0.35280454,1,0
2025-09-05 15:08:00+00:00,short,0,0.0056107813,0.7874656,0.02045752,0.3653582,1,0
2025-09-05 15:09:00+00:00,long,0,0.047870357,0.9871788,0.03649458,0.39933658,1,0
2025-09-05 15:10:00+00:00,long,0,0.00019397665,0.19318768,0.00023844824,0.18282469,1,0
2025-09-05 15:11:00+00:00,long,0,0.0001848859,0.1497809,0.0002392875,0.17285126,1,0
2025-09-05 15:12:00+00:00,long,0,0.00020674491,0.09173945,0.0001283388,0.16772811,1,0
2025-09-05 15:13:00+00:00,long,0,0.00017264232,0.493691,0.00023616034,0.17039984,1,0
2025-09-05 15:14:00+00:00,long,0,0.0002546847,0.16577901,0.00024407987,0.17344756,1,0
2025-09-05 15:15:00+00:00,short,0,0.0006794397,0.19822593,0.0005926207,0.2762682,1,0
2025-09-05 15:16:00+00:00,long,0,0.11465072,0.9919613,0.416368,0.5807285,1,1
2025-09-05 15:17:00+00:00,long,0,0.00023836664,0.098656215,0.00026346432,0.18823631,1,0
2025-09-05 15:18:00+00:00,long,0,0.0019929553,0.9100276,0.0014735726,0.27253023,1,0
2025-09-05 15:19:00+00:00,short,1,0.9515688,0.99611795,0.8252466,0.7594237,2,2
2025-09-05 15:20:00+00:00,short,0,0.0026390336,0.83144957,0.01139424,0.32689855,1,0
2025-09-05 15:21:00+00:00,long,0,0.00021055095,0.5357167,0.00033517912,0.18010269,1,0
2025-09-05 15:22:00+00:00,long,0,0.00027497223,0.6329428,0.0005032466,0.19080402,1,0
2025-09-05 15:23:00+00:00,short,0,0.006868681,0.95390683,0.012458884,0.31870088,1,0
2025-09-05 15:24:00+00:00,long,0,0.24948727,0.9873931,0.7616602,0.6791714,1,2
2025-09-05 15:25:00+00:00,short,0,0.1605162,0.987427,0.7761859,0.73284596,1,2
2025-09-05 15:26:00+00:00,short,0,0.0005108468,0.14132157,0.0015538625,0.2686623,1,0
2025-09-05 15:27:00+00:00,short,0,0.0002553468,0.11919388,0.0018380003,0.26873115,1,0
2025-09-05 15:28:00+00:00,short,0,0.093301326,0.9909332,0.43284294,0.6738014,1,1
2025-09-05 15:29:00+00:00,long,0,0.00022813964,0.5330143,0.00073119043,0.17786193,1,0
2025-09-05 15:30:00+00:00,short,0,0.10185361,0.9939672,0.5448421,0.6822307,1,1
2025-09-05 15:31:00+00:00,long,0,0.0031876748,0.96602225,0.049571935,0.27160355,1,0
2025-09-05 15:32:00+00:00,short,0,0.0014154352,0.8573355,0.046238165,0.37581563,1,0
2025-09-05 15:33:00+00:00,short,0,0.0006727271,0.25809646,0.0030935276,0.26544768,1,0
2025-09-05 15:34:00+00:00,long,0,0.00071033894,0.9185219,0.0052465284,0.18805902,1,0
2025-09-05 15:35:00+00:00,long,0,0.00024090159,0.6074086,0.0006611928,0.18281783,1,0
2025-09-05 15:36:00+00:00,short,0,0.00016855469,0.037013985,0.00025026978,0.20145774,1,0
2025-09-05 15:37:00+00:00,short,0,0.023287633,0.98628116,0.13340797,0.46922502,1,1
2025-09-05 15:38:00+00:00,long,0,0.065478735,0.9867458,0.49121758,0.60702246,1,1
2025-09-05 15:39:00+00:00,long,0,0.1126917,0.9884403,0.6416932,0.6997923,1,2
2025-09-05 15:40:00+00:00,long,0,4.958627e-05,0.05416555,0.00040783468,0.18799365,1,0
2025-09-05 15:41:00+00:00,long,0,6.0299615e-05,0.18302049,0.00036113962,0.21940167,1,0
2025-09-05 15:42:00+00:00,short,0,0.15170097,0.9922395,0.68586785,0.70110625,1,1
2025-09-05 15:43:00+00:00,short,0,0.0002754621,0.06479873,0.0006819067,0.30416402,1,0
2025-09-05 15:44:00+00:00,long,0,5.022901e-05,0.026571928,0.00032208534,0.17013429,1,0
2025-09-05 15:45:00+00:00,short,0,9.353284e-05,0.04514333,0.0001288452,0.16909449,1,0
2025-09-05 15:46:00+00:00,long,0,3.186211e-05,0.025607055,0.0004052938,0.16774358,1,0
2025-09-05 15:47:00+00:00,short,0,0.00028931198,0.21212143,0.0023713503,0.18419074,1,0
2025-09-05 15:48:00+00:00,short,0,0.00013217008,0.04272094,0.000309587,0.17286676,1,0
2025-09-05 15:49:00+00:00,short,0,0.00015408853,0.028762767,7.980547e-05,0.16780214,1,0
2025-09-05 15:50:00+00:00,short,0,0.082374685,0.99362385,0.73184705,0.56636864,1,0
2025-09-08 14:19:00+00:00,short,0,0.00031284572,0.018855656,0.0008787132,0.22466129,1,0
2025-09-08 14:20:00+00:00,long,0,0.00019832504,0.04698682,0.0003707653,0.26011002,1,0
2025-09-08 14:21:00+00:00,short,0,0.00011791369,0.01436104,0.00022240341,0.17152448,1,0
2025-09-08 14:22:00+00:00,short,0,0.00010702219,0.010783204,0.00011472599,0.17100018,1,0
2025-09-08 14:23:00+00:00,short,0,0.000121436235,0.014071431,0.00025974127,0.17130017,1,0
2025-09-08 14:24:00+00:00,short,0,0.000117562064,0.015475179,0.00020530248,0.17193691,1,0
2025-09-08 14:25:00+00:00,long,0,5.4977958e-05,0.010783987,0.00012739192,0.17504722,1,0
2025-09-08 14:26:00+00:00,short,0,0.00014080894,0.015659554,0.0005992371,0.16905296,1,0
2025-09-08 14:27:00+00:00,short,0,5.5638084e-05,0.009639919,0.00010673916,0.16946334,1,0
2025-09-08 14:28:00+00:00,short,0,5.2004114e-05,0.009312481,0.00014690889,0.16869457,1,0
2025-09-08 14:29:00+00:00,short,0,6.037511e-05,0.007312993,0.000110346955,0.16942067,1,0
2025-09-08 14:30:00+00:00,short,0,0.00027431184,0.016663196,0.0031668309,0.1851424,1,0
2025-09-08 14:31:00+00:00,short,0,0.00049653335,0.020991862,0.0036622135,0.18988113,1,0
2025-09-08 14:32:00+00:00,long,0,9.122071e-05,0.017036164,0.00030443765,0.2518479,1,0
2025-09-08 14:33:00+00:00,short,0,0.0002153289,0.016182233,0.0008676204,0.2025223,1,0
2025-09-08 14:34:00+00:00,short,0,7.18417e-05,0.0100100925,0.00015887796,0.17387395,1,0
2025-09-08 14:35:00+00:00,long,0,8.19344e-05,0.007706546,6.839508e-05,0.17250703,1,0
2025-09-08 14:36:00+00:00,long,0,8.1420505e-05,0.0066908444,6.9223686e-05,0.17096259,1,0
2025-09-08 14:37:00+00:00,short,0,0.00012332847,0.014436891,0.00094645185,0.19273649,1,0
2025-09-08 14:38:00+00:00,long,0,0.00013162036,0.038427427,0.00024700197,0.22744842,1,0
2025-09-08 14:39:00+00:00,long,0,6.84649e-05,0.0065048705,9.049786e-05,0.17214368,1,0
2025-09-08 14:40:00+00:00,long,0,6.0231396e-05,0.009918037,6.6681416e-05,0.16980065,1,0
2025-09-08 14:41:00+00:00,long,0,6.8488735e-05,0.00879951,8.779294e-05,0.16899715,1,0
2025-09-08 14:42:00+00:00,short,0,5.419316e-05,0.014979846,0.00017327396,0.17329584,1,0
2025-09-08 14:43:00+00:00,short,0,0.00010321505,0.02530736,0.0009804047,0.21274059,1,0
2025-09-08 14:44:00+00:00,long,0,0.00017447644,0.25763837,0.0001207955,0.22048622,1,0
2025-09-08 14:45:00+00:00,long,0,0.00018431454,0.043922417,0.00010677815,0.17477225,1,0
2025-09-08 14:46:00+00:00,short,0,0.00018361678,0.022923347,0.000414309,0.18980514,1,0
2025-09-08 14:47:00+00:00,long,0,7.979459e-05,0.010406026,5.0746097e-05,0.16795726,1,0
2025-09-08 14:48:00+00:00,short,0,6.563147e-05,0.019422282,0.00024514078,0.1852529,1,0
2025-09-08 14:49:00+00:00,long,0,6.857422e-05,0.010169927,0.00010167947,0.16823275,1,0
2025-09-08 14:50:00+00:00,short,0,4.882485e-05,0.014713253,8.285896e-05,0.1707784,1,0
2025-09-08 14:51:00+00:00,short,0,3.4824756e-05,0.010332511,8.711693e-05,0.17382441,1,0
2025-09-08 14:52:00+00:00,long,0,2.690903e-05,0.009352555,8.340675e-05,0.16781424,1,0
2025-09-08 14:53:00+00:00,short,0,2.4922223e-05,0.0067386515,4.9275393e-05,0.16910551,1,0
2025-09-08 14:54:00+00:00,short,0,0.00012682432,0.017560184,0.00036066843,0.20402797,1,0
2025-09-08 14:55:00+00:00,long,0,5.2674724e-05,0.010381542,7.904927e-05,0.1715195,1,0
2025-09-08 14:56:00+00:00,short,0,4.928061e-05,0.011699844,9.5625415e-05,0.17313544,1,0
2025-09-08 14:57:00+00:00,long,0,6.112264e-05,0.017719857,8.4615705e-05,0.2007416,1,0
2025-09-08 14:58:00+00:00,long,0,5.380386e-05,0.011046533,0.00010646297,0.17464496,1,0
2025-09-08 14:59:00+00:00,short,0,0.00028035286,0.14572234,0.003273986,0.17424728,1,0
2025-09-08 15:00:00+00:00,short,0,5.6310964e-05,0.015013866,5.873235e-05,0.16976182,1,0
2025-09-08 15:01:00+00:00,long,0,4.822252e-05,0.0138257,7.18639e-05,0.16851364,1,0
2025-09-08 15:02:00+00:00,short,0,5.119439e-05,0.0077507645,5.2024203e-05,0.17126584,1,0
2025-09-08 15:03:00+00:00,short,0,5.9030728e-05,0.0075137806,0.0001008147,0.17119442,1,0
2025-09-08 15:04:00+00:00,long,0,5.6774512e-05,0.0068914914,0.000103825,0.16905414,1,0
2025-09-08 15:05:00+00:00,long,0,0.00023119983,0.56526005,0.00050309027,0.21837558,1,0
2025-09-08 15:06:00+00:00,long,0,5.6980083e-05,0.01161307,0.00010353019,0.1700533,1,0
2025-09-08 15:07:00+00:00,short,0,0.00016613316,0.027236937,0.0006966926,0.20052145,1,0
2025-09-08 15:08:00+00:00,long,0,0.0036078002,0.95454824,0.0055676275,0.25793704,1,0
2025-09-08 15:09:00+00:00,short,0,0.0001232209,0.016121272,5.9447862e-05,0.17071573,1,0
2025-09-08 15:10:00+00:00,short,0,0.00010348696,0.026334308,8.9047804e-05,0.17165567,1,0
2025-09-08 15:11:00+00:00,long,0,5.4784214e-05,0.01682031,6.544541e-05,0.16978665,1,0
2025-09-08 15:12:00+00:00,long,0,0.0006387965,0.5874766,0.00040540445,0.22322865,1,0
2025-09-08 15:13:00+00:00,long,0,3.625789e-05,0.024536403,0.00013276718,0.1702314,1,0
2025-09-08 15:14:00+00:00,short,0,7.175701e-05,0.025170792,0.0001247498,0.1784703,1,0
2025-09-08 15:15:00+00:00,long,0,0.00013947452,0.051455084,0.000115957155,0.17624007,1,0
2025-09-08 15:16:00+00:00,long,0,0.00011941705,0.032745134,0.00017236402,0.16962327,1,0
2025-09-08 15:17:00+00:00,long,0,0.00014791587,0.098991066,0.0001760458,0.19007833,1,0
2025-09-08 15:18:00+00:00,long,0,0.00020294942,0.07331114,0.00013954037,0.17691492,1,0
2025-09-08 15:19:00+00:00,short,0,0.00019493727,0.052153006,0.0002567177,0.18961032,1,0
2025-09-08 15:20:00+00:00,short,0,0.000104327875,0.03188812,5.4277927e-05,0.17572121,1,0
2025-09-08 15:21:00+00:00,long,0,9.54454e-05,0.022680823,0.00019710927,0.18187821,1,0
2025-09-08 15:22:00+00:00,long,0,8.0222686e-05,0.018488972,9.6669144e-05,0.17151374,1,0
2025-09-08 15:23:00+00:00,long,0,7.064951e-05,0.014295655,0.00013804805,0.1713509,1,0
2025-09-08 15:24:00+00:00,long,0,6.109263e-05,0.01270449,0.00021195466,0.17586775,1,0
2025-09-08 15:25:00+00:00,long,0,7.820502e-05,0.028886786,0.00015472353,0.1779917,1,0
2025-09-08 15:26:00+00:00,short,0,6.504764e-05,0.0150044,6.938434e-05,0.17313553,1,0
2025-09-08 15:27:00+00:00,short,0,8.437592e-05,0.02416339,0.0005065717,0.20047855,1,0
2025-09-08 15:28:00+00:00,long,0,0.00018252055,0.20043088,0.00012817894,0.20753522,1,0
2025-09-08 15:29:00+00:00,short,0,7.348195e-05,0.02051794,0.00017771819,0.18950821,1,0
2025-09-08 15:30:00+00:00,short,0,6.579898e-05,0.00089692225,0.0005082275,0.22105296,2,0
2025-09-08 15:31:00+00:00,long,0,6.886314e-05,0.00024522727,0.00016841796,0.1725821,2,0
2025-09-08 15:32:00+00:00,long,0,8.983674e-05,0.0005619103,8.0530415e-05,0.18690735,2,0
2025-09-08 15:33:00+00:00,long,0,0.00015666684,0.07610799,0.00015640473,0.19644235,1,0
2025-09-08 15:34:00+00:00,short,0,6.6521425e-05,0.00050562934,0.00018959066,0.20404117,2,0
2025-09-08 15:35:00+00:00,short,0,6.379993e-05,0.0004899344,0.00012063181,0.1885611,2,0
2025-09-08 15:36:00+00:00,short,0,8.118884e-05,0.0005173472,0.000100279794,0.18532383,2,0
2025-09-08 15:37:00+00:00,short,0,0.00010696372,0.0012771282,0.00030278802,0.23689516,2,0
2025-09-08 15:38:00+00:00,short,0,0.00089604285,0.013736492,0.0027809925,0.23154241,2,0
2025-09-08 15:39:00+00:00,long,0,0.00034152385,0.0050938097,0.00018735994,0.2652176,2,0
2025-09-08 15:40:00+00:00,short,0,0.00016918055,0.0010099116,0.00022049637,0.17254306,2,0
2025-09-08 15:41:00+00:00,short,0,5.7117995e-05,0.0005729863,0.00016923236,0.17065841,2,0
2025-09-08 15:42:00+00:00,short,0,7.005872e-05,0.0007885266,8.241672e-05,0.17421806,2,0
2025-09-08 15:43:00+00:00,long,0,5.8940055e-05,0.013721157,8.3185056e-05,0.16768314,1,0
2025-09-08 15:44:00+00:00,short,0,7.294214e-05,0.0005555816,0.000103369384,0.1760977,2,0
2025-09-08 15:45:00+00:00,long,0,0.000120471566,0.019728689,0.00011376372,0.1696892,1,0
2025-09-08 15:46:00+00:00,short,0,0.00014773855,0.0009580745,0.00013595089,0.24776717,2,0
2025-09-08 15:47:00+00:00,long,0,0.00015485061,0.019387884,0.00011376372,0.16995393,1,0
2025-09-08 15:48:00+00:00,short,0,0.000118904245,0.019702714,0.00018838621,0.17289265,1,0
2025-09-08 15:49:00+00:00,short,0,0.00012709586,0.00093214517,0.000108620625,0.17933507,2,0
2025-09-08 15:50:00+00:00,short,0,0.00014537673,0.0014635859,0.0007451469,0.23585184,2,0
2025-09-09 14:19:00+00:00,long,0,0.00029949355,0.0001828714,0.0018717963,0.18180275,2,0
2025-09-09 14:20:00+00:00,long,0,0.0002085939,0.00010989826,0.00029329956,0.17098878,2,0
2025-09-09 14:21:00+00:00,long,0,0.00033368255,0.00019200439,0.0031345407,0.18541396,2,0
2025-09-09 14:22:00+00:00,long,0,0.00043059626,0.0010246622,0.002162708,0.219673,2,0
2025-09-09 14:23:00+00:00,long,0,0.00059856835,0.0010370199,0.002833001,0.20968401,2,0
2025-09-09 14:24:00+00:00,long,0,0.00029084715,0.00019605718,0.00088519405,0.1772997,2,0
2025-09-09 14:25:00+00:00,long,0,0.0010101132,0.00034012052,0.002157424,0.17085485,2,0
2025-09-09 14:26:00+00:00,long,0,0.008180475,0.009585811,0.029909382,0.38589466,2,0
2025-09-09 14:27:00+00:00,long,0,0.0039742305,0.49789932,0.0042444905,0.22580199,1,0
2025-09-09 14:28:00+00:00,long,0,0.001367441,0.0003299158,0.0020483795,0.17212267,2,0
2025-09-09 14:29:00+00:00,long,0,0.0006378669,0.00037035462,0.0015791511,0.18881017,2,0
2025-09-09 14:30:00+00:00,long,0,0.00044184344,0.00018802998,0.00035399702,0.17208932,2,0
2025-09-09 14:31:00+00:00,long,0,0.0010898074,0.00025250384,0.0030329044,0.20181985,2,0
2025-09-09 14:32:00+00:00,long,0,0.0005451587,0.000196034,0.0011771208,0.19336635,2,0
2025-09-09 14:33:00+00:00,long,1,0.97451335,0.98874515,0.87721556,0.77971524,2,2
2025-09-09 14:34:00+00:00,long,0,0.003901946,0.0016894997,0.007521088,0.17670299,2,0
2025-09-09 14:35:00+00:00,long,0,0.0021960344,0.004380656,0.003747645,0.4131374,2,1
2025-09-09 14:36:00+00:00,long,0,0.03302374,0.9307018,0.070975274,0.4157023,1,0
2025-09-09 14:37:00+00:00,long,0,0.00068791443,0.04369286,0.00052413676,0.17945516,1,0
2025-09-09 14:38:00+00:00,long,0,0.00087827083,0.03600838,0.00021712562,0.17632113,1,0
2025-09-09 14:39:00+00:00,long,0,0.0006683271,0.0002662483,0.00043091326,0.19650644,2,0
2025-09-09 14:40:00+00:00,long,0,0.00056368153,0.0005311164,0.0008792066,0.18400382,2,0
2025-09-09 14:41:00+00:00,long,0,0.00056061754,0.00050880574,0.00025431323,0.20031355,2,0
2025-09-09 14:42:00+00:00,long,0,0.0002501777,0.0004963318,0.00080094754,0.23435505,2,0
2025-09-09 14:43:00+00:00,long,0,0.00020682812,0.0003513691,0.00018234471,0.1808675,2,0
2025-09-09 14:44:00+00:00,long,0,0.042739585,0.9596353,0.084263645,0.36377513,1,0
2025-09-09 14:45:00+00:00,long,0,0.0013129027,0.06646372,0.0033420778,0.19738358,1,0
2025-09-09 14:46:00+00:00,long,0,0.00084508833,0.0008407583,0.000502598,0.20784199,2,0
2025-09-09 14:47:00+00:00,long,0,0.0006886268,0.000473932,0.0012275343,0.19201703,2,0
2025-09-09 14:48:00+00:00,long,0,0.0035937699,0.0095891245,0.010682091,0.24676548,2,0
2025-09-09 14:49:00+00:00,long,0,0.00033764465,0.00035731724,0.0013932163,0.2296574,2,0
2025-09-09 14:50:00+00:00,long,0,0.00029478958,0.0003377227,0.00022377686,0.18214291,2,0
2025-09-09 14:51:00+00:00,long,0,0.00027337557,0.00035511007,0.00026812984,0.1860494,2,0
2025-09-09 14:52:00+00:00,long,0,0.0014598422,0.0042769373,0.017729754,0.25719237,2,0
2025-09-09 14:53:00+00:00,long,0,0.001084544,0.0013658277,0.012368882,0.17279296,2,0
2025-09-09 14:54:00+00:00,long,0,0.0002454076,0.00030211068,0.00073420577,0.2047078,2,0
2025-09-09 14:55:00+00:00,long,0,0.0001661571,0.00018949379,0.00040773032,0.18848528,2,0
2025-09-09 14:56:00+00:00,long,0,0.010153572,0.036742564,0.053463828,0.36881137,2,0
2025-09-09 14:57:00+00:00,long,0,0.00073918153,0.0009556099,0.006845026,0.24724656,2,0
2025-09-09 14:58:00+00:00,long,0,0.00018187102,0.00019287909,0.0011375704,0.1964555,2,0
2025-09-09 14:59:00+00:00,long,0,0.00072169653,0.0020104102,0.0014996657,0.20214505,2,0
2025-09-09 15:00:00+00:00,long,0,0.0006692784,0.00071961357,0.0032494368,0.17204024,2,0
2025-09-09 15:01:00+00:00,long,0,0.04520774,0.9743051,0.34358075,0.36565113,1,0
2025-09-09 15:02:00+00:00,long,0,0.0008161029,0.0005761473,0.0007657274,0.16929634,2,0
2025-09-09 15:03:00+00:00,long,0,0.011204905,0.8518885,0.04529579,0.31031987,1,0
2025-09-09 15:04:00+00:00,long,0,0.00072454265,0.048736036,0.006165041,0.19128521,1,0
2025-09-09 15:05:00+00:00,long,0,0.00046793674,0.00042896098,0.0016674425,0.17691481,2,0
2025-09-09 15:06:00+00:00,long,0,0.0005300465,0.00090662966,0.00025210067,0.17080998,2,0
2025-09-09 15:07:00+00:00,long,0,0.0005793786,0.00067197904,0.00055501924,0.1688112,2,0
2025-09-09 15:08:00+00:00,long,0,0.000701151,0.0005187043,0.00022807159,0.1713831,2,0
2025-09-09 15:09:00+00:00,long,0,0.00079315563,0.0007424548,0.00053467276,0.16947119,2,0
2025-09-09 15:10:00+00:00,long,0,0.0005924798,0.00039769488,0.0012776344,0.17302154,2,0
2025-09-09 15:11:00+00:00,long,0,0.0005720401,0.0005545724,0.0013342802,0.17288865,2,0
2025-09-09 15:12:00+00:00,long,0,0.024984403,0.04677005,0.063140735,0.40923667,2,0
2025-09-09 15:13:00+00:00,long,0,0.029961985,0.8857142,0.047927722,0.2890035,1,0
2025-09-09 15:14:00+00:00,long,0,0.0011189678,0.0011879343,0.0013690015,0.17464413,2,0
2025-09-09 15:15:00+00:00,long,0,0.002801464,0.0076203845,0.00758274,0.26605472,2,0
2025-09-09 15:16:00+00:00,long,0,0.004093758,0.009619636,0.006419225,0.25487873,2,0
2025-09-09 15:17:00+00:00,long,0,0.015640587,0.89647895,0.010894155,0.27091563,1,0
2025-09-09 15:18:00+00:00,long,0,0.010546986,0.84963095,0.0052418043,0.26760378,1,0
2025-09-09 15:19:00+00:00,long,0,0.0015168968,0.001083164,0.0014629533,0.18671872,2,0
2025-09-09 15:20:00+00:00,long,0,0.0045561288,0.008189738,0.004791648,0.23220424,2,0
2025-09-09 15:21:00+00:00,long,0,0.001127921,0.0016482773,0.0011479608,0.19766821,2,0
2025-09-09 15:22:00+00:00,long,0,0.0034729557,0.012181807,0.0070008016,0.2334485,2,0
2025-09-09 15:23:00+00:00,long,0,0.0039331275,0.0014468223,0.005428354,0.17185722,2,0
2025-09-09 15:24:00+00:00,long,0,0.0005392719,0.0013922758,0.0009636139,0.1962506,2,0
2025-09-09 15:25:00+00:00,long,0,0.00042833114,0.001074599,0.00016893474,0.17194396,2,0
2025-09-09 15:26:00+00:00,long,0,0.0022136213,0.0026796167,0.006520655,0.17303133,2,0
2025-09-09 15:27:00+00:00,long,0,0.00266496,0.0024895272,0.0026289108,0.17618144,2,0
2025-09-09 15:28:00+00:00,long,0,0.0026149773,0.005342569,0.00058306893,0.2213137,2,0
2025-09-09 15:29:00+00:00,long,0,0.0023002985,0.0012289188,0.0026280743,0.17803241,2,0
2025-09-09 15:30:00+00:00,long,0,0.0005610946,0.0009870962,0.00035006244,0.16960461,2,0
2025-09-09 15:31:00+00:00,long,0,0.0029647097,0.0025485803,0.0043526217,0.17674811,2,0
2025-09-09 15:32:00+00:00,short,0,0.008018034,0.006197294,0.014048322,0.18222797,2,0
2025-09-09 15:33:00+00:00,long,1,0.97886664,0.9553931,0.95625716,0.7485079,3,2
2025-09-09 15:34:00+00:00,long,0,0.0018530673,0.3017707,0.0016948098,0.17694235,1,0
2025-09-09 15:35:00+00:00,long,0,0.0027379496,0.0031936094,0.0039817346,0.18231188,2,0
2025-09-09 15:36:00+00:00,long,0,0.003693639,0.009536587,0.0013642618,0.21884888,2,0
2025-09-09 15:37:00+00:00,long,0,0.0016499471,0.0021589499,0.0022497794,0.18255073,2,0
2025-09-09 15:38:00+00:00,long,0,0.0047419895,0.013574761,0.0015124169,0.22267067,2,0
2025-09-09 15:39:00+00:00,short,0,0.00507461,0.006333233,0.016293595,0.17924996,2,0
2025-09-09 15:40:00+00:00,long,0,0.0075914287,0.0075391633,0.006527473,0.18392293,2,0
2025-09-09 15:41:00+00:00,long,0,0.015170721,0.14610732,0.02029339,0.2826709,2,0
2025-09-09 15:42:00+00:00,long,0,0.0007701662,0.0029123446,0.00018050325,0.16805218,2,0
2025-09-09 15:43:00+00:00,long,0,0.0035583896,0.0054872213,0.004273026,0.18489665,2,0
2025-09-09 15:44:00+00:00,long,0,0.001497421,0.0031187674,0.00091996463,0.16996042,2,0
2025-09-09 15:45:00+00:00,long,0,0.0018001521,0.0072700875,0.0007951944,0.17428225,2,0
2025-09-09 15:46:00+00:00,long,0,0.0026382592,0.006021381,0.0015383126,0.17165715,2,0
2025-09-09 15:47:00+00:00,long,0,0.0027321426,0.0033270493,0.0014267232,0.17086352,2,0
2025-09-09 15:48:00+00:00,long,0,0.0021100773,0.0070345975,0.00059633225,0.17480469,2,0
2025-09-09 15:49:00+00:00,long,0,0.0008005236,0.0025294335,0.00015846734,0.16748293,2,0
2025-09-09 15:50:00+00:00,long,0,0.0021970137,0.0034567644,0.0010886234,0.17364277,2,0
2025-09-10 14:19:00+00:00,short,0,0.0076647135,0.9644068,0.0086268615,0.24105005,1,0
2025-09-10 14:20:00+00:00,short,0,0.001056647,0.5671639,0.0023941204,0.16967593,1,0
2025-09-10 14:21:00+00:00,short,0,0.00064820057,0.46709698,0.0012355815,0.18002923,1,0
2025-09-10 14:22:00+00:00,short,0,0.00031797925,0.42129856,0.0006260417,0.1709597,1,0
2025-09-10 14:23:00+00:00,short,0,0.002303208,0.9314588,0.008132079,0.2820315,1,0
2025-09-10 14:24:00+00:00,short,0,0.0011187302,0.5668239,0.00082968286,0.16946648,1,0
2025-09-10 14:25:00+00:00,short,0,0.036335394,0.94256747,0.41986206,0.28023818,1,0
2025-09-10 14:26:00+00:00,short,0,0.0006377125,0.78460723,0.004071532,0.20273592,1,0
2025-09-10 14:27:00+00:00,short,0,0.010355546,0.706099,0.100741774,0.19447999,1,0
2025-09-10 14:28:00+00:00,short,0,0.0004197199,0.4534675,0.0004616547,0.1704377,1,0
2025-09-10 14:29:00+00:00,short,0,0.0056966087,0.9472272,0.013819629,0.24575923,1,0
2025-09-10 14:30:00+00:00,short,0,0.052238293,0.9475076,0.24192679,0.29180297,1,0
2025-09-10 14:31:00+00:00,long,0,0.031142347,0.9857303,0.032555435,0.35134402,1,0
2025-09-10 14:32:00+00:00,short,0,0.001402738,0.38867846,0.0060914736,0.17344378,1,0
2025-09-10 14:33:00+00:00,long,0,0.05198145,0.9828797,0.045775115,0.38381347,1,0
2025-09-10 14:34:00+00:00,short,0,0.0029885194,0.3878213,0.0012090321,0.16919233,1,0
2025-09-10 14:35:00+00:00,short,0,0.013141187,0.64715207,0.05425362,0.22008367,1,0
2025-09-10 14:36:00+00:00,short,0,0.0016302476,0.48212928,0.003533538,0.17265381,1,0
2025-09-10 14:37:00+00:00,short,0,0.0011293493,0.26672977,0.0006066004,0.16909784,1,0
2025-09-10 14:38:00+00:00,long,0,0.00047993567,0.11847221,0.0006178289,0.16952787,1,0
2025-09-10 14:39:00+00:00,short,0,0.0010165641,0.36889198,0.0012032407,0.16918515,1,0
2025-09-10 14:40:00+00:00,short,0,0.001099298,0.5884893,0.0010928353,0.17007178,1,0
2025-09-10 14:41:00+00:00,long,0,0.00048657882,0.31383815,0.00083287625,0.17095579,1,0
2025-09-10 14:42:00+00:00,long,0,0.000421229,0.5125715,0.0005733239,0.16959418,1,0
2025-09-10 14:43:00+00:00,long,0,0.008075227,0.9838922,0.014487973,0.20312922,1,0
2025-09-10 14:44:00+00:00,long,0,0.014483351,0.9915622,0.028136436,0.26190832,1,0
2025-09-10 14:45:00+00:00,long,0,0.0037687852,0.9417221,0.004148747,0.20501351,1,0
2025-09-10 14:46:00+00:00,short,0,0.0024990542,0.5860172,0.0024456752,0.17058067,1,0
2025-09-10 14:47:00+00:00,long,0,0.0016836373,0.620086,0.003338774,0.20197506,1,0
2025-09-10 14:48:00+00:00,short,0,0.00077509554,0.22610874,0.0010044795,0.17059396,1,0
2025-09-10 14:49:00+00:00,short,0,0.0064032725,0.86195165,0.083602905,0.22979462,1,0
2025-09-10 14:50:00+00:00,long,0,0.00029787127,0.1710294,0.0017650712,0.17179924,1,0
2025-09-10 14:51:00+00:00,short,0,0.037192434,0.9458073,0.074758634,0.28574508,1,0
2025-09-10 14:52:00+00:00,long,0,0.003112266,0.6621663,0.0055528707,0.2079566,1,0
2025-09-10 14:53:00+00:00,long,0,0.001132849,0.26825672,0.002355082,0.18260437,1,0
2025-09-10 14:54:00+00:00,long,0,0.00050536986,0.20790769,0.0010562883,0.17148857,1,0
2025-09-10 14:55:00+00:00,short,0,0.00079532666,0.37305266,0.0006341932,0.17045595,1,0
2025-09-10 14:56:00+00:00,long,0,0.0034600499,0.96213037,0.00844223,0.20902269,1,0
2025-09-10 14:57:00+00:00,long,0,0.0008294398,0.40482074,0.0017922233,0.19163889,1,0
2025-09-10 14:58:00+00:00,short,0,0.0030284023,0.81816936,0.017754044,0.18827517,1,0
2025-09-10 14:59:00+00:00,long,0,0.00087821943,0.83688885,0.0034411962,0.20249961,1,0
2025-09-10 15:00:00+00:00,long,0,0.00053840986,0.37325123,0.0018807326,0.18840547,1,0
2025-09-10 15:01:00+00:00,short,0,0.040124126,0.96575093,0.07147163,0.29274794,1,0
2025-09-10 15:02:00+00:00,short,0,0.04455009,0.068600915,0.25781766,0.42867506,2,0
2025-09-10 15:03:00+00:00,short,0,0.0007634716,0.0011297124,0.0010301375,0.17034207,2,0
2025-09-10 15:04:00+00:00,short,0,0.0008332104,0.0013727079,0.001433455,0.17122315,2,0
2025-09-10 15:05:00+00:00,short,0,0.0011193852,0.285349,0.003975894,0.17340934,1,0
2025-09-10 15:06:00+00:00,long,0,0.00067102775,0.46417573,0.0042463085,0.19562626,1,0
2025-09-10 15:07:00+00:00,long,0,0.00072603003,0.4397053,0.004171197,0.18981504,1,0
2025-09-10 15:08:00+00:00,short,0,0.033819914,0.8797357,0.12928255,0.2722462,1,0
2025-09-10 15:09:00+00:00,short,0,0.022477679,0.032784548,0.14525467,0.26451638,2,0
2025-09-10 15:10:00+00:00,short,0,0.0030553683,0.0046328767,0.008241587,0.17987108,2,0
2025-09-10 15:11:00+00:00,short,0,0.0006254737,0.24336854,0.0008049169,0.17191164,1,0
2025-09-10 15:12:00+00:00,short,0,0.0012576154,0.31419748,0.0048250966,0.17102234,1,0
2025-09-10 15:13:00+00:00,short,0,0.011249095,0.51958996,0.015090762,0.1925565,1,0
2025-09-10 15:14:00+00:00,short,0,0.00071625045,0.29137355,0.00042423987,0.17133594,1,0
2025-09-10 15:15:00+00:00,long,0,0.0009177716,0.22164209,0.0038067123,0.18176265,1,0
2025-09-10 15:16:00+00:00,long,0,0.00040358465,0.36639315,0.0035879267,0.18936114,1,0
2025-09-10 15:17:00+00:00,short,0,0.00054677785,0.27589095,0.0036682228,0.17119974,1,0
2025-09-10 15:18:00+00:00,short,0,0.00034258334,0.24768259,0.003235588,0.17119545,1,0
2025-09-10 15:19:00+00:00,short,0,0.0010579746,0.33864495,0.007984122,0.17702667,1,0
2025-09-10 15:20:00+00:00,short,0,0.0003767158,0.24627572,0.00089733675,0.17055392,1,0
2025-09-10 15:21:00+00:00,short,0,0.00040485433,0.21001875,0.0008376684,0.17055392,1,0
2025-09-10 15:22:00+00:00,long,0,0.0004140553,0.28660098,0.0030105696,0.19138967,1,0
2025-09-10 15:23:00+00:00,long,0,0.000943782,0.8887892,0.0070444834,0.17848276,1,0
2025-09-10 15:24:00+00:00,long,0,0.00018284073,0.09829838,0.0011351813,0.17140667,1,0
2025-09-10 15:25:00+00:00,short,0,0.00023078603,0.17968908,0.0024787325,0.17054649,1,0
2025-09-10 15:26:00+00:00,short,0,0.30167323,0.99676967,0.67012554,0.7019496,1,2
2025-09-10 15:27:00+00:00,short,0,0.0064914394,0.5908091,0.025056824,0.21584737,1,0
2025-09-10 15:28:00+00:00,short,0,0.00071579806,0.23823668,0.0015534733,0.17102961,1,0
2025-09-10 15:29:00+00:00,short,0,0.11642274,0.077076316,0.17535259,0.32558236,2,0
2025-09-10 15:30:00+00:00,long,0,0.0006937638,0.25908655,0.0022915832,0.18543984,1,0
2025-09-10 15:31:00+00:00,short,0,0.00043726477,0.15921597,0.0009006286,0.17125869,1,0
2025-09-10 15:32:00+00:00,long,0,0.0066314815,0.9727365,0.0103962775,0.20940219,1,0
2025-09-10 15:33:00+00:00,long,0,0.0011873043,0.8666775,0.003429498,0.1974491,1,0
2025-09-10 15:34:00+00:00,long,0,0.00071110966,0.10638841,0.00082662574,0.17090589,1,0
2025-09-10 15:35:00+00:00,long,0,0.00063667673,0.08324422,0.0009504637,0.17151617,1,0
2025-09-10 15:36:00+00:00,long,0,0.00086037995,0.8488304,0.003261462,0.18947256,1,0
2025-09-10 15:37:00+00:00,short,0,0.0019311623,0.17045687,0.0011057947,0.16954266,1,0
2025-09-10 15:38:00+00:00,long,0,0.005250096,0.972728,0.012217284,0.20836075,1,0
2025-09-10 15:39:00+00:00,long,0,0.0024776198,0.4172296,0.0027310187,0.19009739,1,0
2025-09-10 15:40:00+00:00,long,0,0.0025614838,0.1344693,0.0009126133,0.16928649,1,0
2025-09-10 15:41:00+00:00,long,0,0.0014596545,0.11648596,0.0028945904,0.18096466,1,0
2025-09-10 15:42:00+00:00,short,0,0.033489503,0.7272934,0.037878193,0.23000991,1,0
2025-09-10 15:43:00+00:00,short,0,0.1289782,0.98088616,0.31914696,0.46639037,1,0
2025-09-10 15:44:00+00:00,short,0,0.003081881,0.3310004,0.006679328,0.17575371,1,0
2025-09-10 15:45:00+00:00,short,0,0.005248186,0.50226283,0.008948461,0.18092239,1,0
2025-09-10 15:46:00+00:00,short,0,0.013278166,0.018183142,0.030356945,0.2221032,2,0
2025-09-10 15:47:00+00:00,long,0,0.0007460279,0.82461756,0.0018150753,0.18597706,1,0
2025-09-10 15:48:00+00:00,long,0,0.0024935862,0.91682947,0.004753731,0.19587405,1,0
2025-09-10 15:49:00+00:00,short,1,0.9624549,0.9417874,0.9115807,0.73202014,3,2
2025-09-10 15:50:00+00:00,short,0,0.032087907,0.06495568,0.088507704,0.2892857,2,0
2025-09-11 14:19:00+00:00,long,0,0.042556442,0.038190007,0.1464253,0.2793347,2,0
2025-09-11 14:20:00+00:00,long,0,0.0033210733,0.0005500742,0.0031041706,0.19209957,2,0
2025-09-11 14:21:00+00:00,long,0,0.015606444,0.010406242,0.10440978,0.22085376,2,0
2025-09-11 14:22:00+00:00,long,0,0.029397657,0.03250549,0.082324326,0.24205936,2,0
2025-09-11 14:23:00+00:00,long,0,0.013887979,0.009057169,0.021076446,0.1836183,2,0
2025-09-11 14:24:00+00:00,long,0,0.0066539277,0.003530925,0.002569537,0.17223918,2,0
2025-09-11 14:25:00+00:00,long,0,0.023916153,0.015296188,0.0065706796,0.18398558,2,0
2025-09-11 14:26:00+00:00,long,0,0.0009782037,0.000365987,0.0013492286,0.16875578,2,0
2025-09-11 14:27:00+00:00,long,0,0.0015697635,0.00054658327,0.0014304168,0.17432928,2,0
2025-09-11 14:28:00+00:00,long,0,0.006406619,0.0048520453,0.0039967666,0.17140163,2,0
2025-09-11 14:29:00+00:00,long,0,0.035899524,0.036572363,0.0638281,0.22228837,2,0
2025-09-11 14:30:00+00:00,long,0,0.0008338224,0.0004454744,0.0014393493,0.1688834,2,0
2025-09-11 14:31:00+00:00,long,0,0.0057500885,0.009046185,0.010023096,0.18083133,2,0
2025-09-11 14:32:00+00:00,long,0,0.019279959,0.019188203,0.050301455,0.24040651,2,0
2025-09-11 14:33:00+00:00,long,0,0.37686,0.14919572,0.6679665,0.61132336,2,1
2025-09-11 14:34:00+00:00,long,0,0.0018718881,0.0008537816,0.002896051,0.17072201,2,0
2025-09-11 14:35:00+00:00,long,0,0.0027634087,0.0043810345,0.009559503,0.19821422,2,0
2025-09-11 14:36:00+00:00,long,0,0.20673116,0.19566128,0.7427637,0.6459458,2,2
2025-09-11 14:37:00+00:00,long,0,0.0019854202,0.0008931179,0.0018417151,0.17088391,2,0
2025-09-11 14:38:00+00:00,long,0,0.0011512038,0.0009232941,0.0018754372,0.17050923,2,0
2025-09-11 14:39:00+00:00,long,0,0.0038193876,0.0026441854,0.0064494163,0.17492253,2,0
2025-09-11 14:40:00+00:00,long,0,0.18839426,0.16324192,0.6261435,0.65377665,2,1
2025-09-11 14:41:00+00:00,long,0,0.0008145758,0.00040492555,0.0008197407,0.17611724,2,0
2025-09-11 14:42:00+00:00,long,0,0.0011140594,0.00072680676,0.0015202659,0.17710431,2,0
2025-09-11 14:43:00+00:00,long,0,0.0010976676,0.00092930306,0.0016251442,0.17422098,2,0
2025-09-11 14:44:00+00:00,long,0,0.06418091,0.02590808,0.20244305,0.53830427,2,0
2025-09-11 14:45:00+00:00,long,0,0.008285499,0.015207712,0.038564708,0.22011487,2,0
2025-09-11 14:46:00+00:00,long,0,0.0063773617,0.009657425,0.011307723,0.18580495,2,0
2025-09-11 14:47:00+00:00,long,0,0.0012477457,0.0007753611,0.0028288525,0.17514507,2,0
2025-09-11 14:48:00+00:00,long,0,0.17572787,0.18361837,0.50824594,0.56655043,2,1
2025-09-11 14:49:00+00:00,long,0,0.004315897,0.0050486038,0.014610795,0.19708426,2,0
2025-09-11 14:50:00+00:00,long,0,0.0005878589,0.00035915957,0.0025777821,0.17257465,2,0
2025-09-11 14:51:00+00:00,long,0,0.0024697187,0.0019220072,0.011313647,0.19595815,2,0
2025-09-11 14:52:00+00:00,long,0,0.0008331624,0.0004220492,0.0021979276,0.1746781,2,0
2025-09-11 14:53:00+00:00,long,0,0.29350522,0.1938752,0.4881732,0.5637385,2,1
2025-09-11 14:54:00+00:00,long,0,0.017068606,0.0075074183,0.20918146,0.3448321,2,0
2025-09-11 14:55:00+00:00,long,0,0.002146464,0.0025241347,0.00496871,0.19018406,2,0
2025-09-11 14:56:00+00:00,long,0,0.008871565,0.007519287,0.15976658,0.31861374,2,0
2025-09-11 14:57:00+00:00,long,0,0.0006104681,0.00068396796,0.007722907,0.17252123,2,0
2025-09-11 14:58:00+00:00,long,0,0.00053545454,0.00094162056,0.0076004583,0.18301243,2,0
2025-09-11 14:59:00+00:00,long,0,0.0009253447,0.0022528267,0.010584577,0.17481285,2,0
2025-09-11 15:00:00+00:00,long,0,0.0018359902,0.0015370944,0.0059576198,0.17955671,2,0
2025-09-11 15:01:00+00:00,long,0,0.0013562371,0.0016217985,0.004416501,0.17765446,2,0
2025-09-11 15:02:00+00:00,long,0,0.0019337356,0.0017387011,0.0048204097,0.17416672,2,0
2025-09-11 15:03:00+00:00,long,0,0.05592688,0.06988699,0.13656335,0.3511233,2,0
2025-09-11 15:04:00+00:00,long,0,0.0017400698,0.00085903355,0.008466889,0.19794647,2,0
2025-09-11 15:05:00+00:00,long,0,0.0007039158,0.0013521352,0.0010828633,0.19189571,2,0
2025-09-11 15:06:00+00:00,long,1,0.9729232,0.96519274,0.9402304,0.7896438,3,2
2025-09-11 15:07:00+00:00,long,0,0.080722995,0.096054174,0.18288618,0.42440045,2,0
2025-09-11 15:08:00+00:00,long,0,0.0006386686,0.0003190405,0.001596508,0.17631121,2,0
2025-09-11 15:09:00+00:00,long,0,0.001081178,0.0033519573,0.0016252928,0.19829826,2,0
2025-09-11 15:10:00+00:00,long,0,0.012416311,0.0077190744,0.022315701,0.2692396,2,0
2025-09-11 15:11:00+00:00,long,0,0.0017647931,0.0013898065,0.0043645757,0.18961073,2,0
2025-09-11 15:12:00+00:00,long,0,0.002357983,0.00228776,0.007822681,0.18180616,2,0
2025-09-11 15:13:00+00:00,long,0,0.14306796,0.06832887,0.28249556,0.52707535,2,0
2025-09-11 15:14:00+00:00,long,0,0.00071048073,0.00063925935,0.0012650369,0.1751601,2,0
2025-09-11 15:15:00+00:00,long,0,0.004064042,0.002577944,0.009165344,0.18887156,2,0
2025-09-11 15:16:00+00:00,long,0,0.0066529857,0.00430394,0.010748783,0.18537702,2,0
2025-09-11 15:17:00+00:00,long,0,0.0073456424,0.014576996,0.0334539,0.25230804,2,0
2025-09-11 15:18:00+00:00,long,0,0.00075412425,0.00085833564,0.0036204779,0.1742673,2,0
2025-09-11 15:19:00+00:00,long,0,0.00064355345,0.00042890536,0.0030690988,0.1747337,2,0
2025-09-11 15:20:00+00:00,long,0,0.00095753296,0.0018900469,0.002566111,0.17827809,2,0
2025-09-11 15:21:00+00:00,long,0,0.001244119,0.0024908858,0.0062142885,0.17794006,2,0
2025-09-11 15:22:00+00:00,long,0,0.27270108,0.24645354,0.6117411,0.7136076,2,2
2025-09-11 15:23:00+00:00,long,0,0.00077295647,0.00039050743,0.0022805072,0.17716713,2,0
2025-09-11 15:24:00+00:00,long,0,0.009742971,0.011673464,0.027980085,0.33165327,2,0
2025-09-11 15:25:00+00:00,long,0,0.0056293816,0.003412062,0.18809853,0.2173947,2,0
2025-09-11 15:26:00+00:00,long,1,0.96602905,0.9082976,0.72587615,0.73866206,3,2
2025-09-11 15:27:00+00:00,long,0,0.0007908398,0.00028694927,0.002088319,0.1723847,2,0
2025-09-11 15:28:00+00:00,long,0,0.0006039482,0.0002597881,0.004166086,0.17821698,2,0
2025-09-11 15:29:00+00:00,long,0,0.0008072574,0.00032557454,0.0033227135,0.1734794,2,0
2025-09-11 15:30:00+00:00,long,0,0.016218005,0.017752813,0.046359472,0.29456863,2,0
2025-09-11 15:31:00+00:00,long,0,0.0012339443,0.0006975111,0.0068661347,0.17761064,2,0
2025-09-11 15:32:00+00:00,long,0,0.0019770665,0.0017633823,0.016242733,0.2514651,2,0
2025-09-11 15:33:00+00:00,long,0,0.00054156384,0.00035990812,0.0020452149,0.1758327,2,0
2025-09-11 15:34:00+00:00,long,0,0.00070095254,0.00027350176,0.008334852,0.17611016,2,0
2025-09-11 15:35:00+00:00,long,0,0.00093848933,0.0004909912,0.0034599986,0.17818327,2,0
2025-09-11 15:36:00+00:00,long,0,0.00066878425,0.00031232685,0.0030408304,0.17595582,2,0
2025-09-11 15:37:00+00:00,long,0,0.1085577,0.09233082,0.40913972,0.6292668,2,1
2025-09-11 15:38:00+00:00,long,0,0.018270308,0.011671312,0.11185323,0.44389358,2,0
2025-09-11 15:39:00+00:00,long,0,0.0017757161,0.0006990886,0.0067142285,0.20025873,2,0
2025-09-11 15:40:00+00:00,long,0,0.010756969,0.012598591,0.220074,0.3517522,2,0
2025-09-11 15:41:00+00:00,long,0,0.00638446,0.0062104003,0.0976378,0.31925035,2,0
2025-09-11 15:42:00+00:00,long,0,0.0023286375,0.0013255746,0.014709459,0.23830755,2,0
2025-09-11 15:43:00+00:00,long,0,0.001505213,0.00067667005,0.0030825022,0.17810588,2,0
2025-09-11 15:44:00+00:00,long,0,0.043340456,0.03803637,0.3642597,0.5485515,2,1
2025-09-11 15:45:00+00:00,long,0,0.0023412537,0.0008766113,0.008921944,0.17689246,2,0
2025-09-11 15:46:00+00:00,long,0,0.0030577977,0.001973684,0.021025183,0.17454575,2,0
2025-09-11 15:47:00+00:00,long,0,0.1986554,0.32144865,0.8289965,0.71253294,2,2
2025-09-11 15:48:00+00:00,long,0,0.07977002,0.11452257,0.5502148,0.59380955,2,1
2025-09-11 15:49:00+00:00,long,0,0.032867383,0.054942403,0.5547548,0.5903442,2,1
2025-09-11 15:50:00+00:00,long,0,0.0016618954,0.0008125869,0.02476659,0.1753792,2,0
2025-09-12 14:19:00+00:00,short,0,0.0002517152,0.013303406,0.00019685777,0.17095405,1,0
2025-09-12 14:20:00+00:00,long,0,0.00015025589,0.20339788,0.00011578601,0.23710938,1,0
2025-09-12 14:21:00+00:00,short,0,0.00025299302,0.013328421,0.00018170911,0.18296516,1,0
2025-09-12 14:22:00+00:00,short,0,0.0004033079,0.00048001643,0.00029712814,0.17486592,2,0
2025-09-12 14:23:00+00:00,short,0,0.00044573392,0.00042549663,0.00025654447,0.1968829,2,0
2025-09-12 14:24:00+00:00,short,0,0.00012781535,0.00048781247,8.346778e-05,0.17017116,2,0
2025-09-12 14:25:00+00:00,long,0,0.0002477905,0.06601108,0.0001499842,0.19275783,1,0
2025-09-12 14:26:00+00:00,long,0,0.00015873926,0.014099958,0.000117989955,0.1695153,1,0
2025-09-12 14:27:00+00:00,short,0,0.000116482566,0.012180419,7.5047275e-05,0.16888665,1,0
2025-09-12 14:28:00+00:00,short,0,0.0007730898,0.0005986945,0.0007473237,0.17565598,2,0
2025-09-12 14:29:00+00:00,short,0,0.00019522631,0.0003404553,0.00013967442,0.17353164,2,0
2025-09-12 14:30:00+00:00,long,0,0.00013517696,0.011459783,7.8319725e-05,0.17429195,1,0
2025-09-12 14:31:00+00:00,short,0,0.00015985232,0.00036983687,0.00011045582,0.1693648,2,0
2025-09-12 14:32:00+00:00,long,0,0.00021400118,0.029956723,7.886225e-05,0.18217166,1,0
2025-09-12 14:33:00+00:00,long,0,0.0001841331,0.029035315,8.9199675e-05,0.18240641,1,0
2025-09-12 14:34:00+00:00,short,0,0.00034231204,0.016765498,0.0002566531,0.17719992,1,0
2025-09-12 14:35:00+00:00,long,0,6.712283e-05,0.013906622,6.024082e-05,0.17081304,1,0
2025-09-12 14:36:00+00:00,long,0,8.378413e-05,0.014273847,0.00010224573,0.17145175,1,0
2025-09-12 14:37:00+00:00,short,0,0.00026427413,0.028431462,0.00029901168,0.18688099,1,0
2025-09-12 14:38:00+00:00,long,0,0.00011084367,0.014929335,5.3333377e-05,0.17117645,1,0
2025-09-12 14:39:00+00:00,long,0,6.9426635e-05,0.014347695,6.024082e-05,0.17044412,1,0
2025-09-12 14:40:00+00:00,short,0,5.668055e-05,0.011446664,8.4249536e-05,0.16837043,1,0
2025-09-12 14:41:00+00:00,short,0,9.9741344e-05,0.013248598,0.00012373627,0.16871142,1,0
2025-09-12 14:42:00+00:00,short,0,0.00019921904,0.00034226163,0.00044229202,0.17459632,2,0
2025-09-12 14:43:00+00:00,long,0,4.7499205e-05,0.008333879,8.241075e-05,0.1717373,1,0
2025-09-12 14:44:00+00:00,short,0,0.00012008448,0.012835592,0.00012393678,0.16854006,1,0
2025-09-12 14:45:00+00:00,long,0,6.6475455e-05,0.011793949,8.810761e-05,0.16756733,1,0
2025-09-12 14:46:00+00:00,long,0,7.6244774e-05,0.011669856,7.069769e-05,0.1682388,1,0
2025-09-12 14:47:00+00:00,long,0,8.155953e-05,0.013570701,7.925148e-05,0.17125903,1,0
2025-09-12 14:48:00+00:00,short,0,0.00029232306,0.020862153,0.00039686036,0.17697817,1,0
2025-09-12 14:49:00+00:00,short,0,0.00033088753,0.0007740821,0.00039430492,0.17619598,2,0
2025-09-12 14:50:00+00:00,short,0,0.00012273647,0.0005586921,0.00022497361,0.17778492,2,0
2025-09-12 14:51:00+00:00,short,0,0.00022380461,0.0005213102,0.0009906986,0.1813827,2,0
2025-09-12 14:52:00+00:00,long,0,0.0001507444,0.035389587,0.00020313509,0.17045867,1,0
2025-09-12 14:53:00+00:00,short,0,0.00013780684,0.00046668213,0.0003269073,0.17667024,2,0
2025-09-12 14:54:00+00:00,long,0,5.5446402e-05,0.010034012,3.1061216e-05,0.16753142,1,0
2025-09-12 14:55:00+00:00,long,0,5.461151e-05,0.008111301,5.8626138e-05,0.16734649,1,0
2025-09-12 14:56:00+00:00,long,0,6.342976e-05,0.008373589,8.478541e-05,0.16731906,1,0
2025-09-12 14:57:00+00:00,short,0,0.00014714793,0.012177723,0.00013243793,0.1700471,1,0
2025-09-12 14:58:00+00:00,short,0,7.660714e-05,0.010016445,0.0001756032,0.16751571,1,0
2025-09-12 14:59:00+00:00,long,0,7.016883e-05,0.008925431,6.9615184e-05,0.16733004,1,0
2025-09-12 15:00:00+00:00,short,0,0.00057116954,0.0013365104,0.00071881193,0.19255088,2,0
2025-09-12 15:01:00+00:00,long,0,0.0001289289,0.21103106,0.00013414037,0.17612536,1,0
2025-09-12 15:02:00+00:00,short,0,8.223561e-05,0.012612918,9.332855e-05,0.16886829,1,0
2025-09-12 15:03:00+00:00,long,0,9.421073e-05,0.044182446,0.00024695488,0.17519665,1,0
2025-09-12 15:04:00+00:00,short,0,7.130809e-05,0.013597139,5.424e-05,0.16872084,1,0
2025-09-12 15:05:00+00:00,short,0,8.131072e-05,0.0134999845,0.00010352604,0.16746269,1,0
2025-09-12 15:06:00+00:00,short,0,0.00041507237,0.011479977,0.00080201786,0.17149436,1,0
2025-09-12 15:07:00+00:00,short,0,0.00048236118,0.0018010838,0.003384777,0.18074019,2,0
2025-09-12 15:08:00+00:00,long,0,6.199685e-05,0.00023587051,5.8702557e-05,0.16725515,2,0
2025-09-12 15:09:00+00:00,short,0,7.8806464e-05,0.0003116683,0.00032704385,0.17136805,2,0
2025-09-12 15:10:00+00:00,short,0,0.0001580272,0.00030439353,0.0007029179,0.1717686,2,0
2025-09-12 15:11:00+00:00,short,0,6.5908185e-05,0.0002604694,0.000114967464,0.16757756,2,0
2025-09-12 15:12:00+00:00,short,0,6.5370754e-05,0.00038786288,4.901566e-05,0.16732399,2,0
2025-09-12 15:13:00+00:00,short,0,0.00011489502,0.00034282886,0.00021487154,0.17148481,2,0
2025-09-12 15:14:00+00:00,short,0,0.00021796528,0.0008316978,0.00090975873,0.17505644,2,0
2025-09-12 15:15:00+00:00,short,0,0.00014400038,0.0006351825,8.019477e-05,0.16757166,2,0
2025-09-12 15:16:00+00:00,long,0,8.782107e-05,0.017294526,5.381751e-05,0.16727786,1,0
2025-09-12 15:17:00+00:00,short,0,0.0002984247,0.029639713,0.00079541036,0.1711451,1,0
2025-09-12 15:18:00+00:00,long,0,6.508214e-05,0.013331419,4.0733834e-05,0.16716713,1,0
2025-09-12 15:19:00+00:00,long,0,9.862391e-05,0.014773779,5.34408e-05,0.1672921,1,0
2025-09-12 15:20:00+00:00,long,0,4.3104264e-05,0.008703231,7.873435e-05,0.16728501,1,0
2025-09-12 15:21:00+00:00,short,0,6.817817e-05,0.015043293,0.00020113606,0.16744019,1,0
2025-09-12 15:22:00+00:00,short,0,4.7519457e-05,0.008373985,4.211696e-05,0.16727714,1,0
2025-09-12 15:23:00+00:00,short,0,4.6733723e-05,0.014920108,9.703802e-05,0.16804962,1,0
2025-09-12 15:24:00+00:00,short,0,0.00017803926,0.02028289,0.0007151568,0.17507611,1,0
2025-09-12 15:25:00+00:00,short,0,0.00018432862,0.0005546258,0.0010564674,0.17290787,2,0
2025-09-12 15:26:00+00:00,long,0,9.024777e-05,0.025502989,0.00013180912,0.17163317,1,0
2025-09-12 15:27:00+00:00,short,0,8.848617e-05,0.014897635,9.339069e-05,0.16780014,1,0
2025-09-12 15:28:00+00:00,short,0,5.084263e-05,0.014386238,5.5104774e-05,0.16729641,1,0
2025-09-12 15:29:00+00:00,short,0,0.00011997471,0.01798599,0.000267728,0.17273565,1,0
2025-09-12 15:30:00+00:00,long,0,6.7834975e-05,0.010921153,6.966452e-05,0.1684519,1,0
2025-09-12 15:31:00+00:00,short,0,5.1731724e-05,0.01582341,5.8022015e-05,0.17066276,1,0
2025-09-12 15:32:00+00:00,short,0,0.00012705068,0.026703903,0.0001172108,0.1837617,1,0
2025-09-12 15:33:00+00:00,short,0,0.00018817993,0.03841803,0.0002823214,0.20485865,1,0
2025-09-12 15:34:00+00:00,long,0,0.00010207583,0.1708214,0.00015394622,0.20626111,1,0
2025-09-12 15:35:00+00:00,long,0,5.590491e-05,0.015055939,8.911695e-05,0.17734657,1,0
2025-09-12 15:36:00+00:00,short,0,6.921286e-05,0.019742964,6.156013e-05,0.16918452,1,0
2025-09-12 15:37:00+00:00,long,0,5.5799028e-05,0.013095314,6.5091015e-05,0.16831343,1,0
2025-09-12 15:38:00+00:00,short,0,0.0003072983,0.1561674,0.0030034462,0.36483166,1,0
2025-09-12 15:39:00+00:00,short,0,6.483919e-05,0.02020744,5.0563067e-05,0.16923487,1,0
2025-09-12 15:40:00+00:00,long,0,0.00043314378,0.44631946,0.00023955115,0.2221545,1,0
2025-09-12 15:41:00+00:00,short,0,0.0002699392,0.06335552,0.0021062985,0.20323165,1,0
2025-09-12 15:42:00+00:00,long,0,7.967065e-05,0.020294115,7.59687e-05,0.16835517,1,0
2025-09-12 15:43:00+00:00,long,0,8.069647e-05,0.027115617,0.00012691505,0.17842455,1,0
2025-09-12 15:44:00+00:00,long,0,9.625512e-05,0.02085198,8.74758e-05,0.17324989,1,0
2025-09-12 15:45:00+00:00,short,0,0.00012557402,0.03859482,7.8636505e-05,0.17179799,1,0
2025-09-12 15:46:00+00:00,short,0,0.000115601,0.0309245,7.1534e-05,0.16957696,1,0
2025-09-12 15:47:00+00:00,long,0,9.829324e-05,0.03015988,8.824298e-05,0.17554148,1,0
2025-09-12 15:48:00+00:00,long,0,0.00017676014,0.018133672,0.0001673453,0.16869265,1,0
2025-09-12 15:49:00+00:00,long,0,0.00020394592,0.07225553,0.00016074955,0.19094588,1,0
2025-09-12 15:50:00+00:00,long,0,7.000416e-05,0.016828638,9.7681776e-05,0.17252076,1,0
2025-09-15 14:19:00+00:00,long,0,0.00021520637,0.00035681226,0.0011814788,0.17042531,2,0
2025-09-15 14:20:00+00:00,long,0,0.000107218206,0.00022842476,0.00016926849,0.16725059,2,0
2025-09-15 14:21:00+00:00,long,0,6.303642e-05,0.00016428473,0.00011603071,0.1672418,2,0
2025-09-15 14:22:00+00:00,long,0,0.00011019344,0.00014140797,0.00016853331,0.1673097,2,0
2025-09-15 14:23:00+00:00,long,0,0.0001293435,0.0001529027,0.0005080955,0.1674112,2,0
2025-09-15 14:24:00+00:00,long,0,9.507143e-05,0.0001695132,0.00030182366,0.16724066,2,0
2025-09-15 14:25:00+00:00,long,0,0.00011175683,0.00022272703,0.0003713555,0.16734038,2,0
2025-09-15 14:26:00+00:00,long,0,0.00010269531,0.00018474739,0.00031017314,0.16734193,2,0
2025-09-15 14:27:00+00:00,long,0,0.00061869575,0.002636462,0.0009025572,0.16966943,2,0
2025-09-15 14:28:00+00:00,long,0,0.00027886324,0.000600185,0.00071545225,0.17063497,2,0
2025-09-15 14:29:00+00:00,long,0,6.8849746e-05,0.00020158572,0.00040608717,0.16739333,2,0
2025-09-15 14:30:00+00:00,long,0,0.00013195726,0.00018760271,0.00013791017,0.16709407,2,0
2025-09-15 14:31:00+00:00,long,0,6.948618e-05,0.00016853299,0.00065829454,0.1670909,2,0
2025-09-15 14:32:00+00:00,long,0,0.00052149635,0.0015307365,0.0019031686,0.1699092,2,0
2025-09-15 14:33:00+00:00,long,0,0.00028973652,0.00024180111,0.00033498748,0.16711657,2,0
2025-09-15 14:34:00+00:00,long,0,0.00021715151,0.00027099307,0.0004212499,0.16738541,2,0
2025-09-15 14:35:00+00:00,long,0,0.00025696724,0.00028032213,0.00016261324,0.16712008,2,0
2025-09-15 14:36:00+00:00,long,0,0.00018319165,0.00024166098,0.00035449804,0.1670845,2,0
2025-09-15 14:37:00+00:00,long,0,0.000108246844,0.00023278025,0.00017190215,0.1671583,2,0
2025-09-15 14:38:00+00:00,long,0,0.00010873649,0.00020374707,0.00037534986,0.16714644,2,0
2025-09-15 14:39:00+00:00,long,0,0.00024630845,0.0004137097,0.000854736,0.16786326,2,0
2025-09-15 14:40:00+00:00,long,0,0.00037035695,0.00041506562,0.0007103277,0.17406273,2,0
2025-09-15 14:41:00+00:00,long,0,0.0005094026,0.0009085486,0.0007038574,0.1870647,2,0
2025-09-15 14:42:00+00:00,long,0,0.0005368589,0.0007357176,0.00066327647,0.18627615,2,0
2025-09-15 14:43:00+00:00,long,0,0.00017577708,0.00023283753,0.00015430569,0.16980185,2,0
2025-09-15 14:44:00+00:00,long,0,0.00060469063,0.00030925486,0.00089922413,0.17151867,2,0
2025-09-15 14:45:00+00:00,long,0,0.00025110345,0.0005234101,0.00044021374,0.18261646,2,0
2025-09-15 14:46:00+00:00,long,0,0.0001774373,0.00044773586,0.00028371724,0.17200433,2,0
2025-09-15 14:47:00+00:00,long,0,9.631452e-05,0.00022333117,0.00033056372,0.17425953,2,0
2025-09-15 14:48:00+00:00,long,0,0.0001431049,0.00030610152,0.00020903013,0.17811108,2,0
2025-09-15 14:49:00+00:00,long,0,0.00022656136,0.00037048705,0.0006390839,0.1704281,2,0
2025-09-15 14:50:00+00:00,long,0,0.0002686124,0.001038546,0.0017159864,0.19987565,2,0
2025-09-15 14:51:00+00:00,long,0,0.00016953745,0.00025664966,0.0007281305,0.16900893,2,0
2025-09-15 14:52:00+00:00,long,0,0.00014254123,0.00033859024,0.00035114356,0.16979046,2,0
2025-09-15 14:53:00+00:00,long,0,7.872887e-05,0.0001870447,0.00025141344,0.1719808,2,0
2025-09-15 14:54:00+00:00,long,0,0.00047241495,0.0021459463,0.0016834401,0.22579354,2,0
2025-09-15 14:55:00+00:00,long,0,7.3348856e-05,0.00016190464,0.00023353075,0.17285036,2,0
2025-09-15 14:56:00+00:00,long,0,4.6924768e-05,9.708198e-05,0.0002867737,0.17281269,2,0
2025-09-15 14:57:00+00:00,long,0,7.6293945e-05,0.00016518448,0.00014898175,0.17024767,2,0
2025-09-15 14:58:00+00:00,long,0,4.612704e-05,9.054162e-05,0.00037987568,0.17280526,2,0
2025-09-15 14:59:00+00:00,long,0,4.593088e-05,8.220801e-05,0.0005804913,0.17304604,2,0
2025-09-15 15:00:00+00:00,long,0,0.0008991812,0.0016235042,0.0012314914,0.23302484,2,0
2025-09-15 15:01:00+00:00,long,0,0.00016559544,0.0002317147,0.0006372116,0.17854524,2,0
2025-09-15 15:02:00+00:00,long,0,0.0007109667,0.00036016403,0.0020052046,0.19769126,2,0
2025-09-15 15:03:00+00:00,long,0,0.00011850694,8.454578e-05,0.00024642755,0.17484762,2,0
2025-09-15 15:04:00+00:00,long,0,0.00011065844,6.410712e-05,0.00051572954,0.17335941,2,0
2025-09-15 15:05:00+00:00,long,0,0.0001254181,0.0001616179,0.00020909093,0.17041199,2,0
2025-09-15 15:06:00+00:00,long,0,0.000114029164,0.00018016555,0.000171942,0.17896946,2,0
2025-09-15 15:07:00+00:00,long,0,0.00018275288,0.0002393904,0.0002805847,0.17043783,2,0
2025-09-15 15:08:00+00:00,long,0,0.00048411085,0.00069272483,0.00073101,0.21315545,2,0
2025-09-15 15:09:00+00:00,long,0,0.00011072377,0.00015969799,0.00020690644,0.17869292,2,0
2025-09-15 15:10:00+00:00,long,0,0.00011753336,0.00034002488,0.0005830853,0.17979099,2,0
2025-09-15 15:11:00+00:00,long,0,0.00011047583,0.00026191724,0.0005433487,0.17687492,2,0
2025-09-15 15:12:00+00:00,long,0,8.631919e-05,0.00011960292,7.510111e-05,0.16863196,2,0
2025-09-15 15:13:00+00:00,long,0,7.588782e-05,0.000119559125,0.00014968304,0.16986041,2,0
2025-09-15 15:14:00+00:00,long,0,0.00010314519,0.00023369357,0.0005019043,0.17457795,2,0
2025-09-15 15:15:00+00:00,long,0,8.289445e-05,0.00010529715,0.00024238485,0.16954917,2,0
2025-09-15 15:16:00+00:00,long,0,4.9955575e-05,0.0001076141,0.00014968304,0.16877471,2,0
2025-09-15 15:17:00+00:00,long,0,5.2970918e-05,0.0001034041,0.00014755511,0.16852222,2,0
2025-09-15 15:18:00+00:00,long,0,5.0194583e-05,9.0777554e-05,0.00013728197,0.16852222,2,0
2025-09-15 15:19:00+00:00,long,0,8.3841514e-05,8.972852e-05,0.00025441556,0.16887622,2,0
2025-09-15 15:20:00+00:00,long,0,6.713256e-05,0.00011599121,0.00014755511,0.16817486,2,0
2025-09-15 15:21:00+00:00,long,0,6.514305e-05,0.00011448349,0.00021801099,0.16812603,2,0
2025-09-15 15:22:00+00:00,long,0,6.905503e-05,0.00015870822,0.0004031963,0.1705377,2,0
2025-09-15 15:23:00+00:00,long,0,0.00027025826,0.00073233584,0.0003473352,0.18682034,2,0
2025-09-15 15:24:00+00:00,long,0,9.8011325e-05,0.00014989157,0.00026021496,0.16963555,2,0
2025-09-15 15:25:00+00:00,long,0,8.081437e-05,0.00010035651,0.00022814618,0.16873491,2,0
2025-09-15 15:26:00+00:00,long,0,8.931918e-05,0.0002129974,0.00015003757,0.17517166,2,0
2025-09-15 15:27:00+00:00,long,0,8.9411646e-05,0.00021650628,0.00026021496,0.17234112,2,0
2025-09-15 15:28:00+00:00,long,0,8.541571e-05,0.00012311638,0.00017265271,0.16890848,2,0
2025-09-15 15:29:00+00:00,long,0,0.00010907473,0.00012049959,0.00024010107,0.16892715,2,0
2025-09-15 15:30:00+00:00,long,0,0.00010802628,0.0001317649,8.0743346e-05,0.1717515,2,0
2025-09-15 15:31:00+00:00,long,0,0.00016097042,0.00039453708,0.00046309287,0.17774321,2,0
2025-09-15 15:32:00+00:00,long,0,0.00014422383,0.00012130928,0.00017265271,0.17209297,2,0
2025-09-15 15:33:00+00:00,long,0,8.65098e-05,0.00019301542,0.00010647688,0.17266269,2,0
2025-09-15 15:34:00+00:00,long,0,8.777963e-05,0.00018665295,6.801005e-05,0.1690578,2,0
2025-09-15 15:35:00+00:00,long,0,0.00014944117,0.00033792207,0.0005574479,0.17708133,2,0
2025-09-15 15:36:00+00:00,long,0,0.00016234243,0.00017840002,0.00024077875,0.18247986,2,0
2025-09-15 15:37:00+00:00,long,0,9.455193e-05,0.00029378262,8.496914e-05,0.17015518,2,0
2025-09-15 15:38:00+00:00,long,0,0.00022225206,0.0004686351,0.0002561981,0.17337787,2,0
2025-09-15 15:39:00+00:00,long,0,9.8909564e-05,0.00028000827,8.1916354e-05,0.17412996,2,0
2025-09-15 15:40:00+00:00,long,0,0.00030341596,0.00051602384,0.00032794083,0.17838812,2,0
2025-09-15 15:41:00+00:00,long,0,0.0003098616,0.00081268954,0.0002561981,0.17139874,2,0
2025-09-15 15:42:00+00:00,long,0,0.00017464171,0.00075047626,6.465513e-05,0.16938438,2,0
2025-09-15 15:43:00+00:00,long,0,0.00017014766,0.00056789647,8.2534934e-05,0.17230321,2,0
2025-09-15 15:44:00+00:00,long,0,0.00020965947,0.00057225145,8.2534934e-05,0.17146267,2,0
2025-09-15 15:45:00+00:00,long,0,0.00020063616,0.0005731813,0.00047127815,0.17193587,2,0
2025-09-15 15:46:00+00:00,long,0,0.00019666998,0.000507879,0.00032485957,0.16982262,2,0
2025-09-15 15:47:00+00:00,long,0,0.00018801367,0.0005731174,0.00043284558,0.17065786,2,0
2025-09-15 15:48:00+00:00,long,0,0.00014607456,0.00053113437,0.00011722422,0.16842063,2,0
2025-09-15 15:49:00+00:00,long,0,0.00023279666,0.00075199903,0.0012192532,0.17175548,2,0
2025-09-15 15:50:00+00:00,long,0,0.00017428855,0.001073741,0.00020043577,0.17134023,2,0
2025-09-16 14:19:00+00:00,long,0,0.00027460518,0.1931251,0.00041284316,0.16816474,1,0
2025-09-16 14:20:00+00:00,long,0,0.00024071768,0.22501367,0.00036863462,0.16844232,1,0
2025-09-16 14:21:00+00:00,long,0,0.00032926945,0.16860525,0.0004155821,0.16892947,1,0
2025-09-16 14:22:00+00:00,short,0,0.0012129748,0.42740846,0.029653937,0.18160297,1,0
2025-09-16 14:23:00+00:00,short,0,0.0003132038,0.32239503,0.0018414643,0.17189598,1,0
2025-09-16 14:24:00+00:00,long,0,0.0012128039,0.85666716,0.0011028727,0.20308082,1,0
2025-09-16 14:25:00+00:00,short,0,0.00088656484,0.46380857,0.0014963975,0.16861606,1,0
2025-09-16 14:26:00+00:00,long,0,0.0004966832,0.3237781,0.00047354616,0.1878671,1,0
2025-09-16 14:27:00+00:00,long,0,0.00026519666,0.2691156,0.00052344654,0.16862762,1,0
2025-09-16 14:28:00+00:00,short,0,0.00032036853,0.2545371,0.00042783815,0.16833977,1,0
2025-09-16 14:29:00+00:00,long,0,0.0007513601,0.88264066,0.00069197203,0.23795088,1,0
2025-09-16 14:30:00+00:00,long,0,0.0001374364,0.12403497,0.00037732936,0.16823733,1,0
2025-09-16 14:31:00+00:00,short,0,0.00016783315,0.31079197,0.00069058914,0.16865997,1,0
2025-09-16 14:32:00+00:00,long,0,0.0005269176,0.8277534,0.00078113604,0.26198176,1,0
2025-09-16 14:33:00+00:00,long,0,0.00012383908,0.040088,0.00030813794,0.16865714,1,0
2025-09-16 14:34:00+00:00,long,0,0.00011654011,0.16479342,0.00030322047,0.16833049,1,0
2025-09-16 14:35:00+00:00,short,0,0.0062066107,0.76075095,0.08516697,0.21233441,1,0
2025-09-16 14:36:00+00:00,short,0,0.00012937817,0.27562955,0.00082268694,0.16853021,1,0
2025-09-16 14:37:00+00:00,short,0,0.00016953373,0.32476884,0.0010489604,0.17185976,1,0
2025-09-16 14:38:00+00:00,long,0,0.0003161842,0.18440376,0.00037794228,0.17693157,1,0
2025-09-16 14:39:00+00:00,long,0,0.00035190914,0.15735534,0.00043276945,0.17950141,1,0
2025-09-16 14:40:00+00:00,short,0,0.0074829077,0.8573614,0.06746673,0.21348836,1,0
2025-09-16 14:41:00+00:00,long,0,0.00015027868,0.06941811,0.00015682752,0.16801588,1,0
2025-09-16 14:42:00+00:00,long,0,0.00028340335,0.33013958,0.0003158317,0.17434351,1,0
2025-09-16 14:43:00+00:00,long,0,0.00014368615,0.12600292,0.00018417349,0.17372595,1,0
2025-09-16 14:44:00+00:00,short,0,0.0048363702,0.8041378,0.033088136,0.19297741,1,0
2025-09-16 14:45:00+00:00,long,0,0.00024126754,0.10146098,0.00011615016,0.16811782,1,0
2025-09-16 14:46:00+00:00,long,0,0.00017935294,0.07821246,0.00014095363,0.16786468,1,0
2025-09-16 14:47:00+00:00,long,0,0.00021802285,0.07330507,9.8207696e-05,0.16812189,1,0
2025-09-16 14:48:00+00:00,short,0,0.020867482,0.9518571,0.023990976,0.22496463,1,0
2025-09-16 14:49:00+00:00,short,0,0.00037872166,0.13292862,0.00061828457,0.18485253,1,0
2025-09-16 14:50:00+00:00,short,0,7.453114e-05,0.046613324,0.00011345605,0.16787833,1,0
2025-09-16 14:51:00+00:00,long,0,0.000241817,0.6116504,0.00048312967,0.17970212,1,0
2025-09-16 14:52:00+00:00,short,0,0.0007328822,0.54356873,0.0051416815,0.18033276,1,0
2025-09-16 14:53:00+00:00,long,0,0.00034105388,0.1575762,0.00033175177,0.17510372,1,0
2025-09-16 14:54:00+00:00,short,0,0.0006664383,0.47168213,0.020827645,0.1880867,1,0
2025-09-16 14:55:00+00:00,long,0,0.001373516,0.8909503,0.0027408742,0.20281424,1,0
2025-09-16 14:56:00+00:00,long,0,0.00022673985,0.11811555,0.000677681,0.17531548,1,0
2025-09-16 14:57:00+00:00,long,0,0.00042256666,0.60110956,0.00045061854,0.18800177,1,0
2025-09-16 14:58:00+00:00,short,0,0.0034979759,0.77264446,0.01811044,0.19916742,1,0
2025-09-16 14:59:00+00:00,short,0,0.00043461952,0.15949053,0.00012770887,0.16854554,1,0
2025-09-16 15:00:00+00:00,short,0,0.057313167,0.9715849,0.5132076,0.54550904,1,1
2025-09-16 15:01:00+00:00,long,0,0.0014106405,0.9008199,0.0042803786,0.2244405,1,0
2025-09-16 15:02:00+00:00,short,0,0.0020436232,0.31700626,0.0067380797,0.32177362,1,0
2025-09-16 15:03:00+00:00,long,0,0.0010349216,0.41272485,0.0034546265,0.20270516,1,0
2025-09-16 15:04:00+00:00,long,0,0.0012388704,0.2986221,0.0014485912,0.19916572,1,0
2025-09-16 15:05:00+00:00,long,0,0.0014454384,0.9093627,0.0071911183,0.21180789,1,0
2025-09-16 15:06:00+00:00,long,0,0.0012186958,0.8063501,0.007532672,0.21715264,1,0
2025-09-16 15:07:00+00:00,long,0,0.0019879946,0.32688934,0.0005678556,0.17060177,1,0
2025-09-16 15:08:00+00:00,long,0,0.0009353475,0.45125255,0.0027785087,0.18469298,1,0
2025-09-16 15:09:00+00:00,long,0,0.001831995,0.8595065,0.0057001966,0.20398831,1,0
2025-09-16 15:10:00+00:00,long,0,0.0018550069,0.78071153,0.00721284,0.20086761,1,0
2025-09-16 15:11:00+00:00,short,0,0.0025808269,0.47868395,0.004675554,0.23289306,1,0
2025-09-16 15:12:00+00:00,long,0,0.0018556578,0.9651914,0.021631766,0.19054459,1,0
2025-09-16 15:13:00+00:00,long,0,0.0014459243,0.33654857,0.0020477723,0.1706235,1,0
2025-09-16 15:14:00+00:00,long,0,0.0016941072,0.5715317,0.0029813899,0.17654288,1,0
2025-09-16 15:15:00+00:00,long,0,0.0008943463,0.20269419,0.0016156228,0.17717849,1,0
2025-09-16 15:16:00+00:00,short,0,0.01452628,0.6593281,0.038849615,0.3288125,1,0
2025-09-16 15:17:00+00:00,long,0,0.0016331777,0.47534445,0.0028585803,0.20464075,1,0
2025-09-16 15:18:00+00:00,short,0,0.0022429961,0.4455637,0.0023786882,0.21348101,1,0
2025-09-16 15:19:00+00:00,short,0,0.0052367845,0.49243867,0.0050894157,0.32855734,1,0
2025-09-16 15:20:00+00:00,short,0,0.0054571624,0.4537416,0.013226387,0.3046038,1,0
2025-09-16 15:21:00+00:00,long,0,0.00056457944,0.14708796,0.0012735509,0.17174096,1,0
2025-09-16 15:22:00+00:00,long,0,0.002134495,0.47999206,0.0029927136,0.19802785,1,0
2025-09-16 15:23:00+00:00,short,0,0.00044418764,0.2176854,0.00059322966,0.18880011,1,0
2025-09-16 15:24:00+00:00,short,0,0.00039579,0.10759046,0.0012256311,0.17366476,1,0
2025-09-16 15:25:00+00:00,short,0,0.0010954379,0.29514468,0.0070407456,0.22196865,1,0
2025-09-16 15:26:00+00:00,long,0,0.0002473175,0.065508835,0.0005722228,0.17036861,1,0
2025-09-16 15:27:00+00:00,short,0,0.00025046195,0.09358305,0.0004997563,0.17417715,1,0
2025-09-16 15:28:00+00:00,long,0,0.00013034155,0.062397663,0.00089301966,0.17022951,1,0
2025-09-16 15:29:00+00:00,long,0,0.00018964075,0.05769003,0.0010764597,0.16956796,1,0
2025-09-16 15:30:00+00:00,short,0,0.00021170705,0.08196909,0.0008824007,0.2984848,1,0
2025-09-16 15:31:00+00:00,short,0,0.00035319154,0.108745284,0.00063641655,0.29291585,1,0
2025-09-16 15:32:00+00:00,long,0,0.00013010077,0.028813815,0.00015762358,0.17040707,1,0
2025-09-16 15:33:00+00:00,short,0,0.00011878446,0.026197657,0.00020733477,0.1715818,1,0
2025-09-16 15:34:00+00:00,short,0,0.00013882914,0.038655072,0.00030816704,0.19746786,1,0
2025-09-16 15:35:00+00:00,long,0,0.00011159391,0.01686481,8.2001854e-05,0.16915166,1,0
2025-09-16 15:36:00+00:00,long,0,0.00012281293,0.017996315,8.9926994e-05,0.16932441,1,0
2025-09-16 15:37:00+00:00,long,0,9.362369e-05,0.020853646,0.00010925075,0.16859895,1,0
2025-09-16 15:38:00+00:00,long,0,9.792874e-05,0.018415838,0.00013500139,0.16848733,1,0
2025-09-16 15:39:00+00:00,short,0,0.00030456713,0.064520106,0.0013653355,0.25658765,1,0
2025-09-16 15:40:00+00:00,long,0,0.00017602112,0.047413662,0.000396366,0.17318475,1,0
2025-09-16 15:41:00+00:00,short,0,0.019908244,0.9070709,0.15892139,0.4027222,1,0
2025-09-16 15:42:00+00:00,short,0,0.001712418,0.40699372,0.008814266,0.40109006,1,0
2025-09-16 15:43:00+00:00,long,0,0.0004109147,0.22369444,0.0014660422,0.20226981,1,0
2025-09-16 15:44:00+00:00,short,0,0.00033917162,0.1178986,0.0014818684,0.2472362,1,0
2025-09-16 15:45:00+00:00,short,0,0.00080601795,0.1865534,0.0021669578,0.30137613,1,0
2025-09-16 15:46:00+00:00,short,0,0.0005992719,0.08728463,0.0008716243,0.24551733,1,0
2025-09-16 15:47:00+00:00,short,0,0.0010603388,0.101542,0.004256434,0.3397838,1,0
2025-09-16 15:48:00+00:00,short,0,0.00027964945,0.04954466,0.00015610347,0.17150074,1,0
2025-09-16 15:49:00+00:00,short,0,0.0005769336,0.08209353,0.00021720574,0.17806347,1,0
2025-09-16 15:50:00+00:00,short,0,0.0010315223,0.10627108,0.0011189294,0.21022868,1,0
2025-09-17 14:19:00+00:00,short,0,0.0001362204,0.015962064,4.572316e-05,0.1680587,1,0
2025-09-17 14:20:00+00:00,short,0,8.090104e-05,0.0004885924,8.4227126e-05,0.16952713,2,0
2025-09-17 14:21:00+00:00,short,0,0.00011692827,0.00038911912,4.9240916e-05,0.16778685,2,0
2025-09-17 14:22:00+00:00,short,0,0.00036381197,0.0008004535,0.0007422652,0.18109457,2,0
2025-09-17 14:23:00+00:00,short,0,7.526909e-05,0.00024444575,4.9240916e-05,0.1675656,2,0
2025-09-17 14:24:00+00:00,short,0,3.8346792e-05,0.00034186314,3.1249318e-05,0.16810276,2,0
2025-09-17 14:25:00+00:00,short,0,5.9561182e-05,0.00048552154,8.4708554e-05,0.17073537,2,0
2025-09-17 14:26:00+00:00,short,1,0.97708946,0.9920781,0.9468499,0.7853201,2,2
2025-09-17 14:27:00+00:00,short,0,0.00010579081,0.00026969326,0.00013755793,0.16771032,2,0
2025-09-17 14:28:00+00:00,short,0,0.00026278896,0.00078480353,0.0010371277,0.18870568,2,0
2025-09-17 14:29:00+00:00,short,0,0.00012569106,0.00031346697,0.00020899126,0.17467804,2,0
2025-09-17 14:30:00+00:00,short,0,3.0112773e-05,0.00026038472,7.2876224e-05,0.17285188,2,0
2025-09-17 14:31:00+00:00,short,0,0.013053997,0.9339509,0.1768778,0.5024819,1,1
2025-09-17 14:32:00+00:00,long,0,0.051796675,0.059337985,0.5025642,0.51060796,2,0
2025-09-17 14:33:00+00:00,short,0,7.9974365e-05,0.00029389438,0.00013649747,0.17151858,2,0
2025-09-17 14:34:00+00:00,short,0,5.7829617e-05,0.000120241115,5.1454674e-05,0.16784781,2,0
2025-09-17 14:35:00+00:00,short,0,0.00015324909,0.00040216174,0.000543501,0.18389559,2,0
2025-09-17 14:36:00+00:00,long,0,0.00031114547,0.0021837978,0.0019254521,0.19164316,2,0
2025-09-17 14:37:00+00:00,long,0,0.0025622658,0.025648206,0.015846195,0.22768964,2,0
2025-09-17 14:38:00+00:00,long,0,0.0121738175,0.05972984,0.09131981,0.40841997,2,0
2025-09-17 14:39:00+00:00,short,0,0.00039475207,0.0018599648,0.0021798033,0.18366168,2,0
2025-09-17 14:40:00+00:00,short,0,0.00017885274,0.0010084118,0.00036457667,0.18327995,2,0
2025-09-17 14:41:00+00:00,long,0,0.0001480639,0.0006170113,0.0008536653,0.18578379,2,0
2025-09-17 14:42:00+00:00,short,0,0.00015542723,0.00057202514,0.0001502612,0.1748237,2,0
2025-09-17 14:43:00+00:00,long,0,0.0001587164,0.0006474186,0.00040610923,0.1855859,2,0
2025-09-17 14:44:00+00:00,short,0,0.00015504446,0.00031977624,0.00015305995,0.17964797,2,0
2025-09-17 14:45:00+00:00,short,0,0.00028731336,0.00046674328,0.00026295186,0.1982501,2,0
2025-09-17 14:46:00+00:00,long,0,0.00035988257,0.0014369724,0.0005028007,0.19758731,2,0
2025-09-17 14:47:00+00:00,short,0,0.0002966246,0.00042070894,0.00023374926,0.21227287,2,0
2025-09-17 14:48:00+00:00,short,0,0.00021414548,0.0004246437,0.00017132371,0.17834954,2,0
2025-09-17 14:49:00+00:00,long,0,0.08708293,0.10074986,0.22781385,0.47407135,2,0
2025-09-17 14:50:00+00:00,short,0,0.0002881525,0.0004933244,0.0002453171,0.17161633,2,0
2025-09-17 14:51:00+00:00,short,0,0.000122050464,0.0003531082,0.0001294574,0.16879453,2,0
2025-09-17 14:52:00+00:00,short,0,0.00034868135,0.00030067828,0.0006211261,0.18040352,2,0
2025-09-17 14:53:00+00:00,long,0,0.00023407245,0.00042192527,0.00019396203,0.17807911,2,0
2025-09-17 14:54:00+00:00,long,0,0.33854514,0.5063185,0.9141538,0.5401858,2,1
2025-09-17 14:55:00+00:00,short,0,0.00023448211,0.0006447364,9.129364e-05,0.20038794,2,0
2025-09-17 14:56:00+00:00,long,1,0.9608671,0.9116761,0.9371375,0.7452104,3,2
2025-09-17 14:57:00+00:00,long,0,0.004559703,0.026797248,0.0073361737,0.36168778,2,0
2025-09-17 14:58:00+00:00,short,0,0.0003582962,0.0010076938,0.00034976786,0.1965604,2,0
2025-09-17 14:59:00+00:00,long,0,0.00033807821,0.0005560502,0.00036713565,0.18590094,2,0
2025-09-17 15:00:00+00:00,short,0,0.029368378,0.94526184,0.020417625,0.26152518,1,0
2025-09-17 15:01:00+00:00,short,0,0.00044171163,0.30594948,0.00021185423,0.20049228,1,0
2025-09-17 15:02:00+00:00,short,0,0.00011250112,0.01772865,0.0001372533,0.19088952,1,0
2025-09-17 15:03:00+00:00,short,0,0.002202436,0.09964107,0.001022097,0.18082058,1,0
2025-09-17 15:04:00+00:00,long,0,0.0007324049,0.55302846,0.00055968534,0.2032428,1,0
2025-09-17 15:05:00+00:00,long,0,0.009769722,0.027488679,0.006882493,0.34746444,2,0
2025-09-17 15:06:00+00:00,long,1,0.9949957,0.99019206,0.957449,0.7662708,3,2
2025-09-17 15:07:00+00:00,short,0,0.0006507176,0.0012052056,0.00055686326,0.18766145,2,0
2025-09-17 15:08:00+00:00,short,0,0.020594377,0.8996271,0.03265896,0.26815128,1,0
2025-09-17 15:09:00+00:00,long,0,0.080158226,0.20067967,0.039488543,0.44890055,2,1
2025-09-17 15:10:00+00:00,long,1,0.9933651,0.9621294,0.96315855,0.777617,3,2
2025-09-17 15:11:00+00:00,short,0,0.021572415,0.9398099,0.019755704,0.26767883,1,0
2025-09-17 15:12:00+00:00,long,0,0.00019994026,0.35843736,0.000172389,0.21765046,1,0
2025-09-17 15:13:00+00:00,long,0,0.0007262601,0.001366365,0.00032586767,0.18345983,2,0
2025-09-17 15:14:00+00:00,long,1,0.9931069,0.98266464,0.9681871,0.781868,3,2
2025-09-17 15:15:00+00:00,long,0,0.001512224,0.0021645175,0.00040270746,0.18633129,2,0
2025-09-17 15:16:00+00:00,short,0,0.0005249392,0.0012875324,0.00073102536,0.17711021,2,0
2025-09-17 15:17:00+00:00,long,0,0.0021098263,0.0035540268,0.0028681417,0.2190033,2,0
2025-09-17 15:18:00+00:00,short,0,0.0002872438,0.028365236,0.0004501909,0.18708616,1,0
2025-09-17 15:19:00+00:00,short,0,0.0013707998,0.23667897,0.0009583859,0.18241948,1,0
2025-09-17 15:20:00+00:00,short,0,0.00034077614,0.051681176,0.00025128046,0.20976692,1,0
2025-09-17 15:21:00+00:00,short,0,0.00042010238,0.046840273,0.00059889734,0.20783472,1,0
2025-09-17 15:22:00+00:00,short,0,0.00010190865,0.024599133,0.000112375244,0.18938951,1,0
2025-09-17 15:23:00+00:00,short,0,0.00016687189,0.022777028,7.351895e-05,0.18780863,1,0
2025-09-17 15:24:00+00:00,long,0,0.00085476006,0.4826077,0.00043782702,0.19216919,1,0
2025-09-17 15:25:00+00:00,long,0,0.00014344769,0.16367036,8.8664725e-05,0.2092249,1,0
2025-09-17 15:26:00+00:00,short,0,0.008626392,0.42799997,0.0024329245,0.2539911,1,0
2025-09-17 15:27:00+00:00,long,0,0.00019228195,0.18354496,0.00011222982,0.19479527,1,0
2025-09-17 15:28:00+00:00,short,0,0.00037800893,0.02745155,0.0008229202,0.18870474,1,0
2025-09-17 15:29:00+00:00,long,0,0.31436077,0.4700493,0.9612552,0.6983431,2,1
2025-09-17 15:30:00+00:00,long,0,0.00016041927,0.0009921839,0.0005094216,0.21411437,2,0
2025-09-17 15:31:00+00:00,short,0,0.0003329323,0.0025097176,0.0013168618,0.21011849,2,0
2025-09-17 15:32:00+00:00,long,0,0.00013510673,0.0002891887,0.000103302984,0.18125336,2,0
2025-09-17 15:33:00+00:00,short,0,0.0010693851,0.207131,0.00089291454,0.17866056,1,0
2025-09-17 15:34:00+00:00,short,0,0.0002651451,0.028398484,0.0006175549,0.21358164,1,0
2025-09-17 15:35:00+00:00,short,0,0.22814012,0.9952057,0.623555,0.7445286,1,2
2025-09-17 15:36:00+00:00,short,0,6.869471e-05,0.020017093,6.160964e-05,0.17305641,1,0
2025-09-17 15:37:00+00:00,short,0,9.773553e-05,0.02645653,4.8260332e-05,0.16859017,1,0
2025-09-17 15:38:00+00:00,short,0,8.415221e-05,0.021294793,4.8260332e-05,0.16891278,1,0
2025-09-17 15:39:00+00:00,short,0,0.00069994055,0.3067585,0.00084388733,0.20954649,1,0
2025-09-17 15:40:00+00:00,long,0,0.00013431137,0.38545176,0.0003533685,0.19854963,1,0
2025-09-17 15:41:00+00:00,short,0,0.00094905525,0.22324325,0.0010088255,0.17893553,1,0
2025-09-17 15:42:00+00:00,short,0,0.00053779536,0.04738311,0.00083915476,0.20129591,1,0
2025-09-17 15:43:00+00:00,short,0,9.264596e-05,0.023437684,5.0483566e-05,0.1718092,1,0
2025-09-17 15:44:00+00:00,short,0,0.002436115,0.74841774,0.00445154,0.27076647,1,0
2025-09-17 15:45:00+00:00,short,0,6.404144e-05,0.014540109,1.78699e-05,0.16847213,1,0
2025-09-17 15:46:00+00:00,long,0,0.00011692202,0.085604824,0.000107617074,0.20258045,1,0
2025-09-17 15:47:00+00:00,short,0,0.00016706836,0.034593113,0.00033795205,0.19918166,1,0
2025-09-17 15:48:00+00:00,long,0,0.00011393037,0.0002550339,8.466551e-05,0.17833687,2,0
2025-09-17 15:49:00+00:00,short,0,0.00032704632,0.06924112,0.00086437014,0.19959988,1,0
2025-09-17 15:50:00+00:00,short,0,0.05001914,0.9904047,0.3509045,0.63919884,1,1
2025-09-18 14:19:00+00:00,long,0,0.000157638,0.00013928009,4.739473e-05,0.1760068,2,0
2025-09-18 14:20:00+00:00,long,0,0.00028113578,0.000113972084,0.00025209418,0.1709532,2,0
2025-09-18 14:21:00+00:00,short,0,0.0003466668,0.00033465773,0.002831789,0.17407458,2,0
2025-09-18 14:22:00+00:00,long,0,0.0015112141,0.007516523,0.0020732484,0.32748938,2,0
2025-09-18 14:23:00+00:00,long,0,0.00019745501,0.00010782457,0.00011418193,0.16830973,2,0
2025-09-18 14:24:00+00:00,long,1,0.9884292,0.9973339,0.970072,0.7978789,2,2
2025-09-18 14:25:00+00:00,long,0,0.00078574644,0.023302812,0.00034320314,0.17771022,1,0
2025-09-18 14:26:00+00:00,long,0,0.0009883539,0.018540598,0.00011669824,0.17435277,1,0
2025-09-18 14:27:00+00:00,long,0,0.0150653245,0.81900084,0.0070940196,0.36250544,1,0
2025-09-18 14:28:00+00:00,short,0,0.0014561025,0.00088020356,0.0025668717,0.17129077,2,0
2025-09-18 14:29:00+00:00,long,0,0.00085382554,0.00018883059,0.00051427283,0.17448632,2,0
2025-09-18 14:30:00+00:00,long,0,0.0010348457,0.00025962022,0.00021650172,0.1875832,2,0
2025-09-18 14:31:00+00:00,long,0,0.0009383793,0.00092235906,0.00030015013,0.27700356,2,0
2025-09-18 14:32:00+00:00,long,0,0.0013385905,0.00031313306,0.000421116,0.23248978,2,0
2025-09-18 14:33:00+00:00,long,0,0.0015711167,0.000294505,9.613046e-05,0.20038599,2,0
2025-09-18 14:34:00+00:00,long,0,0.006879101,0.8971785,0.015563156,0.35466412,1,0
2025-09-18 14:35:00+00:00,long,0,0.0010228369,0.00018502805,0.00061989774,0.208772,2,0
2025-09-18 14:36:00+00:00,long,0,0.00073065795,0.00019570717,0.00051653857,0.19810939,2,0
2025-09-18 14:37:00+00:00,long,0,0.00067118317,0.00016866224,0.00014466002,0.17843461,2,0
2025-09-18 14:38:00+00:00,long,0,0.0001962588,0.0002183711,0.0012672293,0.17140871,2,0
2025-09-18 14:39:00+00:00,long,0,0.00024239619,0.00012939668,0.00017160083,0.17292817,2,0
2025-09-18 14:40:00+00:00,long,0,0.0026264351,0.0047324505,0.0012344822,0.24803184,2,0
2025-09-18 14:41:00+00:00,long,0,0.00038941822,0.00060433085,0.0035107008,0.17869812,2,0
2025-09-18 14:42:00+00:00,long,0,0.0035938502,0.005529768,0.001177667,0.2589511,2,0
2025-09-18 14:43:00+00:00,long,0,0.0003362013,0.0003240689,0.0022662643,0.19393581,2,0
2025-09-18 14:44:00+00:00,short,0,0.00094679644,0.0021738114,0.003209586,0.20083731,2,0
2025-09-18 14:45:00+00:00,long,0,0.0006679323,0.0010180116,0.0024870548,0.20666198,2,0
2025-09-18 14:46:00+00:00,long,0,0.0018255642,0.0013792673,0.0006029216,0.22619729,2,0
2025-09-18 14:47:00+00:00,long,0,0.0015885177,0.00118706,0.00038963044,0.17376049,2,0
2025-09-18 14:48:00+00:00,long,0,0.001125816,0.000887761,0.0005068545,0.17620249,2,0
2025-09-18 14:49:00+00:00,short,0,0.00046369404,0.0017127286,0.0036159565,0.18040465,2,0
2025-09-18 14:50:00+00:00,short,0,0.0009432624,0.002599491,0.013031966,0.17753126,2,0
2025-09-18 14:51:00+00:00,long,0,0.0012469747,0.0010791164,0.0049781986,0.20678361,2,0
2025-09-18 14:52:00+00:00,long,0,0.00062795816,0.0005624474,0.0021470105,0.22626106,2,0
2025-09-18 14:53:00+00:00,long,0,0.0021498688,0.0023630485,0.00072916,0.26339543,2,0
2025-09-18 14:54:00+00:00,short,0,0.00093349477,0.001498219,0.014698434,0.19530743,2,0
2025-09-18 14:55:00+00:00,long,0,0.00088619196,0.004174167,0.0011117995,0.23859875,2,0
2025-09-18 14:56:00+00:00,short,0,0.00087593705,0.0014381162,0.016422754,0.19288617,2,0
2025-09-18 14:57:00+00:00,long,0,0.006439924,0.8939466,0.0072853663,0.2266012,1,0
2025-09-18 14:58:00+00:00,long,0,0.00049021235,0.00036336156,0.0010265309,0.20774095,2,0
2025-09-18 14:59:00+00:00,long,0,0.000611925,0.11479004,0.001068293,0.17809229,1,0
2025-09-18 15:00:00+00:00,long,0,0.0012577059,0.27735007,0.0011843533,0.19025171,1,0
2025-09-18 15:01:00+00:00,long,0,0.0012260525,0.4992961,0.0011947555,0.19504638,1,0
2025-09-18 15:02:00+00:00,long,0,0.0007439212,0.1179305,0.0009055936,0.17728645,1,0
2025-09-18 15:03:00+00:00,long,0,0.0005099776,0.09480849,0.0011282123,0.17802584,1,0
2025-09-18 15:04:00+00:00,long,0,0.0004907374,0.03039634,0.0020874229,0.1916164,1,0
2025-09-18 15:05:00+00:00,long,0,0.00033241377,0.00052429317,0.0020608755,0.19803081,2,0
2025-09-18 15:06:00+00:00,long,0,0.00028803057,0.00037089258,0.0021657126,0.20267951,2,0
2025-09-18 15:07:00+00:00,long,0,0.00014234253,0.00027365226,0.0003857669,0.17611921,2,0
2025-09-18 15:08:00+00:00,long,0,0.00012596679,0.00028077443,0.00044035516,0.17216824,2,0
2025-09-18 15:09:00+00:00,long,0,0.0014819962,0.7480833,0.0024803495,0.21999024,1,0
2025-09-18 15:10:00+00:00,long,0,0.00045760308,0.0769835,0.00060798466,0.17472446,1,0
2025-09-18 15:11:00+00:00,long,0,7.6562515e-05,0.019955158,0.00042681262,0.17293054,1,0
2025-09-18 15:12:00+00:00,long,0,0.000115257906,0.00023491756,0.00021723144,0.17225862,2,0
2025-09-18 15:13:00+00:00,long,0,0.000271874,0.07344955,0.0006734424,0.17839539,1,0
2025-09-18 15:14:00+00:00,long,0,0.0038999727,0.88850474,0.010782614,0.30848917,1,0
2025-09-18 15:15:00+00:00,long,0,0.00017282383,0.018128103,0.002016975,0.20095892,1,0
2025-09-18 15:16:00+00:00,long,0,0.00012148059,0.00019706378,0.001421292,0.18729466,2,0
2025-09-18 15:17:00+00:00,long,0,0.0006216493,0.36851257,0.0008116815,0.1811675,1,0
2025-09-18 15:18:00+00:00,long,0,0.012563197,0.91291183,0.0052568885,0.2728599,1,0
2025-09-18 15:19:00+00:00,long,0,0.00023267751,0.025563106,0.0017693588,0.17556001,1,0
2025-09-18 15:20:00+00:00,long,0,0.00013654031,0.0002617859,0.0011336894,0.18301475,2,0
2025-09-18 15:21:00+00:00,long,0,0.00031635215,0.00040838285,0.0010569204,0.17191748,2,0
2025-09-18 15:22:00+00:00,long,0,0.0009617176,0.14296193,0.0030361274,0.17750008,1,0
2025-09-18 15:23:00+00:00,long,0,0.0014878226,0.14010333,0.0030361274,0.1785412,1,0
2025-09-18 15:24:00+00:00,long,0,0.00015219112,0.00029691294,0.0019183891,0.19022705,2,0
2025-09-18 15:25:00+00:00,long,0,0.03642235,0.97706443,0.083499976,0.45866683,1,0
2025-09-18 15:26:00+00:00,long,0,0.00050318445,0.04117323,0.0008562628,0.17655896,1,0
2025-09-18 15:27:00+00:00,short,0,0.0011851274,0.0030447547,0.013192693,0.17372364,2,0
2025-09-18 15:28:00+00:00,short,0,0.00078495615,0.0015449676,0.0047382084,0.17478682,2,0
2025-09-18 15:29:00+00:00,long,0,0.022082664,0.19088724,0.017219627,0.28556666,2,0
2025-09-18 15:30:00+00:00,long,0,0.0008491384,0.45734942,0.00076454156,0.18498118,1,0
2025-09-18 15:31:00+00:00,long,0,0.0009019996,0.00060195295,0.00069470657,0.16952819,2,0
2025-09-18 15:32:00+00:00,long,0,0.018010562,0.9227446,0.010652701,0.3221456,1,0
2025-09-18 15:33:00+00:00,long,0,0.0032108752,0.5465302,0.0017415017,0.21221673,1,0
2025-09-18 15:34:00+00:00,long,0,0.015037537,0.96707433,0.017512126,0.36980188,1,0
2025-09-18 15:35:00+00:00,long,0,0.0016776634,0.54710686,0.0040168674,0.187582,1,0
2025-09-18 15:36:00+00:00,long,0,0.001203842,0.28835848,0.0035457148,0.17919225,1,0
2025-09-18 15:37:00+00:00,long,0,0.0009595078,0.050261334,0.0016658494,0.17290212,1,0
2025-09-18 15:38:00+00:00,long,0,0.006578441,0.8973214,0.008727528,0.2638173,1,0
2025-09-18 15:39:00+00:00,short,0,0.00067203096,0.0012340359,0.003007477,0.16965674,2,0
2025-09-18 15:40:00+00:00,long,0,0.0027102565,0.75841266,0.0013935494,0.1904376,1,0
2025-09-18 15:41:00+00:00,short,0,0.0009596866,0.0020663403,0.0022875431,0.17079379,2,0
2025-09-18 15:42:00+00:00,short,0,0.007833573,0.04787145,0.043876432,0.21181649,2,0
2025-09-18 15:43:00+00:00,short,0,0.0014143835,0.0038671014,0.008033446,0.17140718,2,0
2025-09-18 15:44:00+00:00,long,0,0.023179088,0.115805656,0.0110830255,0.30876338,2,0
2025-09-18 15:45:00+00:00,long,0,0.0073076086,0.010075461,0.0026540186,0.1809301,2,0
2025-09-18 15:46:00+00:00,long,0,0.068586595,0.97432566,0.014709914,0.35027444,1,0
2025-09-18 15:47:00+00:00,long,0,0.003060222,0.0046514594,0.0022239708,0.17354642,2,0
2025-09-18 15:48:00+00:00,short,0,0.0035310911,0.0052888393,0.009662981,0.17145519,2,0
2025-09-18 15:49:00+00:00,short,0,0.00483109,0.007036606,0.016118096,0.17293292,2,0
2025-09-18 15:50:00+00:00,long,0,0.0009776703,0.0012713912,0.00046123352,0.16781835,2,0
2025-09-19 14:19:00+00:00,long,0,0.000596486,0.00023711925,0.00606801,0.17482702,2,0
2025-09-19 14:20:00+00:00,long,0,0.3551289,0.15703554,0.84751946,0.74070626,2,2
2025-09-19 14:21:00+00:00,long,1,0.9868088,0.99319285,0.9678802,0.78547305,2,2
2025-09-19 14:22:00+00:00,long,0,0.0007490648,0.00052186905,0.003990297,0.18156421,2,0
2025-09-19 14:23:00+00:00,long,0,0.0010879211,0.00031334689,0.0056314156,0.1799935,2,0
2025-09-19 14:24:00+00:00,long,0,0.001676263,0.0007520187,0.0054832515,0.17726494,2,0
2025-09-19 14:25:00+00:00,long,1,0.9620046,0.9150445,0.90104204,0.7503838,3,2
2025-09-19 14:26:00+00:00,long,0,0.003927389,0.0018406844,0.0024080023,0.25640318,2,0
2025-09-19 14:27:00+00:00,long,0,0.0009691405,0.0004115139,0.003755708,0.17837723,2,0
2025-09-19 14:28:00+00:00,long,0,0.0006945341,0.0009888131,0.006212513,0.19322908,2,0
2025-09-19 14:29:00+00:00,long,0,0.040094554,0.026628315,0.12953906,0.4694639,2,0
2025-09-19 14:30:00+00:00,long,0,0.0017346439,0.0011270237,0.0049470845,0.17089997,2,0
2025-09-19 14:31:00+00:00,long,0,0.0006210867,0.00036958398,0.0038624334,0.1726545,2,0
2025-09-19 14:32:00+00:00,long,0,0.4588938,0.32992786,0.80532175,0.6927185,2,1
2025-09-19 14:33:00+00:00,long,0,0.011190207,0.005606428,0.19188194,0.23232682,2,0
2025-09-19 14:34:00+00:00,long,0,0.17922136,0.023352047,0.46263295,0.5417488,2,0
2025-09-19 14:35:00+00:00,long,1,0.98115945,0.9939027,0.953291,0.7844043,2,2
2025-09-19 14:36:00+00:00,long,0,0.053657774,0.4432818,0.19925606,0.2699909,1,0
2025-09-19 14:37:00+00:00,long,1,0.94102234,0.95746493,0.8920758,0.64726406,2,1
2025-09-19 14:38:00+00:00,long,0,0.00049981364,0.00026849718,0.002056656,0.17105563,2,0
2025-09-19 14:39:00+00:00,long,0,0.002706843,0.00029605362,0.007347315,0.18268456,2,0
2025-09-19 14:40:00+00:00,long,0,0.0012134082,0.00094846945,0.00689891,0.18718095,2,0
2025-09-19 14:41:00+00:00,long,0,0.0014589083,0.0012929282,0.007207362,0.1862399,2,0
2025-09-19 14:42:00+00:00,long,0,0.001078134,0.0016382227,0.0049293633,0.17773068,2,0
2025-09-19 14:43:00+00:00,long,0,0.014760603,0.0052815797,0.13629346,0.27053782,2,0
2025-09-19 14:44:00+00:00,long,0,0.002214109,0.0012262242,0.010306301,0.18647866,2,0
2025-09-19 14:45:00+00:00,long,0,0.0016801185,0.001883299,0.010841225,0.19122975,2,0
2025-09-19 14:46:00+00:00,long,0,0.0010240078,0.0017023763,0.010274167,0.18763079,2,0
2025-09-19 14:47:00+00:00,long,0,0.0022692452,0.0013619647,0.0032050034,0.17372961,2,0
2025-09-19 14:48:00+00:00,long,0,0.018284766,0.010885788,0.18927735,0.22302653,2,0
2025-09-19 14:49:00+00:00,long,0,0.0020019924,0.0013402656,0.010116845,0.17421007,2,0
2025-09-19 14:50:00+00:00,long,0,0.0009747289,0.00084730855,0.0043536406,0.19050634,2,0
2025-09-19 14:51:00+00:00,long,0,0.0006950185,0.0007938622,0.0023473585,0.19092573,2,0
2025-09-19 14:52:00+00:00,long,0,0.0009945527,0.0009141449,0.0059989197,0.17819355,2,0
2025-09-19 14:53:00+00:00,long,0,0.0011721172,0.0010129773,0.008695171,0.19089125,2,0
2025-09-19 14:54:00+00:00,long,0,0.0006749205,0.00070765277,0.0067814705,0.17507719,2,0
2025-09-19 14:55:00+00:00,long,0,0.0006034957,0.00067244767,0.009437359,0.17612667,2,0
2025-09-19 14:56:00+00:00,long,0,0.00048223085,0.00062825746,0.013238952,0.18158436,2,0
2025-09-19 14:57:00+00:00,long,0,0.000508243,0.0008416272,0.018226564,0.18816884,2,0
2025-09-19 14:58:00+00:00,long,0,0.00082643516,0.001080829,0.027232628,0.19255234,2,0
2025-09-19 14:59:00+00:00,long,0,0.2389681,0.32963863,0.9008132,0.5577479,2,1
2025-09-19 15:00:00+00:00,long,0,0.0009741501,0.0013457738,0.018650956,0.18599336,2,0
2025-09-19 15:01:00+00:00,long,0,0.00072223216,0.0013955907,0.0054625147,0.17376278,2,0
2025-09-19 15:02:00+00:00,long,0,0.00095127226,0.00061267836,0.040860064,0.18207324,2,0
2025-09-19 15:03:00+00:00,long,0,0.0017216417,0.0005961276,0.02175644,0.18124019,2,0
2025-09-19 15:04:00+00:00,long,0,0.0011941497,0.0006933771,0.0015139234,0.16976298,2,0
2025-09-19 15:05:00+00:00,long,0,0.001116463,0.0005935461,0.005994568,0.17245825,2,0
2025-09-19 15:06:00+00:00,long,0,0.002764514,0.0011932174,0.030653004,0.18555017,2,0
2025-09-19 15:07:00+00:00,long,0,0.0014022051,0.00082376983,0.001985648,0.1706542,2,0
2025-09-19 15:08:00+00:00,long,0,0.0013275361,0.0010345579,0.0062602716,0.17228441,2,0
2025-09-19 15:09:00+00:00,long,0,0.0014472585,0.0013982987,0.011403708,0.1802705,2,0
2025-09-19 15:10:00+00:00,long,0,0.28049937,0.30528036,0.84592557,0.7117991,2,2
2025-09-19 15:11:00+00:00,long,0,0.2299344,0.9941195,0.91965264,0.53353983,1,1
2025-09-19 15:12:00+00:00,long,0,0.0030651095,0.20186092,0.00529039,0.1751331,1,0
2025-09-19 15:13:00+00:00,long,0,0.0028451895,0.09356907,0.022238888,0.18389319,1,0
2025-09-19 15:14:00+00:00,long,0,0.012582716,0.0031342844,0.037941113,0.19996864,2,0
2025-09-19 15:15:00+00:00,long,0,0.14625834,0.15480545,0.5012879,0.5855295,2,1
2025-09-19 15:16:00+00:00,long,0,0.002501322,0.0016745667,0.013224272,0.18130247,2,0
2025-09-19 15:17:00+00:00,long,0,0.002629007,0.0013690783,0.021221943,0.18181448,2,0
2025-09-19 15:18:00+00:00,long,0,0.013309847,0.028214222,0.09167531,0.345165,2,0
2025-09-19 15:19:00+00:00,long,0,0.0030676504,0.0014133852,0.014273109,0.17927246,2,0
2025-09-19 15:20:00+00:00,long,0,0.0022937942,0.0014832026,0.03316741,0.17891343,2,0
2025-09-19 15:21:00+00:00,long,0,0.0069867508,0.0019201218,0.02960966,0.18855302,2,0
2025-09-19 15:22:00+00:00,long,0,0.0050222147,0.0044676694,0.016601576,0.17449413,2,0
2025-09-19 15:23:00+00:00,long,0,0.0032555969,0.0023831336,0.024490492,0.18767953,2,0
2025-09-19 15:24:00+00:00,long,0,0.03418205,0.041579396,0.068510175,0.31989816,2,0
2025-09-19 15:25:00+00:00,long,0,0.1844148,0.20453985,0.68017346,0.7005591,2,2
2025-09-19 15:26:00+00:00,long,0,0.0066207657,0.0058721653,0.04073726,0.20565324,2,0
2025-09-19 15:27:00+00:00,long,0,0.0029583022,0.0023471508,0.009862477,0.18009847,2,0
2025-09-19 15:28:00+00:00,long,0,0.008200039,0.007503433,0.044990312,0.31880337,2,0
2025-09-19 15:29:00+00:00,long,0,0.0024638237,0.006272176,0.052351054,0.21632838,2,0
2025-09-19 15:30:00+00:00,long,0,0.002603953,0.0020901482,0.0019813662,0.1736954,2,0
2025-09-19 15:31:00+00:00,long,0,0.005277898,0.00597755,0.036711052,0.20052917,2,0
2025-09-19 15:32:00+00:00,long,0,0.0078971945,0.015180008,0.012482715,0.23149693,2,0
2025-09-19 15:33:00+00:00,long,0,0.0029131146,0.0014087732,0.002933968,0.18524982,2,0
2025-09-19 15:34:00+00:00,long,0,0.004362587,0.0045017633,0.008361181,0.19452256,2,0
2025-09-19 15:35:00+00:00,long,0,0.013729298,0.021363754,0.032794625,0.28779265,2,0
2025-09-19 15:36:00+00:00,long,0,0.00476844,0.0033641465,0.014777873,0.18873622,2,0
2025-09-19 15:37:00+00:00,long,0,0.007931234,0.0033832367,0.01326368,0.18370683,2,0
2025-09-19 15:38:00+00:00,long,1,0.97702116,0.99165523,0.93615973,0.6315641,2,1
2025-09-19 15:39:00+00:00,long,0,0.004102272,0.0039407006,0.0046094256,0.20193565,2,0
2025-09-19 15:40:00+00:00,long,0,0.026925957,0.0071961586,0.04829337,0.19570883,2,0
2025-09-19 15:41:00+00:00,long,0,0.012123972,0.007279943,0.01865019,0.19966388,2,0
2025-09-19 15:42:00+00:00,long,0,0.010688951,0.0037684129,0.010618167,0.18580711,2,0
2025-09-19 15:43:00+00:00,long,0,0.00253771,0.001470086,0.0025391455,0.18566729,2,0
2025-09-19 15:44:00+00:00,long,0,0.0027607318,0.0025261322,0.0024852597,0.17580365,2,0
2025-09-19 15:45:00+00:00,long,0,0.0028179153,0.004168704,0.0072296457,0.20696525,2,0
2025-09-19 15:46:00+00:00,long,0,0.0038339621,0.0036470576,0.010235633,0.20980243,2,0
2025-09-19 15:47:00+00:00,long,0,0.018654203,0.06721516,0.007870423,0.32771257,2,0
2025-09-19 15:48:00+00:00,long,0,0.00465312,0.0042915503,0.023440767,0.2694091,2,0
2025-09-19 15:49:00+00:00,long,0,0.00296765,0.003736146,0.00348456,0.2104357,2,0
2025-09-19 15:50:00+00:00,long,0,0.0012098571,0.0026322685,0.0008019262,0.18760152,2,0
2025-09-22 14:19:00+00:00,long,0,0.011896353,0.763951,0.03893021,0.2193361,1,0
2025-09-22 14:20:00+00:00,long,1,0.9816829,0.9964779,0.94685745,0.5496605,2,1
2025-09-22 14:21:00+00:00,long,1,0.97558326,0.99342984,0.93126804,0.560255,2,1
2025-09-22 14:22:00+00:00,long,0,0.12248695,0.8269541,0.23964296,0.24517925,1,0
2025-09-22 14:23:00+00:00,long,0,0.0049001668,0.49002188,0.031643108,0.19992445,1,0
2025-09-22 14:24:00+00:00,long,0,0.030088596,0.8655149,0.16116062,0.2233281,1,0
2025-09-22 14:25:00+00:00,long,0,0.02002163,0.70291317,0.035628553,0.19886918,1,0
2025-09-22 14:26:00+00:00,long,0,0.00505139,0.6508427,0.02570094,0.21446176,1,0
2025-09-22 14:27:00+00:00,long,0,0.7098554,0.99470997,0.6589641,0.5826853,1,1
2025-09-22 14:28:00+00:00,long,0,0.038596846,0.6700824,0.07467888,0.2109878,1,0
2025-09-22 14:29:00+00:00,long,1,0.95540166,0.9955194,0.89063567,0.60495,2,1
2025-09-22 14:30:00+00:00,long,0,0.24778897,0.9881065,0.6896941,0.5444354,1,1
2025-09-22 14:31:00+00:00,long,0,0.00058263034,0.30996728,0.010724347,0.2071486,1,0
2025-09-22 14:32:00+00:00,long,0,0.25235257,0.98849374,0.8489144,0.63094896,1,1
2025-09-22 14:33:00+00:00,long,0,0.16383381,0.9835544,0.7251708,0.59079117,1,1
2025-09-22 14:34:00+00:00,long,0,0.0004360988,0.3368201,0.02697564,0.20216303,1,0
2025-09-22 14:35:00+00:00,long,0,0.12782487,0.17737387,0.50948215,0.5533828,2,1
2025-09-22 14:36:00+00:00,long,0,0.00034082375,0.0011512302,0.009579113,0.19196428,2,0
2025-09-22 14:37:00+00:00,long,0,0.0022024298,0.004635813,0.21184556,0.21388288,2,0
2025-09-22 14:38:00+00:00,long,0,0.00019555478,0.0010468289,0.0072193956,0.18625964,2,0
2025-09-22 14:39:00+00:00,long,0,0.00051768706,0.0011920041,0.0027943286,0.17409302,2,0
2025-09-22 14:40:00+00:00,long,0,0.2169145,0.1422989,0.6574731,0.6959026,2,2
2025-09-22 14:41:00+00:00,long,0,0.042096715,0.050157495,0.51924103,0.507636,2,1
2025-09-22 14:42:00+00:00,long,0,0.011513754,0.030899638,0.3123204,0.38657713,2,0
2025-09-22 14:43:00+00:00,long,0,0.00032080588,0.0007702455,0.0028083392,0.1714194,2,0
2025-09-22 14:44:00+00:00,long,0,0.006493731,0.013269647,0.36030805,0.32657933,2,0
2025-09-22 14:45:00+00:00,long,0,0.08618974,0.04806719,0.6554921,0.5143916,2,1
2025-09-22 14:46:00+00:00,long,0,0.00037072765,0.00032815413,0.004176068,0.19424224,2,0
2025-09-22 14:47:00+00:00,long,0,0.00079413765,0.00074412825,0.0076016993,0.20007272,2,0
2025-09-22 14:48:00+00:00,long,0,0.39731324,0.3361013,0.9099377,0.7396376,2,2
2025-09-22 14:49:00+00:00,long,0,0.00033100112,0.00021640514,0.001326772,0.1742748,2,0
2025-09-22 14:50:00+00:00,long,0,0.08531439,0.06371333,0.8599049,0.6282254,2,1
2025-09-22 14:51:00+00:00,long,0,0.00058138836,0.0015401359,0.006475581,0.18932731,2,0
2025-09-22 14:52:00+00:00,long,1,0.96570766,0.95271254,0.95377237,0.78513,3,2
2025-09-22 14:53:00+00:00,long,0,0.002461584,0.0010149475,0.0071407473,0.18211067,2,0
2025-09-22 14:54:00+00:00,long,0,0.00023006232,0.00018509016,0.0017243786,0.1734408,2,0
2025-09-22 14:55:00+00:00,long,0,0.0039448934,0.0015097794,0.3235749,0.40379933,2,0
2025-09-22 14:56:00+00:00,long,0,0.00025580026,0.00023371229,0.0015911767,0.18339813,2,0
2025-09-22 14:57:00+00:00,long,0,0.00014713417,0.00022986454,0.0018987618,0.22148417,2,0
2025-09-22 14:58:00+00:00,long,0,0.00056627736,0.00078130694,0.008592478,0.29077756,2,0
2025-09-22 14:59:00+00:00,long,0,0.0037321742,0.0011720055,0.0104527725,0.18535869,2,0
2025-09-22 15:00:00+00:00,long,0,0.0074537015,0.01457068,0.18084517,0.33750668,2,0
2025-09-22 15:01:00+00:00,long,0,0.00137308,0.0054146447,0.0112299435,0.26000822,2,0
2025-09-22 15:02:00+00:00,long,0,0.0012538084,0.0010226896,0.0012763761,0.17749818,2,0
2025-09-22 15:03:00+00:00,long,0,0.017346323,0.063759625,0.18086874,0.51395947,2,1
2025-09-22 15:04:00+00:00,long,1,0.96974045,0.9587338,0.9628312,0.7755118,3,2
2025-09-22 15:05:00+00:00,long,0,0.0012150783,0.0013240649,0.001551799,0.17858563,2,0
2025-09-22 15:06:00+00:00,long,0,0.0008384698,0.001849313,0.0013306881,0.17998485,2,0
2025-09-22 15:07:00+00:00,long,0,0.106483154,0.03638036,0.42005932,0.50286406,2,1
2025-09-22 15:08:00+00:00,long,0,0.0011543955,0.0011845959,0.0013462162,0.18849869,2,0
2025-09-22 15:09:00+00:00,long,0,0.0011816769,0.0021048568,0.0014475349,0.20059697,2,0
2025-09-22 15:10:00+00:00,long,0,0.0010709193,0.00481949,0.003018928,0.22146547,2,0
2025-09-22 15:11:00+00:00,long,0,0.0007349485,0.0017816289,0.010721043,0.21283372,2,0
2025-09-22 15:12:00+00:00,long,0,0.0015163291,0.0035552986,0.0026656191,0.21885066,2,0
2025-09-22 15:13:00+00:00,long,0,0.09551039,0.03950483,0.1685133,0.4639925,2,0
2025-09-22 15:14:00+00:00,long,0,0.0019161006,0.0053453296,0.0043201386,0.23272192,2,0
2025-09-22 15:15:00+00:00,long,0,0.0018662029,0.003452362,0.0026763016,0.1927854,2,0
2025-09-22 15:16:00+00:00,long,0,0.021896908,0.015652008,0.10453794,0.3164679,2,0
2025-09-22 15:17:00+00:00,long,0,0.00048710688,0.00080477813,0.003150939,0.17400199,2,0
2025-09-22 15:18:00+00:00,long,0,0.010635834,0.017522227,0.105103634,0.3021771,2,0
2025-09-22 15:19:00+00:00,long,0,0.0006468311,0.0023085272,0.0022929092,0.18590306,2,0
2025-09-22 15:20:00+00:00,long,0,0.011955256,0.020262783,0.19188997,0.4262309,2,0
2025-09-22 15:21:00+00:00,long,0,0.0036802744,0.0032591082,0.0023356404,0.19201608,2,0
2025-09-22 15:22:00+00:00,long,0,0.032333963,0.02098567,0.4935004,0.45347404,2,0
2025-09-22 15:23:00+00:00,long,0,0.005594125,0.0050136037,0.03745064,0.27840412,2,0
2025-09-22 15:24:00+00:00,long,0,0.0006748414,0.0008663871,0.008075693,0.18293291,2,0
2025-09-22 15:25:00+00:00,long,0,0.06346184,0.02144453,0.22852325,0.33937475,2,0
2025-09-22 15:26:00+00:00,long,0,0.16959457,0.06307861,0.50325996,0.46040237,2,0
2025-09-22 15:27:00+00:00,long,0,0.3580732,0.4903271,0.8199725,0.6449937,2,2
2025-09-22 15:28:00+00:00,long,0,0.08930881,0.94780874,0.5415813,0.42052856,1,0
2025-09-22 15:29:00+00:00,long,0,0.04103544,0.017999463,0.2290603,0.340811,2,0
2025-09-22 15:30:00+00:00,long,0,0.00057035754,0.0005195854,0.008880193,0.17567076,2,0
2025-09-22 15:31:00+00:00,long,0,0.046315275,0.02677583,0.5084641,0.42702827,2,0
2025-09-22 15:32:00+00:00,long,0,0.0015344401,0.0008496443,0.009178508,0.17847814,2,0
2025-09-22 15:33:00+00:00,long,0,0.00076249626,0.0005850772,0.0015042789,0.17641638,2,0
2025-09-22 15:34:00+00:00,long,0,0.505848,0.48116833,0.82964724,0.6234982,2,1
2025-09-22 15:35:00+00:00,long,0,0.0005587978,0.0006741353,0.005531546,0.2423987,2,0
2025-09-22 15:36:00+00:00,long,0,0.0054100887,0.011425726,0.17206392,0.26680663,2,0
2025-09-22 15:37:00+00:00,long,0,0.0005219845,0.0003382418,0.00083044893,0.17092775,2,0
2025-09-22 15:38:00+00:00,long,0,0.0053861155,0.004592839,0.10398497,0.31717047,2,0
2025-09-22 15:39:00+00:00,long,0,0.069708556,0.032121774,0.39909104,0.45615992,2,0
2025-09-22 15:40:00+00:00,long,0,0.0012732975,0.001098107,0.01373949,0.28442872,2,0
2025-09-22 15:41:00+00:00,long,0,0.0012156756,0.0010164556,0.00669652,0.21688135,2,0
2025-09-22 15:42:00+00:00,long,0,0.020812796,0.011630531,0.24298438,0.3524481,2,0
2025-09-22 15:43:00+00:00,long,0,0.11524465,0.033883125,0.33587235,0.44161355,2,0
2025-09-22 15:44:00+00:00,long,0,0.0015265819,0.0005151083,0.008186059,0.17548461,2,0
2025-09-22 15:45:00+00:00,long,0,0.0014168709,0.0010140757,0.012914588,0.18338032,2,0
2025-09-22 15:46:00+00:00,long,0,0.0017375264,0.0013309428,0.00905612,0.344745,2,0
2025-09-22 15:47:00+00:00,long,0,0.0011150595,0.0013114954,0.010325434,0.18287705,2,0
2025-09-22 15:48:00+00:00,long,0,0.0010625017,0.0010393357,0.011433253,0.2598758,2,0
2025-09-22 15:49:00+00:00,long,0,0.0010524548,0.0011228605,0.012870743,0.3680651,2,0
2025-09-22 15:50:00+00:00,long,1,0.9799146,0.9563471,0.9374022,0.7930119,3,2
2025-09-23 14:19:00+00:00,long,0,0.0015275745,0.4581971,0.0017333529,0.17069715,1,0
2025-09-23 14:20:00+00:00,long,0,0.004405863,0.5269839,0.0028068612,0.17435475,1,0
2025-09-23 14:21:00+00:00,short,1,0.9567242,0.9805181,0.8060511,0.6889608,2,2
2025-09-23 14:22:00+00:00,short,0,0.0035290227,0.47467482,0.0011309196,0.18091623,1,0
2025-09-23 14:23:00+00:00,long,0,0.0075141685,0.9559975,0.008283717,0.18365544,1,0
2025-09-23 14:24:00+00:00,long,0,0.003909782,0.93854445,0.006898103,0.17923416,1,0
2025-09-23 14:25:00+00:00,long,0,0.0019624748,0.6244554,0.0033099314,0.18810974,1,0
2025-09-23 14:26:00+00:00,long,0,0.0014298502,0.37681875,0.0020591924,0.18099278,1,0
2025-09-23 14:27:00+00:00,long,0,0.010209517,0.97832084,0.011195732,0.21979819,1,0
2025-09-23 14:28:00+00:00,long,0,0.0033732152,0.89604867,0.0062931874,0.20485605,1,0
2025-09-23 14:29:00+00:00,long,0,0.0010979568,0.31898856,0.0025412282,0.16946621,1,0
2025-09-23 14:30:00+00:00,long,0,0.0010781828,0.3184082,0.0030640664,0.18488508,1,0
2025-09-23 14:31:00+00:00,long,0,0.010920195,0.9820932,0.02716302,0.22765557,1,0
2025-09-23 14:32:00+00:00,short,0,0.08514584,0.9137541,0.1340776,0.34048226,1,0
2025-09-23 14:33:00+00:00,long,0,0.000997208,0.23309283,0.008144989,0.17445801,1,0
2025-09-23 14:34:00+00:00,long,0,0.00452743,0.93246406,0.008004414,0.19547795,1,0
2025-09-23 14:35:00+00:00,long,0,0.0030175305,0.9551054,0.009228116,0.17891134,1,0
2025-09-23 14:36:00+00:00,short,0,0.024834977,0.95297533,0.0765248,0.3301271,1,0
2025-09-23 14:37:00+00:00,long,0,0.0014597345,0.3315926,0.005605559,0.18022098,1,0
2025-09-23 14:38:00+00:00,long,0,0.002977377,0.9482331,0.0055434834,0.19197018,1,0
2025-09-23 14:39:00+00:00,short,0,0.0036722,0.78957444,0.019080404,0.19032097,1,0
2025-09-23 14:40:00+00:00,long,0,0.0022484623,0.39055133,0.008135486,0.20845497,1,0
2025-09-23 14:41:00+00:00,long,0,0.0037884258,0.97392523,0.01885615,0.23681967,1,0
2025-09-23 14:42:00+00:00,short,0,0.009762053,0.9222683,0.06384915,0.38471064,1,0
2025-09-23 14:43:00+00:00,short,0,0.0035081077,0.78380287,0.025643863,0.28128472,1,0
2025-09-23 14:44:00+00:00,short,0,0.109862424,0.98813665,0.35913274,0.5757145,1,0
2025-09-23 14:45:00+00:00,short,0,0.018710125,0.9360215,0.102114,0.33162716,1,0
2025-09-23 14:46:00+00:00,short,0,0.008195267,0.8862612,0.050882906,0.295902,1,0
2025-09-23 14:47:00+00:00,short,0,0.49088314,0.99834037,0.79336077,0.6701818,1,1
2025-09-23 14:48:00+00:00,short,0,0.06925819,0.9821748,0.32080576,0.42165542,1,0
2025-09-23 14:49:00+00:00,short,0,0.0006487342,0.21314071,0.005626721,0.17572974,1,0
2025-09-23 14:50:00+00:00,short,0,0.00020613709,0.07979679,0.0011905256,0.17176229,1,0
2025-09-23 14:51:00+00:00,long,0,0.0019214657,0.94711757,0.004587094,0.1890819,1,0
2025-09-23 14:52:00+00:00,long,0,0.00021150325,0.10100377,0.0021801891,0.16985208,1,0
2025-09-23 14:53:00+00:00,short,1,0.97992104,0.9974408,0.95269716,0.72365886,2,2
2025-09-23 14:54:00+00:00,short,0,0.000662843,0.06664677,0.0023891486,0.17022401,1,0
2025-09-23 14:55:00+00:00,long,0,0.00024050433,0.06801811,0.0024529602,0.17572875,1,0
2025-09-23 14:56:00+00:00,short,0,0.0017884134,0.29596618,0.020141503,0.22425832,1,0
2025-09-23 14:57:00+00:00,short,0,0.002442226,0.2900319,0.01965297,0.22346002,1,0
2025-09-23 14:58:00+00:00,long,0,0.0006913066,0.25368062,0.0044687875,0.180501,1,0
2025-09-23 14:59:00+00:00,long,0,0.011549001,0.9750636,0.024764465,0.19019808,1,0
2025-09-23 15:00:00+00:00,short,0,0.076348834,0.9695609,0.24418539,0.5842757,1,1
2025-09-23 15:01:00+00:00,long,0,0.0012793136,0.9108851,0.0048578093,0.18987785,1,0
2025-09-23 15:02:00+00:00,long,0,0.00765483,0.9754135,0.024708696,0.22523765,1,0
2025-09-23 15:03:00+00:00,short,0,0.00044948916,0.049700048,0.0014124425,0.17039569,1,0
2025-09-23 15:04:00+00:00,short,0,0.34851256,0.99548644,0.9083396,0.773482,1,2
2025-09-23 15:05:00+00:00,short,0,0.007365393,0.5175674,0.06711909,0.31321862,1,0
2025-09-23 15:06:00+00:00,long,0,0.0049434686,0.9575196,0.01953945,0.20424257,1,0
2025-09-23 15:07:00+00:00,long,0,0.00032036242,0.10885903,0.0020905263,0.18963349,1,0
2025-09-23 15:08:00+00:00,short,0,0.014993297,0.39966816,0.0369152,0.28249148,1,0
2025-09-23 15:09:00+00:00,short,0,0.0005109651,0.07570642,0.00055304606,0.17188019,1,0
2025-09-23 15:10:00+00:00,long,0,0.00073071884,0.84550893,0.0070287776,0.1871712,1,0
2025-09-23 15:11:00+00:00,short,0,0.05569409,0.93430936,0.31733552,0.5646574,1,0
2025-09-23 15:12:00+00:00,long,0,0.0013383388,0.7899583,0.004812826,0.18383574,1,0
2025-09-23 15:13:00+00:00,short,0,0.074476734,0.87872744,0.20305131,0.54135686,1,1
2025-09-23 15:14:00+00:00,long,0,0.00028067274,0.5974434,0.0030869292,0.18775511,1,0
2025-09-23 15:15:00+00:00,long,0,0.0025564875,0.85421234,0.006669174,0.18105102,1,0
2025-09-23 15:16:00+00:00,long,0,0.00029408946,0.028353458,0.0012833239,0.16904175,1,0
2025-09-23 15:17:00+00:00,short,0,0.00062228955,0.07820551,0.0015969535,0.18121558,1,0
2025-09-23 15:18:00+00:00,short,0,0.49630004,0.9907437,0.8717869,0.7051652,1,2
2025-09-23 15:19:00+00:00,long,0,0.00088883284,0.8214935,0.0067707384,0.18241026,1,0
2025-09-23 15:20:00+00:00,short,0,0.0019935966,0.19236849,0.0019685745,0.24796815,1,0
2025-09-23 15:21:00+00:00,long,0,0.029547213,0.9901545,0.466885,0.48929194,1,0
2025-09-23 15:22:00+00:00,short,0,0.0025121756,0.16917227,0.0030791366,0.2505621,1,0
2025-09-23 15:23:00+00:00,long,0,0.00012198705,0.11740332,0.0011843459,0.1855399,1,0
2025-09-23 15:24:00+00:00,long,0,0.00021268526,0.028377816,0.0013952166,0.16971783,1,0
2025-09-23 15:25:00+00:00,long,0,0.000106332394,0.31600264,0.0012088019,0.17885588,1,0
2025-09-23 15:26:00+00:00,long,0,0.0001116829,0.01809301,0.0010658782,0.16821635,1,0
2025-09-23 15:27:00+00:00,long,0,0.00012019331,0.07913575,0.0012573423,0.17790322,1,0
2025-09-23 15:28:00+00:00,long,0,0.00013912944,0.056013297,0.00077635405,0.1747904,1,0
2025-09-23 15:29:00+00:00,long,0,0.041296035,0.9861297,0.3987849,0.4531087,1,0
2025-09-23 15:30:00+00:00,long,0,0.0003040907,0.074561715,0.0012251029,0.178967,1,0
2025-09-23 15:31:00+00:00,short,1,0.9689627,0.9968521,0.951741,0.7669299,2,2
2025-09-23 15:32:00+00:00,short,0,0.0001938378,0.03312616,0.00075510406,0.17273796,1,0
2025-09-23 15:33:00+00:00,short,0,0.00013463566,0.017965393,0.00039105245,0.16871203,1,0
2025-09-23 15:34:00+00:00,long,0,0.00013125314,0.01195387,0.0013785891,0.17399539,1,0
2025-09-23 15:35:00+00:00,short,1,0.9666767,0.98778886,0.8762669,0.6399999,2,1
2025-09-23 15:36:00+00:00,long,0,0.00016000742,0.040126882,0.0014845725,0.18292202,1,0
2025-09-23 15:37:00+00:00,short,0,0.00032533935,0.02032114,0.0013299672,0.18850219,1,0
2025-09-23 15:38:00+00:00,short,0,0.00024428777,0.01978201,0.0012554994,0.18765779,1,0
2025-09-23 15:39:00+00:00,long,0,0.0003417486,0.61935765,0.0043988097,0.18676524,1,0
2025-09-23 15:40:00+00:00,short,0,0.0007816126,0.05677399,0.0020586192,0.20794302,1,0
2025-09-23 15:41:00+00:00,short,0,0.0011715809,0.05640157,0.0027387387,0.2278768,1,0
2025-09-23 15:42:00+00:00,long,0,0.00024589783,0.3762126,0.0024315037,0.18235494,1,0
2025-09-23 15:43:00+00:00,short,0,0.0007767662,0.06104623,0.0029322277,0.22182226,1,0
2025-09-23 15:44:00+00:00,short,0,0.00071470847,0.039864592,0.0027670732,0.22906113,1,0
2025-09-23 15:45:00+00:00,long,0,0.0007117955,0.6463654,0.004693202,0.17558749,1,0
2025-09-23 15:46:00+00:00,long,0,0.00022148121,0.19251671,0.0014735564,0.18683492,1,0
2025-09-23 15:47:00+00:00,long,0,0.00016822007,0.012208794,0.001501296,0.16931908,1,0
2025-09-23 15:48:00+00:00,short,0,0.0046565155,0.44361743,0.016792392,0.37677372,1,0
2025-09-23 15:49:00+00:00,short,0,0.00036552816,0.022101007,0.00092090835,0.18540913,1,0
2025-09-23 15:50:00+00:00,long,0,0.00029984638,0.22568001,0.0023894156,0.17494144,1,0
2025-09-24 14:19:00+00:00,short,0,0.0012073881,0.78116184,0.00059444626,0.20104225,1,0
2025-09-24 14:20:00+00:00,short,0,0.00067852053,0.4149064,0.002733468,0.18137558,1,0
2025-09-24 14:21:00+00:00,short,0,0.0013485645,0.41783735,0.0038919842,0.18495233,1,0
2025-09-24 14:22:00+00:00,short,0,0.0006507095,0.13783547,0.0005475132,0.16931449,1,0
2025-09-24 14:23:00+00:00,short,0,0.0031096572,0.95667756,0.0017202595,0.18035643,1,0
2025-09-24 14:24:00+00:00,short,0,0.00377397,0.5603459,0.010089777,0.213579,1,0
2025-09-24 14:25:00+00:00,short,0,0.0016267387,0.6693263,0.0017013022,0.19006316,1,0
2025-09-24 14:26:00+00:00,short,0,0.0008174295,0.7922709,0.0011367043,0.18875957,1,0
2025-09-24 14:27:00+00:00,short,0,0.008119239,0.6952858,0.043359205,0.24101812,1,0
2025-09-24 14:28:00+00:00,short,0,0.0005670989,0.29277402,0.0015205642,0.17099869,1,0
2025-09-24 14:29:00+00:00,short,0,0.0012130268,0.5362334,0.0018356679,0.18872613,1,0
2025-09-24 14:30:00+00:00,short,0,0.14257318,0.98859197,0.38822696,0.46416596,1,0
2025-09-24 14:31:00+00:00,short,0,0.00062331225,0.53626317,0.002253753,0.2083501,1,0
2025-09-24 14:32:00+00:00,short,0,0.0005428168,0.13998933,0.0021163782,0.17179199,1,0
2025-09-24 14:33:00+00:00,short,0,0.0030148677,0.9577344,0.006409118,0.20362358,1,0
2025-09-24 14:34:00+00:00,short,0,0.0039236154,0.5586031,0.018692346,0.23038034,1,0
2025-09-24 14:35:00+00:00,short,0,0.00037913708,0.14464425,0.001780753,0.17038397,1,0
2025-09-24 14:36:00+00:00,short,0,0.0002807624,0.14514153,0.00042078254,0.17070685,1,0
2025-09-24 14:37:00+00:00,short,0,0.0005787263,0.2768157,0.0015548142,0.20485394,1,0
2025-09-24 14:38:00+00:00,short,0,0.013090404,0.77850777,0.03678554,0.26950827,1,0
2025-09-24 14:39:00+00:00,short,0,0.002590881,0.96008617,0.0044794343,0.20327069,1,0
2025-09-24 14:40:00+00:00,short,0,0.0136011755,0.03694488,0.068686135,0.27579784,2,0
2025-09-24 14:41:00+00:00,short,0,0.0013344715,0.010810532,0.0035255319,0.20070899,2,0
2025-09-24 14:42:00+00:00,short,0,0.0024677706,0.020922458,0.004723966,0.19926263,2,0
2025-09-24 14:43:00+00:00,short,0,0.0057850494,0.020359375,0.011795188,0.22261329,2,0
2025-09-24 14:44:00+00:00,short,0,0.0017810438,0.0070559634,0.0020622194,0.17784934,2,0
2025-09-24 14:45:00+00:00,short,0,0.017700098,0.978926,0.021048544,0.2051043,1,0
2025-09-24 14:46:00+00:00,short,0,0.21235318,0.990694,0.3616427,0.56512076,1,0
2025-09-24 14:47:00+00:00,short,0,0.07694614,0.92574483,0.19639117,0.34274006,1,0
2025-09-24 14:48:00+00:00,short,0,0.003285566,0.9480505,0.030359624,0.18003266,1,0
2025-09-24 14:49:00+00:00,short,0,0.081934094,0.93762475,0.34540275,0.40393576,1,0
2025-09-24 14:50:00+00:00,short,0,0.29580855,0.9942624,0.38290375,0.5641578,1,0
2025-09-24 14:51:00+00:00,short,0,0.029187506,0.617178,0.059304625,0.2606989,1,0
2025-09-24 14:52:00+00:00,short,0,0.0031036926,0.93512696,0.007252402,0.18132691,1,0
2025-09-24 14:53:00+00:00,short,0,0.002190587,0.899186,0.0040753097,0.17827159,1,0
2025-09-24 14:54:00+00:00,short,1,0.97247994,0.99640465,0.93386513,0.71612376,2,2
2025-09-24 14:55:00+00:00,short,0,0.008781819,0.009060032,0.015708655,0.22637503,2,0
2025-09-24 14:56:00+00:00,short,0,0.009428667,0.017945534,0.0045879213,0.2076663,2,0
2025-09-24 14:57:00+00:00,short,0,0.049827166,0.037151802,0.032302078,0.22018258,2,0
2025-09-24 14:58:00+00:00,short,0,0.003436988,0.005078461,0.008735613,0.18337655,2,0
2025-09-24 14:59:00+00:00,short,0,0.0058444333,0.0062311706,0.009863143,0.18581538,2,0
2025-09-24 15:00:00+00:00,short,0,0.0016510582,0.012571204,0.0069295033,0.1887049,2,0
2025-09-24 15:01:00+00:00,short,0,0.0053137927,0.015801037,0.008517462,0.20212571,2,0
2025-09-24 15:02:00+00:00,short,0,0.005472258,0.013506546,0.0067938305,0.20972069,2,0
2025-09-24 15:03:00+00:00,short,0,0.042764563,0.082305394,0.1616225,0.31957594,2,0
2025-09-24 15:04:00+00:00,short,0,0.1733159,0.23664059,0.45684868,0.5088871,2,0
2025-09-24 15:05:00+00:00,short,0,0.0051219356,0.03379836,0.006924826,0.22358556,2,0
2025-09-24 15:06:00+00:00,short,0,0.015343268,0.046048217,0.009471342,0.18449306,2,0
2025-09-24 15:07:00+00:00,short,1,0.94858164,0.9378708,0.9310308,0.73945874,3,2
2025-09-24 15:08:00+00:00,short,0,0.17890626,0.25530276,0.38326338,0.53333694,2,0
2025-09-24 15:09:00+00:00,short,0,0.0010809412,0.0022367288,0.0033218265,0.18339914,2,0
2025-09-24 15:10:00+00:00,short,0,0.0004129701,0.0023526677,0.0014337724,0.19013333,2,0
2025-09-24 15:11:00+00:00,short,0,0.00046629636,0.003802292,0.0013507766,0.19372971,2,0
2025-09-24 15:12:00+00:00,short,0,0.00078231265,0.0023583209,0.0013093855,0.18197264,2,0
2025-09-24 15:13:00+00:00,short,0,0.002374626,0.004572916,0.0022537112,0.17785613,2,0
2025-09-24 15:14:00+00:00,short,1,0.9817043,0.9740525,0.93558544,0.7498712,3,2
2025-09-24 15:15:00+00:00,short,1,0.98544925,0.97576594,0.9048677,0.70162296,3,2
2025-09-24 15:16:00+00:00,short,1,0.9642165,0.93051,0.8492731,0.54691917,3,1
2025-09-24 15:17:00+00:00,short,0,0.0050621904,0.029292503,0.0075800354,0.23998225,2,0
2025-09-24 15:18:00+00:00,short,0,0.0039581587,0.016539823,0.020447293,0.19756384,2,0
2025-09-24 15:19:00+00:00,short,0,0.004417946,0.01698437,0.020447293,0.19793671,2,0
2025-09-24 15:20:00+00:00,short,0,0.0019681286,0.012149762,0.0030684378,0.2008037,2,0
2025-09-24 15:21:00+00:00,short,0,0.003545772,0.018370057,0.005790603,0.19233882,2,0
2025-09-24 15:22:00+00:00,short,1,0.9637308,0.9115177,0.92175585,0.6703903,3,1
2025-09-24 15:23:00+00:00,short,0,0.045822766,0.03360001,0.3519639,0.31392106,2,0
2025-09-24 15:24:00+00:00,short,0,0.003304515,0.023806466,0.009561657,0.24426465,2,0
2025-09-24 15:25:00+00:00,short,1,0.97210896,0.9553588,0.9353617,0.71173143,3,2
2025-09-24 15:26:00+00:00,short,0,0.21851961,0.20630506,0.65614706,0.35840288,2,0
2025-09-24 15:27:00+00:00,short,0,0.0016132741,0.010772421,0.003358817,0.19710809,2,0
2025-09-24 15:28:00+00:00,short,0,0.0021392982,0.009788094,0.008805934,0.19101132,2,0
2025-09-24 15:29:00+00:00,short,0,0.009030762,0.015439673,0.16137466,0.2665902,2,0
2025-09-24 15:30:00+00:00,short,0,0.0022723067,0.0066182697,0.046949,0.23333263,2,0
2025-09-24 15:31:00+00:00,short,0,0.1325602,0.15101027,0.3795071,0.3030921,2,0
2025-09-24 15:32:00+00:00,short,1,0.9883845,0.97308964,0.9495816,0.7403786,3,2
2025-09-24 15:33:00+00:00,short,0,0.0018533161,0.010106279,0.0025251831,0.17897968,2,0
2025-09-24 15:34:00+00:00,short,0,0.022239638,0.022786798,0.15338695,0.2920091,2,0
2025-09-24 15:35:00+00:00,short,0,0.19586366,0.13093296,0.474502,0.3114697,2,0
2025-09-24 15:36:00+00:00,short,0,0.0026007288,0.007833247,0.0078016133,0.17687838,2,0
2025-09-24 15:37:00+00:00,short,0,0.00050375174,0.0046117757,0.003979676,0.19646859,2,0
2025-09-24 15:38:00+00:00,short,0,0.39708057,0.29113197,0.65801543,0.5923,2,0
2025-09-24 15:39:00+00:00,short,0,0.002410981,0.006437602,0.0005900228,0.17560494,2,0
2025-09-24 15:40:00+00:00,short,0,0.0014130943,0.0030747016,0.0006080269,0.1731373,2,0
2025-09-24 15:41:00+00:00,short,0,0.14688154,0.10399781,0.5292596,0.4451947,2,0
2025-09-24 15:42:00+00:00,short,0,0.007129528,0.012961989,0.012540615,0.1894965,2,0
2025-09-24 15:43:00+00:00,short,1,0.9760464,0.96019256,0.93343455,0.7160926,3,2
2025-09-24 15:44:00+00:00,short,0,0.0011421922,0.0044237156,0.0022805638,0.19120501,2,0
2025-09-24 15:45:00+00:00,short,0,0.0018230808,0.0034902638,0.0030404374,0.17922272,2,0
2025-09-24 15:46:00+00:00,short,0,0.088781685,0.11649593,0.14798054,0.33169007,2,0
2025-09-24 15:47:00+00:00,short,0,0.0015356672,0.0040330794,0.0010275074,0.19971997,2,0
2025-09-24 15:48:00+00:00,short,0,0.018486068,0.0066796546,0.008616126,0.21634208,2,0
2025-09-24 15:49:00+00:00,short,0,0.00090327894,0.0028066426,0.0012855179,0.19066443,2,0
2025-09-24 15:50:00+00:00,short,0,0.016481781,0.014529871,0.022800665,0.23099454,2,0
2025-09-25 14:19:00+00:00,long,0,0.0007682358,0.0016946646,0.00044258282,0.17165363,2,0
2025-09-25 14:20:00+00:00,short,0,0.00042533095,0.0009074251,0.00018751042,0.17145918,2,0
2025-09-25 14:21:00+00:00,short,0,0.00069312105,0.00088953483,0.00019250116,0.17302905,2,0
2025-09-25 14:22:00+00:00,short,0,0.00061240286,0.0011211621,0.00016966471,0.17302905,2,0
2025-09-25 14:23:00+00:00,short,0,0.0002674295,0.00035402607,7.151286e-05,0.16723245,2,0
2025-09-25 14:24:00+00:00,long,0,0.0007979456,0.0015991697,0.00023654164,0.17371172,2,0
2025-09-25 14:25:00+00:00,short,0,0.0005109975,0.0010717292,0.0013651177,0.18269104,2,0
2025-09-25 14:26:00+00:00,long,1,0.9604674,0.89745826,0.86960804,0.7400017,3,2
2025-09-25 14:27:00+00:00,long,0,0.0013355699,0.00160117,0.0003022654,0.18392666,2,0
2025-09-25 14:28:00+00:00,long,0,0.0007369213,0.0024076735,0.0007822035,0.1758415,2,0
2025-09-25 14:29:00+00:00,short,0,0.001965461,0.0022775377,0.01185955,0.22565036,2,0
2025-09-25 14:30:00+00:00,long,0,0.012244695,0.048897523,0.019434018,0.24274862,2,0
2025-09-25 14:31:00+00:00,short,0,0.00016978172,0.0006993172,8.3897656e-05,0.17553324,2,0
2025-09-25 14:32:00+00:00,long,0,0.0013419067,0.0036816103,0.0028915904,0.18768759,2,0
2025-09-25 14:33:00+00:00,long,0,0.00038570073,0.0014465014,0.0003740414,0.174641,2,0
2025-09-25 14:34:00+00:00,long,0,0.00052281626,0.0017957491,0.00041816497,0.17484094,2,0
2025-09-25 14:35:00+00:00,short,0,0.00032003943,0.00056234957,0.0002859279,0.17036171,2,0
2025-09-25 14:36:00+00:00,short,0,0.00038194912,0.00083089335,0.000109198045,0.17541884,2,0
2025-09-25 14:37:00+00:00,short,0,0.00018102654,0.00050292915,0.00010903978,0.16754955,2,0
2025-09-25 14:38:00+00:00,short,0,0.00017362689,0.0005302436,0.00068943086,0.1708206,2,0
2025-09-25 14:39:00+00:00,long,0,0.066163145,0.21926443,0.103328735,0.30077663,2,0
2025-09-25 14:40:00+00:00,short,0,0.0001912753,0.00091620587,0.00030128547,0.17978306,2,0
2025-09-25 14:41:00+00:00,long,0,0.0009557392,0.0018318354,0.0015703121,0.18599296,2,0
2025-09-25 14:42:00+00:00,long,0,0.00038864792,0.0010203546,0.00029140868,0.17657048,2,0
2025-09-25 14:43:00+00:00,short,0,0.000117312455,0.00053166726,0.00044918546,0.18291964,2,0
2025-09-25 14:44:00+00:00,short,0,0.00024154581,0.00070852094,0.00063458405,0.18378766,2,0
2025-09-25 14:45:00+00:00,short,0,0.00051976694,0.12171569,0.003118616,0.18039714,1,0
2025-09-25 14:46:00+00:00,short,0,0.00054187834,0.055058006,0.0031136908,0.1735485,1,0
2025-09-25 14:47:00+00:00,short,0,0.0007115775,0.063959554,0.003523825,0.17630361,1,0
2025-09-25 14:48:00+00:00,short,0,0.0013840043,0.6221871,0.029603604,0.2611652,1,0
2025-09-25 14:49:00+00:00,long,0,0.0002138594,0.42383996,0.0005539324,0.18155672,1,0
2025-09-25 14:50:00+00:00,short,0,0.00021963734,0.008762253,7.409058e-05,0.17062515,1,0
2025-09-25 14:51:00+00:00,long,0,0.00032772456,0.41625357,0.0004896438,0.1872487,1,0
2025-09-25 14:52:00+00:00,short,0,0.00027890442,0.000331338,0.00020721716,0.17004639,2,0
2025-09-25 14:53:00+00:00,long,0,0.00033475886,0.00054867816,0.00046373342,0.17585266,2,0
2025-09-25 14:54:00+00:00,short,0,0.000100483005,0.00034223474,0.0001397401,0.18435282,2,0
2025-09-25 14:55:00+00:00,short,0,9.8350334e-05,0.009740257,8.130653e-05,0.17926587,1,0
2025-09-25 14:56:00+00:00,short,0,0.00015600646,0.00016583943,0.00015739439,0.16786534,2,0
2025-09-25 14:57:00+00:00,long,0,0.022411501,0.08372307,0.056560617,0.2527961,2,0
2025-09-25 14:58:00+00:00,short,0,0.00013037847,0.00019219378,0.00016686664,0.16878782,2,0
2025-09-25 14:59:00+00:00,short,0,0.00015955295,0.0006137655,0.0005669546,0.191976,2,0
2025-09-25 15:00:00+00:00,short,0,0.00017779769,0.00039610916,0.00011724512,0.16921598,2,0
2025-09-25 15:01:00+00:00,short,0,0.0005607629,0.10064095,0.0029332486,0.17889883,1,0
2025-09-25 15:02:00+00:00,short,0,0.0004609828,0.021715889,0.0009077334,0.18114264,1,0
2025-09-25 15:03:00+00:00,short,0,0.00012318765,0.009244636,6.7375244e-05,0.17023613,1,0
2025-09-25 15:04:00+00:00,short,0,0.00010617919,0.009660686,5.4980792e-05,0.17115413,1,0
2025-09-25 15:05:00+00:00,short,0,0.00015652095,0.009737741,4.1900712e-05,0.17019533,1,0
2025-09-25 15:06:00+00:00,long,0,0.008365796,0.04584128,0.017739415,0.28490677,2,0
2025-09-25 15:07:00+00:00,short,0,0.0001915719,0.00037695363,0.00014380609,0.17257778,2,0
2025-09-25 15:08:00+00:00,long,0,0.00046507784,0.0010463354,0.00058401725,0.19971645,2,0
2025-09-25 15:09:00+00:00,short,0,0.0011231456,0.1110062,0.005624427,0.18394049,1,0
2025-09-25 15:10:00+00:00,short,0,0.0011630573,0.15753943,0.0034742297,0.19595061,1,0
2025-09-25 15:11:00+00:00,short,0,0.00030831483,0.028038204,0.00055924995,0.1777791,1,0
2025-09-25 15:12:00+00:00,short,0,0.00015839121,0.0139934765,9.48285e-05,0.17037483,1,0
2025-09-25 15:13:00+00:00,short,0,0.00025556647,0.025216762,0.0002521396,0.19144793,1,0
2025-09-25 15:14:00+00:00,short,0,0.00011765167,0.0160887,5.8816866e-05,0.16942577,1,0
2025-09-25 15:15:00+00:00,short,0,0.00020632152,0.048760228,8.199592e-05,0.17719524,1,0
2025-09-25 15:16:00+00:00,long,0,0.00026188628,0.0014027301,0.0006376654,0.18008018,2,0
2025-09-25 15:17:00+00:00,long,0,0.0023647826,0.010470075,0.0073159807,0.20111652,2,0
2025-09-25 15:18:00+00:00,short,0,0.00042183377,0.0013863444,0.0007164003,0.1893314,2,0
2025-09-25 15:19:00+00:00,short,0,0.0008204045,0.0015610884,0.001528497,0.19387962,2,0
2025-09-25 15:20:00+00:00,short,0,0.0014011901,0.22359547,0.005594756,0.19440633,1,0
2025-09-25 15:21:00+00:00,short,0,0.000115234936,0.026339,5.5725908e-05,0.1698275,1,0
2025-09-25 15:22:00+00:00,short,0,0.00097382674,0.15106359,0.0042876704,0.20207702,1,0
2025-09-25 15:23:00+00:00,short,0,0.0012982578,0.22889772,0.0044701067,0.24394907,1,0
2025-09-25 15:24:00+00:00,short,0,0.00012540387,0.027275382,0.00011793033,0.1794009,1,0
2025-09-25 15:25:00+00:00,short,0,0.00048055506,0.05675806,0.000631964,0.18872899,1,0
2025-09-25 15:26:00+00:00,short,0,0.00013438375,0.009826854,1.8218037e-05,0.16791867,1,0
2025-09-25 15:27:00+00:00,short,0,6.425566e-05,0.0089860195,4.880991e-05,0.16848867,1,0
2025-09-25 15:28:00+00:00,short,0,0.00043942005,0.03181278,0.0006210512,0.19390438,1,0
2025-09-25 15:29:00+00:00,short,0,0.00085712323,0.13139209,0.004208588,0.19532335,1,0
2025-09-25 15:30:00+00:00,short,0,0.0001588027,0.013618895,2.2515558e-05,0.16958445,1,0
2025-09-25 15:31:00+00:00,long,0,0.00018751847,0.00062751304,0.00015319283,0.19647561,2,0
2025-09-25 15:32:00+00:00,short,0,0.00019548672,0.00059583964,0.00024148753,0.18038769,2,0
2025-09-25 15:33:00+00:00,short,0,0.00011774403,0.00027524185,5.5161185e-05,0.16777723,2,0
2025-09-25 15:34:00+00:00,short,0,0.004108733,0.8211671,0.020520465,0.29154232,1,0
2025-09-25 15:35:00+00:00,short,0,0.00012591647,0.017970897,0.00017985454,0.18224992,1,0
2025-09-25 15:36:00+00:00,short,0,7.723385e-05,0.01098444,5.553297e-05,0.1682558,1,0
2025-09-25 15:37:00+00:00,short,0,6.710415e-05,0.017031167,0.00017985454,0.18120573,1,0
2025-09-25 15:38:00+00:00,long,0,4.351558e-05,0.00023485126,0.000156145,0.17258249,2,0
2025-09-25 15:39:00+00:00,short,0,0.0057064644,0.9155244,0.066221885,0.36033225,1,0
2025-09-25 15:40:00+00:00,short,0,0.00012408625,0.00021876874,0.00012755164,0.16918553,2,0
2025-09-25 15:41:00+00:00,long,0,0.00020261262,0.00045656782,0.00013425566,0.19066085,2,0
2025-09-25 15:42:00+00:00,long,0,0.00029229128,0.0010100236,0.00021803031,0.18975766,2,0
2025-09-25 15:43:00+00:00,long,0,0.0018458071,0.0025430252,0.0010561127,0.19719978,2,0
2025-09-25 15:44:00+00:00,short,0,0.12270875,0.19425216,0.5240013,0.6501114,2,2
2025-09-25 15:45:00+00:00,short,0,0.00044984408,0.0021820145,0.00085762073,0.18714432,2,0
2025-09-25 15:46:00+00:00,short,0,0.3317167,0.9868911,0.6738383,0.7499053,1,2
2025-09-25 15:47:00+00:00,long,0,0.0063758814,0.012830343,0.013778909,0.19783783,2,0
2025-09-25 15:48:00+00:00,short,0,0.00020081013,0.0006005633,4.7002562e-05,0.16730767,2,0
2025-09-25 15:49:00+00:00,long,1,0.98801863,0.9653847,0.9744454,0.7695338,3,2
2025-09-25 15:50:00+00:00,short,0,0.0009709081,0.0010629927,0.00019405248,0.18821907,2,0
2025-09-26 14:19:00+00:00,short,0,0.0007623688,0.00030226135,0.0076854294,0.17574684,2,0
2025-09-26 14:20:00+00:00,long,0,0.18460187,0.20153517,0.7616412,0.6205578,2,1
2025-09-26 14:21:00+00:00,long,0,0.0009758994,0.00041871943,0.0077477396,0.18921725,2,0
2025-09-26 14:22:00+00:00,short,0,0.0010002261,0.00023373614,0.0016313018,0.17551899,2,0
2025-09-26 14:23:00+00:00,long,0,0.1526528,0.109092355,0.65445596,0.5239034,2,0
2025-09-26 14:24:00+00:00,long,0,0.03414163,0.014115564,0.29506847,0.39410052,2,0
2025-09-26 14:25:00+00:00,long,0,0.0017177566,0.0012452565,0.038498286,0.20633419,2,0
2025-09-26 14:26:00+00:00,long,0,0.0223018,0.0064705517,0.28102696,0.3599411,2,0
2025-09-26 14:27:00+00:00,short,0,0.00042901476,9.203741e-05,0.0024411725,0.1713696,2,0
2025-09-26 14:28:00+00:00,long,0,0.4182494,0.3755594,0.86656594,0.6909093,2,2
2025-09-26 14:29:00+00:00,short,0,0.0023684506,0.00054816983,0.0030343395,0.18208839,2,0
2025-09-26 14:30:00+00:00,short,0,0.000472712,0.00035782516,0.0006801436,0.17268091,2,0
2025-09-26 14:31:00+00:00,long,0,0.00066894747,0.0009184132,0.008721079,0.20596366,2,0
2025-09-26 14:32:00+00:00,short,0,0.01253002,0.008213949,0.013037438,0.21439028,2,0
2025-09-26 14:33:00+00:00,long,0,0.09949335,0.06295066,0.39701444,0.47883758,2,0
2025-09-26 14:34:00+00:00,long,0,0.00070373766,0.00062375824,0.0035418654,0.18792039,2,0
2025-09-26 14:35:00+00:00,long,0,0.0007940934,0.0006000449,0.004994203,0.18390411,2,0
2025-09-26 14:36:00+00:00,short,0,0.00070844864,0.0002637644,0.001432021,0.17426874,2,0
2025-09-26 14:37:00+00:00,short,0,0.00061873876,0.00028554627,0.0035014316,0.17517354,2,0
2025-09-26 14:38:00+00:00,long,0,0.100634955,0.030824801,0.37233412,0.53622746,2,0
2025-09-26 14:39:00+00:00,long,0,0.0074288785,0.002682687,0.034410007,0.23341198,2,0
2025-09-26 14:40:00+00:00,long,0,0.058013633,0.053908054,0.38376805,0.5144563,2,0
2025-09-26 14:41:00+00:00,short,0,0.0039054987,0.003451463,0.010962296,0.20259653,2,0
2025-09-26 14:42:00+00:00,long,0,0.001593227,0.00089708844,0.007052176,0.20232563,2,0
2025-09-26 14:43:00+00:00,short,0,0.002232077,0.0018397289,0.0052860505,0.18804044,2,0
2025-09-26 14:44:00+00:00,long,0,0.0021025424,0.0009850187,0.061807763,0.2004137,2,0
2025-09-26 14:45:00+00:00,short,0,0.0034214274,0.002422113,0.004137894,0.18104278,2,0
2025-09-26 14:46:00+00:00,short,0,0.011949434,0.011040851,0.014135605,0.21230204,2,0
2025-09-26 14:47:00+00:00,short,0,0.0034766046,0.004716838,0.011695655,0.19374472,2,0
2025-09-26 14:48:00+00:00,long,0,0.0028298455,0.0019532663,0.046770506,0.23310812,2,0
2025-09-26 14:49:00+00:00,short,0,0.006132498,0.0022326452,0.0072067445,0.18152438,2,0
2025-09-26 14:50:00+00:00,long,0,0.002486208,0.004406541,0.009196769,0.20616777,2,0
2025-09-26 14:51:00+00:00,long,0,0.017016843,0.019122386,0.055031534,0.39991924,2,0
2025-09-26 14:52:00+00:00,short,0,0.007941908,0.0021093767,0.0049138623,0.1944219,2,0
2025-09-26 14:53:00+00:00,long,0,0.0015118885,0.002896343,0.0009585087,0.187249,2,0
2025-09-26 14:54:00+00:00,long,0,0.1118367,0.091336265,0.08182783,0.40041074,2,0
2025-09-26 14:55:00+00:00,short,0,0.0007439995,0.0009165988,0.0028854692,0.17784834,2,0
2025-09-26 14:56:00+00:00,short,0,0.0034124919,0.0016281077,0.004108546,0.18794154,2,0
2025-09-26 14:57:00+00:00,long,0,0.0005666105,0.0010190303,0.0015320422,0.17542063,2,0
2025-09-26 14:58:00+00:00,short,0,0.0004862568,0.00065174233,0.00075167767,0.17389035,2,0
2025-09-26 14:59:00+00:00,short,0,0.0015840463,0.0009961649,0.0032125285,0.18745108,2,0
2025-09-26 15:00:00+00:00,long,0,0.00046310763,0.0014466081,0.0021320404,0.17429858,2,0
2025-09-26 15:01:00+00:00,long,0,0.0004660566,0.0013844188,0.0011625837,0.17273305,2,0
2025-09-26 15:02:00+00:00,short,0,0.00063717755,0.0005610075,0.00079847843,0.17647226,2,0
2025-09-26 15:03:00+00:00,short,0,0.0011041042,0.0007620539,0.0040258304,0.18772799,2,0
2025-09-26 15:04:00+00:00,long,0,0.015237168,0.034098696,0.0968058,0.39944506,2,0
2025-09-26 15:05:00+00:00,long,0,0.008165373,0.013886098,0.08388884,0.38363674,2,0
2025-09-26 15:06:00+00:00,short,0,0.0005476275,0.0006113307,0.0011589659,0.17677246,2,0
2025-09-26 15:07:00+00:00,long,0,0.0033497245,0.0039952337,0.008589647,0.29332352,2,0
2025-09-26 15:08:00+00:00,long,0,0.00054364116,0.0004907175,0.0025459756,0.1741209,2,0
2025-09-26 15:09:00+00:00,long,0,0.11980234,0.97466236,0.5037674,0.6838642,1,2
2025-09-26 15:10:00+00:00,long,0,0.1705717,0.98175675,0.78637654,0.7050106,1,2
2025-09-26 15:11:00+00:00,long,0,0.0027923044,0.004054885,0.021007255,0.2093035,2,0
2025-09-26 15:12:00+00:00,short,0,0.0008519089,0.0011238556,0.0024495171,0.177303,2,0
2025-09-26 15:13:00+00:00,long,0,0.007974355,0.0068230205,0.029733608,0.23781192,2,0
2025-09-26 15:14:00+00:00,long,0,0.0014612247,0.0020123713,0.0052699256,0.1861428,2,0
2025-09-26 15:15:00+00:00,long,0,0.0013493258,0.0019531427,0.0025821233,0.18403514,2,0
2025-09-26 15:16:00+00:00,long,1,0.9307843,0.89378184,0.7172106,0.64300054,3,1
2025-09-26 15:17:00+00:00,long,0,0.007544156,0.01044276,0.011053672,0.21685134,2,0
2025-09-26 15:18:00+00:00,long,0,0.000834151,0.00034554955,0.0016577581,0.17119132,2,0
2025-09-26 15:19:00+00:00,long,0,0.0026135286,0.0039404626,0.013391388,0.21362765,2,0
2025-09-26 15:20:00+00:00,long,0,0.000541906,0.00070298597,0.0010507582,0.181534,2,0
2025-09-26 15:21:00+00:00,long,0,0.01161017,0.009456779,0.05355078,0.34536076,2,0
2025-09-26 15:22:00+00:00,long,0,0.0051572816,0.0064869323,0.018463973,0.23750965,2,0
2025-09-26 15:23:00+00:00,long,0,0.0013767115,0.0011060528,0.005749066,0.1806236,2,0
2025-09-26 15:24:00+00:00,long,0,0.0005639991,0.0003670709,0.0020930842,0.18563531,2,0
2025-09-26 15:25:00+00:00,long,0,0.0023707626,0.005330587,0.025829807,0.21436691,2,0
2025-09-26 15:26:00+00:00,long,0,0.00051624863,0.0004628133,0.0021125798,0.17639498,2,0
2025-09-26 15:27:00+00:00,long,0,0.001758099,0.0030325411,0.0133327665,0.21816747,2,0
2025-09-26 15:28:00+00:00,long,0,0.018983377,0.01872695,0.14577316,0.39709333,2,0
2025-09-26 15:29:00+00:00,long,0,0.00045929977,0.00037106057,0.001294222,0.17272258,2,0
2025-09-26 15:30:00+00:00,long,0,0.0013891325,0.0016162982,0.0134302955,0.21610808,2,0
2025-09-26 15:31:00+00:00,long,0,0.0010330343,0.0005410815,0.0059445538,0.17999612,2,0
2025-09-26 15:32:00+00:00,long,0,0.00033706316,0.00022047765,0.0015458218,0.17992644,2,0
2025-09-26 15:33:00+00:00,long,0,0.01458776,0.0072688963,0.07169303,0.35791382,2,0
2025-09-26 15:34:00+00:00,long,0,0.000566927,0.00028200934,0.0026527643,0.18292852,2,0
2025-09-26 15:35:00+00:00,long,0,0.00055541034,0.00033208562,0.0019274446,0.17498495,2,0
2025-09-26 15:36:00+00:00,long,0,0.0006189986,0.0006191207,0.0018969572,0.17396586,2,0
2025-09-26 15:37:00+00:00,long,0,0.00037962117,0.00042252822,0.0029699549,0.17408414,2,0
2025-09-26 15:38:00+00:00,long,0,0.00054785225,0.00033415176,0.0007732722,0.1706946,2,0
2025-09-26 15:39:00+00:00,long,0,0.00048470372,0.00042860946,0.0037405253,0.17262024,2,0
2025-09-26 15:40:00+00:00,long,0,0.0005027808,0.00037953033,0.0029247913,0.17378531,2,0
2025-09-26 15:41:00+00:00,long,0,0.009788562,0.0117316125,0.07449446,0.32017368,2,0
2025-09-26 15:42:00+00:00,long,0,0.08948506,0.09993343,0.24158122,0.564277,2,1
2025-09-26 15:43:00+00:00,long,0,0.01613892,0.78249526,0.057500374,0.28161392,1,0
2025-09-26 15:44:00+00:00,long,0,0.0008198219,0.00060207973,0.004764441,0.19537818,2,0
2025-09-26 15:45:00+00:00,long,0,0.013482836,0.018640224,0.1307344,0.445153,2,0
2025-09-26 15:46:00+00:00,long,0,0.0017500002,0.0017422264,0.006824184,0.27894065,2,0
2025-09-26 15:47:00+00:00,long,0,0.00045803035,0.00036582272,0.001391692,0.17368983,2,0
2025-09-26 15:48:00+00:00,long,0,0.0005223251,0.00084186945,0.0032382682,0.17486125,2,0
2025-09-26 15:49:00+00:00,long,0,0.0008670313,0.0030017362,0.0063691903,0.28271726,2,0
2025-09-26 15:50:00+00:00,long,0,0.0004378335,0.00068160036,0.0037978115,0.20883091,2,0
2025-09-29 14:19:00+00:00,short,0,0.0041378313,0.0013665082,0.03479856,0.17387426,2,0
2025-09-29 14:20:00+00:00,short,0,7.755763e-05,8.9777735e-05,0.00021068509,0.16840917,2,0
2025-09-29 14:21:00+00:00,short,0,0.00043254116,0.00021441045,0.0015481522,0.17436774,2,0
2025-09-29 14:22:00+00:00,short,0,0.00017481433,9.595123e-05,0.00044389896,0.17154239,2,0
2025-09-29 14:23:00+00:00,long,0,0.0003482301,0.00018468505,0.00033252183,0.16925873,2,0
2025-09-29 14:24:00+00:00,long,0,0.0036520076,0.010361774,0.0022851666,0.33326486,2,0
2025-09-29 14:25:00+00:00,short,0,0.00020747873,0.00013731339,0.00019335048,0.16841353,2,0
2025-09-29 14:26:00+00:00,long,0,0.0008111,0.031895623,0.0005804089,0.17964388,1,0
2025-09-29 14:27:00+00:00,short,0,0.0016587708,0.0007167749,0.003177275,0.17608571,2,0
2025-09-29 14:28:00+00:00,short,0,0.00021144902,0.0001255265,0.00016589192,0.16869904,2,0
2025-09-29 14:29:00+00:00,long,0,0.00095936755,0.1487484,0.0009835454,0.19798337,1,0
2025-09-29 14:30:00+00:00,long,0,0.0003450459,0.015508583,0.00036202947,0.16920775,1,0
2025-09-29 14:31:00+00:00,long,0,0.002129651,0.81063163,0.0015009128,0.19203337,1,0
2025-09-29 14:32:00+00:00,long,0,0.0006273178,0.11806185,0.0006019068,0.19178121,1,0
2025-09-29 14:33:00+00:00,short,0,0.0001214264,0.010841783,0.00035921746,0.17089097,1,0
2025-09-29 14:34:00+00:00,long,0,0.00013080721,0.010099307,0.00030966641,0.17115228,1,0
2025-09-29 14:35:00+00:00,long,0,0.0003724592,0.05608188,0.00040766795,0.17984976,1,0
2025-09-29 14:36:00+00:00,short,0,8.36339e-05,0.008351445,0.00028037158,0.17187585,1,0
2025-09-29 14:37:00+00:00,long,0,0.00017943572,0.009639668,0.00036658256,0.1713257,1,0
2025-09-29 14:38:00+00:00,short,0,9.014275e-05,9.2357164e-05,0.00086107216,0.1711426,2,0
2025-09-29 14:39:00+00:00,long,0,9.622786e-05,7.471737e-05,8.668354e-05,0.17062669,2,0
2025-09-29 14:40:00+00:00,short,0,0.00015284542,0.00043481137,0.0013990073,0.17133288,2,0
2025-09-29 14:41:00+00:00,long,0,0.00013721327,0.00023750232,0.00024357028,0.17277372,2,0
2025-09-29 14:42:00+00:00,long,0,0.00014629493,0.00028651132,0.00033540928,0.17048506,2,0
2025-09-29 14:43:00+00:00,short,0,0.0003702835,0.0006130379,0.004040614,0.16978459,2,0
2025-09-29 14:44:00+00:00,short,0,0.0002347315,0.00036886873,0.0047933375,0.17026238,2,0
2025-09-29 14:45:00+00:00,short,0,0.00032834595,0.0006725188,0.0029024913,0.1720196,2,0
2025-09-29 14:46:00+00:00,long,0,0.00020460853,0.001385714,0.00042646818,0.17236154,2,0
2025-09-29 14:47:00+00:00,long,0,0.0039596856,0.8969321,0.0053971056,0.18809026,1,0
2025-09-29 14:48:00+00:00,short,0,0.0013834883,0.0016272818,0.0029939914,0.18064995,2,0
2025-09-29 14:49:00+00:00,long,0,0.00022482735,0.00034374621,0.00029894523,0.16761418,2,0
2025-09-29 14:50:00+00:00,long,0,0.00016035412,0.08121964,0.00058273535,0.1697263,1,0
2025-09-29 14:51:00+00:00,short,0,0.00330479,0.006032347,0.036130775,0.17460614,2,0
2025-09-29 14:52:00+00:00,long,0,0.00016432516,0.0040894193,0.00077807007,0.17797601,2,0
2025-09-29 14:53:00+00:00,long,0,9.098753e-05,0.021879824,0.00018025025,0.16762428,1,0
2025-09-29 14:54:00+00:00,short,0,9.5053925e-05,0.00036120816,0.0007673659,0.17175074,2,0
2025-09-29 14:55:00+00:00,short,0,0.00010106381,0.00025684794,0.00025929938,0.16829586,2,0
2025-09-29 14:56:00+00:00,long,0,0.00012570136,0.00027038995,0.0001185942,0.16783075,2,0
2025-09-29 14:57:00+00:00,short,0,6.725322e-05,0.00022580374,0.00017564656,0.16803592,2,0
2025-09-29 14:58:00+00:00,short,0,0.000611804,0.001122082,0.0043600756,0.18748187,2,0
2025-09-29 14:59:00+00:00,long,0,0.00041310277,0.34235975,0.00065335433,0.18493998,1,0
2025-09-29 15:00:00+00:00,long,0,0.00048495308,0.043007385,0.00037061636,0.17056279,1,0
2025-09-29 15:01:00+00:00,long,0,0.00013060629,0.02103221,0.00015812185,0.16808881,1,0
2025-09-29 15:02:00+00:00,short,0,7.979634e-05,0.008917636,0.00022771065,0.16753674,1,0
2025-09-29 15:03:00+00:00,long,0,0.000109756555,0.0073869624,0.00029534096,0.1675064,1,0
2025-09-29 15:04:00+00:00,short,0,9.7380806e-05,0.010474111,0.00030317192,0.16807742,1,0
2025-09-29 15:05:00+00:00,short,0,0.00016562181,0.00026035268,0.004337523,0.1736874,2,0
2025-09-29 15:06:00+00:00,short,0,8.870473e-05,0.0001395425,0.0004280068,0.1701662,2,0
2025-09-29 15:07:00+00:00,short,0,0.0002765663,0.0003035771,0.0028190396,0.17243318,2,0
2025-09-29 15:08:00+00:00,short,0,6.3463216e-05,0.00013908897,0.00012297394,0.16744389,2,0
2025-09-29 15:09:00+00:00,long,0,7.523788e-05,0.00012342859,0.00020829102,0.16733344,2,0
2025-09-29 15:10:00+00:00,long,0,0.00013418258,0.020555744,0.00026713393,0.16968203,1,0
2025-09-29 15:11:00+00:00,short,0,0.0005029955,0.00077983376,0.0030396858,0.1794134,2,0
2025-09-29 15:12:00+00:00,long,0,5.4089483e-05,0.00013223477,0.000108031636,0.16738288,2,0
2025-09-29 15:13:00+00:00,long,0,9.798273e-05,0.00991912,0.00021746167,0.1674019,1,0
2025-09-29 15:14:00+00:00,short,0,0.000111479676,0.00030228065,0.00065382954,0.17116638,2,0
2025-09-29 15:15:00+00:00,long,0,0.00016156521,0.024080578,0.00028822478,0.17048818,1,0
2025-09-29 15:16:00+00:00,short,0,0.0017360582,0.0029872765,0.04599365,0.18185079,2,0
2025-09-29 15:17:00+00:00,long,0,0.00011813022,0.00022123722,0.00020867864,0.16761689,2,0
2025-09-29 15:18:00+00:00,short,0,0.00018639879,0.00042673392,0.0013803651,0.17307128,2,0
2025-09-29 15:19:00+00:00,long,0,0.00029911715,0.2661767,0.0011747546,0.18006223,1,0
2025-09-29 15:20:00+00:00,short,0,0.00011171091,0.022283776,0.0005378685,0.17338897,1,0
2025-09-29 15:21:00+00:00,short,0,0.00021630715,0.00041883098,0.0012146819,0.17228723,2,0
2025-09-29 15:22:00+00:00,short,0,8.442735e-05,0.00016958077,0.00024499287,0.16761012,2,0
2025-09-29 15:23:00+00:00,long,0,0.00010036369,0.00018560354,0.00018522821,0.16734236,2,0
2025-09-29 15:24:00+00:00,short,0,0.00010389225,0.00018445255,0.00064793223,0.1676411,2,0
2025-09-29 15:25:00+00:00,short,0,8.463419e-05,0.00019219433,0.000118498014,0.16905631,2,0
2025-09-29 15:26:00+00:00,long,0,0.0007297766,0.30745858,0.0013858732,0.18559293,1,0
2025-09-29 15:27:00+00:00,long,0,0.0040369136,0.85374767,0.0036454778,0.23844035,1,0
2025-09-29 15:28:00+00:00,short,0,0.00013782512,0.023964616,0.00021752389,0.17105086,1,0
2025-09-29 15:29:00+00:00,long,0,0.0005788639,0.38909745,0.00081209384,0.18496017,1,0
2025-09-29 15:30:00+00:00,short,0,0.00010989365,0.01665034,0.00034130333,0.16931379,1,0
2025-09-29 15:31:00+00:00,short,0,0.00021233837,0.036323927,0.0014337308,0.17180388,1,0
2025-09-29 15:32:00+00:00,long,0,0.0014756542,0.6216108,0.0010288178,0.19680868,1,0
2025-09-29 15:33:00+00:00,short,0,0.0075630555,0.006198034,0.018434832,0.17404652,2,0
2025-09-29 15:34:00+00:00,long,0,0.00030401506,0.00034143418,0.00030876903,0.16749598,2,0
2025-09-29 15:35:00+00:00,long,0,0.00034285517,0.024759129,0.00037979113,0.16763783,1,0
2025-09-29 15:36:00+00:00,long,0,0.00045339938,0.08069627,0.0005602946,0.17109881,1,0
2025-09-29 15:37:00+00:00,short,0,0.00022996934,0.03328118,0.00014232365,0.16768639,1,0
2025-09-29 15:38:00+00:00,long,0,0.0004300517,0.093167454,0.0006668475,0.17109881,1,0
2025-09-29 15:39:00+00:00,long,0,0.0034308755,0.8470428,0.0040006014,0.2757152,1,0
2025-09-29 15:40:00+00:00,short,0,0.00016544346,0.0445603,0.00015419847,0.16821246,1,0
2025-09-29 15:41:00+00:00,long,0,0.0016717908,0.7009925,0.0016355577,0.18861587,1,0
2025-09-29 15:42:00+00:00,long,0,0.00049353956,0.04128787,0.00016365996,0.16808838,1,0
2025-09-29 15:43:00+00:00,long,0,0.00073384796,0.064105846,0.0012329886,0.17115135,1,0
2025-09-29 15:44:00+00:00,long,0,0.0006989091,0.123932526,0.0008760013,0.17659205,1,0
2025-09-29 15:45:00+00:00,short,0,0.0004254729,0.049229756,0.00040704507,0.16883676,1,0
2025-09-29 15:46:00+00:00,short,0,0.004427335,0.0023013416,0.0037005963,0.16972,2,0
2025-09-29 15:47:00+00:00,long,0,0.00085333956,0.43838403,0.0010652478,0.17430818,1,0
2025-09-29 15:48:00+00:00,long,0,0.0008456426,0.108513385,0.0010253941,0.1725464,1,0
2025-09-29 15:49:00+00:00,long,0,0.00021937699,0.037062608,0.00014036817,0.16766624,1,0
2025-09-29 15:50:00+00:00,long,0,0.001011392,0.41396424,0.00088540703,0.17961363,1,0
2025-09-30 14:19:00+00:00,long,0,0.0034095985,0.3011437,0.009532845,0.25015354,1,0
2025-09-30 14:20:00+00:00,long,0,0.001116179,0.0010583431,0.0017668759,0.18604235,2,0
2025-09-30 14:21:00+00:00,long,0,0.017392786,0.010538429,0.08791421,0.28628984,2,0
2025-09-30 14:22:00+00:00,long,0,0.00034034564,0.0005978229,0.0013919075,0.17215855,2,0
2025-09-30 14:23:00+00:00,long,1,0.97131705,0.9478759,0.9209116,0.74631816,3,2
2025-09-30 14:24:00+00:00,long,0,0.0014091877,0.0023803364,0.0039160904,0.18429403,2,0
2025-09-30 14:25:00+00:00,long,0,0.017084805,0.051812496,0.102893434,0.2941827,2,0
2025-09-30 14:26:00+00:00,long,0,0.00430355,0.007737724,0.004870959,0.25609317,2,0
2025-09-30 14:27:00+00:00,long,0,0.0046116775,0.004358846,0.0041168053,0.24493767,2,0
2025-09-30 14:28:00+00:00,long,0,0.00456844,0.0038556035,0.0034757059,0.23149784,2,0
2025-09-30 14:29:00+00:00,long,0,0.00041278393,0.0005180106,0.0011150647,0.17653958,2,0
2025-09-30 14:30:00+00:00,long,0,0.0021558467,0.0020595305,0.0017292663,0.1934045,2,0
2025-09-30 14:31:00+00:00,long,0,0.00070936955,0.0018841237,0.002494552,0.22652476,2,0
2025-09-30 14:32:00+00:00,long,0,0.0007815411,0.0028598446,0.0019890622,0.1802631,2,0
2025-09-30 14:33:00+00:00,long,0,0.00057151256,0.0020919223,0.0055973595,0.18338752,2,0
2025-09-30 14:34:00+00:00,long,0,0.00087604974,0.0017424753,0.00465395,0.17622538,2,0
2025-09-30 14:35:00+00:00,long,0,0.0010366816,0.0017442626,0.002434625,0.2489041,2,0
2025-09-30 14:36:00+00:00,long,0,0.0061459923,0.014837495,0.04282719,0.2976334,2,0
2025-09-30 14:37:00+00:00,long,0,0.00041226053,0.001802963,0.0026391326,0.21032713,2,0
2025-09-30 14:38:00+00:00,long,0,0.00064580684,0.0022383302,0.0040244004,0.19858515,2,0
2025-09-30 14:39:00+00:00,long,0,0.000372371,0.0014608956,0.0021951653,0.17453231,2,0
2025-09-30 14:40:00+00:00,long,0,0.0024833526,0.0148069,0.011525629,0.20114684,2,0
2025-09-30 14:41:00+00:00,long,0,0.17553449,0.17705376,0.3701908,0.60945123,2,1
2025-09-30 14:42:00+00:00,long,0,0.0017547989,0.0066404836,0.005062248,0.20516016,2,0
2025-09-30 14:43:00+00:00,long,0,0.0010401857,0.0034526966,0.0063837674,0.2551783,2,0
2025-09-30 14:44:00+00:00,long,0,0.023493338,0.014405891,0.115561865,0.42859638,2,1
2025-09-30 14:45:00+00:00,long,0,0.0008903828,0.0012610874,0.005581939,0.18111801,2,0
2025-09-30 14:46:00+00:00,long,0,0.0006742214,0.0016967762,0.004376831,0.17490004,2,0
2025-09-30 14:47:00+00:00,long,0,0.0007808,0.0013034261,0.0030145352,0.19130404,2,0
2025-09-30 14:48:00+00:00,long,0,0.0011783151,0.00072275,0.0068341843,0.17292719,2,0
2025-09-30 14:49:00+00:00,long,0,0.002966622,0.0059084888,0.0119241765,0.31490648,2,0
2025-09-30 14:50:00+00:00,long,0,0.0023524628,0.0051894295,0.015569705,0.25892958,2,0
2025-09-30 14:51:00+00:00,long,0,0.23341748,0.13092339,0.82079536,0.6047689,2,1
2025-09-30 14:52:00+00:00,long,0,0.00022576265,0.0009194985,0.0014482869,0.19913398,2,0
2025-09-30 14:53:00+00:00,long,0,0.00097303936,0.001555459,0.006810401,0.17796965,2,0
2025-09-30 14:54:00+00:00,long,0,0.0002777639,0.0005491687,0.0033564204,0.20188479,2,0
2025-09-30 14:55:00+00:00,long,0,0.07626053,0.06841847,0.3969412,0.43978927,2,0
2025-09-30 14:56:00+00:00,long,0,0.04877066,0.0334615,0.29772875,0.4195176,2,0
2025-09-30 14:57:00+00:00,long,0,0.0002716869,0.00025241115,0.0016163636,0.1775105,2,0
2025-09-30 14:58:00+00:00,long,0,0.0014377765,0.0006415704,0.0016410031,0.1713538,2,0
2025-09-30 14:59:00+00:00,long,0,0.0005126599,0.00035252798,0.0016389794,0.17190158,2,0
2025-09-30 15:00:00+00:00,long,0,0.085281655,0.05134047,0.5556847,0.3981303,2,0
2025-09-30 15:01:00+00:00,long,0,0.007496796,0.01040522,0.03560101,0.22010154,2,0
2025-09-30 15:02:00+00:00,long,0,0.00051247276,0.00034386126,0.0039756405,0.17716813,2,0
2025-09-30 15:03:00+00:00,long,0,0.11313408,0.12309958,0.43717417,0.4073576,2,0
2025-09-30 15:04:00+00:00,long,0,0.0008731313,0.000294603,0.0021276027,0.17164958,2,0
2025-09-30 15:05:00+00:00,long,0,0.00833801,0.012966571,0.08545959,0.31958485,2,0
2025-09-30 15:06:00+00:00,long,0,0.07446149,0.051023357,0.4747431,0.39723277,2,0
2025-09-30 15:07:00+00:00,long,0,0.0011050896,0.00073353335,0.008094894,0.21630704,2,0
2025-09-30 15:08:00+00:00,long,0,0.0005701456,0.00057346193,0.0011948335,0.19050471,2,0
2025-09-30 15:09:00+00:00,long,0,0.0005333892,0.0011382137,0.010898025,0.24957184,2,0
2025-09-30 15:10:00+00:00,long,0,0.00021912342,0.0005471663,0.0021559515,0.1940458,2,0
2025-09-30 15:11:00+00:00,long,0,0.03236637,0.03629572,0.39058173,0.48555747,2,0
2025-09-30 15:12:00+00:00,long,0,0.00025907005,0.0004477339,0.001807659,0.17335169,2,0
2025-09-30 15:13:00+00:00,long,0,0.0045049232,0.0066340733,0.044297438,0.35461447,2,0
2025-09-30 15:14:00+00:00,long,0,0.00041227488,0.0005216477,0.002115185,0.17294113,2,0
2025-09-30 15:15:00+00:00,long,0,0.0037244414,0.0055159116,0.021474589,0.22109787,2,0
2025-09-30 15:16:00+00:00,long,0,0.10837317,0.11618099,0.6149577,0.5693917,2,0
2025-09-30 15:17:00+00:00,long,0,0.0037869918,0.0012066283,0.0060821446,0.20877387,2,0
2025-09-30 15:18:00+00:00,long,0,0.0031290061,0.0012345304,0.002864868,0.19701318,2,0
2025-09-30 15:19:00+00:00,long,0,0.0010614743,0.00028982354,0.003475835,0.17539817,2,0
2025-09-30 15:20:00+00:00,long,0,0.21227854,0.34355712,0.7411016,0.6437836,2,1
2025-09-30 15:21:00+00:00,long,0,0.00051300303,0.0011036358,0.011613082,0.21381904,2,0
2025-09-30 15:22:00+00:00,long,0,0.0014210707,0.0018190779,0.008776893,0.18595897,2,0
2025-09-30 15:23:00+00:00,long,0,0.0014333437,0.0016898786,0.0042539225,0.18368451,2,0
2025-09-30 15:24:00+00:00,long,0,0.13460669,0.24446337,0.7124852,0.6225814,2,1
2025-09-30 15:25:00+00:00,long,0,0.0008698223,0.0015034075,0.0018788223,0.17627084,2,0
2025-09-30 15:26:00+00:00,long,0,0.0005067898,0.00050512835,0.0023764612,0.17236859,2,0
2025-09-30 15:27:00+00:00,long,0,0.0013084724,0.0027641868,0.012879566,0.19515724,2,0
2025-09-30 15:28:00+00:00,long,0,0.018583715,0.0333771,0.21492392,0.44975844,2,0
2025-09-30 15:29:00+00:00,long,0,0.000772044,0.00094946224,0.008819333,0.18867685,2,0
2025-09-30 15:30:00+00:00,long,0,0.021622181,0.02189605,0.09535812,0.44829786,2,0
2025-09-30 15:31:00+00:00,long,0,0.0019427689,0.0018405583,0.016191665,0.2455322,2,0
2025-09-30 15:32:00+00:00,long,1,0.98129165,0.9960199,0.9016345,0.785779,2,2
2025-09-30 15:33:00+00:00,long,0,0.00082410505,0.00064489315,0.0017786785,0.17751576,2,0
2025-09-30 15:34:00+00:00,long,0,0.0021265177,0.0014850787,0.011689908,0.19196172,2,0
2025-09-30 15:35:00+00:00,long,0,0.0018337728,0.0025542,0.009677417,0.21550171,2,0
2025-09-30 15:36:00+00:00,long,0,0.002464574,0.0013543254,0.016272843,0.19441235,2,0
2025-09-30 15:37:00+00:00,long,0,0.010477793,0.028552819,0.10273548,0.37893185,2,0
2025-09-30 15:38:00+00:00,long,1,0.97373295,0.94978225,0.9206993,0.77548695,3,2
2025-09-30 15:39:00+00:00,long,0,0.0009698337,0.0021802327,0.006605097,0.20401229,2,0
2025-09-30 15:40:00+00:00,long,0,0.00045741338,0.00062238326,0.0015437029,0.24124129,2,0
2025-09-30 15:41:00+00:00,long,0,0.0011520387,0.000709943,0.022898005,0.30047116,2,0
2025-09-30 15:42:00+00:00,long,0,0.0062649106,0.0058997488,0.04645596,0.3622943,2,0
2025-09-30 15:43:00+00:00,long,0,0.00056527246,0.0006164693,0.005313614,0.24162246,2,0
2025-09-30 15:44:00+00:00,long,0,0.0009557993,0.00041209668,0.008533064,0.18659145,2,0
2025-09-30 15:45:00+00:00,long,0,0.0011795711,0.0008639,0.0038384923,0.17956668,2,0
2025-09-30 15:46:00+00:00,long,0,0.001368321,0.001197055,0.019324517,0.21972074,2,0
2025-09-30 15:47:00+00:00,long,0,0.028761914,0.06893247,0.29733196,0.52464116,2,1
2025-09-30 15:48:00+00:00,long,0,0.0022492572,0.011523319,0.046216384,0.2214114,2,0
2025-09-30 15:49:00+00:00,long,0,0.0030513073,0.0040722685,0.05745506,0.3065471,2,0
2025-09-30 15:50:00+00:00,long,0,0.0006773162,0.00071736664,0.0065687685,0.18103008,2,0
2025-10-01 14:19:00+00:00,long,0,0.0015974614,0.83431995,0.0031692958,0.18787302,1,0
2025-10-01 14:20:00+00:00,long,0,0.00046278155,0.19456924,0.0011796626,0.18290347,1,0
2025-10-01 14:21:00+00:00,long,0,0.0008842608,0.35799372,0.0149901705,0.2153613,1,0
2025-10-01 14:22:00+00:00,long,0,0.0009167456,0.28156093,0.010111885,0.17809843,1,0
2025-10-01 14:23:00+00:00,long,0,0.0041577597,0.665713,0.02336313,0.22554839,1,0
2025-10-01 14:24:00+00:00,long,0,0.000524166,0.3366475,0.003523442,0.19227403,1,0
2025-10-01 14:25:00+00:00,long,0,0.00019736089,0.09417182,0.00027272452,0.18606912,1,0
2025-10-01 14:26:00+00:00,long,0,0.00026519716,0.2241953,0.0011019958,0.18229882,1,0
2025-10-01 14:27:00+00:00,long,0,0.0144330375,0.9278745,0.02810966,0.3290856,1,0
2025-10-01 14:28:00+00:00,long,0,0.35131186,0.9960485,0.7076461,0.7175142,1,2
2025-10-01 14:29:00+00:00,long,0,0.0001564841,0.08957327,0.00018510762,0.17364912,1,0
2025-10-01 14:30:00+00:00,long,0,0.0048237666,0.88763416,0.020463398,0.3137271,1,0
2025-10-01 14:31:00+00:00,long,0,0.01731772,0.979357,0.026042104,0.29263362,1,0
2025-10-01 14:32:00+00:00,long,0,0.002831019,0.85009396,0.012769938,0.25921696,1,0
2025-10-01 14:33:00+00:00,long,0,0.005455822,0.85977906,0.022279771,0.3427889,1,0
2025-10-01 14:34:00+00:00,long,0,0.002313128,0.5950327,0.013881679,0.2412586,1,0
2025-10-01 14:35:00+00:00,long,0,0.00048628575,0.3382367,0.0065475283,0.21082087,1,0
2025-10-01 14:36:00+00:00,long,0,0.0018946609,0.23427212,0.0010093085,0.19086425,1,0
2025-10-01 14:37:00+00:00,long,0,0.00026524471,0.08007213,0.00019101122,0.1843641,1,0
2025-10-01 14:38:00+00:00,long,0,0.0016923533,0.82923543,0.016286733,0.26037204,1,0
2025-10-01 14:39:00+00:00,long,0,0.00031477478,0.10189929,0.00029382575,0.18914385,1,0
2025-10-01 14:40:00+00:00,long,0,0.0008081911,0.090737216,0.0002735375,0.20921929,1,0
2025-10-01 14:41:00+00:00,long,0,0.017785462,0.9628924,0.13827062,0.5358445,1,1
2025-10-01 14:42:00+00:00,long,0,0.0005419181,0.25446334,0.0025857647,0.18713893,1,0
2025-10-01 14:43:00+00:00,long,0,0.0022820397,0.48533466,0.013048341,0.39619818,1,0
2025-10-01 14:44:00+00:00,long,0,0.0012304022,0.38809955,0.0037809988,0.36568952,1,0
2025-10-01 14:45:00+00:00,long,0,0.0018075893,0.14793171,0.0005848988,0.1998576,1,0
2025-10-01 14:46:00+00:00,long,0,0.03239856,0.9653287,0.33589464,0.5617483,1,1
2025-10-01 14:47:00+00:00,long,0,0.045760058,0.97453237,0.2077701,0.5469764,1,1
2025-10-01 14:48:00+00:00,long,0,0.0015832644,0.24240771,0.0004748559,0.19227274,1,0
2025-10-01 14:49:00+00:00,long,0,0.07998723,0.982546,0.4473241,0.561446,1,1
2025-10-01 14:50:00+00:00,long,0,0.011261251,0.76703626,0.02456032,0.4076997,1,1
2025-10-01 14:51:00+00:00,long,0,0.007673699,0.73654205,0.022215296,0.40590322,1,1
2025-10-01 14:52:00+00:00,long,0,0.012911202,0.90394074,0.058888145,0.3890532,1,0
2025-10-01 14:53:00+00:00,long,0,0.0013045259,0.3470031,0.0030128518,0.19085042,1,0
2025-10-01 14:54:00+00:00,long,0,0.16659322,0.983978,0.7200222,0.65604806,1,1
2025-10-01 14:55:00+00:00,long,0,0.00060854,0.08556426,0.0026227515,0.18339276,1,0
2025-10-01 14:56:00+00:00,long,0,0.013806611,0.90661407,0.04259213,0.46473932,1,1
2025-10-01 14:57:00+00:00,long,0,0.45323062,0.99845266,0.8348774,0.7582459,1,2
2025-10-01 14:58:00+00:00,long,0,0.0003108407,0.05736145,0.00052915607,0.17425913,1,0
2025-10-01 14:59:00+00:00,long,0,0.00056169205,0.072914585,0.0002831792,0.17652987,1,0
2025-10-01 15:00:00+00:00,long,0,0.6237919,0.9989519,0.8380378,0.7553308,1,2
2025-10-01 15:01:00+00:00,long,0,0.005079941,0.976315,0.021643471,0.24525289,1,0
2025-10-01 15:02:00+00:00,long,1,0.9739328,0.9955177,0.8884509,0.74493605,2,2
2025-10-01 15:03:00+00:00,long,0,0.010443923,0.86457604,0.06879249,0.47004342,1,1
2025-10-01 15:04:00+00:00,long,0,0.021839969,0.93726623,0.08247893,0.4821352,1,1
2025-10-01 15:05:00+00:00,long,0,0.0011280183,0.12714782,0.00412482,0.2167396,1,0
2025-10-01 15:06:00+00:00,long,0,0.0009812186,0.18788108,0.003079797,0.3269721,1,0
2025-10-01 15:07:00+00:00,long,0,0.0004682803,0.178401,0.0007114344,0.17291747,1,0
2025-10-01 15:08:00+00:00,long,0,0.08420461,0.97730815,0.5895853,0.56235117,1,1
2025-10-01 15:09:00+00:00,long,0,0.00037806586,0.15388298,0.00058018736,0.17308117,1,0
2025-10-01 15:10:00+00:00,long,0,0.0005849476,0.0013294049,0.0006947496,0.17264344,2,0
2025-10-01 15:11:00+00:00,long,0,0.00028434547,0.0010515322,0.0020897177,0.17231347,2,0
2025-10-01 15:12:00+00:00,long,0,0.0001630587,0.0008427845,0.0005300589,0.18382305,2,0
2025-10-01 15:13:00+00:00,long,0,0.0016126827,0.004340115,0.0045297733,0.20798796,2,0
2025-10-01 15:14:00+00:00,long,0,0.0005094898,0.00047203325,0.0021337161,0.17269202,2,0
2025-10-01 15:15:00+00:00,long,0,0.00037313002,0.0022325793,0.011320321,0.29568574,2,0
2025-10-01 15:16:00+00:00,long,0,0.025732001,0.075970404,0.22935027,0.47161603,2,1
2025-10-01 15:17:00+00:00,long,0,0.0005548482,0.00045833518,0.001337943,0.17252876,2,0
2025-10-01 15:18:00+00:00,long,0,0.0007715667,0.0017372469,0.0131469695,0.30281022,2,0
2025-10-01 15:19:00+00:00,long,0,0.00052781816,0.0005218986,0.0005963027,0.17339523,2,0
2025-10-01 15:20:00+00:00,long,0,0.00037319158,0.00040282094,0.0005963027,0.17319536,2,0
2025-10-01 15:21:00+00:00,long,0,0.00090025965,0.0044716713,0.014946046,0.2726377,2,0
2025-10-01 15:22:00+00:00,long,0,0.00036261478,0.0001467381,0.0006343627,0.17145427,2,0
2025-10-01 15:23:00+00:00,long,0,0.0008050715,0.0039325315,0.004638364,0.27933845,2,0
2025-10-01 15:24:00+00:00,long,0,0.0009905437,0.00039445248,0.0013577932,0.17805839,2,0
2025-10-01 15:25:00+00:00,long,0,0.08438636,0.05188968,0.39200127,0.56207585,2,1
2025-10-01 15:26:00+00:00,long,0,0.010391717,0.040892463,0.09962375,0.39294323,2,0
2025-10-01 15:27:00+00:00,long,0,0.00047379287,0.00061348797,0.0010491422,0.17587636,2,0
2025-10-01 15:28:00+00:00,long,0,0.0009167346,0.0033839857,0.0013227371,0.25107095,2,0
2025-10-01 15:29:00+00:00,long,0,0.0027482703,0.019221826,0.017953593,0.31276268,2,0
2025-10-01 15:30:00+00:00,long,0,0.0005011234,0.00028685955,0.0005648639,0.19153912,2,0
2025-10-01 15:31:00+00:00,long,0,0.0010143105,0.0003692804,0.001125117,0.17308058,2,0
2025-10-01 15:32:00+00:00,long,0,0.00069550646,0.0010405816,0.0008196489,0.21320222,2,0
2025-10-01 15:33:00+00:00,long,0,0.0030128532,0.0019705587,0.0031198987,0.19149514,2,0
2025-10-01 15:34:00+00:00,long,0,0.0008161803,0.0006883233,0.0019867793,0.23201321,2,0
2025-10-01 15:35:00+00:00,long,0,0.00051427673,0.001130765,0.011370668,0.21728057,2,0
2025-10-01 15:36:00+00:00,long,0,0.0042978004,0.03790137,0.02859755,0.4453701,2,1
2025-10-01 15:37:00+00:00,long,0,0.00021641298,0.00026206262,0.00073041633,0.17889464,2,0
2025-10-01 15:38:00+00:00,long,1,0.9848935,0.96826965,0.9640939,0.80940276,3,2
2025-10-01 15:39:00+00:00,long,0,0.0005581628,0.0017851917,0.022704909,0.18765183,2,0
2025-10-01 15:40:00+00:00,long,0,0.0007561197,0.0010564775,0.009668541,0.35074663,2,0
2025-10-01 15:41:00+00:00,long,0,0.00038218734,0.0002506086,0.0008225862,0.17480685,2,0
2025-10-01 15:42:00+00:00,long,0,0.0007947077,0.003755435,0.020901423,0.18920839,2,0
2025-10-01 15:43:00+00:00,long,0,0.0007432622,0.0008955069,0.0034941516,0.1881423,2,0
2025-10-01 15:44:00+00:00,long,0,0.00062848657,0.00043960378,0.0019202335,0.21932356,2,0
2025-10-01 15:45:00+00:00,long,0,0.011911604,0.05501786,0.061072942,0.4679116,2,1
2025-10-01 15:46:00+00:00,long,0,0.0004478293,0.00064148306,0.0019416136,0.20255624,2,0
2025-10-01 15:47:00+00:00,long,0,0.00086115126,0.0031158733,0.023121562,0.19000866,2,0
2025-10-01 15:48:00+00:00,long,0,0.0012501356,0.0010320899,0.006066736,0.37108877,2,0
2025-10-01 15:49:00+00:00,long,0,0.00045986008,0.00083343,0.0010697112,0.21994042,2,0
2025-10-01 15:50:00+00:00,long,0,0.00040732804,0.0009724675,0.00065250054,0.23354562,2,0
2025-10-02 14:19:00+00:00,long,0,0.00048168667,0.04373877,0.0004265747,0.17042987,1,0
2025-10-02 14:20:00+00:00,long,0,0.00043344265,0.025724102,0.00024473888,0.16966926,1,0
2025-10-02 14:21:00+00:00,long,0,0.00040703634,0.07828008,0.0004038144,0.17238438,1,0
2025-10-02 14:22:00+00:00,long,0,0.010089163,0.9335948,0.0047668316,0.27183688,1,0
2025-10-02 14:23:00+00:00,long,0,0.0005621264,0.031460077,0.00065337424,0.17065245,1,0
2025-10-02 14:24:00+00:00,short,1,0.9679594,0.9805696,0.8857533,0.7300994,2,2
2025-10-02 14:25:00+00:00,long,0,0.00034822195,0.045517292,0.00022936452,0.16968022,1,0
2025-10-02 14:26:00+00:00,short,0,0.0003000062,0.10798358,0.0006946483,0.17026377,1,0
2025-10-02 14:27:00+00:00,long,0,0.00025350635,0.031844445,0.00024649076,0.16956176,1,0
2025-10-02 14:28:00+00:00,short,0,0.0010344569,0.122734345,0.0031020008,0.18241341,1,0
2025-10-02 14:29:00+00:00,short,0,0.0020901512,0.001632991,0.0068567246,0.18517892,2,0
2025-10-02 14:30:00+00:00,short,0,0.00018700334,0.0007487183,0.0003655447,0.16867596,2,0
2025-10-02 14:31:00+00:00,long,0,0.0010971073,0.8460971,0.0017679224,0.22644891,1,0
2025-10-02 14:32:00+00:00,long,0,0.00015969037,0.021639274,0.00024621875,0.16893627,1,0
2025-10-02 14:33:00+00:00,short,0,0.002549554,0.16706872,0.018671712,0.18738292,1,0
2025-10-02 14:34:00+00:00,long,0,0.0030388304,0.93454784,0.0063308324,0.20463602,1,0
2025-10-02 14:35:00+00:00,long,0,0.00045618264,0.04480055,0.0020989508,0.16910423,1,0
2025-10-02 14:36:00+00:00,short,0,0.0029894814,0.1265142,0.026608603,0.18775195,1,0
2025-10-02 14:37:00+00:00,long,0,0.001043816,0.27068806,0.00231848,0.19971186,1,0
2025-10-02 14:38:00+00:00,short,0,0.00073502207,0.13346608,0.0035791798,0.17397697,1,0
2025-10-02 14:39:00+00:00,short,0,0.00035140375,0.03433925,0.0011652109,0.16895361,1,0
2025-10-02 14:40:00+00:00,short,0,0.02896164,0.05301912,0.104282856,0.23535019,2,0
2025-10-02 14:41:00+00:00,long,0,0.00060316356,0.7361471,0.0027403985,0.18908374,1,0
2025-10-02 14:42:00+00:00,short,0,0.007005895,0.637692,0.058015507,0.2119273,1,0
2025-10-02 14:43:00+00:00,long,0,0.00037816103,0.0997907,0.000611054,0.16946287,1,0
2025-10-02 14:44:00+00:00,long,0,0.0011223108,0.9380895,0.0049917153,0.1958545,1,0
2025-10-02 14:45:00+00:00,long,0,0.00051033334,0.07785169,0.0006128904,0.1694022,1,0
2025-10-02 14:46:00+00:00,short,0,0.0012034511,0.18162026,0.003703535,0.17906195,1,0
2025-10-02 14:47:00+00:00,long,0,0.0006441492,0.38441235,0.0011900568,0.18500762,1,0
2025-10-02 14:48:00+00:00,short,0,0.00061464414,0.08408449,0.0018100258,0.17097615,1,0
2025-10-02 14:49:00+00:00,long,0,0.0023233525,0.9498908,0.008043963,0.2068863,1,0
2025-10-02 14:50:00+00:00,short,0,0.0017531768,0.14852357,0.0103351,0.18150015,1,0
2025-10-02 14:51:00+00:00,long,0,0.002856344,0.95861095,0.012273201,0.2027195,1,0
2025-10-02 14:52:00+00:00,short,0,0.0005915398,0.11454106,0.002284735,0.16996376,1,0
2025-10-02 14:53:00+00:00,long,0,0.0008417363,0.7483333,0.0046874946,0.19544487,1,0
2025-10-02 14:54:00+00:00,long,0,0.0003301222,0.08332572,0.0015169263,0.1693431,1,0
2025-10-02 14:55:00+00:00,long,0,0.00018100254,0.036750372,0.00045238354,0.16836877,1,0
2025-10-02 14:56:00+00:00,short,0,0.00055310276,0.09677178,0.010881814,0.1784602,1,0
2025-10-02 14:57:00+00:00,short,0,0.0018695402,0.14068829,0.011763865,0.1855679,1,0
2025-10-02 14:58:00+00:00,short,0,0.0008729417,0.0031483788,0.0066564716,0.1798297,2,0
2025-10-02 14:59:00+00:00,long,0,0.0001373701,0.03819557,0.00019243051,0.16781195,1,0
2025-10-02 15:00:00+00:00,long,0,0.00048157285,0.11189504,0.0011587313,0.17317146,1,0
2025-10-02 15:01:00+00:00,short,0,0.0038106185,0.24923885,0.014035081,0.19252373,1,0
2025-10-02 15:02:00+00:00,long,0,0.000348017,0.055144787,0.00022506778,0.16820662,1,0
2025-10-02 15:03:00+00:00,short,0,0.00026805236,0.054031815,0.0012050334,0.16991216,1,0
2025-10-02 15:04:00+00:00,long,0,0.00037456612,0.092945926,0.0055534733,0.17702566,1,0
2025-10-02 15:05:00+00:00,long,0,0.00052631175,0.17520982,0.0028188545,0.17854543,1,0
2025-10-02 15:06:00+00:00,short,0,0.006221166,0.21519528,0.041623294,0.21527816,1,0
2025-10-02 15:07:00+00:00,long,0,0.00019811619,0.035985325,0.00062967936,0.16885544,1,0
2025-10-02 15:08:00+00:00,long,0,0.0006231234,0.2170956,0.0024269985,0.17946136,1,0
2025-10-02 15:09:00+00:00,long,0,0.0005189585,0.33236796,0.0033183564,0.19510476,1,0
2025-10-02 15:10:00+00:00,short,0,0.00038056093,0.082264006,0.0015400472,0.17339462,1,0
2025-10-02 15:11:00+00:00,short,0,0.00083847024,0.10249681,0.005270896,0.18032558,1,0
2025-10-02 15:12:00+00:00,long,0,0.0007101528,0.21157888,0.001867223,0.17374776,1,0
2025-10-02 15:13:00+00:00,long,0,0.0005367502,0.60699457,0.0015788858,0.18872197,1,0
2025-10-02 15:14:00+00:00,short,0,0.00053649215,0.09570545,0.0008082126,0.16883112,1,0
2025-10-02 15:15:00+00:00,long,0,0.00012418842,0.031178186,0.0009228033,0.16977006,1,0
2025-10-02 15:16:00+00:00,long,0,0.0009325552,0.97024024,0.006423883,0.25364286,1,0
2025-10-02 15:17:00+00:00,long,0,0.0005765304,0.66210365,0.0018449059,0.226884,1,0
2025-10-02 15:18:00+00:00,long,0,0.00047334892,0.11704843,0.0016084281,0.1725588,1,0
2025-10-02 15:19:00+00:00,long,0,0.0004019745,0.10963245,0.0012250101,0.17134094,1,0
2025-10-02 15:20:00+00:00,long,0,0.00020396477,0.1067521,0.0011834409,0.17199963,1,0
2025-10-02 15:21:00+00:00,long,0,0.0002649922,0.32212418,0.0018334569,0.19830185,1,0
2025-10-02 15:22:00+00:00,long,0,0.0006516094,0.13888422,0.004802058,0.18987657,1,0
2025-10-02 15:23:00+00:00,long,0,0.004234178,0.34474075,0.031190278,0.21383464,1,0
2025-10-02 15:24:00+00:00,long,0,0.00025871806,0.2844226,0.0016148816,0.18473272,1,0
2025-10-02 15:25:00+00:00,long,0,0.00048954505,0.17947127,0.016611403,0.1813975,1,0
2025-10-02 15:26:00+00:00,long,0,0.00032040823,0.08016561,0.0016365376,0.16897829,1,0
2025-10-02 15:27:00+00:00,long,0,0.0003505221,0.09780334,0.0024791285,0.17356546,1,0
2025-10-02 15:28:00+00:00,long,0,0.00095644017,0.0041390653,0.02227353,0.18943764,2,0
2025-10-02 15:29:00+00:00,long,0,0.0020428298,0.013503274,0.06999746,0.19912817,2,0
2025-10-02 15:30:00+00:00,long,0,0.00044310652,0.0019315778,0.001160622,0.1701454,2,0
2025-10-02 15:31:00+00:00,long,0,0.0020345924,0.9795976,0.020455064,0.25259605,1,0
2025-10-02 15:32:00+00:00,long,0,0.00043774274,0.16249233,0.0012337768,0.17011046,1,0
2025-10-02 15:33:00+00:00,long,0,0.00084083044,0.83305466,0.0028380328,0.18835516,1,0
2025-10-02 15:34:00+00:00,long,0,0.003662184,0.59083164,0.07280667,0.26144925,1,0
2025-10-02 15:35:00+00:00,long,0,0.0004910324,0.45086953,0.0024952095,0.17316423,1,0
2025-10-02 15:36:00+00:00,long,0,0.00062643713,0.23594852,0.004228964,0.17268716,1,0
2025-10-02 15:37:00+00:00,long,0,0.0005906851,0.31411484,0.0011936756,0.17472231,1,0
2025-10-02 15:38:00+00:00,long,0,0.0011816719,0.9273931,0.005377654,0.1897824,1,0
2025-10-02 15:39:00+00:00,long,0,0.0005327772,0.2826354,0.0009322633,0.1743837,1,0
2025-10-02 15:40:00+00:00,long,0,0.0019439907,0.52625674,0.021657424,0.19396667,1,0
2025-10-02 15:41:00+00:00,long,0,0.0019426036,0.9886495,0.035617422,0.35487458,1,0
2025-10-02 15:42:00+00:00,long,0,0.00031125735,0.17774358,0.008918091,0.17432487,1,0
2025-10-02 15:43:00+00:00,long,0,0.00059413695,0.16830902,0.0069733844,0.17463426,1,0
2025-10-02 15:44:00+00:00,long,0,0.00035855267,0.10187348,0.0011641335,0.1677084,1,0
2025-10-02 15:45:00+00:00,long,0,0.0006679663,0.40955368,0.0037446946,0.17698641,1,0
2025-10-02 15:46:00+00:00,long,0,0.00077441,0.83754784,0.001083228,0.17837848,1,0
2025-10-02 15:47:00+00:00,short,0,0.005253095,0.45095164,0.026440103,0.18889777,1,0
2025-10-02 15:48:00+00:00,short,0,0.0011048802,0.248907,0.0018564528,0.16830307,1,0
2025-10-02 15:49:00+00:00,long,0,0.0012763384,0.4417825,0.0015445336,0.17233723,1,0
2025-10-02 15:50:00+00:00,short,0,0.0033154355,0.44059926,0.016839214,0.19188471,1,0
2025-10-03 14:19:00+00:00,long,0,0.0034403966,0.9566083,0.04150039,0.31342235,1,0
2025-10-03 14:20:00+00:00,long,0,0.001579397,0.8653575,0.0041067707,0.29382408,1,0
2025-10-03 14:21:00+00:00,short,0,0.003826846,0.40285614,0.033747017,0.22744463,1,0
2025-10-03 14:22:00+00:00,short,0,0.0003562915,0.034723163,0.00014916812,0.175789,1,0
2025-10-03 14:23:00+00:00,long,0,0.00094715646,0.07042558,0.00062021625,0.22575672,1,0
2025-10-03 14:24:00+00:00,short,0,0.000769657,0.0011551572,0.00174829,0.23433547,2,0
2025-10-03 14:25:00+00:00,long,0,0.0005204516,0.5282567,0.00068942824,0.32126746,1,0
2025-10-03 14:26:00+00:00,long,0,0.000912655,0.8447237,0.001902973,0.34798607,1,0
2025-10-03 14:27:00+00:00,long,0,0.003142969,0.9411506,0.02601295,0.43707323,1,1
2025-10-03 14:28:00+00:00,long,0,0.00048849557,0.04893152,0.0013636688,0.20390053,1,0
2025-10-03 14:29:00+00:00,short,0,0.00040105873,0.04378673,0.0001628842,0.18516815,1,0
2025-10-03 14:30:00+00:00,long,0,0.0006524377,0.17390256,0.0010731581,0.22357982,1,0
2025-10-03 14:31:00+00:00,short,0,0.03293791,0.08418719,0.19657744,0.35066763,2,0
2025-10-03 14:32:00+00:00,short,0,0.00043723977,0.0006639238,0.0003508086,0.17188722,2,0
2025-10-03 14:33:00+00:00,long,0,0.0005894296,0.0018201156,0.00022492577,0.23294961,2,0
2025-10-03 14:34:00+00:00,long,0,0.0003411607,0.12913354,0.00029034875,0.19763304,1,0
2025-10-03 14:35:00+00:00,long,0,0.000121342484,0.03233309,0.0001442292,0.1742295,1,0
2025-10-03 14:36:00+00:00,long,0,0.00020816812,0.6967256,0.0009623804,0.27539337,1,0
2025-10-03 14:37:00+00:00,short,0,0.000755483,0.0012747936,0.001727392,0.19081111,2,0
2025-10-03 14:38:00+00:00,long,0,0.00018499346,0.3228959,0.00013510403,0.19186763,1,0
2025-10-03 14:39:00+00:00,long,0,0.014737965,0.98132163,0.018190352,0.41963947,1,0
2025-10-03 14:40:00+00:00,long,0,0.0002973801,0.24500847,0.0001044811,0.2028205,1,0
2025-10-03 14:41:00+00:00,long,0,0.0010302518,0.865881,0.0022867718,0.25693282,1,0
2025-10-03 14:42:00+00:00,short,0,0.0002209697,0.022716062,0.00030515887,0.18171974,1,0
2025-10-03 14:43:00+00:00,short,0,0.00045497532,0.030817933,0.000798033,0.2149462,1,0
2025-10-03 14:44:00+00:00,long,0,0.00031984056,0.09865589,0.0004138598,0.18437494,1,0
2025-10-03 14:45:00+00:00,short,0,0.0004403006,0.0014219858,0.0010426551,0.19798721,2,0
2025-10-03 14:46:00+00:00,short,0,0.00011876204,0.000727497,4.9282255e-05,0.1732064,2,0
2025-10-03 14:47:00+00:00,long,0,0.00017258257,0.0018190339,9.322901e-05,0.19391745,2,0
2025-10-03 14:48:00+00:00,long,0,0.01685584,0.9844535,0.016352333,0.40519127,1,0
2025-10-03 14:49:00+00:00,short,0,0.0012376739,0.0016521707,0.0021081134,0.17836924,2,0
2025-10-03 14:50:00+00:00,long,0,0.00029804907,0.0005669003,9.894805e-05,0.17484514,2,0
2025-10-03 14:51:00+00:00,long,0,0.00020915472,0.101344995,0.000152089,0.1774565,1,0
2025-10-03 14:52:00+00:00,long,0,0.0002954826,0.3139144,0.00027222311,0.19522776,1,0
2025-10-03 14:53:00+00:00,long,0,0.00045813576,0.6904226,0.0014058508,0.27329186,1,0
2025-10-03 14:54:00+00:00,long,0,0.00014157001,0.04785913,0.00064048974,0.19217928,1,0
2025-10-03 14:55:00+00:00,short,0,0.0014782955,0.0015670874,0.001989812,0.17811657,2,0
2025-10-03 14:56:00+00:00,long,0,0.00014629688,0.0006943326,0.00020447963,0.17479187,2,0
2025-10-03 14:57:00+00:00,short,0,0.00088078075,0.0031642818,0.002336994,0.18347515,2,0
2025-10-03 14:58:00+00:00,short,0,0.0018040369,0.0036548092,0.0033881245,0.23113638,2,0
2025-10-03 14:59:00+00:00,short,0,0.00026538662,0.0010222669,0.00052059564,0.21281926,2,0
2025-10-03 15:00:00+00:00,long,0,0.00026358315,0.011059814,0.00024215595,0.26288232,2,0
2025-10-03 15:01:00+00:00,short,0,0.00017395169,0.00059269526,9.3835246e-05,0.17258818,2,0
2025-10-03 15:02:00+00:00,long,0,0.0384832,0.9791781,0.045501128,0.40064442,1,0
2025-10-03 15:03:00+00:00,short,0,0.0005428135,0.032339048,0.0015978097,0.19074953,1,0
2025-10-03 15:04:00+00:00,long,0,0.00028097554,0.22053133,0.0003198311,0.1951899,1,0
2025-10-03 15:05:00+00:00,short,0,0.0001144311,0.015953887,0.00014453262,0.17203347,1,0
2025-10-03 15:06:00+00:00,long,0,0.0001905519,0.11513567,0.00021522421,0.1773933,1,0
2025-10-03 15:07:00+00:00,short,0,0.000511864,0.00088520756,0.0021846073,0.21662842,2,0
2025-10-03 15:08:00+00:00,short,0,0.0014265092,0.0040774294,0.013403507,0.18708323,2,0
2025-10-03 15:09:00+00:00,long,0,0.000117746946,0.0009594858,0.00014531755,0.18861508,2,0
2025-10-03 15:10:00+00:00,long,0,0.0001662544,0.0004436107,7.456789e-05,0.16939926,2,0
2025-10-03 15:11:00+00:00,short,0,0.00027327996,0.000622917,0.00043939744,0.20910245,2,0
2025-10-03 15:12:00+00:00,short,0,7.368199e-05,0.00047367977,0.000109726316,0.1722668,2,0
2025-10-03 15:13:00+00:00,long,0,0.000116759235,0.31201237,0.00025296648,0.19132729,1,0
2025-10-03 15:14:00+00:00,long,0,9.210598e-05,0.020905072,0.00010256789,0.16990282,1,0
2025-10-03 15:15:00+00:00,short,0,0.00012938927,0.031408906,0.00020937719,0.18848155,1,0
2025-10-03 15:16:00+00:00,short,0,0.00012373568,0.021945663,7.903397e-05,0.17087406,1,0
2025-10-03 15:17:00+00:00,short,0,0.00028100985,0.0008737473,0.00073632714,0.19622016,2,0
2025-10-03 15:18:00+00:00,long,0,0.00011274554,0.056683473,0.00016311018,0.17541532,1,0
2025-10-03 15:19:00+00:00,short,0,9.738592e-05,0.02069835,0.00014363587,0.16997112,1,0
2025-10-03 15:20:00+00:00,long,0,0.00015776673,0.25955492,0.00026333096,0.19305927,1,0
2025-10-03 15:21:00+00:00,short,0,0.00010332111,0.026132692,0.00046845688,0.18994361,1,0
2025-10-03 15:22:00+00:00,short,0,0.00022658662,0.0010020841,0.0015144807,0.1978302,2,0
2025-10-03 15:23:00+00:00,long,0,7.259961e-05,0.05177978,0.00016600017,0.17514588,1,0
2025-10-03 15:24:00+00:00,short,0,6.0153394e-05,0.015166875,8.644472e-05,0.16992652,1,0
2025-10-03 15:25:00+00:00,long,0,0.000118655975,0.28535464,0.0007713204,0.19348486,1,0
2025-10-03 15:26:00+00:00,short,0,0.00068469415,0.10404354,0.0055746124,0.21494578,1,0
2025-10-03 15:27:00+00:00,short,0,7.224676e-05,0.018202227,0.00012476086,0.17024732,1,0
2025-10-03 15:28:00+00:00,long,0,9.6631724e-05,0.014871004,0.00018613877,0.17107332,1,0
2025-10-03 15:29:00+00:00,long,0,0.00087656156,0.69422036,0.0034438123,0.18890168,1,0
2025-10-03 15:30:00+00:00,short,0,0.0014340401,0.10359514,0.0021871564,0.23552398,1,0
2025-10-03 15:31:00+00:00,short,0,0.00034866392,0.037142217,0.00030997922,0.17231144,1,0
2025-10-03 15:32:00+00:00,short,0,0.0013420301,0.101107046,0.0020132938,0.22890253,1,0
2025-10-03 15:33:00+00:00,long,0,0.00030335318,0.03757584,0.0006462282,0.16922897,1,0
2025-10-03 15:34:00+00:00,long,0,0.00023464313,0.033818178,0.0005023903,0.17395908,1,0
2025-10-03 15:35:00+00:00,short,0,0.003266816,0.40704447,0.016617035,0.21329975,1,0
2025-10-03 15:36:00+00:00,short,0,0.0019640771,0.16548425,0.0018201631,0.20583463,1,0
2025-10-03 15:37:00+00:00,long,0,0.0001672684,0.024145417,0.00026878252,0.16891111,1,0
2025-10-03 15:38:00+00:00,short,0,0.0017030856,0.23503654,0.0019002138,0.20666407,1,0
2025-10-03 15:39:00+00:00,short,0,0.00032053317,0.04235509,0.00026264516,0.16905563,1,0
2025-10-03 15:40:00+00:00,long,0,0.0001726285,0.0012187834,0.0003696659,0.16904964,2,0
2025-10-03 15:41:00+00:00,long,0,0.00020708445,0.029277837,0.00034115597,0.16822219,1,0
2025-10-03 15:42:00+00:00,long,0,0.00022936342,0.027627043,0.00019397183,0.16765761,1,0
2025-10-03 15:43:00+00:00,long,0,0.00011973095,0.024006926,9.000927e-05,0.16846426,1,0
2025-10-03 15:44:00+00:00,short,0,0.00010323533,0.03486062,0.0010515603,0.19069153,1,0
2025-10-03 15:45:00+00:00,long,0,0.0026465154,0.7521556,0.001863119,0.26188314,1,0
2025-10-03 15:46:00+00:00,short,0,0.00021131137,0.066754185,0.00068180857,0.17119105,1,0
2025-10-03 15:47:00+00:00,short,0,0.00059767475,0.06952533,0.00077432924,0.19616906,1,0
2025-10-03 15:48:00+00:00,long,0,0.0009093241,0.4172252,0.00054275553,0.27366447,1,0
2025-10-03 15:49:00+00:00,short,0,0.0010194606,0.32982472,0.0028102894,0.21645331,1,0
2025-10-03 15:50:00+00:00,long,0,0.00010015173,0.037479192,0.00016533512,0.16860145,1,0
2025-10-06 14:19:00+00:00,long,0,0.001206211,0.00090179686,0.0057210904,0.18189351,2,0
2025-10-06 14:20:00+00:00,long,0,0.0021427567,0.0026102085,0.0013687524,0.20418887,2,0
2025-10-06 14:21:00+00:00,long,0,0.00049364194,0.0005031703,0.000361426,0.1692239,2,0
2025-10-06 14:22:00+00:00,long,0,0.0003179156,0.0003164722,0.0001232134,0.17185678,2,0
2025-10-06 14:23:00+00:00,long,0,0.0010768413,0.011670779,0.00055690674,0.25097308,2,0
2025-10-06 14:24:00+00:00,long,0,0.0006390678,0.0006683529,0.003099046,0.181033,2,0
2025-10-06 14:25:00+00:00,long,0,0.00036574478,0.000535267,0.00029611177,0.17636456,2,0
2025-10-06 14:26:00+00:00,long,0,0.00035122826,0.00050587225,0.00035453757,0.17001295,2,0
2025-10-06 14:27:00+00:00,long,0,0.0003759975,0.00056916015,0.001355281,0.1849553,2,0
2025-10-06 14:28:00+00:00,long,0,0.00035597576,0.00058756006,0.000796815,0.19008756,2,0
2025-10-06 14:29:00+00:00,long,0,0.0008410352,0.008371308,0.00092768273,0.28103784,2,0
2025-10-06 14:30:00+00:00,long,0,0.00021470975,0.0002734564,0.00012948852,0.17429394,2,0
2025-10-06 14:31:00+00:00,long,0,0.00024150596,0.00027439476,0.00010223354,0.1762998,2,0
2025-10-06 14:32:00+00:00,long,0,0.00017891005,0.00024525885,0.0015923468,0.17717244,2,0
2025-10-06 14:33:00+00:00,long,0,0.00032577326,0.0006859815,0.0004942823,0.17095794,2,0
2025-10-06 14:34:00+00:00,long,0,0.0003072254,0.00024777988,0.00028303612,0.17640348,2,0
2025-10-06 14:35:00+00:00,long,0,0.0028109483,0.823018,0.0049311463,0.24208266,1,0
2025-10-06 14:36:00+00:00,long,0,0.00031777497,0.0005231508,0.0019702099,0.16980773,2,0
2025-10-06 14:37:00+00:00,long,0,0.00024530748,0.00027240277,0.00024932856,0.17066137,2,0
2025-10-06 14:38:00+00:00,long,0,0.0032565673,0.030603552,0.0014299647,0.32638016,2,0
2025-10-06 14:39:00+00:00,long,0,0.0011536266,0.06421867,0.0010924382,0.18455328,1,0
2025-10-06 14:40:00+00:00,long,0,0.0013771567,0.0017915735,0.0018584995,0.20278697,2,0
2025-10-06 14:41:00+00:00,long,0,0.00066751865,0.00096402626,0.00045721568,0.17754386,2,0
2025-10-06 14:42:00+00:00,long,0,0.005813019,0.8554928,0.003494934,0.28136572,1,0
2025-10-06 14:43:00+00:00,long,0,0.002204707,0.48342025,0.0011539464,0.2421438,1,0
2025-10-06 14:44:00+00:00,long,0,0.001223883,0.0024174247,0.0048652077,0.22668694,2,0
2025-10-06 14:45:00+00:00,long,0,0.000624265,0.0016231895,0.00047337578,0.18205912,2,0
2025-10-06 14:46:00+00:00,long,0,0.0002853095,0.0009808864,0.00014329607,0.17361033,2,0
2025-10-06 14:47:00+00:00,long,0,0.001559374,0.0038418176,0.0015049558,0.18612814,2,0
2025-10-06 14:48:00+00:00,long,0,0.00078422384,0.0019112462,0.0009159008,0.1950643,2,0
2025-10-06 14:49:00+00:00,long,0,0.00080776645,0.0013889902,0.0009640437,0.19031118,2,0
2025-10-06 14:50:00+00:00,short,0,0.0010856407,0.010232161,0.0087875035,0.1753664,2,0
2025-10-06 14:51:00+00:00,long,0,0.0038465082,0.06714918,0.005501314,0.22467478,2,0
2025-10-06 14:52:00+00:00,long,0,0.0048078196,0.8825605,0.0045063454,0.2083693,1,0
2025-10-06 14:53:00+00:00,long,0,0.00037529526,0.0014158261,0.00048093332,0.19297881,2,0
2025-10-06 14:54:00+00:00,long,0,0.0005210685,0.002420301,0.0011207296,0.18646961,2,0
2025-10-06 14:55:00+00:00,long,0,0.00046321627,0.00079934514,0.00013210406,0.1747434,2,0
2025-10-06 14:56:00+00:00,long,0,0.0003021349,0.00068451307,0.0003006645,0.17403723,2,0
2025-10-06 14:57:00+00:00,long,0,0.0003889246,0.0005267253,0.0013834455,0.19690795,2,0
2025-10-06 14:58:00+00:00,long,0,0.00034557263,0.0006430985,0.00075002195,0.18535517,2,0
2025-10-06 14:59:00+00:00,long,0,0.0027576105,0.87506866,0.0041734893,0.23570299,1,0
2025-10-06 15:00:00+00:00,long,0,0.0021679457,0.17206217,0.0012844623,0.18654235,1,0
2025-10-06 15:01:00+00:00,long,0,0.0031593316,0.7609866,0.0009983896,0.24953169,1,0
2025-10-06 15:02:00+00:00,long,0,0.0005882246,0.027725302,0.0003665635,0.17265235,1,0
2025-10-06 15:03:00+00:00,long,0,0.0019298538,0.30809122,0.0010963363,0.2098944,1,0
2025-10-06 15:04:00+00:00,short,0,0.0010855937,0.0016425272,0.007831497,0.17440479,2,0
2025-10-06 15:05:00+00:00,long,0,0.0007497697,0.0007363289,0.00036239222,0.16841589,2,0
2025-10-06 15:06:00+00:00,long,0,0.0002674739,0.00051905174,0.00017257682,0.1695463,2,0
2025-10-06 15:07:00+00:00,long,0,0.00019161923,0.00025098928,0.0004368113,0.17073296,2,0
2025-10-06 15:08:00+00:00,long,0,0.00015929056,0.00028794355,0.0003630096,0.17240925,2,0
2025-10-06 15:09:00+00:00,long,0,0.0041520954,0.04981347,0.002171715,0.31998822,2,0
2025-10-06 15:10:00+00:00,long,0,0.0013709303,0.11194579,0.0012777756,0.17600186,1,0
2025-10-06 15:11:00+00:00,long,0,0.0005930535,0.34194678,0.0005301595,0.1822284,1,0
2025-10-06 15:12:00+00:00,long,0,0.00050507154,0.029508807,0.0010817874,0.17200434,1,0
2025-10-06 15:13:00+00:00,long,0,0.00061803,0.000702401,0.0013049447,0.17203991,2,0
2025-10-06 15:14:00+00:00,long,0,0.00046068602,0.00064033555,0.0004506239,0.16890372,2,0
2025-10-06 15:15:00+00:00,short,0,0.000618604,0.00080492767,0.0020537016,0.17115764,2,0
2025-10-06 15:16:00+00:00,long,0,0.00026616632,0.00066169933,0.00016816892,0.16891806,2,0
2025-10-06 15:17:00+00:00,long,0,0.00076294906,0.0009727474,0.000839896,0.17353453,2,0
2025-10-06 15:18:00+00:00,long,0,0.0068575297,0.050746236,0.0038076888,0.19759716,2,0
2025-10-06 15:19:00+00:00,long,0,0.0001639919,0.0004427516,0.00017901807,0.17319708,2,0
2025-10-06 15:20:00+00:00,long,0,0.00012487918,0.00046151152,0.00024786283,0.17733157,2,0
2025-10-06 15:21:00+00:00,short,0,0.003800775,0.04120294,0.028497376,0.23544413,2,0
2025-10-06 15:22:00+00:00,long,0,0.00031331522,0.0012345362,0.00025010997,0.16922419,2,0
2025-10-06 15:23:00+00:00,long,0,0.00078098493,0.001363213,0.00043227695,0.16887309,2,0
2025-10-06 15:24:00+00:00,long,0,0.00036625873,0.0008948846,0.00015419582,0.17003693,2,0
2025-10-06 15:25:00+00:00,short,0,0.0020434882,0.002109474,0.0025310752,0.1741245,2,0
2025-10-06 15:26:00+00:00,long,0,0.0019443693,0.006667235,0.00085632486,0.20644389,2,0
2025-10-06 15:27:00+00:00,long,0,0.0008914104,0.00090390106,0.0016633952,0.19197516,2,0
2025-10-06 15:28:00+00:00,long,0,0.0005503065,0.0009190461,0.00021913993,0.16910034,2,0
2025-10-06 15:29:00+00:00,long,0,0.009859562,0.8933161,0.0041038366,0.26858148,1,0
2025-10-06 15:30:00+00:00,long,0,0.0013159473,0.42507324,0.00034047625,0.17920573,1,0
2025-10-06 15:31:00+00:00,long,0,0.002400349,0.1820243,0.0021122673,0.17655338,1,0
2025-10-06 15:32:00+00:00,long,0,0.0025599964,0.17913698,0.0015022247,0.17414765,1,0
2025-10-06 15:33:00+00:00,long,0,0.0004929812,0.0014871873,0.0021145218,0.18769628,2,0
2025-10-06 15:34:00+00:00,short,0,0.0009514676,0.0013941049,0.0023445897,0.18264753,2,0
2025-10-06 15:35:00+00:00,short,0,0.00090560445,0.0021046805,0.0032994102,0.17789225,2,0
2025-10-06 15:36:00+00:00,long,0,0.0006383467,0.00086814846,0.00030143114,0.16942237,2,0
2025-10-06 15:37:00+00:00,long,0,0.00046123224,0.0009156535,0.00024323032,0.16906776,2,0
2025-10-06 15:38:00+00:00,long,0,0.0017954559,0.013681465,0.0009405056,0.19807495,2,0
2025-10-06 15:39:00+00:00,long,0,0.0010341563,0.0020902914,0.0008132477,0.17183982,2,0
2025-10-06 15:40:00+00:00,long,0,0.0007584214,0.0018640948,0.00102434,0.18812835,2,0
2025-10-06 15:41:00+00:00,long,0,0.0009706476,0.001566433,0.0014395316,0.19014125,2,0
2025-10-06 15:42:00+00:00,long,0,0.0012324536,0.0030005577,0.0013109196,0.19704725,2,0
2025-10-06 15:43:00+00:00,long,0,0.0006775102,0.001695319,0.00043227695,0.16884176,2,0
2025-10-06 15:44:00+00:00,long,0,0.0017545953,0.0061418344,0.00063236436,0.17885637,2,0
2025-10-06 15:45:00+00:00,long,0,0.00091991556,0.0012623613,0.0007787402,0.16907187,2,0
2025-10-06 15:46:00+00:00,long,0,0.0014157043,0.10088653,0.0008723463,0.17442298,1,0
2025-10-06 15:47:00+00:00,long,0,0.0018970934,0.44212675,0.00084117305,0.17471664,1,0
2025-10-06 15:48:00+00:00,long,0,0.012916223,0.9287137,0.007960997,0.23776971,1,0
2025-10-06 15:49:00+00:00,long,0,0.00031826858,0.03282282,0.0006641491,0.17050934,1,0
2025-10-06 15:50:00+00:00,long,0,0.0005161215,0.035582677,0.0008575848,0.16922396,1,0
2025-10-07 14:19:00+00:00,long,0,0.1716718,0.9946067,0.65427494,0.41249016,1,0
2025-10-07 14:20:00+00:00,short,0,0.016017104,0.73036224,0.08648386,0.19021441,1,0
2025-10-07 14:21:00+00:00,long,0,0.0007597919,0.92124265,0.0015727362,0.17627235,1,0
2025-10-07 14:22:00+00:00,long,0,0.00046818567,0.27113515,0.0009516154,0.16822726,1,0
2025-10-07 14:23:00+00:00,short,0,0.00053444953,0.31831434,0.0011995421,0.16836424,1,0
2025-10-07 14:24:00+00:00,long,0,0.00012604332,0.13042317,0.00048190894,0.16771407,1,0
2025-10-07 14:25:00+00:00,short,0,0.00061526604,0.40023142,0.0058771144,0.17513405,1,0
2025-10-07 14:26:00+00:00,long,0,0.0010100534,0.9632643,0.010351603,0.18258004,1,0
2025-10-07 14:27:00+00:00,long,0,0.0009133879,0.9321384,0.011265829,0.17901291,1,0
2025-10-07 14:28:00+00:00,short,0,0.00038890474,0.3541616,0.0051453193,0.17922497,1,0
2025-10-07 14:29:00+00:00,short,0,0.0025557445,0.6088873,0.022496205,0.19121955,1,0
2025-10-07 14:30:00+00:00,short,0,0.0005053621,0.3849474,0.002273174,0.18838637,1,0
2025-10-07 14:31:00+00:00,long,0,0.0008041886,0.933481,0.008687961,0.20014246,1,0
2025-10-07 14:32:00+00:00,long,0,0.00058164663,0.9338952,0.0026671623,0.19680627,1,0
2025-10-07 14:33:00+00:00,short,0,0.026605256,0.96924007,0.35410586,0.39286542,1,0
2025-10-07 14:34:00+00:00,long,0,0.00049398013,0.9133769,0.0057882234,0.19231848,1,0
2025-10-07 14:35:00+00:00,long,0,0.00072988647,0.90509903,0.0053823823,0.207852,1,0
2025-10-07 14:36:00+00:00,short,0,0.045245502,0.9762077,0.3313024,0.5018782,1,1
2025-10-07 14:37:00+00:00,short,0,0.0021672,0.4845391,0.0036805212,0.21277948,1,0
2025-10-07 14:38:00+00:00,long,0,0.0011224855,0.92051244,0.008219845,0.22688548,1,0
2025-10-07 14:39:00+00:00,short,1,0.98271066,0.9750361,0.9669484,0.7774954,3,2
2025-10-07 14:40:00+00:00,long,0,0.0021443765,0.9726634,0.007919885,0.20640016,1,0
2025-10-07 14:41:00+00:00,short,0,0.00026715937,0.12378137,0.0002829355,0.16876973,1,0
2025-10-07 14:42:00+00:00,short,0,0.22248572,0.9897634,0.7337302,0.642939,1,1
2025-10-07 14:43:00+00:00,short,0,0.012413316,0.096583545,0.03872013,0.2811023,2,0
2025-10-07 14:44:00+00:00,short,0,0.00024391098,0.09819705,0.00016444444,0.16859788,1,0
2025-10-07 14:45:00+00:00,short,1,0.9852802,0.9792169,0.9585895,0.78820235,3,2
2025-10-07 14:46:00+00:00,short,0,0.00073630153,0.0039671375,0.0020464805,0.25841668,2,0
2025-10-07 14:47:00+00:00,long,0,0.0002538348,0.59963197,0.0013710526,0.1800247,1,0
2025-10-07 14:48:00+00:00,long,0,0.00012644901,0.08641416,0.00027892596,0.16983612,1,0
2025-10-07 14:49:00+00:00,short,0,0.0011743926,0.36122712,0.0036309408,0.24994768,1,0
2025-10-07 14:50:00+00:00,long,0,0.001788032,0.96900684,0.00679089,0.198296,1,0
2025-10-07 14:51:00+00:00,short,0,0.0017873188,0.38527265,0.0046608006,0.20832412,1,0
2025-10-07 14:52:00+00:00,long,0,0.0040536467,0.95692486,0.007537154,0.20584859,1,0
2025-10-07 14:53:00+00:00,long,0,0.0002794733,0.6668583,0.0011503805,0.19246817,1,0
2025-10-07 14:54:00+00:00,short,0,0.000363142,0.19186392,0.0011917374,0.19253351,1,0
2025-10-07 14:55:00+00:00,short,0,0.0016276328,0.44306594,0.0069104685,0.28250945,1,0
2025-10-07 14:56:00+00:00,long,0,0.00026731557,0.13537675,0.0017471752,0.17862488,1,0
2025-10-07 14:57:00+00:00,long,0,0.00064365676,0.8153651,0.0045419293,0.19426054,1,0
2025-10-07 14:58:00+00:00,long,0,0.00023445752,0.41498512,0.0015080954,0.20145239,1,0
2025-10-07 14:59:00+00:00,long,0,0.0003412425,0.321564,0.0019801483,0.18681872,1,0
2025-10-07 15:00:00+00:00,long,0,0.00035171563,0.03521048,0.0022003362,0.17779285,1,0
2025-10-07 15:01:00+00:00,short,0,0.00034182143,0.05392311,0.002035832,0.17200719,1,0
2025-10-07 15:02:00+00:00,long,0,0.00037057165,0.056412656,0.0038107124,0.18550722,1,0
2025-10-07 15:03:00+00:00,long,0,0.00010867595,0.012043075,0.0007493932,0.17009057,1,0
2025-10-07 15:04:00+00:00,short,0,0.00030228385,0.024772441,0.0012361518,0.17243291,1,0
2025-10-07 15:05:00+00:00,long,0,0.00033379742,0.8387986,0.0028505952,0.17926508,1,0
2025-10-07 15:06:00+00:00,long,0,0.00060075277,0.12379672,0.0040301783,0.1835084,1,0
2025-10-07 15:07:00+00:00,long,0,0.0020433716,0.94517344,0.007090571,0.35474142,1,0
2025-10-07 15:08:00+00:00,short,0,0.0009953609,0.06314089,0.038995624,0.20207143,1,0
2025-10-07 15:09:00+00:00,short,0,0.0078978,0.70279336,0.17260051,0.2641482,1,0
2025-10-07 15:10:00+00:00,short,0,0.25950584,0.9889488,0.7881524,0.61519,1,1
2025-10-07 15:11:00+00:00,short,0,0.0017688189,0.071192384,0.035237137,0.28974032,1,0
2025-10-07 15:12:00+00:00,short,0,0.026030147,0.6904027,0.11569564,0.40121672,1,0
2025-10-07 15:13:00+00:00,short,0,0.00011181642,0.013441918,0.00018156537,0.17087008,1,0
2025-10-07 15:14:00+00:00,short,0,0.0001362226,0.018819539,0.00033475633,0.17059614,1,0
2025-10-07 15:15:00+00:00,short,0,0.00019651851,0.014977058,0.00023119347,0.1725067,1,0
2025-10-07 15:16:00+00:00,short,0,0.0035160412,0.09348095,0.025653223,0.28958473,1,0
2025-10-07 15:17:00+00:00,long,0,0.0002285799,0.016172603,0.00056024146,0.17619793,1,0
2025-10-07 15:18:00+00:00,short,0,0.054318856,0.732219,0.15227082,0.4219118,1,0
2025-10-07 15:19:00+00:00,long,0,0.018730052,0.9832087,0.053984165,0.22305262,1,0
2025-10-07 15:20:00+00:00,long,0,0.007284059,0.9812278,0.053984165,0.19120245,1,0
2025-10-07 15:21:00+00:00,short,0,0.00135809,0.0670546,0.003905439,0.19344755,1,0
2025-10-07 15:22:00+00:00,long,0,0.001357117,0.91802263,0.010793936,0.20149817,1,0
2025-10-07 15:23:00+00:00,long,0,0.00034501302,0.8101552,0.0044810697,0.17944853,1,0
2025-10-07 15:24:00+00:00,long,0,0.0013538697,0.90180045,0.014853953,0.18806423,1,0
2025-10-07 15:25:00+00:00,long,0,0.00063917437,0.8648014,0.009440739,0.21666162,1,0
2025-10-07 15:26:00+00:00,long,0,0.0004429663,0.108915836,0.0021578479,0.1847197,1,0
2025-10-07 15:27:00+00:00,long,0,0.0003611188,0.02910554,0.0023031346,0.17222811,1,0
2025-10-07 15:28:00+00:00,short,0,0.0011792548,0.063725695,0.010829915,0.19421856,1,0
2025-10-07 15:29:00+00:00,long,0,0.00033395307,0.025847493,0.0017169211,0.16915788,1,0
2025-10-07 15:30:00+00:00,short,0,0.0003592971,0.024435664,0.002029875,0.16949554,1,0
2025-10-07 15:31:00+00:00,short,0,0.20997393,0.95161444,0.25022194,0.46368828,1,0
2025-10-07 15:32:00+00:00,long,0,0.0002814611,0.0795737,0.001316927,0.18419015,1,0
2025-10-07 15:33:00+00:00,long,0,0.00016097042,0.020739738,0.00041787923,0.16984446,1,0
2025-10-07 15:34:00+00:00,long,0,0.000977172,0.7671912,0.008009818,0.19755061,1,0
2025-10-07 15:35:00+00:00,short,0,0.0003088011,0.015867475,0.0015868058,0.18896084,1,0
2025-10-07 15:36:00+00:00,short,0,0.025588762,0.5886611,0.060210004,0.3119205,1,0
2025-10-07 15:37:00+00:00,long,0,0.00016160788,0.010006157,0.00034393126,0.16965155,1,0
2025-10-07 15:38:00+00:00,short,1,0.9795618,0.99634886,0.93852997,0.7146941,2,2
2025-10-07 15:39:00+00:00,short,0,0.00020621435,0.013952764,0.0002522293,0.1698481,1,0
2025-10-07 15:40:00+00:00,long,0,0.00011986357,0.008197035,0.00023838255,0.1694281,1,0
2025-10-07 15:41:00+00:00,long,0,9.453516e-05,0.007961125,0.00021518502,0.16932106,1,0
2025-10-07 15:42:00+00:00,short,0,0.0005085965,0.017281849,0.002181615,0.18819635,1,0
2025-10-07 15:43:00+00:00,short,0,0.008682013,0.45670572,0.052705746,0.3763118,1,0
2025-10-07 15:44:00+00:00,short,0,0.011242891,0.90329355,0.008525205,0.20451456,1,0
2025-10-07 15:45:00+00:00,short,0,0.00025604645,0.00033477356,0.00028914682,0.16896604,2,0
2025-10-07 15:46:00+00:00,long,0,0.0002805716,0.00024012031,0.00072187674,0.1693132,2,0
2025-10-07 15:47:00+00:00,short,0,0.0014610981,0.0018312556,0.007862429,0.19657981,2,0
2025-10-07 15:48:00+00:00,long,0,0.0022627024,0.0045423605,0.009222001,0.18171646,2,0
2025-10-07 15:49:00+00:00,short,0,0.00034207292,0.00035699326,0.00017129414,0.16811298,2,0
2025-10-07 15:50:00+00:00,long,0,0.00018805418,0.0005710223,0.0007878326,0.17109813,2,0
2025-10-08 14:19:00+00:00,long,0,0.022763722,0.80976605,0.3522636,0.24112277,1,0
2025-10-08 14:20:00+00:00,long,0,0.021458648,0.7772532,0.1165666,0.2156691,1,0
2025-10-08 14:21:00+00:00,long,0,0.0044264654,0.5586645,0.051917356,0.21809179,1,0
2025-10-08 14:22:00+00:00,long,0,0.0023053666,0.42527565,0.11189616,0.2102524,1,0
2025-10-08 14:23:00+00:00,long,0,0.21437043,0.99337703,0.84878665,0.6328879,1,1
2025-10-08 14:24:00+00:00,long,0,0.0013303681,0.348185,0.013667907,0.18758714,1,0
2025-10-08 14:25:00+00:00,long,0,0.0044573317,0.48148164,0.051244337,0.20705515,1,0
2025-10-08 14:26:00+00:00,short,0,0.065417804,0.985413,0.36601037,0.48217702,1,0
2025-10-08 14:27:00+00:00,long,0,0.012851891,0.9896241,0.093337476,0.3931327,1,0
2025-10-08 14:28:00+00:00,long,0,0.02518082,0.8863658,0.20371684,0.20217516,1,0
2025-10-08 14:29:00+00:00,long,0,0.066343755,0.939592,0.09100603,0.23102431,1,0
2025-10-08 14:30:00+00:00,long,0,0.028133348,0.66706276,0.375772,0.20600279,1,0
2025-10-08 14:31:00+00:00,long,0,0.008570935,0.46500313,0.20482792,0.19078745,1,0
2025-10-08 14:32:00+00:00,long,0,0.01758503,0.82774174,0.107894816,0.21722288,1,0
2025-10-08 14:33:00+00:00,long,0,0.009515845,0.54430383,0.19518435,0.19129038,1,0
2025-10-08 14:34:00+00:00,long,0,0.025461445,0.64022654,0.16531844,0.19600527,1,0
2025-10-08 14:35:00+00:00,long,0,0.023001485,0.7048693,0.19128914,0.18772262,1,0
2025-10-08 14:36:00+00:00,long,0,0.007011068,0.4965481,0.14810637,0.1952169,1,0
2025-10-08 14:37:00+00:00,long,0,0.024724495,0.8539808,0.16564697,0.21045823,1,0
2025-10-08 14:38:00+00:00,long,0,0.1579012,0.9699653,0.6268534,0.45134845,1,0
2025-10-08 14:39:00+00:00,long,0,0.0014364996,0.14102012,0.043787025,0.17990218,1,0
2025-10-08 14:40:00+00:00,long,0,0.062634215,0.93834233,0.58308154,0.34272644,1,0
2025-10-08 14:41:00+00:00,long,0,0.007797436,0.7499326,0.16583022,0.26027316,1,0
2025-10-08 14:42:00+00:00,long,0,0.017377976,0.81153977,0.58316976,0.31662345,1,0
2025-10-08 14:43:00+00:00,long,0,0.0043551475,0.52850187,0.21003285,0.23250793,1,0
2025-10-08 14:44:00+00:00,long,0,0.00038952628,0.17722572,0.016546253,0.19003582,1,0
2025-10-08 14:45:00+00:00,short,0,0.66189,0.79823285,0.8324426,0.7306388,2,2
2025-10-08 14:46:00+00:00,long,0,0.022113053,0.035980865,0.4382956,0.34577313,2,0
2025-10-08 14:47:00+00:00,long,0,0.44915724,0.49175254,0.9051145,0.67415065,2,2
2025-10-08 14:48:00+00:00,long,0,0.3686598,0.40923384,0.8935237,0.6704788,2,2
2025-10-08 14:49:00+00:00,long,1,0.93346214,0.89072204,0.94917613,0.7352744,3,2
2025-10-08 14:50:00+00:00,long,0,0.019721769,0.039557643,0.19420171,0.27856052,2,0
2025-10-08 14:51:00+00:00,long,1,0.9684257,0.9726288,0.98178643,0.74705905,3,2
2025-10-08 14:52:00+00:00,long,0,0.112980686,0.1539794,0.63353884,0.5503052,2,0
2025-10-08 14:53:00+00:00,long,0,0.23283668,0.22824793,0.918509,0.6425683,2,1
2025-10-08 14:54:00+00:00,long,0,0.400526,0.47709838,0.9501776,0.6991215,2,2
2025-10-08 14:55:00+00:00,long,0,0.0043057287,0.008377795,0.024354102,0.23779476,2,0
2025-10-08 14:56:00+00:00,long,0,0.03699594,0.034155905,0.37585405,0.37868872,2,0
2025-10-08 14:57:00+00:00,long,0,0.022589443,0.021047764,0.3610714,0.35566106,2,0
2025-10-08 14:58:00+00:00,long,0,0.015134494,0.011072316,0.29920748,0.3800347,2,0
2025-10-08 14:59:00+00:00,long,0,0.0022689526,0.008274121,0.0985499,0.20366152,2,0
2025-10-08 15:00:00+00:00,long,1,0.98600185,0.9762705,0.98432493,0.7816169,3,2
2025-10-08 15:01:00+00:00,long,0,0.046240266,0.083808534,0.08710565,0.3002381,2,0
2025-10-08 15:02:00+00:00,long,0,0.018923528,0.029801337,0.028822398,0.23754193,2,0
2025-10-08 15:03:00+00:00,long,0,0.06362728,0.066446595,0.38199654,0.5252566,2,1
2025-10-08 15:04:00+00:00,long,0,0.099404685,0.073283516,0.42844754,0.5664069,2,0
2025-10-08 15:05:00+00:00,long,0,0.07660538,0.0338767,0.37416244,0.4853636,2,1
2025-10-08 15:06:00+00:00,long,0,0.09185722,0.058669385,0.33806598,0.4898274,2,0
2025-10-08 15:07:00+00:00,long,1,0.9772585,0.9680591,0.97869533,0.78357345,3,2
2025-10-08 15:08:00+00:00,long,1,0.9815185,0.97386235,0.97830564,0.7873873,3,2
2025-10-08 15:09:00+00:00,long,0,0.015014481,0.01718783,0.12325132,0.24100637,2,0
2025-10-08 15:10:00+00:00,long,0,0.006663863,0.0059874435,0.080447376,0.24072121,2,0
2025-10-08 15:11:00+00:00,long,0,0.0025759952,0.0026201508,0.02212924,0.18834825,2,0
2025-10-08 15:12:00+00:00,long,0,0.62597215,0.4839057,0.91829187,0.69882697,2,2
2025-10-08 15:13:00+00:00,long,0,0.11913276,0.17756274,0.16195194,0.34332004,2,0
2025-10-08 15:14:00+00:00,long,0,0.0039206385,0.012452433,0.01415286,0.20220159,2,0
2025-10-08 15:15:00+00:00,long,1,0.98740304,0.9580899,0.9509135,0.7833724,3,2
2025-10-08 15:16:00+00:00,long,1,0.9901333,0.97331977,0.9700493,0.80281943,3,2
2025-10-08 15:17:00+00:00,long,1,0.98189193,0.9681051,0.9543457,0.75502187,3,2
2025-10-08 15:18:00+00:00,long,1,0.98968947,0.9766808,0.9569636,0.78167456,3,2
2025-10-08 15:19:00+00:00,long,1,0.9655118,0.9482766,0.85871637,0.74056417,3,2
2025-10-08 15:20:00+00:00,long,0,0.08963766,0.108110346,0.17832537,0.3128815,2,0
2025-10-08 15:21:00+00:00,long,1,0.9558984,0.92457134,0.86586803,0.7387223,3,2
2025-10-08 15:22:00+00:00,long,0,0.11343332,0.1127264,0.6253022,0.4913207,2,0
2025-10-08 15:23:00+00:00,long,0,0.1296809,0.15525763,0.3298122,0.500642,2,1
2025-10-08 15:24:00+00:00,long,0,0.09132382,0.16468793,0.55383515,0.6064932,2,1
2025-10-08 15:25:00+00:00,long,0,0.00496542,0.050165113,0.036187395,0.24176385,2,0
2025-10-08 15:26:00+00:00,long,1,0.9760813,0.97184426,0.9444431,0.78838426,3,2
2025-10-08 15:27:00+00:00,long,0,0.035487294,0.07526635,0.025509376,0.23942466,2,0
2025-10-08 15:28:00+00:00,long,0,0.058657695,0.16841742,0.076757684,0.30066335,2,0
2025-10-08 15:29:00+00:00,long,1,0.9723221,0.9608136,0.9457545,0.75805086,3,2
2025-10-08 15:30:00+00:00,long,1,0.99399984,0.9888392,0.9606272,0.7983234,3,2
2025-10-08 15:31:00+00:00,long,1,0.9892558,0.97029984,0.97132766,0.789931,3,2
2025-10-08 15:32:00+00:00,long,0,0.15030777,0.1969918,0.27485725,0.55562395,2,0
2025-10-08 15:33:00+00:00,long,0,0.5032058,0.4171619,0.6906372,0.56008846,2,1
2025-10-08 15:34:00+00:00,long,0,0.11200193,0.18940471,0.4355271,0.61569923,2,1
2025-10-08 15:35:00+00:00,long,0,0.17883122,0.35732034,0.41886777,0.6660926,2,1
2025-10-08 15:36:00+00:00,long,1,0.99512875,0.98890483,0.98412573,0.803603,3,2
2025-10-08 15:37:00+00:00,long,1,0.9965054,0.99516547,0.983022,0.8050356,3,2
2025-10-08 15:38:00+00:00,long,1,0.9676686,0.9429648,0.845811,0.71298045,3,2
2025-10-08 15:39:00+00:00,long,1,0.9893718,0.9864488,0.9744325,0.7993498,3,2
2025-10-08 15:40:00+00:00,long,1,0.9805249,0.9741735,0.8989934,0.77558154,3,2
2025-10-08 15:41:00+00:00,long,1,0.984527,0.97971123,0.91989905,0.7676957,3,2
2025-10-08 15:42:00+00:00,long,1,0.9706579,0.9596036,0.9150494,0.73956496,3,2
2025-10-08 15:43:00+00:00,long,1,0.980688,0.9473872,0.9595212,0.72239417,3,2
2025-10-08 15:44:00+00:00,long,1,0.99376583,0.9821279,0.97402567,0.7985479,3,2
2025-10-08 15:45:00+00:00,long,1,0.9879799,0.9823027,0.9718212,0.74026537,3,2
2025-10-08 15:46:00+00:00,long,1,0.98123413,0.9570743,0.91789514,0.72047824,3,2
2025-10-08 15:47:00+00:00,long,1,0.9945972,0.9924374,0.97774804,0.7847054,3,2
2025-10-08 15:48:00+00:00,long,1,0.97134733,0.96017486,0.8723135,0.71553856,3,2
2025-10-08 15:49:00+00:00,long,0,0.10355576,0.30253616,0.056012366,0.22505353,2,0
2025-10-08 15:50:00+00:00,long,0,0.05344589,0.1070626,0.2613191,0.22733486,2,0
2025-10-09 14:19:00+00:00,short,0,0.009911003,0.37968364,0.0890085,0.20290726,1,0
2025-10-09 14:20:00+00:00,short,0,0.0031411306,0.22453919,0.08418783,0.18124561,1,0
2025-10-09 14:21:00+00:00,short,0,0.00026039217,0.25488192,0.0003194712,0.17448044,1,0
2025-10-09 14:22:00+00:00,short,0,0.0003574944,0.7739352,0.0005560939,0.17964137,1,0
2025-10-09 14:23:00+00:00,short,0,0.00071243616,0.072529465,0.0012662231,0.16859382,1,0
2025-10-09 14:24:00+00:00,short,0,0.00045660636,0.85310256,0.00078930135,0.199494,1,0
2025-10-09 14:25:00+00:00,short,0,0.00055314705,0.16464376,0.0012802619,0.1688223,1,0
2025-10-09 14:26:00+00:00,short,0,0.0011839872,0.22263178,0.013234019,0.17812105,1,0
2025-10-09 14:27:00+00:00,short,0,0.0005665054,0.13769338,0.0037053635,0.1700219,1,0
2025-10-09 14:28:00+00:00,short,0,0.0020644797,0.24738279,0.015922396,0.17854692,1,0
2025-10-09 14:29:00+00:00,short,0,0.00014737976,0.42477703,0.00036456608,0.17243941,1,0
2025-10-09 14:30:00+00:00,short,0,0.0008187501,0.17851393,0.004523596,0.17520444,1,0
2025-10-09 14:31:00+00:00,short,0,0.010100227,0.39164045,0.07813573,0.21399702,1,0
2025-10-09 14:32:00+00:00,short,0,0.0063244463,0.30418116,0.07628045,0.20046549,1,0
2025-10-09 14:33:00+00:00,long,0,0.0005719537,0.29831472,0.0007689551,0.1786605,1,0
2025-10-09 14:34:00+00:00,short,0,0.11920237,0.10568561,0.4477142,0.4558339,2,0
2025-10-09 14:35:00+00:00,short,0,0.0058566807,0.0045637046,0.04248598,0.19831176,2,0
2025-10-09 14:36:00+00:00,short,0,0.000251459,0.059750155,0.0004422918,0.1685328,1,0
2025-10-09 14:37:00+00:00,long,0,9.752448e-05,0.44046825,0.00040880917,0.17203021,1,0
2025-10-09 14:38:00+00:00,short,0,0.0003553937,0.090458184,0.0012237827,0.17014225,1,0
2025-10-09 14:39:00+00:00,long,0,0.00022708038,0.81046116,0.00037539043,0.17425816,1,0
2025-10-09 14:40:00+00:00,short,0,0.00011832841,0.11796532,0.00012989723,0.16817379,1,0
2025-10-09 14:41:00+00:00,long,0,0.00011590619,0.08125071,0.00017247845,0.16817306,1,0
2025-10-09 14:42:00+00:00,long,0,0.00014399092,0.10607684,0.00014515095,0.16856359,1,0
2025-10-09 14:43:00+00:00,short,0,0.00566343,0.24834976,0.008153422,0.19273847,1,0
2025-10-09 14:44:00+00:00,short,0,0.0034515103,0.22755353,0.011084772,0.194013,1,0
2025-10-09 14:45:00+00:00,long,0,0.0005109549,0.89036345,0.00077143515,0.18247616,1,0
2025-10-09 14:46:00+00:00,short,0,0.004960748,0.22717574,0.011233639,0.19568543,1,0
2025-10-09 14:47:00+00:00,short,0,0.00022233621,0.08698685,0.00026331036,0.1689289,1,0
2025-10-09 14:48:00+00:00,long,0,0.0002481073,0.35673878,0.0003298661,0.17327547,1,0
2025-10-09 14:49:00+00:00,long,0,0.00021147664,0.63345766,0.00032221124,0.1733811,1,0
2025-10-09 14:50:00+00:00,long,0,0.005268064,0.9711392,0.0070929886,0.19982024,1,0
2025-10-09 14:51:00+00:00,short,0,0.00045029412,0.11025096,0.00071809406,0.16844676,1,0
2025-10-09 14:52:00+00:00,long,0,0.0070368396,0.9818418,0.011881498,0.23698916,1,0
2025-10-09 14:53:00+00:00,short,0,0.061872177,0.9435543,0.10792126,0.30387756,1,0
2025-10-09 14:54:00+00:00,short,0,0.03191279,0.9065144,0.08448527,0.27672225,1,0
2025-10-09 14:55:00+00:00,long,0,0.00047428499,0.17691846,0.0006816708,0.17434819,1,0
2025-10-09 14:56:00+00:00,long,0,0.016140282,0.72002155,0.036779113,0.32952154,1,0
2025-10-09 14:57:00+00:00,long,0,0.0010832476,0.93535525,0.001998437,0.19202226,1,0
2025-10-09 14:58:00+00:00,long,0,0.2690212,0.40770656,0.6894816,0.7410225,2,2
2025-10-09 14:59:00+00:00,long,0,0.0010224257,0.0014731789,0.0010109652,0.175893,2,0
2025-10-09 15:00:00+00:00,long,0,0.0009298053,0.922065,0.008313435,0.18733819,1,0
2025-10-09 15:01:00+00:00,long,0,0.0007188456,0.09123822,0.00096151285,0.1988167,1,0
2025-10-09 15:02:00+00:00,long,0,0.0698488,0.9887581,0.30042756,0.45478126,1,0
2025-10-09 15:03:00+00:00,long,0,0.00013591576,0.020913774,0.00013623106,0.16884361,1,0
2025-10-09 15:04:00+00:00,long,0,0.00015280476,0.043936133,0.00011382286,0.16747315,1,0
2025-10-09 15:05:00+00:00,long,0,0.00018431454,0.07286066,0.00012242509,0.16766895,1,0
2025-10-09 15:06:00+00:00,long,0,0.0029386631,0.34007227,0.0046263398,0.24529845,1,0
2025-10-09 15:07:00+00:00,long,0,0.0001341492,0.052881163,0.00022582292,0.1681081,1,0
2025-10-09 15:08:00+00:00,long,0,9.9703684e-05,0.058019225,9.3525436e-05,0.16778417,1,0
2025-10-09 15:09:00+00:00,long,0,0.0006620583,0.13746783,0.0016203955,0.20872132,1,0
2025-10-09 15:10:00+00:00,long,0,0.00048257687,0.90806097,0.0024792394,0.1934997,1,0
2025-10-09 15:11:00+00:00,long,0,7.7538476e-05,0.022640314,0.00021797816,0.16834782,1,0
2025-10-09 15:12:00+00:00,long,0,0.00020699424,0.11217188,0.0005764318,0.1742348,1,0
2025-10-09 15:13:00+00:00,long,0,6.235789e-05,0.03944302,0.00011534806,0.16896279,1,0
2025-10-09 15:14:00+00:00,long,0,0.00021066843,0.10922641,0.0018049792,0.17090051,1,0
2025-10-09 15:15:00+00:00,long,0,4.2222324e-05,0.042325642,0.00016748784,0.1693185,1,0
2025-10-09 15:16:00+00:00,long,0,0.00013502354,0.10804171,0.006972579,0.19392914,1,0
2025-10-09 15:17:00+00:00,long,0,0.0008847783,0.556318,0.05101897,0.28217253,1,0
2025-10-09 15:18:00+00:00,long,0,7.784379e-05,0.09131567,0.0031296113,0.20930879,1,0
2025-10-09 15:19:00+00:00,long,0,6.694168e-05,0.08508989,0.00058972626,0.18240075,1,0
2025-10-09 15:20:00+00:00,long,0,0.12399578,0.98349345,0.38614514,0.66192657,1,2
2025-10-09 15:21:00+00:00,long,0,0.00070044637,0.17687494,0.008796641,0.3833301,1,0
2025-10-09 15:22:00+00:00,long,0,7.412528e-05,0.21026742,0.0006672611,0.18817799,1,0
2025-10-09 15:23:00+00:00,long,0,0.00061708596,0.33087257,0.0059187566,0.27802017,1,0
2025-10-09 15:24:00+00:00,long,0,0.000114667906,0.15686639,0.00074990006,0.17894264,1,0
2025-10-09 15:25:00+00:00,long,0,8.788265e-05,0.035321843,0.00049441046,0.1690857,1,0
2025-10-09 15:26:00+00:00,long,0,0.00031512583,0.6843735,0.0012356532,0.18406917,1,0
2025-10-09 15:27:00+00:00,long,0,0.00024494875,0.23811477,0.0019743547,0.18200599,1,0
2025-10-09 15:28:00+00:00,long,0,0.000273877,0.071992315,0.00038633146,0.16950256,1,0
2025-10-09 15:29:00+00:00,long,0,0.0011899128,0.9400262,0.0038620627,0.18565442,1,0
2025-10-09 15:30:00+00:00,short,0,0.0002675175,0.13478985,0.00089999725,0.16925393,1,0
2025-10-09 15:31:00+00:00,short,0,0.0002985058,0.12571862,0.0014710614,0.17006682,1,0
2025-10-09 15:32:00+00:00,short,0,0.0029256814,0.21309735,0.01604157,0.19120395,1,0
2025-10-09 15:33:00+00:00,short,0,0.0027558303,0.37186605,0.012008544,0.19796856,1,0
2025-10-09 15:34:00+00:00,short,0,0.0013168392,0.36910233,0.016532231,0.22801845,1,0
2025-10-09 15:35:00+00:00,short,0,0.00050292484,0.15942195,0.008625601,0.21959119,1,0
2025-10-09 15:36:00+00:00,short,0,0.00016295364,0.041283205,0.0001906166,0.17082147,1,0
2025-10-09 15:37:00+00:00,long,0,0.00024800183,0.11539364,0.0019429936,0.17887072,1,0
2025-10-09 15:38:00+00:00,short,0,0.0034563688,0.61315274,0.048886757,0.23911856,1,0
2025-10-09 15:39:00+00:00,long,0,0.00018149352,0.038236912,0.0002859511,0.16940536,1,0
2025-10-09 15:40:00+00:00,short,0,0.00017479999,0.0806171,0.0024326504,0.17445295,1,0
2025-10-09 15:41:00+00:00,long,0,0.0025010614,0.9318424,0.0059777657,0.18938279,1,0
2025-10-09 15:42:00+00:00,long,0,0.0006777043,0.15438253,0.003551591,0.19318426,1,0
2025-10-09 15:43:00+00:00,long,0,0.0015468001,0.8975431,0.0034246368,0.20473732,1,0
2025-10-09 15:44:00+00:00,short,0,0.0077047306,0.6346575,0.072713204,0.27602506,1,0
2025-10-09 15:45:00+00:00,long,0,0.0032398414,0.95326316,0.0043550115,0.2167247,1,0
2025-10-09 15:46:00+00:00,long,0,0.0007883846,0.45291474,0.0017266176,0.22422129,1,0
2025-10-09 15:47:00+00:00,short,0,0.017976906,0.93091655,0.12644537,0.31210312,1,0
2025-10-09 15:48:00+00:00,long,0,0.0013297722,0.8184711,0.0010717048,0.20258377,1,0
2025-10-09 15:49:00+00:00,long,0,0.0061647776,0.9757912,0.0073065674,0.20459163,1,0
2025-10-09 15:50:00+00:00,short,0,0.004030908,0.3380525,0.023169335,0.25837925,1,0
2025-10-10 14:19:00+00:00,short,0,0.00991638,0.03774371,0.06701021,0.3721069,2,0
2025-10-10 14:20:00+00:00,short,0,0.0034346697,0.010590316,0.0132738,0.21367222,2,0
2025-10-10 14:21:00+00:00,short,0,0.09676098,0.19224606,0.25623944,0.5531432,2,1
2025-10-10 14:22:00+00:00,short,0,0.016066033,0.020741396,0.07172317,0.34905365,2,0
2025-10-10 14:23:00+00:00,short,0,0.054998398,0.19689737,0.2536754,0.6137043,2,0
2025-10-10 14:24:00+00:00,short,0,0.030056795,0.048295505,0.061975244,0.43284726,2,0
2025-10-10 14:25:00+00:00,short,1,0.9710152,0.930253,0.9616579,0.77431315,3,2
2025-10-10 14:26:00+00:00,short,0,0.0012069185,0.0024463162,0.00026685974,0.17148495,2,0
2025-10-10 14:27:00+00:00,short,0,0.0006697588,0.0018419148,0.00025266496,0.17076743,2,0
2025-10-10 14:28:00+00:00,short,1,0.97187287,0.9219662,0.9534244,0.76842856,3,2
2025-10-10 14:29:00+00:00,short,0,0.24811009,0.11542148,0.13818066,0.4950416,2,0
2025-10-10 14:30:00+00:00,short,0,0.43017814,0.34684095,0.81363416,0.7014611,2,2
2025-10-10 14:31:00+00:00,short,0,0.40180352,0.42678016,0.7977791,0.69353205,2,2
2025-10-10 14:32:00+00:00,short,0,0.00038084202,0.0008295603,0.00020148944,0.17077465,2,0
2025-10-10 14:33:00+00:00,short,1,0.97050506,0.96282864,0.93932444,0.7865103,3,2
2025-10-10 14:34:00+00:00,short,0,0.00040407854,0.0011223716,0.0003062606,0.17066264,2,0
2025-10-10 14:35:00+00:00,short,0,0.016692191,0.03883356,0.08442682,0.3505557,2,0
2025-10-10 14:36:00+00:00,short,0,0.00803519,0.004283611,0.024640612,0.3767198,2,0
2025-10-10 14:37:00+00:00,short,0,0.00012895472,0.0004422891,0.00012705091,0.16805255,2,0
2025-10-10 14:38:00+00:00,short,0,8.704718e-05,0.00070662337,0.00043124307,0.17100538,2,0
2025-10-10 14:39:00+00:00,short,0,0.00095217815,0.0031234645,0.0017071211,0.1897163,2,0
2025-10-10 14:40:00+00:00,short,0,0.012490799,0.011543134,0.05260272,0.46192193,2,0
2025-10-10 14:41:00+00:00,short,0,7.236674e-05,0.00094125455,0.0004840481,0.17118277,2,0
2025-10-10 14:42:00+00:00,short,0,0.009411158,0.06308954,0.06857916,0.38546395,2,0
2025-10-10 14:43:00+00:00,short,0,0.015599024,0.017234255,0.09776613,0.33782196,2,0
2025-10-10 14:44:00+00:00,short,0,0.101762876,0.16360286,0.63863534,0.6279664,2,0
2025-10-10 14:45:00+00:00,short,0,0.19134341,0.23503645,0.7815091,0.6813991,2,2
2025-10-10 14:46:00+00:00,short,0,0.0021036672,0.0023042886,0.00502344,0.1947884,2,0
2025-10-10 14:47:00+00:00,short,0,0.049274314,0.090740606,0.5521809,0.56409585,2,1
2025-10-10 14:48:00+00:00,short,0,0.0053761853,0.008515992,0.0800283,0.3360729,2,0
2025-10-10 14:49:00+00:00,short,0,5.130499e-05,0.000473383,0.00039275852,0.16987814,2,0
2025-10-10 14:50:00+00:00,short,0,3.1709427e-05,0.00038672923,0.00015912965,0.16703926,2,0
2025-10-10 14:51:00+00:00,short,0,0.00050355465,0.0015456254,0.0019867367,0.18225856,2,0
2025-10-10 14:52:00+00:00,short,0,0.090144604,0.1937958,0.82034063,0.71719676,2,2
2025-10-10 14:53:00+00:00,short,0,0.0076383087,0.006315328,0.06981372,0.33531544,2,0
2025-10-10 14:54:00+00:00,short,0,0.00011630498,0.00054943125,0.00041998806,0.17021067,2,0
2025-10-10 14:55:00+00:00,short,0,0.0023277435,0.0020054004,0.03171059,0.304552,2,0
2025-10-10 14:56:00+00:00,short,0,0.47997162,0.34481093,0.895257,0.71491355,2,2
2025-10-10 14:57:00+00:00,short,1,0.98611695,0.9686697,0.951123,0.7831378,3,2
2025-10-10 14:58:00+00:00,short,0,0.00012547671,0.00048333188,0.0002010749,0.16906388,2,0
2025-10-10 14:59:00+00:00,short,0,0.004746069,0.0060088704,0.028403617,0.26975057,2,0
2025-10-10 15:00:00+00:00,short,0,0.08757072,0.13046809,0.13256009,0.3810953,2,0
2025-10-10 15:01:00+00:00,short,0,0.110781215,0.14323527,0.07539992,0.3533992,2,0
2025-10-10 15:02:00+00:00,short,0,0.77448326,0.82250005,0.89586025,0.77413964,2,2
2025-10-10 15:03:00+00:00,short,1,0.94245064,0.8908345,0.92311835,0.7766985,3,2
2025-10-10 15:04:00+00:00,short,0,0.012579624,0.013262619,0.04067369,0.2648082,2,0
2025-10-10 15:05:00+00:00,short,0,0.56070244,0.48767665,0.72320557,0.7319096,2,2
2025-10-10 15:06:00+00:00,short,1,0.9700051,0.92112875,0.9352593,0.7647252,3,2
2025-10-10 15:07:00+00:00,short,0,0.0041138856,0.006558201,0.0014161674,0.1783483,2,0
2025-10-10 15:08:00+00:00,short,0,0.011995996,0.006108255,0.014318377,0.20277631,2,0
2025-10-10 15:09:00+00:00,short,0,0.05784398,0.068128616,0.041411676,0.35729548,2,0
2025-10-10 15:10:00+00:00,short,0,0.33094925,0.24453497,0.34482414,0.46567532,2,0
2025-10-10 15:11:00+00:00,short,0,8.5719e-05,0.001314853,0.0002058048,0.16695164,2,0
2025-10-10 15:12:00+00:00,short,0,0.00027108405,0.0013247782,0.0002627787,0.1688302,2,0
2025-10-10 15:13:00+00:00,short,0,0.004466982,0.011977028,0.003563276,0.18330704,2,0
2025-10-10 15:14:00+00:00,short,0,0.069977425,0.062057365,0.047415502,0.37586108,2,0
2025-10-10 15:15:00+00:00,short,1,0.9939791,0.992458,0.9504305,0.8123004,3,2
2025-10-10 15:16:00+00:00,short,0,0.00367781,0.009799174,0.00065045006,0.17795902,2,0
2025-10-10 15:17:00+00:00,short,0,0.15095961,0.070993036,0.049556345,0.31467983,2,0
2025-10-10 15:18:00+00:00,short,1,0.98944294,0.9793149,0.9563895,0.81284326,3,2
2025-10-10 15:19:00+00:00,short,0,0.002838069,0.0042431806,0.000677839,0.17374659,2,0
2025-10-10 15:20:00+00:00,short,1,0.98860246,0.9716315,0.95972115,0.8084114,3,2
2025-10-10 15:21:00+00:00,short,0,0.00060782797,0.002158074,0.00026449066,0.17083065,2,0
2025-10-10 15:22:00+00:00,short,0,0.00046819396,0.002227266,0.0002826427,0.17083524,2,0
2025-10-10 15:23:00+00:00,short,1,0.9886003,0.98050666,0.968544,0.8107535,3,2
2025-10-10 15:24:00+00:00,short,0,0.007322446,0.01147196,0.008906479,0.18885243,2,0
2025-10-10 15:25:00+00:00,short,0,0.00015083741,0.0013747462,0.00011915747,0.16802023,2,0
2025-10-10 15:26:00+00:00,short,0,0.00015916242,0.0029810085,0.00015807872,0.1687961,2,0
2025-10-10 15:27:00+00:00,short,0,0.00023126951,0.00074584555,0.000288817,0.16916315,2,0
2025-10-10 15:28:00+00:00,short,0,0.0017170787,0.00494341,0.03689566,0.23906255,2,0
2025-10-10 15:29:00+00:00,short,0,0.00011085086,0.00077120436,0.00031801985,0.1676914,2,0
2025-10-10 15:30:00+00:00,short,0,0.0014603225,0.0017311868,0.0014638876,0.17244296,2,0
2025-10-10 15:31:00+00:00,short,0,0.04080897,0.04743264,0.07894345,0.33493534,2,0
2025-10-10 15:32:00+00:00,short,0,0.0018762364,0.0033864086,0.008166527,0.1834554,2,0
2025-10-10 15:33:00+00:00,short,0,0.7095543,0.7160529,0.96538526,0.77734756,2,2
2025-10-10 15:34:00+00:00,short,0,0.013366092,0.010491516,0.050163593,0.3488871,2,0
2025-10-10 15:35:00+00:00,short,1,0.987708,0.98457724,0.97687316,0.8143313,3,2
2025-10-10 15:36:00+00:00,short,0,0.0008369974,0.0008204659,0.0008144815,0.16871352,2,0
2025-10-10 15:37:00+00:00,short,1,0.94955015,0.90038085,0.9099504,0.78536004,3,2
2025-10-10 15:38:00+00:00,short,0,0.007851323,0.016295299,0.018126134,0.22760941,2,0
2025-10-10 15:39:00+00:00,short,0,5.9119233e-05,0.000320638,0.00012904279,0.16733794,2,0
2025-10-10 15:40:00+00:00,short,0,0.3088244,0.4366523,0.7669204,0.684804,2,2
2025-10-10 15:41:00+00:00,short,0,0.00014492607,0.00034610197,0.00021130795,0.16797936,2,0
2025-10-10 15:42:00+00:00,short,0,0.57299006,0.4372244,0.90705097,0.72548026,2,2
2025-10-10 15:43:00+00:00,short,1,0.9580794,0.9485666,0.9669694,0.80683595,3,2
2025-10-10 15:44:00+00:00,short,0,0.004276671,0.009413226,0.010987202,0.18882203,2,0
2025-10-10 15:45:00+00:00,short,1,0.987823,0.971457,0.9658908,0.8115382,3,2
2025-10-10 15:46:00+00:00,short,0,0.015836226,0.0146821365,0.054802716,0.2738508,2,0
2025-10-10 15:47:00+00:00,short,0,0.024305396,0.047315508,0.26132265,0.42065617,2,0
2025-10-10 15:48:00+00:00,short,0,0.00016215802,0.0002974765,0.0002473845,0.1683985,2,0
2025-10-10 15:49:00+00:00,short,0,0.02090741,0.029000308,0.18692169,0.3747108,2,0
2025-10-10 15:50:00+00:00,short,0,0.09842006,0.10250508,0.21823017,0.48760805,2,0
2025-10-13 14:19:00+00:00,short,0,0.011791137,0.9077865,0.04501662,0.17849368,1,0
2025-10-13 14:20:00+00:00,long,0,0.01577141,0.9003767,0.001803229,0.24072993,1,0
2025-10-13 14:21:00+00:00,short,0,0.00055671786,0.12072547,0.00034763402,0.17194279,1,0
2025-10-13 14:22:00+00:00,long,0,0.013836953,0.8486197,0.0027581076,0.27698824,1,0
2025-10-13 14:23:00+00:00,short,0,0.00017728422,0.044203818,0.000121039586,0.1715932,1,0
2025-10-13 14:24:00+00:00,long,0,0.0010655096,0.22097233,0.00053155376,0.28261858,1,0
2025-10-13 14:25:00+00:00,short,0,0.0004481652,0.046423487,0.00046009512,0.16975026,1,0
2025-10-13 14:26:00+00:00,short,0,0.00016854954,0.037249807,0.00031151887,0.17532349,1,0
2025-10-13 14:27:00+00:00,long,0,0.03144114,0.9148506,0.031532105,0.4260417,1,1
2025-10-13 14:28:00+00:00,short,0,0.00014810132,0.028843084,0.00030956368,0.17985581,1,0
2025-10-13 14:29:00+00:00,short,0,0.00017479116,0.03538574,0.0006570638,0.1784093,1,0
2025-10-13 14:30:00+00:00,long,1,0.96432143,0.9936405,0.92424417,0.77122813,2,2
2025-10-13 14:31:00+00:00,long,0,0.017713377,0.87491655,0.0072764666,0.43599805,1,1
2025-10-13 14:32:00+00:00,short,0,0.00068031927,0.18113357,0.0010614055,0.17009614,1,0
2025-10-13 14:33:00+00:00,long,0,0.0004527151,0.14809324,0.0010302548,0.27956727,1,0
2025-10-13 14:34:00+00:00,long,0,0.00064028375,0.09365511,0.0007032579,0.2911881,1,0
2025-10-13 14:35:00+00:00,short,0,0.0001708034,0.07886284,0.0005387543,0.1680419,1,0
2025-10-13 14:36:00+00:00,short,0,0.00030371637,0.08805133,0.00061278936,0.17702831,1,0
2025-10-13 14:37:00+00:00,long,0,0.001617633,0.28750628,0.003094447,0.24440318,1,0
2025-10-13 14:38:00+00:00,short,0,0.00029090457,0.09108468,0.0003282943,0.17770429,1,0
2025-10-13 14:39:00+00:00,short,0,0.00011726033,0.04465218,0.00045579337,0.17111968,1,0
2025-10-13 14:40:00+00:00,short,0,0.0006660177,0.34132406,0.003696404,0.21183471,1,0
2025-10-13 14:41:00+00:00,long,0,0.0047604768,0.63958764,0.02198602,0.2623784,1,0
2025-10-13 14:42:00+00:00,short,0,0.0006573597,0.23394759,0.0022778637,0.18196905,1,0
2025-10-13 14:43:00+00:00,short,0,0.0008880879,0.1918693,0.0042149457,0.1821065,1,0
2025-10-13 14:44:00+00:00,short,0,0.00068116334,0.3823683,0.005915503,0.19584131,1,0
2025-10-13 14:45:00+00:00,long,0,0.02222819,0.9215231,0.13777329,0.43699446,1,0
2025-10-13 14:46:00+00:00,long,0,0.11052404,0.98694485,0.6544773,0.630019,1,1
2025-10-13 14:47:00+00:00,long,0,0.0020897177,0.5804793,0.016171008,0.25858682,1,0
2025-10-13 14:48:00+00:00,short,0,0.00068233086,0.087900616,0.0019629353,0.17674653,1,0
2025-10-13 14:49:00+00:00,long,0,0.0068549197,0.91638875,0.16315961,0.41995755,1,0
2025-10-13 14:50:00+00:00,short,0,0.0005988891,0.51307833,0.0027760614,0.22084963,1,0
2025-10-13 14:51:00+00:00,short,0,0.00045209515,0.110207595,0.0019737526,0.17919384,1,0
2025-10-13 14:52:00+00:00,long,0,0.026336944,0.95536053,0.21625383,0.44070697,1,0
2025-10-13 14:53:00+00:00,long,0,0.053417336,0.9834871,0.41388497,0.53571934,1,0
2025-10-13 14:54:00+00:00,long,0,0.0018559917,0.56700796,0.024737336,0.27477312,1,0
2025-10-13 14:55:00+00:00,long,0,0.003737857,0.81274635,0.051356368,0.32759348,1,0
2025-10-13 14:56:00+00:00,long,0,0.00952008,0.918731,0.20635833,0.3918605,1,0
2025-10-13 14:57:00+00:00,long,0,0.0018613383,0.8101505,0.04797595,0.31731978,1,0
2025-10-13 14:58:00+00:00,short,0,0.00073490053,0.14515431,0.002034667,0.17878312,1,0
2025-10-13 14:59:00+00:00,long,0,0.033795133,0.9693564,0.32672274,0.46865487,1,0
2025-10-13 15:00:00+00:00,short,0,0.00014461314,0.15540859,0.0028137846,0.18416335,1,0
2025-10-13 15:01:00+00:00,long,0,0.0038308308,0.7958783,0.04369065,0.31529877,1,0
2025-10-13 15:02:00+00:00,short,0,0.009029145,0.8837915,0.007970542,0.20902866,1,0
2025-10-13 15:03:00+00:00,short,0,0.00038019178,0.42505085,0.0033721335,0.21998791,1,0
2025-10-13 15:04:00+00:00,long,0,0.018604577,0.97373474,0.13246654,0.5049575,1,0
2025-10-13 15:05:00+00:00,short,0,0.0013381571,0.5596042,0.009687502,0.23824628,1,0
2025-10-13 15:06:00+00:00,long,0,0.024465907,0.96894956,0.191255,0.39114252,1,0
2025-10-13 15:07:00+00:00,short,0,0.0039148754,0.6713175,0.021505065,0.24629378,1,0
2025-10-13 15:08:00+00:00,short,0,0.00072567584,0.44933885,0.010292453,0.21750997,1,0
2025-10-13 15:09:00+00:00,long,0,0.1184386,0.99245054,0.28884292,0.55477077,1,0
2025-10-13 15:10:00+00:00,short,0,0.0098995315,0.9164761,0.02283854,0.3991228,1,0
2025-10-13 15:11:00+00:00,short,0,0.008499404,0.9392983,0.052660316,0.49991298,1,1
2025-10-13 15:12:00+00:00,short,0,0.0008244695,0.16892862,0.002166269,0.17695789,1,0
2025-10-13 15:13:00+00:00,short,0,0.03428191,0.98263955,0.11207666,0.45122454,1,0
2025-10-13 15:14:00+00:00,short,0,0.003116251,0.62559247,0.0050153383,0.19102465,1,0
2025-10-13 15:15:00+00:00,short,0,0.013288285,0.8334249,0.008915609,0.29011366,1,0
2025-10-13 15:16:00+00:00,short,0,0.0021489013,0.5905084,0.008269893,0.17950313,1,0
2025-10-13 15:17:00+00:00,short,0,0.041722823,0.9545331,0.099706255,0.4669534,1,0
2025-10-13 15:18:00+00:00,short,0,0.0019483838,0.493639,0.007288149,0.1807499,1,0
2025-10-13 15:19:00+00:00,short,0,0.003426776,0.5543993,0.010651531,0.18727404,1,0
2025-10-13 15:20:00+00:00,short,0,0.0022489019,0.6614527,0.012267462,0.18661161,1,0
2025-10-13 15:21:00+00:00,short,0,0.08692858,0.9749145,0.36623466,0.42110577,1,0
2025-10-13 15:22:00+00:00,short,0,0.040802017,0.88090926,0.008574611,0.20814721,1,0
2025-10-13 15:23:00+00:00,short,0,0.032461986,0.95398605,0.07474923,0.39257124,1,0
2025-10-13 15:24:00+00:00,short,0,0.028401826,0.96103024,0.11000487,0.38658333,1,0
2025-10-13 15:25:00+00:00,short,0,0.009175582,0.813686,0.0062990496,0.18433845,1,0
2025-10-13 15:26:00+00:00,short,0,0.01128254,0.825394,0.0070158206,0.18443704,1,0
2025-10-13 15:27:00+00:00,short,0,0.033945255,0.9367985,0.0350424,0.27604604,1,0
2025-10-13 15:28:00+00:00,short,0,0.004762949,0.8770445,0.029496629,0.19393219,1,0
2025-10-13 15:29:00+00:00,short,0,0.0046555297,0.87733567,0.0309565,0.19624598,1,0
2025-10-13 15:30:00+00:00,short,0,0.023908641,0.84178257,0.043912925,0.22545715,1,0
2025-10-13 15:31:00+00:00,short,0,0.049113974,0.87147343,0.25255278,0.24810864,1,0
2025-10-13 15:32:00+00:00,short,0,0.08938644,0.96918327,0.25466648,0.39589843,1,0
2025-10-13 15:33:00+00:00,short,0,0.0028670672,0.33173746,0.010940609,0.17548233,1,0
2025-10-13 15:34:00+00:00,short,0,0.002987917,0.30525973,0.012375739,0.1804524,1,0
2025-10-13 15:35:00+00:00,short,0,0.008044896,0.8531174,0.01693455,0.2074668,1,0
2025-10-13 15:36:00+00:00,short,0,0.05523067,0.9428192,0.053052973,0.2503179,1,0
2025-10-13 15:37:00+00:00,short,0,0.0043296455,0.70366555,0.024697717,0.17904826,1,0
2025-10-13 15:38:00+00:00,short,0,0.03164484,0.9414623,0.027143897,0.23721033,1,0
2025-10-13 15:39:00+00:00,short,0,0.02680117,0.94507545,0.0318666,0.25240853,1,0
2025-10-13 15:40:00+00:00,short,0,0.099362865,0.9585581,0.61518127,0.64058584,1,1
2025-10-13 15:41:00+00:00,short,0,0.026653538,0.69570374,0.061263915,0.20354748,1,0
2025-10-13 15:42:00+00:00,short,0,0.013558717,0.6169236,0.034404527,0.18129027,1,0
2025-10-13 15:43:00+00:00,short,0,0.033643994,0.92013425,0.09164833,0.23289429,1,0
2025-10-13 15:44:00+00:00,short,0,0.097595856,0.8838759,0.09384647,0.20058548,1,0
2025-10-13 15:45:00+00:00,short,0,0.023752669,0.014856661,0.024792498,0.21060717,2,0
2025-10-13 15:46:00+00:00,long,0,0.085580006,0.062227778,0.027758768,0.23806493,2,0
2025-10-13 15:47:00+00:00,short,0,0.014995015,0.0077386205,0.025890836,0.2042727,2,0
2025-10-13 15:48:00+00:00,long,0,0.43904933,0.32623875,0.7852231,0.66310436,2,1
2025-10-13 15:49:00+00:00,short,0,0.0068793385,0.0054970975,0.00944324,0.18862708,2,0
2025-10-13 15:50:00+00:00,long,0,0.109589696,0.15731782,0.091492325,0.45521736,2,0
2025-10-14 14:19:00+00:00,short,0,0.00023034128,0.17977363,0.0006775264,0.16992772,1,0
2025-10-14 14:20:00+00:00,short,0,0.00013312836,0.19023232,0.00037482168,0.18607806,1,0
2025-10-14 14:21:00+00:00,long,0,0.0581029,0.991732,0.47907734,0.58650523,1,1
2025-10-14 14:22:00+00:00,short,0,0.034984462,0.9896913,0.7597108,0.68602824,1,2
2025-10-14 14:23:00+00:00,long,0,0.0002243725,0.7895013,0.0015918473,0.18520616,1,0
2025-10-14 14:24:00+00:00,long,1,0.9780673,0.93917584,0.9447144,0.7971261,3,2
2025-10-14 14:25:00+00:00,short,0,0.0005808895,0.011732044,0.0027481474,0.1863023,2,0
2025-10-14 14:26:00+00:00,long,0,0.00064422726,0.005920819,0.00050965906,0.17663819,2,0
2025-10-14 14:27:00+00:00,short,0,0.00035004158,0.10151296,0.00021272461,0.17817779,1,0
2025-10-14 14:28:00+00:00,long,0,0.21677354,0.2498389,0.67548215,0.684027,2,1
2025-10-14 14:29:00+00:00,short,0,0.028889963,0.9758085,0.17178419,0.2690328,1,0
2025-10-14 14:30:00+00:00,short,0,0.00016562783,0.13664295,0.00018020935,0.17997797,1,0
2025-10-14 14:31:00+00:00,long,0,0.002399722,0.9581058,0.17171478,0.28538868,1,0
2025-10-14 14:32:00+00:00,long,0,0.00020829916,0.07434567,0.0002437989,0.17551975,1,0
2025-10-14 14:33:00+00:00,long,0,0.00025052953,0.3078713,0.0035160282,0.18258114,1,0
2025-10-14 14:34:00+00:00,long,0,0.11775451,0.99748814,0.8441442,0.7635536,1,2
2025-10-14 14:35:00+00:00,long,0,0.0027726446,0.89391804,0.0355422,0.22863494,1,0
2025-10-14 14:36:00+00:00,long,0,0.00995999,0.94899607,0.07347959,0.21704215,1,0
2025-10-14 14:37:00+00:00,long,1,0.9690627,0.99534506,0.9601264,0.7617611,2,2
2025-10-14 14:38:00+00:00,long,0,0.00025133218,0.5216928,0.0014904949,0.1875154,1,0
2025-10-14 14:39:00+00:00,long,0,0.00013132524,0.17050168,0.0007157186,0.18405104,1,0
2025-10-14 14:40:00+00:00,long,0,0.006907017,0.9774829,0.20213524,0.49845836,1,1
2025-10-14 14:41:00+00:00,long,0,0.0002694992,0.77124524,0.0020524363,0.2180474,1,0
2025-10-14 14:42:00+00:00,long,0,0.00013256275,0.14176326,0.0009540579,0.1797409,1,0
2025-10-14 14:43:00+00:00,long,0,0.039165918,0.98701257,0.7615338,0.68361306,1,2
2025-10-14 14:44:00+00:00,long,0,0.00018945205,0.15929742,0.00084574736,0.18661362,1,0
2025-10-14 14:45:00+00:00,long,0,0.0009328528,0.21683373,0.004080331,0.18921852,1,0
2025-10-14 14:46:00+00:00,long,0,0.027580122,0.9895006,0.32700935,0.44306454,1,0
2025-10-14 14:47:00+00:00,long,0,0.00041403578,0.11694692,0.0024732419,0.18282926,1,0
2025-10-14 14:48:00+00:00,long,0,0.00020698042,0.15957548,0.0007802262,0.18375999,1,0
2025-10-14 14:49:00+00:00,long,0,0.00029317487,0.110876486,0.0009803599,0.17692016,1,0
2025-10-14 14:50:00+00:00,long,0,0.00057066453,0.16290501,0.0009184749,0.18602498,1,0
2025-10-14 14:51:00+00:00,short,0,0.0045924247,0.19468272,0.002425467,0.17780323,1,0
2025-10-14 14:52:00+00:00,short,1,0.94487876,0.98937714,0.823858,0.5926027,2,1
2025-10-14 14:53:00+00:00,short,0,0.03456846,0.8360889,0.029734414,0.22746634,1,0
2025-10-14 14:54:00+00:00,short,0,0.46949357,0.9975932,0.8836276,0.7734714,1,2
2025-10-14 14:55:00+00:00,long,0,0.10747278,0.9930843,0.47403154,0.5655622,1,1
2025-10-14 14:56:00+00:00,long,0,0.0057235323,0.96205217,0.015758196,0.3018601,1,0
2025-10-14 14:57:00+00:00,long,0,0.4052227,0.43118882,0.85187167,0.5940327,2,0
2025-10-14 14:58:00+00:00,short,0,0.000585466,0.102006674,0.00053238025,0.18482985,1,0
2025-10-14 14:59:00+00:00,long,0,0.0021639233,0.93348885,0.01500676,0.25503346,1,0
2025-10-14 15:00:00+00:00,long,0,0.0067274673,0.9563875,0.02335668,0.21652031,1,0
2025-10-14 15:01:00+00:00,short,1,0.98424536,0.9992907,0.9124468,0.75114614,2,2
2025-10-14 15:02:00+00:00,long,0,0.0053309817,0.93870735,0.00954462,0.2109759,1,0
2025-10-14 15:03:00+00:00,short,0,0.001203035,0.035352573,0.00092316343,0.17536193,1,0
2025-10-14 15:04:00+00:00,short,0,0.008319471,0.28244054,0.0074128453,0.2489713,1,0
2025-10-14 15:05:00+00:00,long,0,0.0017395092,0.2833604,0.0025291017,0.18046959,1,0
2025-10-14 15:06:00+00:00,long,0,0.015257266,0.97703916,0.02684565,0.31797767,1,0
2025-10-14 15:07:00+00:00,long,1,0.9875029,0.95768553,0.8951071,0.7704179,3,2
2025-10-14 15:08:00+00:00,short,0,0.002098862,0.16477367,0.0021866062,0.17615356,1,0
2025-10-14 15:09:00+00:00,long,0,0.010630934,0.9710616,0.03267788,0.3378429,1,0
2025-10-14 15:10:00+00:00,short,0,0.0005499788,0.042075254,0.00057759386,0.18160848,1,0
2025-10-14 15:11:00+00:00,long,1,0.96769375,0.99675673,0.8346163,0.72229004,2,2
2025-10-14 15:12:00+00:00,long,0,0.012318915,0.96805847,0.017502217,0.26729038,1,0
2025-10-14 15:13:00+00:00,short,0,0.000543609,0.04576884,0.00039058918,0.1800882,1,0
2025-10-14 15:14:00+00:00,long,0,0.0034256622,0.39005026,0.0046953694,0.22554797,1,0
2025-10-14 15:15:00+00:00,short,0,0.03521212,0.90741265,0.025104193,0.20397301,1,0
2025-10-14 15:16:00+00:00,long,0,0.20341083,0.99424076,0.46876857,0.531431,1,1
2025-10-14 15:17:00+00:00,short,0,0.0022659763,0.17389576,0.0016989673,0.17549175,1,0
2025-10-14 15:18:00+00:00,long,0,0.0013247171,0.20519452,0.00433734,0.28012207,1,0
2025-10-14 15:19:00+00:00,short,0,0.0028135828,0.2084299,0.003270002,0.178545,1,0
2025-10-14 15:20:00+00:00,long,0,0.50093687,0.9971963,0.8329467,0.71974057,1,2
2025-10-14 15:21:00+00:00,long,0,0.00788536,0.9242478,0.008555899,0.20856392,1,0
2025-10-14 15:22:00+00:00,short,1,0.9696954,0.9979019,0.8918368,0.7419898,2,2
2025-10-14 15:23:00+00:00,long,0,0.113337636,0.9953434,0.44957137,0.58310753,1,1
2025-10-14 15:24:00+00:00,long,0,0.001880149,0.8545954,0.0074619926,0.21154964,1,0
2025-10-14 15:25:00+00:00,long,0,0.0031212426,0.8271794,0.0064916946,0.25974193,1,0
2025-10-14 15:26:00+00:00,short,1,0.9627219,0.9964858,0.86671054,0.6258339,2,1
2025-10-14 15:27:00+00:00,long,0,0.0023783783,0.6104283,0.005901211,0.24007177,1,0
2025-10-14 15:28:00+00:00,short,0,0.036717046,0.93698853,0.11430976,0.41856608,1,0
2025-10-14 15:29:00+00:00,short,0,0.0003259034,0.11136513,0.000404592,0.20867944,1,0
2025-10-14 15:30:00+00:00,long,0,0.061984967,0.97843724,0.07416926,0.4516615,1,0
2025-10-14 15:31:00+00:00,short,0,0.0005098845,0.090515465,0.0020326232,0.17571668,1,0
2025-10-14 15:32:00+00:00,long,1,0.99073726,0.9979498,0.94993937,0.76574445,2,2
2025-10-14 15:33:00+00:00,long,0,0.004358275,0.82638615,0.008538726,0.3390778,1,0
2025-10-14 15:34:00+00:00,short,0,0.01937382,0.8114794,0.030082246,0.21579325,1,0
2025-10-14 15:35:00+00:00,long,0,0.018198341,0.9725787,0.23790742,0.49465767,1,1
2025-10-14 15:36:00+00:00,short,0,0.014123709,0.92709965,0.028127579,0.27088228,1,0
2025-10-14 15:37:00+00:00,short,0,0.6674391,0.99746335,0.85177577,0.69416934,1,1
2025-10-14 15:38:00+00:00,long,0,0.077552415,0.9928042,0.46988085,0.6428772,1,1
2025-10-14 15:39:00+00:00,long,1,0.97519946,0.9559577,0.9639234,0.7907854,3,2
2025-10-14 15:40:00+00:00,long,0,0.0012861161,0.0031008893,0.013742224,0.20106226,2,0
2025-10-14 15:41:00+00:00,long,0,0.0004149315,0.000584707,0.0018692911,0.17296298,2,0
2025-10-14 15:42:00+00:00,long,0,0.15871052,0.19043793,0.6982585,0.62321997,2,1
2025-10-14 15:43:00+00:00,long,0,0.12330081,0.09419443,0.52369684,0.6370443,2,1
2025-10-14 15:44:00+00:00,long,0,0.11087821,0.09634098,0.6532378,0.59299374,2,0
2025-10-14 15:45:00+00:00,long,0,0.088549316,0.063455835,0.6191231,0.6212049,2,1
2025-10-14 15:46:00+00:00,long,0,0.10132171,0.07365585,0.6524892,0.6276031,2,1
2025-10-14 15:47:00+00:00,short,0,0.31051126,0.99525166,0.8695289,0.73305494,1,2
2025-10-14 15:48:00+00:00,short,0,0.00032560775,0.042766046,0.00026322476,0.18974149,1,0
2025-10-14 15:49:00+00:00,long,1,0.96522886,0.99388427,0.97757065,0.7991319,2,2
2025-10-14 15:50:00+00:00,long,0,0.04395064,0.9762725,0.57726663,0.5184078,1,1
2025-10-15 14:19:00+00:00,long,0,9.998637e-05,0.00031911628,0.00013463398,0.17146188,2,0
2025-10-15 14:20:00+00:00,long,0,0.00010468873,0.0007285904,0.00015725398,0.21499538,2,0
2025-10-15 14:21:00+00:00,long,0,0.0073317583,0.080588125,0.02200429,0.40930486,2,1
2025-10-15 14:22:00+00:00,long,0,0.009533029,0.95978725,0.053943392,0.41657123,1,1
2025-10-15 14:23:00+00:00,short,0,0.14233495,0.10581336,0.7091421,0.6102833,2,1
2025-10-15 14:24:00+00:00,short,1,0.9885318,0.975571,0.9518023,0.79851705,3,2
2025-10-15 14:25:00+00:00,short,0,0.11286576,0.12286574,0.68344486,0.5837112,2,1
2025-10-15 14:26:00+00:00,long,0,0.00028202895,0.0028472778,0.00012401387,0.23855746,2,0
2025-10-15 14:27:00+00:00,long,0,0.0089114895,0.09610375,0.023307392,0.2392468,2,0
2025-10-15 14:28:00+00:00,long,0,7.868174e-05,0.00034129422,7.3312214e-05,0.17198475,2,0
2025-10-15 14:29:00+00:00,long,0,0.0036850017,0.95632386,0.021625938,0.19503891,1,0
2025-10-15 14:30:00+00:00,short,0,0.00011880224,0.1093921,0.00043048954,0.17313416,1,0
2025-10-15 14:31:00+00:00,short,0,0.17405185,0.08580781,0.7683215,0.60095865,2,1
2025-10-15 14:32:00+00:00,long,0,0.20512897,0.9907415,0.8429123,0.59139985,1,1
2025-10-15 14:33:00+00:00,short,0,0.0004930729,0.22160286,0.003965043,0.20344625,1,0
2025-10-15 14:34:00+00:00,short,0,0.00069536763,0.0015847327,0.0048019146,0.1944284,2,0
2025-10-15 14:35:00+00:00,short,0,0.30223426,0.3651861,0.77949506,0.54676634,2,1
2025-10-15 14:36:00+00:00,short,0,0.0010878869,0.0038723089,0.004885125,0.22317822,2,0
2025-10-15 14:37:00+00:00,short,0,0.17119503,0.18224084,0.672322,0.6400191,2,1
2025-10-15 14:38:00+00:00,long,0,6.438312e-05,0.0007269536,0.00015561438,0.1728652,2,0
2025-10-15 14:39:00+00:00,long,0,0.005724954,0.98945636,0.15570945,0.47874737,1,1
2025-10-15 14:40:00+00:00,short,0,0.003256906,0.90422684,0.013269149,0.43392053,1,1
2025-10-15 14:41:00+00:00,short,0,6.753187e-05,0.0781398,0.00031166562,0.17125897,1,0
2025-10-15 14:42:00+00:00,short,0,3.4977893e-05,0.020757807,5.9890957e-05,0.16754512,1,0
2025-10-15 14:43:00+00:00,short,0,0.19005364,0.27147323,0.5988912,0.6602405,2,1
2025-10-15 14:44:00+00:00,long,0,2.5174782e-05,0.019872138,0.00014221744,0.16737747,1,0
2025-10-15 14:45:00+00:00,long,0,0.023411635,0.9931678,0.23512736,0.566011,1,1
2025-10-15 14:46:00+00:00,long,0,5.7631096e-05,0.031688213,0.00012654938,0.16755496,1,0
2025-10-15 14:47:00+00:00,long,0,0.02744049,0.9937032,0.41629785,0.5724659,1,1
2025-10-15 14:48:00+00:00,long,0,0.0005164482,0.85957485,0.0048033455,0.33001292,1,0
2025-10-15 14:49:00+00:00,long,0,8.595703e-05,0.06523341,0.00033383368,0.17103148,1,0
2025-10-15 14:50:00+00:00,long,0,6.33809e-05,0.032831263,0.00013708693,0.16811468,1,0
2025-10-15 14:51:00+00:00,short,0,0.00013992343,0.21794721,0.00090260315,0.17896514,1,0
2025-10-15 14:52:00+00:00,short,0,0.47781587,0.5244874,0.81756026,0.6302255,2,1
2025-10-15 14:53:00+00:00,long,0,0.00011946056,0.77905756,0.00076977257,0.19002898,1,0
2025-10-15 14:54:00+00:00,long,0,0.00017235563,0.7566123,0.0011640992,0.20711744,1,0
2025-10-15 14:55:00+00:00,short,0,0.0010887785,0.7147192,0.003604264,0.27994722,1,0
2025-10-15 14:56:00+00:00,short,1,0.9419322,0.9106026,0.8738694,0.76658535,3,2
2025-10-15 14:57:00+00:00,long,0,0.0003823761,0.91782546,0.002124844,0.2199464,1,0
2025-10-15 14:58:00+00:00,short,0,0.39041412,0.24190883,0.68566465,0.7185738,2,2
2025-10-15 14:59:00+00:00,short,0,0.00027647853,0.002438618,0.0006060232,0.18870036,2,0
2025-10-15 15:00:00+00:00,short,0,0.48880225,0.36957136,0.78428835,0.6938347,2,2
2025-10-15 15:01:00+00:00,long,1,0.9876236,0.99784577,0.95863265,0.7716587,2,2
2025-10-15 15:02:00+00:00,short,0,9.144707e-05,0.024453757,9.635559e-05,0.16746205,1,0
2025-10-15 15:03:00+00:00,long,0,0.000113391914,0.078990005,0.00021630198,0.17109519,1,0
2025-10-15 15:04:00+00:00,long,0,0.0024939126,0.9421661,0.0040681474,0.21874285,1,0
2025-10-15 15:05:00+00:00,long,1,0.9663559,0.9959688,0.7995684,0.7193475,2,2
2025-10-15 15:06:00+00:00,long,0,0.0070429193,0.96559703,0.017319554,0.38529372,1,0
2025-10-15 15:07:00+00:00,long,0,0.04271194,0.9756756,0.02367527,0.3416718,1,0
2025-10-15 15:08:00+00:00,short,1,0.9877265,0.9982821,0.95421606,0.75791615,2,2
2025-10-15 15:09:00+00:00,long,0,0.031078001,0.9863544,0.12682243,0.47200528,1,1
2025-10-15 15:10:00+00:00,short,0,0.400493,0.99626887,0.6533686,0.74726987,1,2
2025-10-15 15:11:00+00:00,short,0,0.41349998,0.28423136,0.4962713,0.7051428,2,2
2025-10-15 15:12:00+00:00,short,1,0.938182,0.8868634,0.80905193,0.7608718,3,2
2025-10-15 15:13:00+00:00,long,0,0.0007074293,0.00362528,0.00021149257,0.17916955,2,0
2025-10-15 15:14:00+00:00,long,0,0.0006796829,0.8844462,0.00085601193,0.2147532,1,0
2025-10-15 15:15:00+00:00,short,0,0.00034317502,0.14710669,0.00044799177,0.17895581,1,0
2025-10-15 15:16:00+00:00,long,0,0.00014191629,0.38786474,0.00021797567,0.18201391,1,0
2025-10-15 15:17:00+00:00,short,0,0.050203085,0.9608515,0.098334946,0.48786584,1,1
2025-10-15 15:18:00+00:00,short,0,0.60356784,0.44977024,0.7987563,0.67952317,2,1
2025-10-15 15:19:00+00:00,long,1,0.9787769,0.99737656,0.9361804,0.76483124,2,2
2025-10-15 15:20:00+00:00,short,0,0.00022212623,0.112498604,0.0010364465,0.17636353,1,0
2025-10-15 15:21:00+00:00,long,0,0.0011745727,0.94102865,0.004385167,0.2444429,1,0
2025-10-15 15:22:00+00:00,short,0,0.13628471,0.99530894,0.60797065,0.7496624,1,2
2025-10-15 15:23:00+00:00,short,0,0.027003508,0.17236392,0.19509001,0.53178066,2,0
2025-10-15 15:24:00+00:00,long,0,0.03137556,0.99422884,0.4533254,0.6282396,1,1
2025-10-15 15:25:00+00:00,short,0,3.2965065e-05,0.019568648,0.00011348754,0.16751428,1,0
2025-10-15 15:26:00+00:00,long,0,0.12481066,0.99591136,0.77448314,0.7055302,1,2
2025-10-15 15:27:00+00:00,short,0,6.205795e-05,0.032255482,0.00017485232,0.16798498,1,0
2025-10-15 15:28:00+00:00,short,0,9.333042e-05,0.060289197,0.0007216058,0.17266278,1,0
2025-10-15 15:29:00+00:00,short,0,0.00015326017,0.088922575,0.0012698893,0.1778934,1,0
2025-10-15 15:30:00+00:00,long,0,9.894173e-05,0.20446399,0.00013503153,0.17946614,1,0
2025-10-15 15:31:00+00:00,short,0,0.0002843772,0.16230239,0.0009281063,0.21508367,1,0
2025-10-15 15:32:00+00:00,short,0,0.001622485,0.7155326,0.0025403486,0.2289976,1,0
2025-10-15 15:33:00+00:00,short,1,0.95616525,0.91517943,0.84096074,0.77029485,3,2
2025-10-15 15:34:00+00:00,short,0,0.00034155365,0.0030990338,0.0007425266,0.23623662,2,0
2025-10-15 15:35:00+00:00,long,0,0.010227955,0.98963225,0.0605562,0.2584318,1,0
2025-10-15 15:36:00+00:00,short,0,4.664045e-05,0.022187352,5.7470676e-05,0.16896498,1,0
2025-10-15 15:37:00+00:00,long,0,0.007673162,0.98972017,0.12298788,0.43318602,1,1
2025-10-15 15:38:00+00:00,short,0,0.00037543787,0.21286367,0.0015627986,0.23380677,1,0
2025-10-15 15:39:00+00:00,long,0,0.2590674,0.9970835,0.5920638,0.6909743,1,2
2025-10-15 15:40:00+00:00,short,0,0.00039459087,0.23256731,0.0011986238,0.2417984,1,0
2025-10-15 15:41:00+00:00,long,0,7.428265e-05,0.032302786,7.888721e-05,0.1681533,1,0
2025-10-15 15:42:00+00:00,short,0,0.06387774,0.9947826,0.25142035,0.6248882,1,1
2025-10-15 15:43:00+00:00,short,0,0.0011804467,0.01135917,0.004216477,0.3574121,2,0
2025-10-15 15:44:00+00:00,long,0,0.002235848,0.94773936,0.005388911,0.21110834,1,0
2025-10-15 15:45:00+00:00,long,0,0.02522244,0.9833783,0.06909857,0.28486836,1,0
2025-10-15 15:46:00+00:00,short,0,0.00018175971,0.09660356,0.00029826202,0.17637819,1,0
2025-10-15 15:47:00+00:00,long,0,0.022847097,0.98947525,0.092315815,0.49303126,1,1
2025-10-15 15:48:00+00:00,short,0,0.3900002,0.99586177,0.7663078,0.6911971,1,2
2025-10-15 15:49:00+00:00,short,0,0.053231504,0.22434652,0.20739327,0.5310378,2,0
2025-10-15 15:50:00+00:00,long,0,0.46086517,0.99708873,0.8316919,0.73650783,1,2
2025-10-16 14:19:00+00:00,short,0,0.044048715,0.987535,0.10662224,0.6468277,1,1
2025-10-16 14:20:00+00:00,short,0,0.24932538,0.9960765,0.76627636,0.64928156,1,1
2025-10-16 14:21:00+00:00,short,0,0.0091944495,0.9854614,0.18334591,0.56980634,1,1
2025-10-16 14:22:00+00:00,short,0,0.0091332635,0.92521745,0.024056178,0.32576677,1,0
2025-10-16 14:23:00+00:00,short,0,0.03490779,0.9867864,0.12083746,0.57701,1,1
2025-10-16 14:24:00+00:00,short,0,0.00025165183,0.7563014,0.00095367484,0.22190805,1,0
2025-10-16 14:25:00+00:00,short,0,0.00034666035,0.8825789,0.0009381084,0.21485358,1,0
2025-10-16 14:26:00+00:00,long,0,0.00024788763,0.69655037,0.0021839018,0.21308686,1,0
2025-10-16 14:27:00+00:00,long,0,0.0004578123,0.8074149,0.00172767,0.24521653,1,0
2025-10-16 14:28:00+00:00,short,0,0.07183405,0.99680185,0.2851416,0.68727,1,2
2025-10-16 14:29:00+00:00,long,0,0.0006056908,0.19181143,0.002134946,0.16904837,1,0
2025-10-16 14:30:00+00:00,long,0,0.00018242834,0.13697426,0.000596842,0.17061795,1,0
2025-10-16 14:31:00+00:00,short,0,0.0008927542,0.5072732,0.0043345834,0.22832398,1,0
2025-10-16 14:32:00+00:00,short,0,0.00021794635,0.18126225,0.00071425736,0.18209805,1,0
2025-10-16 14:33:00+00:00,long,0,0.1592854,0.99732625,0.6488437,0.6222932,1,1
2025-10-16 14:34:00+00:00,short,0,0.00026097923,0.1564186,0.00044297051,0.16925818,1,0
2025-10-16 14:35:00+00:00,short,0,0.35699466,0.99832076,0.7190753,0.70278627,1,1
2025-10-16 14:36:00+00:00,long,0,0.23307137,0.9972692,0.810158,0.6331844,1,1
2025-10-16 14:37:00+00:00,short,0,0.27534086,0.99940026,0.797934,0.72510266,1,2
2025-10-16 14:38:00+00:00,short,0,0.00020558613,0.2671762,0.0026535818,0.21671148,1,0
2025-10-16 14:39:00+00:00,long,0,0.056101315,0.99656385,0.46207574,0.51738924,1,1
2025-10-16 14:40:00+00:00,short,0,0.00029248002,0.14833054,0.0010829835,0.18479459,1,0
2025-10-16 14:41:00+00:00,short,0,0.00013615079,0.14076994,0.0003221406,0.16898827,1,0
2025-10-16 14:42:00+00:00,short,0,0.1602867,0.998106,0.6302355,0.6027379,1,1
2025-10-16 14:43:00+00:00,long,0,0.00020394825,0.57687545,0.000768869,0.17597724,1,0
2025-10-16 14:44:00+00:00,short,0,0.31834298,0.9980445,0.6601632,0.7066078,1,2
2025-10-16 14:45:00+00:00,long,0,0.00044260285,0.6918576,0.00088171574,0.1781346,1,0
2025-10-16 14:46:00+00:00,short,0,0.010675371,0.8545959,0.047550768,0.2938166,1,0
2025-10-16 14:47:00+00:00,short,1,0.9345112,0.8934841,0.8791414,0.7774281,3,2
2025-10-16 14:48:00+00:00,short,0,0.00076425815,0.26774204,0.0027232443,0.24338175,1,0
2025-10-16 14:49:00+00:00,short,0,0.109308355,0.98975766,0.5868553,0.5768969,1,0
2025-10-16 14:50:00+00:00,short,0,0.09344626,0.9865515,0.55864537,0.5999666,1,1
2025-10-16 14:51:00+00:00,long,0,0.34294114,0.992841,0.7150178,0.7120412,1,2
2025-10-16 14:52:00+00:00,long,1,0.9294365,0.99288356,0.8421241,0.691052,2,2
2025-10-16 14:53:00+00:00,long,0,0.00042499905,0.7589103,0.0015032557,0.18137862,1,0
2025-10-16 14:54:00+00:00,long,0,0.0005076973,0.6623072,0.001432557,0.1795158,1,0
2025-10-16 14:55:00+00:00,long,0,0.0005642537,0.7140277,0.0015629394,0.17814465,1,0
2025-10-16 14:56:00+00:00,long,0,0.004926256,0.9170335,0.009558465,0.18453692,1,0
2025-10-16 14:57:00+00:00,short,0,0.00075868994,0.10470818,0.001172909,0.17939354,1,0
2025-10-16 14:58:00+00:00,long,0,0.00024441123,0.10524031,0.0007912827,0.16774584,1,0
2025-10-16 14:59:00+00:00,short,0,0.0065648085,0.74123377,0.027819328,0.33054668,1,0
2025-10-16 15:00:00+00:00,long,1,0.9832755,0.997905,0.92001295,0.70530194,2,2
2025-10-16 15:01:00+00:00,short,1,0.9780215,0.99260557,0.91700155,0.67721844,2,1
2025-10-16 15:02:00+00:00,long,0,0.0007008557,0.4395235,0.0016455811,0.18313535,1,0
2025-10-16 15:03:00+00:00,short,0,0.14421465,0.85116893,0.20006646,0.47340563,1,1
2025-10-16 15:04:00+00:00,short,1,0.9445833,0.9860729,0.8980685,0.7052869,2,2
2025-10-16 15:05:00+00:00,long,0,0.00015322263,0.071060695,0.0021387832,0.1677417,1,0
2025-10-16 15:06:00+00:00,long,0,0.000192483,0.08607373,0.002126955,0.16772608,1,0
2025-10-16 15:07:00+00:00,long,0,0.00038992637,0.46029305,0.0012726791,0.17460251,1,0
2025-10-16 15:08:00+00:00,long,0,0.00075174647,0.70210433,0.0020876105,0.17889106,1,0
2025-10-16 15:09:00+00:00,long,0,0.0007356986,0.77092105,0.0022027798,0.17528729,1,0
2025-10-16 15:10:00+00:00,long,0,0.0041343844,0.94112444,0.0103544565,0.2035576,1,0
2025-10-16 15:11:00+00:00,long,0,0.00070881133,0.8051135,0.0016667069,0.18434782,1,0
2025-10-16 15:12:00+00:00,short,0,0.06990055,0.8533986,0.05157119,0.42170072,1,0
2025-10-16 15:13:00+00:00,short,0,0.013213785,0.66649735,0.017341722,0.28444996,1,0
2025-10-16 15:14:00+00:00,long,0,0.047965497,0.9890031,0.1623527,0.3138546,1,0
2025-10-16 15:15:00+00:00,long,0,0.008623595,0.9492037,0.016857704,0.1775787,1,0
2025-10-16 15:16:00+00:00,long,0,0.00025448544,0.7250224,0.0023698695,0.18175213,1,0
2025-10-16 15:17:00+00:00,short,0,0.16668312,0.9910343,0.23175204,0.6510635,1,2
2025-10-16 15:18:00+00:00,short,0,0.0017794085,0.18298672,0.005638932,0.1931362,1,0
2025-10-16 15:19:00+00:00,short,0,0.0030909157,0.2977118,0.010742893,0.20809703,1,0
2025-10-16 15:20:00+00:00,long,0,0.0004018785,0.6145852,0.0012866796,0.21953899,1,0
2025-10-16 15:21:00+00:00,short,0,0.16732793,0.99146664,0.1874739,0.72596043,1,2
2025-10-16 15:22:00+00:00,short,0,0.0048960806,0.23417424,0.03135648,0.23525827,1,0
2025-10-16 15:23:00+00:00,short,0,0.26419252,0.9967796,0.94736826,0.76962835,1,2
2025-10-16 15:24:00+00:00,short,0,0.007403386,0.47058064,0.06891023,0.39239213,1,0
2025-10-16 15:25:00+00:00,short,0,0.021774435,0.98254436,0.08671341,0.569874,1,0
2025-10-16 15:26:00+00:00,long,0,0.00017150154,0.057106253,0.0005429509,0.1680473,1,0
2025-10-16 15:27:00+00:00,short,0,0.026436457,0.991437,0.05388289,0.56289506,1,0
2025-10-16 15:28:00+00:00,short,0,0.110869534,0.9808935,0.22831124,0.7252441,1,2
2025-10-16 15:29:00+00:00,long,0,0.0003101149,0.1649653,0.0011404874,0.176468,1,0
2025-10-16 15:30:00+00:00,short,0,0.078683026,0.07117215,0.16661622,0.65087074,2,1
2025-10-16 15:31:00+00:00,short,1,0.9843128,0.98060673,0.9616345,0.7809289,3,2
2025-10-16 15:32:00+00:00,short,0,0.08783171,0.27425203,0.59214514,0.51010746,2,0
2025-10-16 15:33:00+00:00,short,0,0.6873497,0.9991431,0.96965784,0.7887156,1,2
2025-10-16 15:34:00+00:00,long,0,0.00040633033,0.12755676,0.00094572856,0.18372448,1,0
2025-10-16 15:35:00+00:00,short,1,0.9826605,0.9995254,0.9789684,0.7921676,2,2
2025-10-16 15:36:00+00:00,short,0,0.006910475,0.9260043,0.06554818,0.41531816,1,0
2025-10-16 15:37:00+00:00,long,0,0.000174794,0.32061198,0.0007248272,0.2048202,1,0
2025-10-16 15:38:00+00:00,long,0,0.00017295736,0.00050840917,0.0006568243,0.17046966,2,0
2025-10-16 15:39:00+00:00,short,0,0.33155045,0.99616313,0.8166298,0.72187763,1,2
2025-10-16 15:40:00+00:00,short,0,0.00024397191,0.0011276669,0.0010540597,0.2735269,2,0
2025-10-16 15:41:00+00:00,short,0,0.11737291,0.08562551,0.17210346,0.7117908,2,2
2025-10-16 15:42:00+00:00,long,0,7.0592534e-05,0.0006498481,0.0008740274,0.16826431,2,0
2025-10-16 15:43:00+00:00,long,0,0.00020239712,0.0008402998,0.0014178494,0.17360376,2,0
2025-10-16 15:44:00+00:00,short,0,0.0031879826,0.02024375,0.013288922,0.4168721,2,1
2025-10-16 15:45:00+00:00,short,0,0.043111973,0.11092609,0.11052358,0.5231319,2,1
2025-10-16 15:46:00+00:00,short,0,0.00052655686,0.002436874,0.0024386714,0.28249002,2,0
2025-10-16 15:47:00+00:00,long,0,0.00024310441,0.0011601964,0.00046367262,0.16924863,2,0
2025-10-16 15:48:00+00:00,short,0,0.00033275966,0.0008527702,0.0006715824,0.18496352,2,0
2025-10-16 15:49:00+00:00,short,0,0.00030878317,0.002276436,0.00038539674,0.17237955,2,0
2025-10-16 15:50:00+00:00,short,0,0.0004920822,0.0011446124,0.0005625466,0.17203777,2,0
2025-10-17 14:19:00+00:00,long,0,0.06778877,0.9827665,0.28405377,0.42673907,1,0
2025-10-17 14:20:00+00:00,long,0,0.047096193,0.98855513,0.3767545,0.5610121,1,0
2025-10-17 14:21:00+00:00,short,0,0.0024743008,0.5235784,0.0009289826,0.1876492,1,0
2025-10-17 14:22:00+00:00,short,0,0.00028931117,0.13379848,0.000117369505,0.1725343,1,0
2025-10-17 14:23:00+00:00,short,0,0.0002718569,0.15829512,0.00016152917,0.17181273,1,0
2025-10-17 14:24:00+00:00,long,0,0.0014423445,0.8711447,0.0015199301,0.18721916,1,0
2025-10-17 14:25:00+00:00,long,0,0.00021025163,0.24085993,0.00076327636,0.19178474,1,0
2025-10-17 14:26:00+00:00,short,1,0.98196113,0.9981761,0.9323427,0.79794973,2,2
2025-10-17 14:27:00+00:00,short,0,0.00021309796,0.21280673,0.0002874805,0.18209662,1,0
2025-10-17 14:28:00+00:00,long,0,0.0007969957,0.87683475,0.01920595,0.18669613,1,0
2025-10-17 14:29:00+00:00,long,0,0.019129654,0.92965645,0.21847011,0.29224563,1,0
2025-10-17 14:30:00+00:00,long,1,0.9703415,0.99052,0.9224783,0.7634724,2,2
2025-10-17 14:31:00+00:00,long,0,0.0002759421,0.7975203,0.0017105408,0.23734695,1,0
2025-10-17 14:32:00+00:00,long,0,0.00015482832,0.21616879,0.0018189343,0.2903749,1,0
2025-10-17 14:33:00+00:00,long,0,0.00035337458,0.8340558,0.0014485532,0.30985585,1,0
2025-10-17 14:34:00+00:00,long,0,0.000589577,0.88070446,0.0013575888,0.22410834,1,0
2025-10-17 14:35:00+00:00,long,0,0.020344486,0.9680072,0.22252506,0.40503582,1,0
2025-10-17 14:36:00+00:00,long,0,0.00041347885,0.8542096,0.0012312621,0.22303724,1,0
2025-10-17 14:37:00+00:00,long,0,0.00011275673,0.10845574,0.0004015469,0.1947224,1,0
2025-10-17 14:38:00+00:00,long,0,0.00064185547,0.5660555,0.0019831567,0.21849012,1,0
2025-10-17 14:39:00+00:00,long,0,0.00047329522,0.8567886,0.0010898447,0.20271939,1,0
2025-10-17 14:40:00+00:00,short,0,0.06149749,0.98805887,0.0873597,0.26133212,1,0
2025-10-17 14:41:00+00:00,short,0,0.00030248074,0.09949756,0.00013979488,0.18300281,1,0
2025-10-17 14:42:00+00:00,short,0,0.0002764042,0.07971205,0.00014376605,0.16945167,1,0
2025-10-17 14:43:00+00:00,long,0,0.0044306256,0.93068796,0.007871112,0.27346066,1,0
2025-10-17 14:44:00+00:00,short,0,0.009488909,0.8429806,0.012574797,0.17707139,1,0
2025-10-17 14:45:00+00:00,long,0,0.002036585,0.8675687,0.0054789083,0.33926973,1,0
2025-10-17 14:46:00+00:00,long,0,0.096176654,0.9908098,0.40619215,0.4941245,1,1
2025-10-17 14:47:00+00:00,long,0,0.0016160837,0.89822197,0.0052880137,0.34336886,1,0
2025-10-17 14:48:00+00:00,long,0,0.0008893768,0.74752754,0.0016456712,0.32187545,1,0
2025-10-17 14:49:00+00:00,short,0,0.00022642466,0.036544275,8.485521e-05,0.17573698,1,0
2025-10-17 14:50:00+00:00,long,0,0.0016549487,0.82984805,0.003813849,0.32376665,1,0
2025-10-17 14:51:00+00:00,long,0,0.00064083195,0.7896084,0.0011701315,0.23588866,1,0
2025-10-17 14:52:00+00:00,short,0,0.33763775,0.9923389,0.6435217,0.5678203,1,0
2025-10-17 14:53:00+00:00,long,0,0.0008425961,0.24012229,0.002873036,0.31036052,1,0
2025-10-17 14:54:00+00:00,short,0,0.12236217,0.9876403,0.5136233,0.45341733,1,0
2025-10-17 14:55:00+00:00,short,0,0.00044537248,0.10351557,0.00096934044,0.17375594,1,0
2025-10-17 14:56:00+00:00,long,0,0.00024217486,0.09439853,0.00049225485,0.3067193,1,0
2025-10-17 14:57:00+00:00,short,0,0.00046646863,0.15879282,0.00090051227,0.17169498,1,0
2025-10-17 14:58:00+00:00,long,0,0.0002827591,0.15277305,0.000866873,0.2502896,1,0
2025-10-17 14:59:00+00:00,long,0,0.0077679385,0.92661494,0.027877232,0.28360894,1,0
2025-10-17 15:00:00+00:00,long,0,0.00079248095,0.57573736,0.0020301668,0.3552281,1,0
2025-10-17 15:01:00+00:00,long,0,0.3213788,0.99745697,0.62460715,0.7214287,1,2
2025-10-17 15:02:00+00:00,long,0,0.2411622,0.40089625,0.44421586,0.6939123,2,2
2025-10-17 15:03:00+00:00,short,0,0.0021631091,0.6665477,0.0035374744,0.18518873,1,0
2025-10-17 15:04:00+00:00,short,0,0.00029382212,0.058054835,0.0003203957,0.17242743,1,0
2025-10-17 15:05:00+00:00,short,0,0.46653804,0.9959966,0.5368132,0.6109309,1,1
2025-10-17 15:06:00+00:00,short,0,0.12511642,0.9865045,0.47824967,0.4883,1,0
2025-10-17 15:07:00+00:00,short,0,0.00018610577,0.14454266,0.0013002985,0.21167643,1,0
2025-10-17 15:08:00+00:00,short,0,0.0005817844,0.09573418,0.00023127744,0.19766237,1,0
2025-10-17 15:09:00+00:00,short,0,0.051163245,0.9708289,0.05417925,0.2255982,1,0
2025-10-17 15:10:00+00:00,long,0,0.030458309,0.9238025,0.045434013,0.41584966,1,0
2025-10-17 15:11:00+00:00,short,0,0.0003178177,0.1609426,0.0012097147,0.20136762,1,0
2025-10-17 15:12:00+00:00,short,0,0.0005072397,0.21828943,0.0019243603,0.21030408,1,0
2025-10-17 15:13:00+00:00,short,0,0.0004891556,0.11638216,0.0005468639,0.17301428,1,0
2025-10-17 15:14:00+00:00,short,0,0.0005730197,0.14511378,0.00045301166,0.17857619,1,0
2025-10-17 15:15:00+00:00,long,0,0.0008223628,0.24378985,0.010166284,0.29318824,1,0
2025-10-17 15:16:00+00:00,long,0,0.062059473,0.9663273,0.036086254,0.4268628,1,0
2025-10-17 15:17:00+00:00,short,1,0.9545612,0.9966788,0.80293506,0.56679505,2,1
2025-10-17 15:18:00+00:00,short,0,0.004820357,0.4215648,0.005361902,0.2180454,1,0
2025-10-17 15:19:00+00:00,long,1,0.9650159,0.98846054,0.83374,0.7331712,2,2
2025-10-17 15:20:00+00:00,short,0,0.0008671795,0.04415672,0.0005335115,0.17444605,1,0
2025-10-17 15:21:00+00:00,long,0,0.002080143,0.6994156,0.010345162,0.38110444,1,0
2025-10-17 15:22:00+00:00,short,0,0.006388145,0.4217267,0.0024072863,0.19076478,1,0
2025-10-17 15:23:00+00:00,long,0,0.0023909153,0.42387927,0.0054056384,0.35292187,1,0
2025-10-17 15:24:00+00:00,short,0,0.0009785985,0.12049217,0.00067629706,0.23021078,1,0
2025-10-17 15:25:00+00:00,long,0,0.0058664535,0.8894216,0.04522708,0.436739,1,0
2025-10-17 15:26:00+00:00,long,0,0.26515964,0.9825828,0.71518344,0.68825483,1,2
2025-10-17 15:27:00+00:00,short,0,0.0005700304,0.058239177,0.00045598304,0.17408226,1,0
2025-10-17 15:28:00+00:00,short,0,0.0003618597,0.04292191,0.00037275493,0.17673315,1,0
2025-10-17 15:29:00+00:00,short,0,0.000354362,0.069252335,0.0003626542,0.1836844,1,0
2025-10-17 15:30:00+00:00,long,0,0.004267918,0.8863376,0.029999027,0.4112316,1,0
2025-10-17 15:31:00+00:00,short,0,0.0012273238,0.21733163,0.0021276737,0.17595215,1,0
2025-10-17 15:32:00+00:00,short,0,0.004363627,0.8005973,0.005696949,0.19097216,1,0
2025-10-17 15:33:00+00:00,short,0,0.00039412093,0.19237533,0.0015383632,0.1988908,1,0
2025-10-17 15:34:00+00:00,long,0,0.22101437,0.9959215,0.86346847,0.7339837,1,2
2025-10-17 15:35:00+00:00,short,0,0.17966518,0.9934896,0.35615095,0.50716823,1,0
2025-10-17 15:36:00+00:00,short,0,0.0006611556,0.14656885,0.0011527747,0.27451167,1,0
2025-10-17 15:37:00+00:00,long,0,0.0030316922,0.7339282,0.00845546,0.40078512,1,0
2025-10-17 15:38:00+00:00,short,0,0.0009038795,0.07336116,0.00038364108,0.18935792,1,0
2025-10-17 15:39:00+00:00,long,0,0.0041229855,0.78708124,0.012402262,0.40848616,1,0
2025-10-17 15:40:00+00:00,short,0,0.00031944105,0.06831016,0.00058669015,0.18492137,1,0
2025-10-17 15:41:00+00:00,short,0,0.0019500664,0.6757121,0.002745573,0.1920891,1,0
2025-10-17 15:42:00+00:00,short,0,0.0916014,0.98779684,0.45077834,0.7486601,1,2
2025-10-17 15:43:00+00:00,short,0,0.03458344,0.9396886,0.049450513,0.30357286,1,0
2025-10-17 15:44:00+00:00,short,1,0.98224545,0.9982962,0.92937607,0.711844,2,2
2025-10-17 15:45:00+00:00,short,0,0.00071178604,0.12687616,0.0016797403,0.19541043,1,0
2025-10-17 15:46:00+00:00,short,0,0.0011784952,0.13390896,0.00061579375,0.18430811,1,0
2025-10-17 15:47:00+00:00,short,0,0.016482176,0.92410505,0.15577087,0.55816925,1,1
2025-10-17 15:48:00+00:00,short,0,0.00057031325,0.16360702,0.0010994519,0.17449093,1,0
2025-10-17 15:49:00+00:00,short,0,0.037069682,0.9359905,0.09916376,0.29716507,1,0
2025-10-17 15:50:00+00:00,short,0,0.06558429,0.9877757,0.28980392,0.7364962,1,2
2025-10-20 14:19:00+00:00,long,0,0.00051382545,0.001599325,0.001892369,0.17057307,2,0
2025-10-20 14:20:00+00:00,long,1,0.96694136,0.9222644,0.8124733,0.721855,3,2
2025-10-20 14:21:00+00:00,long,0,0.0009350931,0.0014940952,0.0005083808,0.17381704,2,0
2025-10-20 14:22:00+00:00,long,0,0.0023015442,0.0068421056,0.011420357,0.19285567,2,0
2025-10-20 14:23:00+00:00,long,0,0.0011565435,0.0030916256,0.001240412,0.17272352,2,0
2025-10-20 14:24:00+00:00,long,0,0.0016343669,0.011743599,0.0023859127,0.17370589,2,0
2025-10-20 14:25:00+00:00,long,0,0.032629825,0.020774247,0.030962057,0.2207533,2,0
2025-10-20 14:26:00+00:00,long,1,0.98723954,0.98161525,0.95892274,0.79345626,3,2
2025-10-20 14:27:00+00:00,long,0,0.011630816,0.013336124,0.01679074,0.21758735,2,0
2025-10-20 14:28:00+00:00,long,0,0.00093906216,0.0010795672,0.0012153543,0.172817,2,0
2025-10-20 14:29:00+00:00,long,0,0.0007296782,0.0011093837,0.0028073525,0.17630054,2,0
2025-10-20 14:30:00+00:00,long,0,0.0063605085,0.02021459,0.008429613,0.20100027,2,0
2025-10-20 14:31:00+00:00,long,0,0.005027097,0.0054078517,0.018649507,0.1833291,2,0
2025-10-20 14:32:00+00:00,long,0,0.0010738213,0.0021438205,0.0024545933,0.17278571,2,0
2025-10-20 14:33:00+00:00,long,0,0.013208576,0.0070825727,0.046841618,0.195942,2,0
2025-10-20 14:34:00+00:00,long,0,0.014064276,0.00838458,0.021160332,0.18742132,2,0
2025-10-20 14:35:00+00:00,long,0,0.0027854778,0.0172976,0.014398798,0.21039887,2,0
2025-10-20 14:36:00+00:00,long,0,0.011547657,0.022453379,0.010494665,0.20343326,2,0
2025-10-20 14:37:00+00:00,long,0,0.0036186962,0.008080576,0.007263101,0.17357671,2,0
2025-10-20 14:38:00+00:00,long,0,0.004468804,0.048766684,0.250721,0.2912431,2,0
2025-10-20 14:39:00+00:00,long,0,0.0037798134,0.027214754,0.020269187,0.20651932,2,0
2025-10-20 14:40:00+00:00,long,1,0.97887003,0.9718418,0.94170624,0.8000579,3,2
2025-10-20 14:41:00+00:00,long,0,0.0042344355,0.009693227,0.035070423,0.18018806,2,0
2025-10-20 14:42:00+00:00,long,0,0.18923998,0.33442867,0.52536166,0.62634474,2,1
2025-10-20 14:43:00+00:00,long,0,0.002679223,0.007242583,0.04327428,0.19859557,2,0
2025-10-20 14:44:00+00:00,long,0,0.16018963,0.18994595,0.5614637,0.517513,2,0
2025-10-20 14:45:00+00:00,long,0,0.13126981,0.20004235,0.3177552,0.5946215,2,1
2025-10-20 14:46:00+00:00,long,0,0.41468912,0.9941162,0.882744,0.77940464,1,2
2025-10-20 14:47:00+00:00,long,0,0.005443574,0.0047554504,0.025594844,0.19944423,2,0
2025-10-20 14:48:00+00:00,long,0,0.050992277,0.05750174,0.36758998,0.5049803,2,1
2025-10-20 14:49:00+00:00,long,0,0.069810174,0.10859263,0.28017,0.5821143,2,1
2025-10-20 14:50:00+00:00,long,0,0.004805685,0.017847786,0.082165316,0.2557989,2,0
2025-10-20 14:51:00+00:00,long,0,0.018246008,0.015539598,0.034942556,0.25158593,2,0
2025-10-20 14:52:00+00:00,long,1,0.9822557,0.9980028,0.94152707,0.7916667,2,2
2025-10-20 14:53:00+00:00,long,0,0.0009419701,0.0014058213,0.0018157847,0.17034376,2,0
2025-10-20 14:54:00+00:00,long,0,0.018034112,0.014475832,0.15358075,0.2652609,2,0
2025-10-20 14:55:00+00:00,long,0,0.1462208,0.29558527,0.40309662,0.61160964,2,1
2025-10-20 14:56:00+00:00,long,0,0.16433717,0.17767687,0.6676756,0.465494,2,0
2025-10-20 14:57:00+00:00,long,0,0.007307699,0.012188195,0.014563685,0.19036049,2,0
2025-10-20 14:58:00+00:00,long,0,0.011951719,0.015694683,0.047338273,0.20183527,2,0
2025-10-20 14:59:00+00:00,long,1,0.96850216,0.92200387,0.847092,0.733099,3,2
2025-10-20 15:00:00+00:00,long,0,0.001388011,0.0038308764,0.005130839,0.17121078,2,0
2025-10-20 15:01:00+00:00,long,0,0.00093403173,0.004031057,0.0039714286,0.1715355,2,0
2025-10-20 15:02:00+00:00,long,0,0.0012082574,0.0015177507,0.0024603854,0.17285933,2,0
2025-10-20 15:03:00+00:00,long,0,0.0012905839,0.0035887056,0.03109693,0.17905332,2,0
2025-10-20 15:04:00+00:00,long,0,0.0015409632,0.0036542693,0.0072561796,0.18396598,2,0
2025-10-20 15:05:00+00:00,long,1,0.98429203,0.9882343,0.96408194,0.80115485,3,2
2025-10-20 15:06:00+00:00,long,0,0.0005700812,0.0017551606,0.009098797,0.1716844,2,0
2025-10-20 15:07:00+00:00,long,0,0.0011857772,0.0038110076,0.008599235,0.17333598,2,0
2025-10-20 15:08:00+00:00,long,0,0.002123642,0.0036052712,0.013506736,0.18924351,2,0
2025-10-20 15:09:00+00:00,long,0,0.0029818944,0.0071450383,0.009508738,0.19706969,2,0
2025-10-20 15:10:00+00:00,long,0,0.0024449085,0.009250586,0.014765714,0.19574584,2,0
2025-10-20 15:11:00+00:00,long,0,0.010118001,0.030856498,0.13729677,0.22236161,2,0
2025-10-20 15:12:00+00:00,long,0,0.005444834,0.0179813,0.007978667,0.23042525,2,0
2025-10-20 15:13:00+00:00,long,0,0.0021484524,0.005281204,0.012015738,0.19526756,2,0
2025-10-20 15:14:00+00:00,long,0,0.00977959,0.064063884,0.075814046,0.23198865,2,0
2025-10-20 15:15:00+00:00,long,0,0.008847067,0.043870714,0.031552076,0.18963559,2,0
2025-10-20 15:16:00+00:00,long,0,0.008794862,0.025399568,0.015016159,0.19540085,2,0
2025-10-20 15:17:00+00:00,long,0,0.020541819,0.04503587,0.089899845,0.19253027,2,0
2025-10-20 15:18:00+00:00,long,0,0.0035596478,0.0047423677,0.007511843,0.17459218,2,0
2025-10-20 15:19:00+00:00,long,0,0.011394063,0.026335336,0.028833836,0.1870913,2,0
2025-10-20 15:20:00+00:00,long,0,0.041966226,0.09304324,0.1148278,0.20682512,2,0
2025-10-20 15:21:00+00:00,long,1,0.99184084,0.9815794,0.9784443,0.8087051,3,2
2025-10-20 15:22:00+00:00,long,0,0.008685382,0.008731324,0.04071617,0.18121742,2,0
2025-10-20 15:23:00+00:00,long,0,0.047668118,0.06074795,0.086525954,0.20617086,2,0
2025-10-20 15:24:00+00:00,long,0,0.0031123413,0.002384668,0.00251413,0.17070459,2,0
2025-10-20 15:25:00+00:00,long,0,0.17635034,0.16382673,0.46501634,0.36408743,2,0
2025-10-20 15:26:00+00:00,long,0,0.0045297816,0.012958427,0.0163881,0.19979905,2,0
2025-10-20 15:27:00+00:00,long,1,0.97660756,0.96520585,0.9500075,0.7195177,3,2
2025-10-20 15:28:00+00:00,long,1,0.9789155,0.9587296,0.9451721,0.7486877,3,2
2025-10-20 15:29:00+00:00,long,1,0.983886,0.9798906,0.9465676,0.78406495,3,2
2025-10-20 15:30:00+00:00,long,1,0.9918995,0.97921365,0.92817324,0.81525546,3,2
2025-10-20 15:31:00+00:00,long,1,0.9840894,0.9684977,0.914247,0.81309223,3,2
2025-10-20 15:32:00+00:00,long,0,0.0030784355,0.010078924,0.0043615205,0.16882645,2,0
2025-10-20 15:33:00+00:00,long,1,0.9945422,0.99224854,0.9641301,0.8200331,3,2
2025-10-20 15:34:00+00:00,long,1,0.9864755,0.987723,0.91611856,0.8197048,3,2
2025-10-20 15:35:00+00:00,long,1,0.9901101,0.97647786,0.94415367,0.8173252,3,2
2025-10-20 15:36:00+00:00,long,0,0.58138216,0.566736,0.65837365,0.74726814,2,2
2025-10-20 15:37:00+00:00,long,1,0.98602366,0.97185904,0.94649714,0.8108287,3,2
2025-10-20 15:38:00+00:00,long,0,0.030281909,0.027824631,0.037452515,0.4169681,2,0
2025-10-20 15:39:00+00:00,long,0,0.00079012575,0.0012831937,0.0013958737,0.1685399,2,0
2025-10-20 15:40:00+00:00,long,0,0.001239754,0.0009402972,0.0011749319,0.16804916,2,0
2025-10-20 15:41:00+00:00,long,0,0.00038226586,0.0020294257,0.0043091564,0.16788222,2,0
2025-10-20 15:42:00+00:00,long,0,0.00042257496,0.002512533,0.0066306456,0.1678016,2,0
2025-10-20 15:43:00+00:00,long,0,0.00052697887,0.0007715005,0.0012507335,0.1676787,2,0
2025-10-20 15:44:00+00:00,long,0,0.0013884042,0.0012016784,0.004343411,0.16846973,2,0
2025-10-20 15:45:00+00:00,long,0,0.00083624286,0.001355887,0.0007861805,0.16812335,2,0
2025-10-20 15:46:00+00:00,long,0,0.0006222753,0.0021456063,0.0077781663,0.16886306,2,0
2025-10-20 15:47:00+00:00,long,0,0.0009264956,0.0028106382,0.008536679,0.16891462,2,0
2025-10-20 15:48:00+00:00,long,0,0.081874035,0.14096582,0.5914924,0.5956624,2,1
2025-10-20 15:49:00+00:00,long,0,0.0007212352,0.0029776543,0.008386534,0.16876425,2,0
2025-10-20 15:50:00+00:00,long,0,0.0005457449,0.00081678206,0.0045664604,0.16929562,2,0
2025-10-21 14:19:00+00:00,long,0,0.00024160086,0.00076517527,0.0009506833,0.17517833,2,0
2025-10-21 14:20:00+00:00,short,0,6.4427586e-05,0.00020199709,0.0002666822,0.16853653,2,0
2025-10-21 14:21:00+00:00,long,0,0.00032356416,0.25579596,0.00020370746,0.18153338,1,0
2025-10-21 14:22:00+00:00,long,0,0.00010772477,0.007984383,0.0001593331,0.1699545,1,0
2025-10-21 14:23:00+00:00,short,0,7.256465e-05,0.0069953036,4.5150045e-05,0.1684438,1,0
2025-10-21 14:24:00+00:00,short,0,0.00015253923,0.00049452804,0.00020756165,0.1752453,2,0
2025-10-21 14:25:00+00:00,long,0,0.001086216,0.5393561,0.00090985704,0.1961772,1,0
2025-10-21 14:26:00+00:00,long,0,0.0001919213,0.01095379,0.00028473802,0.16871041,1,0
2025-10-21 14:27:00+00:00,long,0,0.0029453966,0.88751733,0.004933547,0.19098479,1,0
2025-10-21 14:28:00+00:00,short,0,0.0074562132,0.008200071,0.017190505,0.1707911,2,0
2025-10-21 14:29:00+00:00,short,0,0.00052831066,0.0006347737,0.0006924358,0.17364009,2,0
2025-10-21 14:30:00+00:00,short,0,0.0016847005,0.00172349,0.0024057685,0.17398168,2,0
2025-10-21 14:31:00+00:00,short,0,0.00042982324,0.0016933485,0.00056665775,0.17626475,2,0
2025-10-21 14:32:00+00:00,short,0,0.0073304013,0.029505532,0.03966577,0.17902905,2,0
2025-10-21 14:33:00+00:00,long,0,0.0016123411,0.039707173,0.001074618,0.3224093,2,0
2025-10-21 14:34:00+00:00,long,0,0.00033120348,0.0005996536,0.00013655216,0.16912557,2,0
2025-10-21 14:35:00+00:00,long,0,0.00022671303,0.027289195,0.0001799609,0.16965003,1,0
2025-10-21 14:36:00+00:00,long,0,0.00019706888,0.027714347,0.00032035017,0.17370333,1,0
2025-10-21 14:37:00+00:00,long,0,0.0010112012,0.6216506,0.0008885154,0.21343382,1,0
2025-10-21 14:38:00+00:00,short,0,0.0015285973,0.09408617,0.0041915504,0.17989142,1,0
2025-10-21 14:39:00+00:00,short,0,0.0026871944,0.00644798,0.02310662,0.17834918,2,0
2025-10-21 14:40:00+00:00,long,0,0.00029923124,0.00092278887,0.0002839884,0.17054315,2,0
2025-10-21 14:41:00+00:00,long,0,0.0011483589,0.65907013,0.00050445925,0.21733618,1,0
2025-10-21 14:42:00+00:00,long,0,0.006049437,0.92644876,0.0081847,0.18731594,1,0
2025-10-21 14:43:00+00:00,long,0,0.00070778193,0.041496284,0.0005776225,0.17544349,1,0
2025-10-21 14:44:00+00:00,short,0,0.011241958,0.44824034,0.02959303,0.17842054,1,0
2025-10-21 14:45:00+00:00,short,0,0.00016630736,0.03406279,0.000120098564,0.16765459,1,0
2025-10-21 14:46:00+00:00,short,0,0.00035051245,0.0013892739,0.00062711904,0.17266846,2,0
2025-10-21 14:47:00+00:00,short,0,0.00040872092,0.0008945457,0.000393929,0.16875537,2,0
2025-10-21 14:48:00+00:00,long,0,0.00029718026,0.024699584,0.0003170602,0.16918738,1,0
2025-10-21 14:49:00+00:00,short,0,0.00019678252,0.0007026905,0.0007123934,0.16768481,2,0
2025-10-21 14:50:00+00:00,short,0,0.0005849113,0.0024021673,0.0014652468,0.17305149,2,0
2025-10-21 14:51:00+00:00,long,0,0.0003814019,0.14674394,0.0004083856,0.17029607,1,0
2025-10-21 14:52:00+00:00,short,0,0.000168851,0.0411296,0.00024988878,0.16824555,1,0
2025-10-21 14:53:00+00:00,long,0,0.0014380278,0.80541056,0.0025646836,0.2628017,1,0
2025-10-21 14:54:00+00:00,long,0,0.00082267314,0.82053506,0.0016197715,0.20578264,1,0
2025-10-21 14:55:00+00:00,short,0,0.000121602294,0.028927486,0.00034263526,0.16866422,1,0
2025-10-21 14:56:00+00:00,short,0,0.0001360693,0.015835125,0.0003024986,0.1686898,1,0
2025-10-21 14:57:00+00:00,short,0,0.00030189386,0.03065362,0.00093985297,0.17420031,1,0
2025-10-21 14:58:00+00:00,short,0,0.00079973415,0.0016736159,0.011793481,0.17562129,2,0
2025-10-21 14:59:00+00:00,short,0,6.2885e-05,0.00024487564,0.00024234394,0.16768365,2,0
2025-10-21 15:00:00+00:00,long,0,0.0002016607,0.028445192,0.00030167896,0.17179,1,0
2025-10-21 15:01:00+00:00,long,0,0.00015979669,0.015217384,0.0002277745,0.16836357,1,0
2025-10-21 15:02:00+00:00,short,0,9.6014024e-05,0.008203274,0.00014691912,0.16772652,1,0
2025-10-21 15:03:00+00:00,long,0,0.00010306879,0.0063110054,0.00014727173,0.16836429,1,0
2025-10-21 15:04:00+00:00,short,0,0.0005290111,0.0004132111,0.0038368353,0.17503645,2,0
2025-10-21 15:05:00+00:00,short,0,0.0002888922,0.00036212802,0.0027075745,0.17153841,2,0
2025-10-21 15:06:00+00:00,long,0,0.00022267266,0.15176043,0.0009881359,0.18423122,1,0
2025-10-21 15:07:00+00:00,short,0,8.910276e-05,0.010559368,0.00013819002,0.16771959,1,0
2025-10-21 15:08:00+00:00,short,0,0.00021294784,0.0004429536,0.0020503844,0.17011678,2,0
2025-10-21 15:09:00+00:00,short,0,0.0003460053,0.0006892114,0.0024886997,0.17353487,2,0
2025-10-21 15:10:00+00:00,short,0,0.00019657961,0.0005236167,0.00090643874,0.17321117,2,0
2025-10-21 15:11:00+00:00,short,0,0.00014634112,0.00029244542,0.0005965883,0.17373659,2,0
2025-10-21 15:12:00+00:00,short,0,9.580093e-05,0.0002418583,0.00041355295,0.1675365,2,0
2025-10-21 15:13:00+00:00,short,0,8.1576014e-05,0.00027591657,0.00014031585,0.16801588,2,0
2025-10-21 15:14:00+00:00,short,0,7.112059e-05,0.0002875186,0.00020513868,0.16789858,2,0
2025-10-21 15:15:00+00:00,long,0,0.00010391157,0.0082906885,0.00018856341,0.1673459,1,0
2025-10-21 15:16:00+00:00,short,0,0.0001027481,0.017750012,0.00043328563,0.1765246,1,0
2025-10-21 15:17:00+00:00,long,0,6.0832997e-05,0.010244646,0.00013232684,0.16743873,1,0
2025-10-21 15:18:00+00:00,short,0,5.697166e-05,0.012996123,0.000116234245,0.1697985,1,0
2025-10-21 15:19:00+00:00,long,0,6.124458e-05,0.0114271315,0.00011722009,0.16749483,1,0
2025-10-21 15:20:00+00:00,long,0,0.00022948766,0.047098964,0.00060151337,0.17193957,1,0
2025-10-21 15:21:00+00:00,short,0,0.0008214778,0.0008943297,0.0032064267,0.18552208,2,0
2025-10-21 15:22:00+00:00,short,0,4.3067736e-05,0.010554029,0.000116234245,0.1685462,1,0
2025-10-21 15:23:00+00:00,long,0,0.00025815185,0.025732756,0.00025468424,0.16968758,1,0
2025-10-21 15:24:00+00:00,long,0,0.00034991078,0.047153275,0.00037466342,0.17126602,1,0
2025-10-21 15:25:00+00:00,long,0,0.000240931,0.014105687,0.00017161015,0.16793817,1,0
2025-10-21 15:26:00+00:00,long,0,0.0003479769,0.05182066,0.000511109,0.17368989,1,0
2025-10-21 15:27:00+00:00,short,0,0.0002950646,0.031930633,0.000813045,0.19941211,1,0
2025-10-21 15:28:00+00:00,long,0,0.00013701609,0.016349573,0.00026396415,0.16952033,1,0
2025-10-21 15:29:00+00:00,long,0,0.0012514818,0.7228578,0.001995379,0.22675739,1,0
2025-10-21 15:30:00+00:00,short,0,0.0001310423,0.013544694,0.00044480097,0.16797721,1,0
2025-10-21 15:31:00+00:00,short,0,0.00010113698,0.019495567,0.00018102827,0.16835006,1,0
2025-10-21 15:32:00+00:00,long,0,0.00010956342,0.015926125,0.00014489706,0.16778092,1,0
2025-10-21 15:33:00+00:00,short,0,0.001076491,0.0032015503,0.0038043805,0.18718325,2,0
2025-10-21 15:34:00+00:00,short,0,0.00022307047,0.00063987955,0.0010889112,0.17140965,2,0
2025-10-21 15:35:00+00:00,short,0,9.511876e-05,0.0002645116,0.0002106172,0.1685012,2,0
2025-10-21 15:36:00+00:00,short,0,0.00011085108,0.0006488582,0.00071449595,0.17485124,2,0
2025-10-21 15:37:00+00:00,short,0,0.0010053698,0.0025051308,0.0035994654,0.1770221,2,0
2025-10-21 15:38:00+00:00,short,0,0.0024718682,0.008800879,0.013726096,0.18430488,2,0
2025-10-21 15:39:00+00:00,short,0,0.0001716509,0.00091204693,0.00017424901,0.16895933,2,0
2025-10-21 15:40:00+00:00,long,0,0.000120835924,0.0006774618,8.656343e-05,0.16745923,2,0
2025-10-21 15:41:00+00:00,short,0,6.09964e-05,0.0005216875,6.119601e-05,0.16783242,2,0
2025-10-21 15:42:00+00:00,long,0,0.00023163008,0.055112015,0.00022173223,0.171028,1,0
2025-10-21 15:43:00+00:00,long,0,0.00018731457,0.008440197,7.270589e-05,0.16750509,1,0
2025-10-21 15:44:00+00:00,long,0,0.00018692954,0.008855157,9.0208276e-05,0.16738017,1,0
2025-10-21 15:45:00+00:00,long,0,0.00017937174,0.017826434,6.240322e-05,0.16870044,1,0
2025-10-21 15:46:00+00:00,long,0,0.00024376335,0.047564883,7.23717e-05,0.17932989,1,0
2025-10-21 15:47:00+00:00,long,0,0.00018606744,0.024075514,0.00013470513,0.17105125,1,0
2025-10-21 15:48:00+00:00,short,0,0.00034020143,0.035081398,0.000314942,0.22378701,1,0
2025-10-21 15:49:00+00:00,long,0,9.6195385e-05,0.022874095,6.536938e-05,0.17223863,1,0
2025-10-21 15:50:00+00:00,short,0,0.00097472337,0.0033712427,0.001003445,0.26638797,2,0
2025-10-22 14:19:00+00:00,short,0,0.00029415847,0.1986337,0.0009863052,0.17952478,1,0
2025-10-22 14:20:00+00:00,short,1,0.9627978,0.99500483,0.9185373,0.77954906,2,2
2025-10-22 14:21:00+00:00,short,0,0.0031481124,0.4222113,0.021760698,0.221645,1,0
2025-10-22 14:22:00+00:00,short,0,0.055160914,0.046161387,0.605406,0.62591344,2,1
2025-10-22 14:23:00+00:00,long,0,0.0002927199,0.7000855,0.0002946603,0.17761923,1,0
2025-10-22 14:24:00+00:00,short,0,0.46244743,0.40888867,0.82995325,0.7332697,2,2
2025-10-22 14:25:00+00:00,long,0,0.00015579922,0.70573884,0.00027870428,0.18296166,1,0
2025-10-22 14:26:00+00:00,long,0,0.00016409655,0.6576175,0.00052134576,0.18317898,1,0
2025-10-22 14:27:00+00:00,long,0,0.00018489947,0.6239658,0.00044924606,0.18067737,1,0
2025-10-22 14:28:00+00:00,long,0,0.06357767,0.9814394,0.17845203,0.51395375,1,0
2025-10-22 14:29:00+00:00,short,0,0.0032939278,0.5003738,0.046599522,0.2735648,1,0
2025-10-22 14:30:00+00:00,long,0,8.2354265e-05,0.044924952,0.0002390116,0.16846149,1,0
2025-10-22 14:31:00+00:00,long,0,9.1687194e-05,0.5069004,0.0006148976,0.18080783,1,0
2025-10-22 14:32:00+00:00,long,0,0.00055432325,0.78801537,0.0017135555,0.22212727,1,0
2025-10-22 14:33:00+00:00,long,0,0.0001518318,0.057990666,0.00016385202,0.16791718,1,0
2025-10-22 14:34:00+00:00,short,0,0.00016613999,0.21552174,0.0030692695,0.23104481,1,0
2025-10-22 14:35:00+00:00,short,0,9.026162e-05,0.08587648,0.0007800318,0.1903774,1,0
2025-10-22 14:36:00+00:00,short,0,0.0028213488,0.7855752,0.0526394,0.2906123,1,0
2025-10-22 14:37:00+00:00,short,0,0.02406849,0.9894125,0.18888684,0.6636026,1,1
2025-10-22 14:38:00+00:00,short,0,8.826184e-05,0.066578805,0.0003054427,0.17668407,1,0
2025-10-22 14:39:00+00:00,long,0,0.06884093,0.9932034,0.49128667,0.49091303,1,0
2025-10-22 14:40:00+00:00,short,0,4.878334e-05,0.047795605,5.6904006e-05,0.17165978,1,0
2025-10-22 14:41:00+00:00,short,0,0.21785577,0.99833196,0.7264837,0.7314661,1,2
2025-10-22 14:42:00+00:00,short,0,7.4780444e-05,0.06471431,6.990223e-05,0.17035371,1,0
2025-10-22 14:43:00+00:00,long,0,0.00041646828,0.80867547,0.0008609528,0.18748121,1,0
2025-10-22 14:44:00+00:00,short,0,5.733667e-05,0.044042885,9.392029e-05,0.17099462,1,0
2025-10-22 14:45:00+00:00,long,0,0.016788976,0.98640394,0.18659396,0.4736359,1,0
2025-10-22 14:46:00+00:00,long,0,0.038142607,0.9892876,0.36482042,0.63784987,1,1
2025-10-22 14:47:00+00:00,short,0,0.13429657,0.99272764,0.49962145,0.69765717,1,2
2025-10-22 14:48:00+00:00,short,0,0.0021549289,0.680549,0.017228456,0.34818208,1,0
2025-10-22 14:49:00+00:00,short,0,0.00010099357,0.021502808,6.7000496e-05,0.16904627,1,0
2025-10-22 14:50:00+00:00,short,0,0.002396406,0.64342195,0.019170873,0.38897252,1,0
2025-10-22 14:51:00+00:00,long,0,0.28300518,0.994511,0.87758845,0.7327359,1,2
2025-10-22 14:52:00+00:00,short,0,0.23148319,0.9952371,0.7196172,0.7408228,1,2
2025-10-22 14:53:00+00:00,long,0,0.00013663122,0.028559566,0.00017236812,0.18013413,1,0
2025-10-22 14:54:00+00:00,long,0,0.00013395619,0.019645808,0.00017829884,0.17445272,1,0
2025-10-22 14:55:00+00:00,short,0,9.4026116e-05,0.019312376,5.972658e-05,0.16804247,1,0
2025-10-22 14:56:00+00:00,short,0,0.00039716013,0.11858352,0.00048327702,0.20761918,1,0
2025-10-22 14:57:00+00:00,long,0,0.00063906715,0.6111811,0.0006044066,0.18050139,1,0
2025-10-22 14:58:00+00:00,long,0,0.00018288012,0.1556779,0.000282143,0.17520769,1,0
2025-10-22 14:59:00+00:00,long,0,9.955614e-05,0.017984627,0.00032464438,0.16862714,1,0
2025-10-22 15:00:00+00:00,long,1,0.98620635,0.9503269,0.9710113,0.77813846,3,2
2025-10-22 15:01:00+00:00,short,0,0.0005740859,0.0050758068,0.0030073854,0.22658111,2,0
2025-10-22 15:02:00+00:00,short,0,0.0018018202,0.006657074,0.006322499,0.27937636,2,0
2025-10-22 15:03:00+00:00,short,0,0.25287765,0.19516122,0.58117294,0.52856225,2,0
2025-10-22 15:04:00+00:00,long,0,0.00034326696,0.002351448,0.0006214438,0.1836465,2,0
2025-10-22 15:05:00+00:00,long,0,0.07284618,0.0875344,0.14616914,0.34086347,2,0
2025-10-22 15:06:00+00:00,long,0,0.0013471608,0.0051946365,0.000624124,0.17251043,2,0
2025-10-22 15:07:00+00:00,short,0,0.00025413508,0.000327554,0.00020927782,0.16799259,2,0
2025-10-22 15:08:00+00:00,long,0,0.0007158165,0.0027480496,0.00071811053,0.18339212,2,0
2025-10-22 15:09:00+00:00,long,0,0.00024007316,0.0006225541,0.00030450674,0.17579044,2,0
2025-10-22 15:10:00+00:00,long,0,0.00015422463,0.00043734148,0.00020355174,0.16813423,2,0
2025-10-22 15:11:00+00:00,short,0,0.05917914,0.25398898,0.17031708,0.52559054,2,1
2025-10-22 15:12:00+00:00,long,0,0.41498163,0.6315258,0.4062846,0.62711674,2,1
2025-10-22 15:13:00+00:00,long,1,0.96857417,0.9320558,0.8207431,0.720026,3,2
2025-10-22 15:14:00+00:00,long,0,0.0011264945,0.0019554798,0.0004488176,0.17981987,2,0
2025-10-22 15:15:00+00:00,long,0,0.0521711,0.05558716,0.027956044,0.22154075,2,0
2025-10-22 15:16:00+00:00,long,0,0.0004745832,0.0016563288,0.00049910194,0.17050089,2,0
2025-10-22 15:17:00+00:00,short,1,0.9798345,0.97535306,0.9697639,0.779257,3,2
2025-10-22 15:18:00+00:00,short,0,0.00043483998,0.0012652574,0.00073708605,0.17565708,2,0
2025-10-22 15:19:00+00:00,long,0,0.0002319824,0.0008804254,7.859355e-05,0.16793126,2,0
2025-10-22 15:20:00+00:00,short,0,0.000380026,0.002511232,0.0011665334,0.19072545,2,0
2025-10-22 15:21:00+00:00,short,0,0.0087745,0.60503525,0.020410236,0.35735,1,0
2025-10-22 15:22:00+00:00,long,0,0.00088376383,0.004123514,0.00092945754,0.18406832,2,0
2025-10-22 15:23:00+00:00,short,0,0.00014310886,0.00059405796,0.00013534838,0.1683315,2,0
2025-10-22 15:24:00+00:00,long,0,0.007825868,0.027877446,0.036070205,0.21780328,2,0
2025-10-22 15:25:00+00:00,short,0,0.00047692098,0.002457875,0.0012529829,0.1863858,2,0
2025-10-22 15:26:00+00:00,short,0,0.09622778,0.11303622,0.23683164,0.40591636,2,0
2025-10-22 15:27:00+00:00,long,0,0.0003494178,0.0013489402,0.00064627413,0.1762345,2,0
2025-10-22 15:28:00+00:00,short,0,0.2663486,0.50413513,0.71279633,0.62738365,2,1
2025-10-22 15:29:00+00:00,long,0,7.835842e-05,0.00041718807,0.00032089584,0.17079474,2,0
2025-10-22 15:30:00+00:00,short,0,0.001020631,0.003281069,0.006419678,0.23073985,2,0
2025-10-22 15:31:00+00:00,long,0,0.003560952,0.00831697,0.0034132604,0.17838947,2,0
2025-10-22 15:32:00+00:00,long,0,0.00020937918,0.0008192753,0.00048929965,0.17711096,2,0
2025-10-22 15:33:00+00:00,short,1,0.962969,0.9076029,0.89040935,0.76668453,3,2
2025-10-22 15:34:00+00:00,short,0,0.0002026155,0.00034612982,0.00014498163,0.16817765,2,0
2025-10-22 15:35:00+00:00,short,0,0.00016830544,0.0003766772,0.00014881138,0.16825062,2,0
2025-10-22 15:36:00+00:00,short,0,0.009956586,0.030260937,0.081685804,0.35826412,2,0
2025-10-22 15:37:00+00:00,long,0,0.00012852653,0.00030049743,0.00052362046,0.17103702,2,0
2025-10-22 15:38:00+00:00,short,0,0.00044726234,0.000600626,0.0005349184,0.17994182,2,0
2025-10-22 15:39:00+00:00,short,0,0.14936958,0.1676192,0.51506394,0.55884206,2,0
2025-10-22 15:40:00+00:00,short,0,9.250454e-05,0.00022306708,0.00043873282,0.16811824,2,0
2025-10-22 15:41:00+00:00,short,0,0.00037221838,0.00044312087,0.00051387737,0.20363547,2,0
2025-10-22 15:42:00+00:00,short,0,0.00036852076,0.00051843317,0.00053125643,0.21460062,2,0
2025-10-22 15:43:00+00:00,short,0,0.001572797,0.00490484,0.0022985844,0.1865486,2,0
2025-10-22 15:44:00+00:00,short,0,0.0010862284,0.0028685932,0.0014286797,0.17911164,2,0
2025-10-22 15:45:00+00:00,long,0,0.00017229123,0.00038020354,0.0007793445,0.17469911,2,0
2025-10-22 15:46:00+00:00,short,0,0.16893677,0.1473071,0.3693339,0.61517185,2,1
2025-10-22 15:47:00+00:00,long,0,0.00017516321,0.0005863796,0.0008970457,0.17973165,2,0
2025-10-22 15:48:00+00:00,long,0,0.000103672246,0.00027770273,0.00080477464,0.17344572,2,0
2025-10-22 15:49:00+00:00,long,0,0.00010631587,0.00046306153,0.0008515644,0.17984588,2,0
2025-10-22 15:50:00+00:00,long,0,0.0003271592,0.0012578736,0.0009212353,0.1877798,2,0
2025-10-23 14:19:00+00:00,long,0,0.1199464,0.98767126,0.471682,0.47004154,1,0
2025-10-23 14:20:00+00:00,long,0,0.58706033,0.997352,0.9503611,0.6809872,1,2
2025-10-23 14:21:00+00:00,short,0,0.05765996,0.974442,0.06522782,0.28754216,1,0
2025-10-23 14:22:00+00:00,long,1,0.97405595,0.99511516,0.932176,0.7289526,2,2
2025-10-23 14:23:00+00:00,short,0,0.0077160434,0.8161505,0.01174491,0.20080753,1,0
2025-10-23 14:24:00+00:00,long,1,0.9719696,0.9849635,0.81688654,0.48086604,2,1
2025-10-23 14:25:00+00:00,short,0,0.0036522108,0.41376546,0.0032460177,0.17448182,1,0
2025-10-23 14:26:00+00:00,short,0,0.0016403275,0.42948067,0.0029123654,0.182957,1,0
2025-10-23 14:27:00+00:00,short,0,0.0035862,0.48129705,0.0052099708,0.19301729,1,0
2025-10-23 14:28:00+00:00,short,0,0.028594771,0.83707106,0.015406524,0.19335444,1,0
2025-10-23 14:29:00+00:00,long,1,0.9724295,0.9871137,0.86485255,0.66129357,2,2
2025-10-23 14:30:00+00:00,short,0,0.0036291438,0.6750802,0.013631083,0.19608055,1,0
2025-10-23 14:31:00+00:00,short,0,0.0014775863,0.28047407,0.010846766,0.17460756,1,0
2025-10-23 14:32:00+00:00,long,0,0.022209423,0.8533454,0.2458439,0.2658817,1,0
2025-10-23 14:33:00+00:00,short,0,0.0057306895,0.6366223,0.09987541,0.1928509,1,0
2025-10-23 14:34:00+00:00,short,0,0.006533951,0.59136415,0.09139163,0.19418271,1,0
2025-10-23 14:35:00+00:00,long,1,0.99083275,0.99808145,0.97675973,0.7660012,2,2
2025-10-23 14:36:00+00:00,short,0,0.0014285613,0.52657044,0.013569009,0.1970967,1,0
2025-10-23 14:37:00+00:00,short,0,0.0009772917,0.6752408,0.026178196,0.2152362,1,0
2025-10-23 14:38:00+00:00,long,1,0.97680694,0.99847347,0.9701562,0.76271564,2,2
2025-10-23 14:39:00+00:00,long,0,0.33670604,0.99628496,0.89287776,0.635156,1,1
2025-10-23 14:40:00+00:00,short,0,0.001318342,0.5824456,0.016126834,0.21520309,1,0
2025-10-23 14:41:00+00:00,long,1,0.99364036,0.99936956,0.9777981,0.7444007,2,2
2025-10-23 14:42:00+00:00,long,0,0.04278696,0.9662538,0.8169006,0.44531408,1,0
2025-10-23 14:43:00+00:00,short,0,0.002684318,0.8354943,0.08888246,0.22720249,1,0
2025-10-23 14:44:00+00:00,short,0,0.0010464999,0.48173523,0.015674423,0.19191039,1,0
2025-10-23 14:45:00+00:00,short,0,0.0030227911,0.802218,0.011659642,0.2215208,1,0
2025-10-23 14:46:00+00:00,short,0,0.0019305934,0.6189727,0.011387587,0.19376682,1,0
2025-10-23 14:47:00+00:00,short,0,0.006001977,0.94958615,0.103952475,0.23611581,1,0
2025-10-23 14:48:00+00:00,short,0,0.027380394,0.96577847,0.111740254,0.23184235,1,0
2025-10-23 14:49:00+00:00,short,0,0.01113393,0.93849015,0.1502506,0.22780985,1,0
2025-10-23 14:50:00+00:00,long,0,0.017807541,0.97079897,0.5645037,0.3513268,1,0
2025-10-23 14:51:00+00:00,long,0,0.005266557,0.90168345,0.4235737,0.2564121,1,0
2025-10-23 14:52:00+00:00,long,0,0.7937213,0.9995871,0.92849267,0.71425515,1,2
2025-10-23 14:53:00+00:00,long,0,0.049924687,0.9778632,0.61285,0.45047083,1,0
2025-10-23 14:54:00+00:00,short,0,0.022051418,0.89722365,0.035862703,0.27796718,1,0
2025-10-23 14:55:00+00:00,short,0,0.002120524,0.9031991,0.05675401,0.22028494,1,0
2025-10-23 14:56:00+00:00,long,0,0.0053415787,0.9490822,0.33210889,0.31102505,1,0
2025-10-23 14:57:00+00:00,long,0,0.53147805,0.9985843,0.94172907,0.6706783,1,2
2025-10-23 14:58:00+00:00,long,0,0.037393626,0.9883807,0.5757254,0.44729552,1,0
2025-10-23 14:59:00+00:00,long,0,0.08010419,0.9938617,0.6696788,0.53978044,1,0
2025-10-23 15:00:00+00:00,long,0,0.012585162,0.8825909,0.16069968,0.21295416,1,0
2025-10-23 15:01:00+00:00,long,1,0.9779544,0.9991897,0.94798017,0.68669504,2,1
2025-10-23 15:02:00+00:00,long,0,0.07053019,0.9770253,0.35705715,0.3094165,1,0
2025-10-23 15:03:00+00:00,long,0,0.03608259,0.92288214,0.2702393,0.2501905,1,0
2025-10-23 15:04:00+00:00,long,0,0.050463878,0.9392097,0.21404538,0.2539032,1,0
2025-10-23 15:05:00+00:00,long,0,0.047829617,0.99182045,0.3245145,0.36466345,1,0
2025-10-23 15:06:00+00:00,long,0,0.034261256,0.9839947,0.34102485,0.33283767,1,0
2025-10-23 15:07:00+00:00,short,0,0.0035903736,0.4894403,0.005776433,0.18452418,1,0
2025-10-23 15:08:00+00:00,long,0,0.3040126,0.9985267,0.6799982,0.51053107,1,0
2025-10-23 15:09:00+00:00,long,0,0.014154656,0.87737656,0.045087278,0.24562402,1,0
2025-10-23 15:10:00+00:00,long,0,0.067060076,0.9946903,0.35444155,0.40734324,1,0
2025-10-23 15:11:00+00:00,short,0,0.010347779,0.77015364,0.07073418,0.2361059,1,0
2025-10-23 15:12:00+00:00,short,0,0.004469744,0.50028723,0.009551118,0.19705005,1,0
2025-10-23 15:13:00+00:00,short,0,0.019829644,0.9470914,0.037908934,0.22106321,1,0
2025-10-23 15:14:00+00:00,long,0,0.13114476,0.99127746,0.40391162,0.33536172,1,0
2025-10-23 15:15:00+00:00,short,0,0.005553721,0.690521,0.022763073,0.20171368,1,0
2025-10-23 15:16:00+00:00,long,0,0.36081025,0.9976718,0.81647956,0.51010376,1,0
2025-10-23 15:17:00+00:00,short,0,0.011337995,0.87731636,0.018250488,0.21282403,1,0
2025-10-23 15:18:00+00:00,short,0,0.013639638,0.75967586,0.033115126,0.218677,1,0
2025-10-23 15:19:00+00:00,short,0,0.0014375233,0.3208143,0.0073862104,0.1790816,1,0
2025-10-23 15:20:00+00:00,short,0,0.0037206747,0.4908859,0.012303817,0.18556325,1,0
2025-10-23 15:21:00+00:00,long,0,0.0045643263,0.5220386,0.018741997,0.19076823,1,0
2025-10-23 15:22:00+00:00,short,0,0.0013910208,0.315146,0.009771988,0.17414923,1,0
2025-10-23 15:23:00+00:00,long,0,0.20575288,0.9953689,0.8724489,0.49917784,1,0
2025-10-23 15:24:00+00:00,long,0,0.07288223,0.9723619,0.20057572,0.2646748,1,0
2025-10-23 15:25:00+00:00,short,0,0.045157462,0.921622,0.048643902,0.22604704,1,0
2025-10-23 15:26:00+00:00,long,0,0.56266063,0.9969202,0.6738612,0.53457195,1,1
2025-10-23 15:27:00+00:00,long,0,0.0005336224,0.8409355,0.017624894,0.21369989,1,0
2025-10-23 15:28:00+00:00,long,0,0.0015390995,0.8380233,0.024430603,0.2143163,1,0
2025-10-23 15:29:00+00:00,long,1,0.9842482,0.9963496,0.88433105,0.602817,2,1
2025-10-23 15:30:00+00:00,long,1,0.986388,0.9982431,0.8607738,0.5265785,2,1
2025-10-23 15:31:00+00:00,short,0,0.127496,0.97813463,0.10396333,0.36766538,1,0
2025-10-23 15:32:00+00:00,long,1,0.9855634,0.996628,0.87701106,0.5757963,2,1
2025-10-23 15:33:00+00:00,long,1,0.98288065,0.9969708,0.876937,0.75730705,2,2
2025-10-23 15:34:00+00:00,long,1,0.98071045,0.9954438,0.9166541,0.65103865,2,1
2025-10-23 15:35:00+00:00,long,1,0.96176636,0.9932341,0.8928587,0.6035899,2,1
2025-10-23 15:36:00+00:00,long,0,0.015983837,0.7070807,0.014071385,0.23984043,1,0
2025-10-23 15:37:00+00:00,short,0,0.05682512,0.9421827,0.19027695,0.34734407,1,0
2025-10-23 15:38:00+00:00,short,0,0.10106594,0.96134466,0.19027695,0.37886807,1,0
2025-10-23 15:39:00+00:00,long,1,0.9830526,0.9984366,0.9624388,0.7564873,2,2
2025-10-23 15:40:00+00:00,long,0,0.084333986,0.9313226,0.09235876,0.36569977,1,0
2025-10-23 15:41:00+00:00,long,0,0.238917,0.9819417,0.5625163,0.46766415,1,0
2025-10-23 15:42:00+00:00,long,0,0.04044117,0.59385264,0.016565602,0.22825782,1,0
2025-10-23 15:43:00+00:00,long,1,0.98411393,0.9982545,0.93737644,0.73480445,2,2
2025-10-23 15:44:00+00:00,long,0,0.22017108,0.9620314,0.118461855,0.4447093,1,0
2025-10-23 15:45:00+00:00,long,1,0.9610964,0.97744435,0.9133607,0.5010038,2,1
2025-10-23 15:46:00+00:00,long,1,0.99235195,0.998938,0.94949085,0.71665925,2,1
2025-10-23 15:47:00+00:00,long,1,0.97542727,0.9959424,0.90425926,0.6335618,2,1
2025-10-23 15:48:00+00:00,long,1,0.9629893,0.9860681,0.9284524,0.49890542,2,1
2025-10-23 15:49:00+00:00,long,0,0.020526929,0.57360476,0.051088654,0.28597534,1,0
2025-10-23 15:50:00+00:00,long,1,0.97891474,0.99829096,0.9279598,0.67631346,2,1
2025-10-24 14:19:00+00:00,long,0,0.0014787173,0.0016166414,0.0057258066,0.17010307,2,0
2025-10-24 14:20:00+00:00,long,0,0.002172427,0.0018565138,0.02441369,0.18091726,2,0
2025-10-24 14:21:00+00:00,long,0,0.00073802687,0.0012363679,0.021351175,0.169605,2,0
2025-10-24 14:22:00+00:00,long,0,0.2150394,0.23903398,0.9409056,0.53116566,2,1
2025-10-24 14:23:00+00:00,long,0,0.0009059293,0.0012170619,0.019129753,0.17119776,2,0
2025-10-24 14:24:00+00:00,long,0,0.00092160923,0.0016243004,0.019693924,0.17134123,2,0
2025-10-24 14:25:00+00:00,long,0,0.0016421205,0.001827274,0.046172045,0.17685528,2,0
2025-10-24 14:26:00+00:00,long,0,0.0564262,0.038908996,0.34618345,0.31268704,2,0
2025-10-24 14:27:00+00:00,long,0,0.00074423314,0.0010770218,0.014514251,0.16957252,2,0
2025-10-24 14:28:00+00:00,long,0,0.000758814,0.0012458189,0.016334388,0.16957252,2,0
2025-10-24 14:29:00+00:00,long,0,0.0008430937,0.002545657,0.008090665,0.16974986,2,0
2025-10-24 14:30:00+00:00,long,0,0.0005236903,0.001092178,0.022843067,0.17173964,2,0
2025-10-24 14:31:00+00:00,long,0,0.0008431298,0.0009437596,0.019217867,0.17494218,2,0
2025-10-24 14:32:00+00:00,long,0,0.001795085,0.0031286785,0.031529266,0.17126916,2,0
2025-10-24 14:33:00+00:00,long,0,0.0008929784,0.0031422998,0.0054128524,0.16902979,2,0
2025-10-24 14:34:00+00:00,long,0,0.33065107,0.3785845,0.900477,0.56768495,2,1
2025-10-24 14:35:00+00:00,long,0,0.0025290656,0.0041371947,0.01945671,0.17049469,2,0
2025-10-24 14:36:00+00:00,long,0,0.0010765202,0.0015630375,0.01806303,0.17492813,2,0
2025-10-24 14:37:00+00:00,long,0,0.0016682817,0.0018061135,0.014253231,0.17052196,2,0
2025-10-24 14:38:00+00:00,long,0,0.0014592286,0.0027976672,0.025112845,0.17160583,2,0
2025-10-24 14:39:00+00:00,long,0,0.08716216,0.039267216,0.42090264,0.38399115,2,0
2025-10-24 14:40:00+00:00,long,0,0.0022881527,0.0042400127,0.012942823,0.17780231,2,0
2025-10-24 14:41:00+00:00,long,0,0.111807525,0.14798838,0.34839258,0.2719855,2,0
2025-10-24 14:42:00+00:00,long,0,0.003090209,0.0062620137,0.027445247,0.19620025,2,0
2025-10-24 14:43:00+00:00,long,0,0.0051433966,0.008816821,0.00924862,0.17894049,2,0
2025-10-24 14:44:00+00:00,long,1,0.97216177,0.9500048,0.9637451,0.74439883,3,2
2025-10-24 14:45:00+00:00,long,0,0.022863774,0.042490665,0.005214186,0.17559743,2,0
2025-10-24 14:46:00+00:00,long,0,0.00757779,0.014504071,0.031114995,0.18149929,2,0
2025-10-24 14:47:00+00:00,long,0,0.02760811,0.010719693,0.020017205,0.20163266,2,0
2025-10-24 14:48:00+00:00,long,0,0.010153921,0.00723072,0.030725416,0.17926197,2,0
2025-10-24 14:49:00+00:00,long,0,0.0046127257,0.009844937,0.006558272,0.17268969,2,0
2025-10-24 14:50:00+00:00,long,0,0.004235075,0.008948834,0.0018485122,0.17276691,2,0
2025-10-24 14:51:00+00:00,long,1,0.9868462,0.97922975,0.9651281,0.8083566,3,2
2025-10-24 14:52:00+00:00,long,1,0.9828834,0.984553,0.839176,0.49935985,2,1
2025-10-24 14:53:00+00:00,long,1,0.9814322,0.9932799,0.91734135,0.5573111,2,1
2025-10-24 14:54:00+00:00,long,0,0.0036118699,0.005000151,0.016381275,0.18832614,2,0
2025-10-24 14:55:00+00:00,long,0,0.004199469,0.0037362934,0.026207093,0.18790187,2,0
2025-10-24 14:56:00+00:00,long,0,0.002274644,0.0048271925,0.019375391,0.18940592,2,0
2025-10-24 14:57:00+00:00,long,0,0.00094713655,0.0025585725,0.005384861,0.17871596,2,0
2025-10-24 14:58:00+00:00,long,1,0.9839511,0.98322475,0.976429,0.8117307,3,2
2025-10-24 14:59:00+00:00,long,0,0.0013727556,0.0026099193,0.011374452,0.18033962,2,0
2025-10-24 15:00:00+00:00,long,0,0.0037445878,0.0054148114,0.036814794,0.18113343,2,0
2025-10-24 15:01:00+00:00,long,1,0.96038085,0.9204644,0.7910071,0.7113915,3,2
2025-10-24 15:02:00+00:00,long,0,0.0024982626,0.0022142597,0.03441061,0.18554978,2,0
2025-10-24 15:03:00+00:00,long,0,0.014462064,0.0077337157,0.017345332,0.18904664,2,0
2025-10-24 15:04:00+00:00,long,0,0.0059073577,0.0050746244,0.007988603,0.18254443,2,0
2025-10-24 15:05:00+00:00,long,1,0.9892209,0.97962415,0.9694864,0.7997946,3,2
2025-10-24 15:06:00+00:00,long,0,0.016645446,0.004878037,0.0055494327,0.20458819,2,0
2025-10-24 15:07:00+00:00,long,0,0.0027772698,0.002234673,0.030045426,0.17578976,2,0
2025-10-24 15:08:00+00:00,long,0,0.0077528,0.0033411945,0.018314878,0.17942649,2,0
2025-10-24 15:09:00+00:00,long,0,0.002629112,0.0023761098,0.0051742657,0.17357552,2,0
2025-10-24 15:10:00+00:00,long,0,0.0016293655,0.003880731,0.0043835747,0.18945909,2,0
2025-10-24 15:11:00+00:00,long,0,0.0010172466,0.0019001613,0.018952314,0.19378929,2,0
2025-10-24 15:12:00+00:00,long,0,0.00069885084,0.0010652381,0.018739676,0.17811398,2,0
2025-10-24 15:13:00+00:00,long,1,0.9745121,0.9635441,0.9562848,0.79648733,3,2
2025-10-24 15:14:00+00:00,long,0,0.00054585567,0.0013091648,0.017254118,0.19795088,2,0
2025-10-24 15:15:00+00:00,long,0,0.00044279697,0.00078193814,0.026701951,0.1756288,2,0
2025-10-24 15:16:00+00:00,long,0,0.0038694537,0.0032146764,0.05022942,0.18269093,2,0
2025-10-24 15:17:00+00:00,long,0,0.0010092633,0.0013499343,0.006036076,0.17823388,2,0
2025-10-24 15:18:00+00:00,long,0,0.18005161,0.14696158,0.17177702,0.516847,2,1
2025-10-24 15:19:00+00:00,long,0,0.02832829,0.013139103,0.10004229,0.35670027,2,0
2025-10-24 15:20:00+00:00,long,0,0.0010166623,0.0015660096,0.015471582,0.17531617,2,0
2025-10-24 15:21:00+00:00,long,0,0.00052870234,0.0011493351,0.004589781,0.17778349,2,0
2025-10-24 15:22:00+00:00,long,0,0.001055835,0.0017951449,0.028458588,0.17802627,2,0
2025-10-24 15:23:00+00:00,long,0,0.001607733,0.0021642179,0.0032835198,0.18088855,2,0
2025-10-24 15:24:00+00:00,long,0,0.0044883676,0.005683398,0.015483246,0.19554432,2,0
2025-10-24 15:25:00+00:00,long,0,0.0037191017,0.0044830637,0.016027823,0.18235876,2,0
2025-10-24 15:26:00+00:00,long,0,0.061386775,0.060066026,0.28385326,0.3586479,2,0
2025-10-24 15:27:00+00:00,long,0,0.059823103,0.049540427,0.31796002,0.35244623,2,0
2025-10-24 15:28:00+00:00,long,0,0.0011857558,0.0033501224,0.032464486,0.18082093,2,0
2025-10-24 15:29:00+00:00,long,0,0.0005862849,0.00076904375,0.0066284854,0.18040805,2,0
2025-10-24 15:30:00+00:00,long,0,0.06794403,0.082032286,0.3983187,0.4732827,2,0
2025-10-24 15:31:00+00:00,long,0,0.00083413953,0.002444012,0.034911815,0.1797214,2,0
2025-10-24 15:32:00+00:00,long,0,0.0009941184,0.0011783224,0.036590938,0.18139847,2,0
2025-10-24 15:33:00+00:00,long,0,0.00040595597,0.0011593705,0.022742262,0.21961677,2,0
2025-10-24 15:34:00+00:00,long,0,0.0002842864,0.0007442743,0.01051398,0.18247135,2,0
2025-10-24 15:35:00+00:00,long,1,0.9846638,0.9500132,0.9360776,0.79231805,3,2
2025-10-24 15:36:00+00:00,long,0,0.0005812221,0.0006929497,0.023206526,0.17631124,2,0
2025-10-24 15:37:00+00:00,long,0,0.00031610494,0.0008749648,0.0069653024,0.17591327,2,0
2025-10-24 15:38:00+00:00,long,0,0.00066014385,0.0011528444,0.017751524,0.1761865,2,0
2025-10-24 15:39:00+00:00,long,0,0.0005569293,0.0010119823,0.015581387,0.1717388,2,0
2025-10-24 15:40:00+00:00,long,0,0.0003315829,0.0009353845,0.023396319,0.17542599,2,0
2025-10-24 15:41:00+00:00,long,0,0.0004351744,0.0008070029,0.014022357,0.17323546,2,0
2025-10-24 15:42:00+00:00,long,0,0.33872935,0.29620993,0.7466691,0.5975859,2,0
2025-10-24 15:43:00+00:00,long,0,0.0003679577,0.0011831924,0.009188348,0.17276974,2,0
2025-10-24 15:44:00+00:00,long,0,0.00046956274,0.0015362544,0.004254302,0.17286932,2,0
2025-10-24 15:45:00+00:00,long,0,0.0054535745,0.025496572,0.6735791,0.27906263,2,0
2025-10-24 15:46:00+00:00,long,0,0.0037085724,0.010934243,0.41412014,0.23362088,2,0
2025-10-24 15:47:00+00:00,long,0,0.0011575398,0.0023693128,0.032476507,0.17347492,2,0
2025-10-24 15:48:00+00:00,long,0,0.0009679893,0.0024573994,0.0075229285,0.18837734,2,0
2025-10-24 15:49:00+00:00,long,0,0.00048069385,0.0026791794,0.053195447,0.17658114,2,0
2025-10-24 15:50:00+00:00,long,0,0.0032247182,0.011965308,0.24732433,0.25642416,2,0
2025-10-27 14:19:00+00:00,long,0,0.057927947,0.088104405,0.38113418,0.51889163,2,0
2025-10-27 14:20:00+00:00,long,0,0.10175956,0.10686179,0.36580625,0.5617119,2,0
2025-10-27 14:21:00+00:00,long,0,0.12189521,0.18179487,0.64798653,0.7072139,2,2
2025-10-27 14:22:00+00:00,long,0,0.056635242,0.057707284,0.5150058,0.40285087,2,0
2025-10-27 14:23:00+00:00,long,0,0.039838795,0.036540054,0.6930372,0.47839084,2,1
2025-10-27 14:24:00+00:00,long,0,0.0047302456,0.018831473,0.028797507,0.19371156,2,0
2025-10-27 14:25:00+00:00,long,0,0.11449095,0.22962,0.2961797,0.29660296,2,0
2025-10-27 14:26:00+00:00,long,1,0.99659663,0.99172664,0.9672318,0.82042664,3,2
2025-10-27 14:27:00+00:00,long,1,0.99646986,0.99453825,0.97056097,0.81969386,3,2
2025-10-27 14:28:00+00:00,long,1,0.9959443,0.9812321,0.91874164,0.8188345,3,2
2025-10-27 14:29:00+00:00,long,1,0.9966522,0.98875344,0.9376825,0.82466525,3,2
2025-10-27 14:30:00+00:00,long,1,0.97930706,0.9555992,0.9308474,0.7948835,3,2
2025-10-27 14:31:00+00:00,long,1,0.9957911,0.9972332,0.96546626,0.8274612,3,2
2025-10-27 14:32:00+00:00,long,1,0.9802418,0.946905,0.821823,0.7863466,3,2
2025-10-27 14:33:00+00:00,long,1,0.9975249,0.99536467,0.9730463,0.8204853,3,2
2025-10-27 14:34:00+00:00,long,1,0.9836879,0.9707973,0.84782785,0.7894086,3,2
2025-10-27 14:35:00+00:00,long,1,0.9907155,0.97297937,0.87894756,0.79238945,3,2
2025-10-27 14:36:00+00:00,long,0,0.11430385,0.057037763,0.061626725,0.19490796,2,0
2025-10-27 14:37:00+00:00,long,0,0.2960627,0.3459467,0.5049068,0.6158216,2,1
2025-10-27 14:38:00+00:00,long,0,0.053830698,0.10693411,0.2130853,0.27882725,2,0
2025-10-27 14:39:00+00:00,long,1,0.99172395,0.9948953,0.97132593,0.82652545,3,2
2025-10-27 14:40:00+00:00,long,1,0.9967141,0.9911289,0.98414856,0.8240188,3,2
2025-10-27 14:41:00+00:00,long,1,0.982021,0.9657931,0.9123453,0.79612464,3,2
2025-10-27 14:42:00+00:00,long,0,0.020183753,0.045584813,0.055123124,0.20515148,2,0
2025-10-27 14:43:00+00:00,long,1,0.9983359,0.9963425,0.98156077,0.8266664,3,2
2025-10-27 14:44:00+00:00,long,0,0.007653298,0.00587868,0.010201416,0.17687415,2,0
2025-10-27 14:45:00+00:00,long,1,0.9936288,0.9804183,0.97437197,0.80656105,3,2
2025-10-27 14:46:00+00:00,long,0,0.012937366,0.008538714,0.017720282,0.18455209,2,0
2025-10-27 14:47:00+00:00,long,1,0.9728453,0.92501116,0.9160213,0.75233465,3,2
2025-10-27 14:48:00+00:00,long,1,0.99344033,0.9868325,0.97147524,0.81459457,3,2
2025-10-27 14:49:00+00:00,long,1,0.99233997,0.9927326,0.9880602,0.8225221,3,2
2025-10-27 14:50:00+00:00,long,0,0.0042498,0.004603402,0.011765544,0.19795841,2,0
2025-10-27 14:51:00+00:00,long,0,0.11503969,0.08637018,0.43155316,0.44584072,2,0
2025-10-27 14:52:00+00:00,long,1,0.9853867,0.9675714,0.960582,0.8149212,3,2
2025-10-27 14:53:00+00:00,long,0,0.13202061,0.079311095,0.53006524,0.5964403,2,1
2025-10-27 14:54:00+00:00,long,1,0.9876152,0.96770644,0.9713173,0.81284666,3,2
2025-10-27 14:55:00+00:00,long,0,0.003366398,0.0027515602,0.025000669,0.17535645,2,0
2025-10-27 14:56:00+00:00,long,0,0.0021587557,0.0018543855,0.030294465,0.19177657,2,0
2025-10-27 14:57:00+00:00,long,0,0.42302135,0.5203698,0.8929142,0.67543525,2,2
2025-10-27 14:58:00+00:00,long,1,0.9796467,0.9769932,0.98277414,0.8058314,3,2
2025-10-27 14:59:00+00:00,long,0,0.31983942,0.37765783,0.9286305,0.6261342,2,1
2025-10-27 15:00:00+00:00,long,0,0.0023139964,0.004024523,0.027810574,0.18460846,2,0
2025-10-27 15:01:00+00:00,long,0,0.005097934,0.010526652,0.034798663,0.17663194,2,0
2025-10-27 15:02:00+00:00,long,0,0.010823864,0.007059953,0.1991104,0.1870591,2,0
2025-10-27 15:03:00+00:00,long,0,0.0029245883,0.0020262473,0.045866076,0.17943858,2,0
2025-10-27 15:04:00+00:00,long,0,0.32342768,0.19665602,0.8685207,0.70880413,2,2
2025-10-27 15:05:00+00:00,long,0,0.007921006,0.0062318644,0.07428578,0.23313706,2,0
2025-10-27 15:06:00+00:00,long,0,0.0017734751,0.0031000609,0.14424103,0.18349023,2,0
2025-10-27 15:07:00+00:00,long,0,0.015160693,0.020261955,0.33606428,0.34932753,2,0
2025-10-27 15:08:00+00:00,long,0,0.0026031865,0.0031285018,0.047307372,0.19149595,2,0
2025-10-27 15:09:00+00:00,long,0,0.0009808368,0.0031367764,0.14253077,0.1852626,2,0
2025-10-27 15:10:00+00:00,long,0,0.0017925517,0.0029805524,0.039040223,0.19168949,2,0
2025-10-27 15:11:00+00:00,long,0,0.005380756,0.011909185,0.2936917,0.30238166,2,0
2025-10-27 15:12:00+00:00,long,0,0.0006663075,0.00077711715,0.079910606,0.18088911,2,0
2025-10-27 15:13:00+00:00,long,0,0.0056144246,0.008436742,0.19939259,0.2308584,2,0
2025-10-27 15:14:00+00:00,long,0,0.0010736167,0.002347821,0.14927614,0.17609806,2,0
2025-10-27 15:15:00+00:00,long,0,0.0023445494,0.00512118,0.063616,0.20408724,2,0
2025-10-27 15:16:00+00:00,long,0,0.15413973,0.20499808,0.91896576,0.50903064,2,1
2025-10-27 15:17:00+00:00,long,0,0.000642861,0.0025752627,0.019566413,0.2133901,2,0
2025-10-27 15:18:00+00:00,long,0,0.000998644,0.0019977705,0.07992683,0.17712168,2,0
2025-10-27 15:19:00+00:00,long,0,0.1844513,0.2693374,0.8585608,0.57356745,2,1
2025-10-27 15:20:00+00:00,long,0,0.0023997894,0.00713709,0.050676387,0.19603169,2,0
2025-10-27 15:21:00+00:00,long,0,0.027250383,0.062230576,0.42869952,0.36677647,2,0
2025-10-27 15:22:00+00:00,long,0,0.012225027,0.022493431,0.17808847,0.20744514,2,0
2025-10-27 15:23:00+00:00,long,0,0.009284434,0.016326392,0.23214488,0.2024702,2,0
2025-10-27 15:24:00+00:00,long,0,0.0029429065,0.0051139523,0.04071404,0.20163788,2,0
2025-10-27 15:25:00+00:00,long,0,0.42779088,0.4681484,0.8523985,0.6859827,2,2
2025-10-27 15:26:00+00:00,long,0,0.005789173,0.0072155385,0.034994766,0.20314197,2,0
2025-10-27 15:27:00+00:00,long,0,0.099597745,0.12890832,0.70129097,0.41748437,2,0
2025-10-27 15:28:00+00:00,long,0,0.010736976,0.010612298,0.123853,0.18213142,2,0
2025-10-27 15:29:00+00:00,long,0,0.13024008,0.15821299,0.763873,0.5029597,2,0
2025-10-27 15:30:00+00:00,long,0,0.019899217,0.0052752024,0.10256492,0.21515083,2,0
2025-10-27 15:31:00+00:00,long,0,0.019335901,0.02258582,0.1462833,0.19333331,2,0
2025-10-27 15:32:00+00:00,long,0,0.03593836,0.03446806,0.061349127,0.20974457,2,0
2025-10-27 15:33:00+00:00,long,0,0.029760588,0.042351406,0.19555739,0.17795248,2,0
2025-10-27 15:34:00+00:00,long,0,0.036011145,0.023418827,0.12505567,0.21399064,2,0
2025-10-27 15:35:00+00:00,long,0,0.14396812,0.07281298,0.59681976,0.47118998,2,0
2025-10-27 15:36:00+00:00,long,0,0.01353763,0.042424444,0.071806304,0.21366704,2,0
2025-10-27 15:37:00+00:00,long,0,0.012982032,0.033682294,0.07314918,0.19114847,2,0
2025-10-27 15:38:00+00:00,long,0,0.025164373,0.06232655,0.0710077,0.19079733,2,0
2025-10-27 15:39:00+00:00,long,0,0.10755871,0.18910183,0.12638347,0.2363552,2,0
2025-10-27 15:40:00+00:00,long,0,0.019833777,0.10986156,0.051658057,0.19577205,2,0
2025-10-27 15:41:00+00:00,long,1,0.9837742,0.94514966,0.9547918,0.79942495,3,2
2025-10-27 15:42:00+00:00,long,0,0.058588687,0.09112077,0.26540297,0.19928627,2,0
2025-10-27 15:43:00+00:00,long,0,0.14388543,0.19327116,0.33079693,0.30579796,2,0
2025-10-27 15:44:00+00:00,long,0,0.04700902,0.11207001,0.07905068,0.22688358,2,0
2025-10-27 15:45:00+00:00,long,1,0.9805815,0.96828085,0.9303758,0.7980706,3,2
2025-10-27 15:46:00+00:00,long,0,0.16854912,0.23096526,0.2844706,0.22559446,2,0
2025-10-27 15:47:00+00:00,long,1,0.98301595,0.96477157,0.93734574,0.7846939,3,2
2025-10-27 15:48:00+00:00,long,0,0.047152333,0.096245706,0.06865622,0.1834851,2,0
2025-10-27 15:49:00+00:00,long,1,0.98385596,0.9702458,0.9562318,0.8003462,3,2
2025-10-27 15:50:00+00:00,long,0,0.040382277,0.04712064,0.0670265,0.17910129,2,0
2025-10-28 14:19:00+00:00,short,0,0.0002581078,0.020424385,0.00016374596,0.16886963,1,0
2025-10-28 14:20:00+00:00,short,0,0.00038519548,0.029069282,0.00034704758,0.1729301,1,0
2025-10-28 14:21:00+00:00,short,0,0.00070619455,0.03669052,0.005315789,0.17744063,1,0
2025-10-28 14:22:00+00:00,short,0,0.0003231329,0.047880005,0.00045820302,0.17209435,1,0
2025-10-28 14:23:00+00:00,short,0,0.00013245839,0.009404332,0.0001469009,0.16747488,1,0
2025-10-28 14:24:00+00:00,short,0,0.0002301051,0.357748,0.0004727591,0.1778003,1,0
2025-10-28 14:25:00+00:00,short,0,0.00013595528,0.0098463325,0.00031223547,0.16897069,1,0
2025-10-28 14:26:00+00:00,short,0,0.00030293065,0.024376228,0.008018079,0.17845564,1,0
2025-10-28 14:27:00+00:00,short,0,0.00038427487,0.020895652,0.0031745306,0.1802441,1,0
2025-10-28 14:28:00+00:00,short,0,0.00055095914,0.00032194657,0.0052909064,0.17775847,2,0
2025-10-28 14:29:00+00:00,long,0,0.0006937168,0.7265065,0.0029105202,0.22332673,1,0
2025-10-28 14:30:00+00:00,long,0,0.00015127283,0.012264972,0.00024673672,0.16881818,1,0
2025-10-28 14:31:00+00:00,short,0,0.00041021474,0.028012,0.0011966144,0.17885983,1,0
2025-10-28 14:32:00+00:00,long,0,0.0013839391,0.81456226,0.0050777434,0.2299727,1,0
2025-10-28 14:33:00+00:00,long,0,0.0013020192,0.7860782,0.0021997415,0.276702,1,0
2025-10-28 14:34:00+00:00,long,0,0.0037018764,0.96197283,0.034860883,0.42577553,1,1
2025-10-28 14:35:00+00:00,short,0,0.047438003,0.9273373,0.743867,0.50756925,1,0
2025-10-28 14:36:00+00:00,short,0,0.0033183377,0.0086708935,0.032210357,0.22035824,2,0
2025-10-28 14:37:00+00:00,long,0,0.0035935172,0.8687675,0.0062256157,0.22270207,1,0
2025-10-28 14:38:00+00:00,long,0,0.00036464655,0.02628456,0.00030055045,0.16986157,1,0
2025-10-28 14:39:00+00:00,short,0,0.00065527495,0.046323583,0.0015028729,0.17662609,1,0
2025-10-28 14:40:00+00:00,short,0,0.0002818792,0.025249472,0.00040903487,0.16875456,1,0
2025-10-28 14:41:00+00:00,long,0,0.0005060982,0.76048124,0.0028618346,0.21147066,1,0
2025-10-28 14:42:00+00:00,long,0,0.00026574134,0.10540847,0.0005359731,0.17356487,1,0
2025-10-28 14:43:00+00:00,long,0,0.0005299965,0.844214,0.004106435,0.27893877,1,0
2025-10-28 14:44:00+00:00,short,0,0.0072284853,0.67553145,0.071811035,0.24260712,1,0
2025-10-28 14:45:00+00:00,short,0,0.0004782145,0.04674564,0.00038907496,0.16857241,1,0
2025-10-28 14:46:00+00:00,short,0,0.0003383405,0.0006268385,0.0004088392,0.1685317,2,0
2025-10-28 14:47:00+00:00,short,0,0.0004259617,0.0008949319,0.00069036346,0.17326187,2,0
2025-10-28 14:48:00+00:00,short,0,0.0004799414,0.0007892152,0.0011538448,0.17139499,2,0
2025-10-28 14:49:00+00:00,short,0,0.0002674025,0.00078288466,0.00036444725,0.16910248,2,0
2025-10-28 14:50:00+00:00,short,0,0.006961049,0.027417606,0.02760804,0.21386863,2,0
2025-10-28 14:51:00+00:00,long,0,0.00046688053,0.6396009,0.0011708573,0.2101567,1,0
2025-10-28 14:52:00+00:00,long,0,0.007297532,0.9811478,0.050986495,0.40923357,1,1
2025-10-28 14:53:00+00:00,short,0,0.0003488097,0.03341183,0.000565269,0.16890514,1,0
2025-10-28 14:54:00+00:00,long,0,0.00026318512,0.025188422,0.00078832306,0.17022596,1,0
2025-10-28 14:55:00+00:00,short,0,0.0021945417,0.0025164306,0.005551101,0.17738222,2,0
2025-10-28 14:56:00+00:00,long,0,0.00032019475,0.116395526,0.0006545977,0.17495124,1,0
2025-10-28 14:57:00+00:00,short,0,0.0024739595,0.0011687374,0.011538995,0.1824032,2,0
2025-10-28 14:58:00+00:00,short,0,0.00023549389,0.0006316494,0.00042659158,0.16864161,2,0
2025-10-28 14:59:00+00:00,short,0,0.018461125,0.041163698,0.048526127,0.2579755,2,0
2025-10-28 15:00:00+00:00,short,0,0.0017543613,0.0021459176,0.0040998864,0.18055837,2,0
2025-10-28 15:01:00+00:00,short,0,0.00035595286,0.00084314065,0.0003958217,0.16839345,2,0
2025-10-28 15:02:00+00:00,long,0,0.0005719706,0.83685935,0.0066361725,0.19655289,1,0
2025-10-28 15:03:00+00:00,long,0,0.00047626274,0.75295585,0.0024068672,0.18736179,1,0
2025-10-28 15:04:00+00:00,short,0,0.00030030927,0.01590999,0.00029385375,0.16809058,1,0
2025-10-28 15:05:00+00:00,short,0,0.0009162661,0.08549765,0.0022262544,0.18394442,1,0
2025-10-28 15:06:00+00:00,long,0,0.0005127249,0.80583775,0.003992849,0.1826108,1,0
2025-10-28 15:07:00+00:00,long,0,0.0003455341,0.6241756,0.001423111,0.18361689,1,0
2025-10-28 15:08:00+00:00,long,0,0.00037525807,0.07481711,0.00067201135,0.17110531,1,0
2025-10-28 15:09:00+00:00,short,0,0.0003724635,0.026679339,0.0011753764,0.17380284,1,0
2025-10-28 15:10:00+00:00,short,0,0.0049705445,0.013910108,0.02850961,0.19817303,2,0
2025-10-28 15:11:00+00:00,short,0,0.00029968176,0.00045043018,0.00041183276,0.16824521,2,0
2025-10-28 15:12:00+00:00,long,0,0.00029783376,0.06286813,0.00095488364,0.17320599,1,0
2025-10-28 15:13:00+00:00,long,0,0.0004992076,0.7747718,0.005986584,0.19305503,1,0
2025-10-28 15:14:00+00:00,long,0,0.00034937615,0.041242063,0.00032390893,0.16840543,1,0
2025-10-28 15:15:00+00:00,short,0,0.0007594082,0.05215343,0.00074726273,0.17395477,1,0
2025-10-28 15:16:00+00:00,short,0,0.0005569686,0.034469463,0.002112181,0.17259866,1,0
2025-10-28 15:17:00+00:00,long,0,0.001894073,0.7754935,0.0047602844,0.21171995,1,0
2025-10-28 15:18:00+00:00,long,0,0.004820057,0.9300843,0.03182609,0.45725527,1,1
2025-10-28 15:19:00+00:00,short,0,0.0011652735,0.043306395,0.001464958,0.18075447,1,0
2025-10-28 15:20:00+00:00,long,0,0.00060093973,0.03443001,0.0011906028,0.17290896,1,0
2025-10-28 15:21:00+00:00,short,0,0.0005131789,0.034617364,0.000505771,0.17108227,1,0
2025-10-28 15:22:00+00:00,long,0,0.0004184531,0.023482524,0.0008460165,0.16833194,1,0
2025-10-28 15:23:00+00:00,long,0,0.00032876976,0.027153613,0.0009538357,0.16822195,1,0
2025-10-28 15:24:00+00:00,short,0,0.0003776007,0.031789508,0.0003062212,0.16870846,1,0
2025-10-28 15:25:00+00:00,long,0,0.00096773024,0.7555925,0.0038483944,0.28586933,1,0
2025-10-28 15:26:00+00:00,long,0,0.00045117276,0.027120871,0.00022285726,0.16815923,1,0
2025-10-28 15:27:00+00:00,long,0,0.0003776912,0.3517815,0.00058945315,0.18151331,1,0
2025-10-28 15:28:00+00:00,short,1,0.9557077,0.93567675,0.8400705,0.70378304,3,2
2025-10-28 15:29:00+00:00,short,0,0.00054550567,0.0009847123,0.00015997232,0.16783774,2,0
2025-10-28 15:30:00+00:00,short,0,0.0002940278,0.0010504049,0.00030302568,0.16789825,2,0
2025-10-28 15:31:00+00:00,long,0,0.00032598327,0.000764539,0.000595196,0.17046072,2,0
2025-10-28 15:32:00+00:00,long,0,0.00037317965,0.04241239,0.0005757978,0.17115398,1,0
2025-10-28 15:33:00+00:00,short,0,0.0021721418,0.0065068398,0.002598008,0.17591201,2,0
2025-10-28 15:34:00+00:00,long,0,0.00049814663,0.7525727,0.0022693889,0.19042327,1,0
2025-10-28 15:35:00+00:00,long,0,0.00017949511,0.03003727,0.0005451821,0.16853566,1,0
2025-10-28 15:36:00+00:00,short,0,0.00031901195,0.058813248,0.0009539638,0.17275862,1,0
2025-10-28 15:37:00+00:00,long,0,0.00037929218,0.5798316,0.0016046392,0.18215452,1,0
2025-10-28 15:38:00+00:00,long,0,0.00029378315,0.06953187,0.000593771,0.17098431,1,0
2025-10-28 15:39:00+00:00,long,0,0.0006238647,0.7632927,0.0025990857,0.19814621,1,0
2025-10-28 15:40:00+00:00,long,0,0.0003007898,0.051036503,0.0009360794,0.1681956,1,0
2025-10-28 15:41:00+00:00,short,0,0.00051020004,0.07584821,0.0011879808,0.17304547,1,0
2025-10-28 15:42:00+00:00,short,0,0.0004222717,0.07628465,0.0025484702,0.1720634,1,0
2025-10-28 15:43:00+00:00,long,0,0.0003488516,0.026922591,0.0016517855,0.16974075,1,0
2025-10-28 15:44:00+00:00,long,0,0.0003057655,0.038433533,0.0010068661,0.1682771,1,0
2025-10-28 15:45:00+00:00,long,0,0.0005545729,0.11204358,0.0007426636,0.17281072,1,0
2025-10-28 15:46:00+00:00,long,0,0.0007758389,0.38711393,0.0011645018,0.18005438,1,0
2025-10-28 15:47:00+00:00,long,0,0.0011730124,0.46163917,0.0008328584,0.17810254,1,0
2025-10-28 15:48:00+00:00,short,0,0.00025437603,0.066777684,0.00075602066,0.17263228,1,0
2025-10-28 15:49:00+00:00,short,0,0.0002193979,0.058749665,0.0008961624,0.17213106,1,0
2025-10-28 15:50:00+00:00,long,0,0.0021123325,0.7555901,0.003321321,0.23592566,1,0
2025-10-29 14:19:00+00:00,short,1,0.97539324,0.95159686,0.95577896,0.77404046,3,2
2025-10-29 14:20:00+00:00,short,0,0.00011414459,0.0007038607,6.763474e-05,0.16953053,2,0
2025-10-29 14:21:00+00:00,short,0,0.0001921509,0.1831869,0.00014121906,0.22351104,1,0
2025-10-29 14:22:00+00:00,short,0,9.030915e-05,0.032080743,6.904812e-05,0.17000706,1,0
2025-10-29 14:23:00+00:00,short,0,8.438083e-05,0.040222503,6.342299e-05,0.16963881,1,0
2025-10-29 14:24:00+00:00,short,0,0.0013757442,0.8646674,0.002497381,0.33528376,1,0
2025-10-29 14:25:00+00:00,short,0,0.09299112,0.9300714,0.45545003,0.51840144,1,0
2025-10-29 14:26:00+00:00,short,0,0.29373237,0.20070976,0.8982077,0.6812098,2,1
2025-10-29 14:27:00+00:00,short,0,0.06336875,0.029059516,0.56590986,0.437649,2,0
2025-10-29 14:28:00+00:00,short,0,0.0027991242,0.8849627,0.0020904655,0.29827067,1,0
2025-10-29 14:29:00+00:00,short,0,6.278368e-05,0.049844354,6.140183e-05,0.17086671,1,0
2025-10-29 14:30:00+00:00,short,0,0.00016189044,0.69771266,0.0003939985,0.23673813,1,0
2025-10-29 14:31:00+00:00,short,0,0.0010072121,0.20472431,0.0037825222,0.20325328,1,0
2025-10-29 14:32:00+00:00,short,0,0.0004684448,0.77279615,0.0010423239,0.26848754,1,0
2025-10-29 14:33:00+00:00,short,0,5.8460944e-05,0.032577217,3.969787e-05,0.1683745,1,0
2025-10-29 14:34:00+00:00,short,0,0.0035687876,0.8994044,0.008619345,0.36441287,1,0
2025-10-29 14:35:00+00:00,short,0,9.652508e-05,0.12286004,8.750976e-05,0.1901503,1,0
2025-10-29 14:36:00+00:00,short,0,7.383061e-05,0.043681417,9.1239934e-05,0.1702867,1,0
2025-10-29 14:37:00+00:00,short,0,0.0710326,0.9796824,0.2521603,0.5929726,1,1
2025-10-29 14:38:00+00:00,short,0,0.0010330047,0.8335875,0.00086434133,0.29493514,1,0
2025-10-29 14:39:00+00:00,short,0,0.000116521005,0.07733281,6.402391e-05,0.17605543,1,0
2025-10-29 14:40:00+00:00,short,0,0.001658902,0.83544916,0.0044559566,0.4184911,1,1
2025-10-29 14:41:00+00:00,long,0,0.00010625608,0.06313246,0.00044247357,0.16912723,1,0
2025-10-29 14:42:00+00:00,short,0,0.033028517,0.9497337,0.31776989,0.44592893,1,0
2025-10-29 14:43:00+00:00,long,0,0.00024410826,0.7057534,0.0007317854,0.1993463,1,0
2025-10-29 14:44:00+00:00,short,0,0.00011117426,0.042214215,0.00031044384,0.17095228,1,0
2025-10-29 14:45:00+00:00,long,0,0.00033975398,0.78513753,0.0038450814,0.37330773,1,0
2025-10-29 14:46:00+00:00,short,0,0.00037540513,0.116155975,0.0018477893,0.25404057,1,0
2025-10-29 14:47:00+00:00,long,0,7.604444e-05,0.03289524,0.00070783927,0.18407424,1,0
2025-10-29 14:48:00+00:00,short,0,0.00012699483,0.043675546,0.000116532225,0.1775241,1,0
2025-10-29 14:49:00+00:00,long,0,0.00011240419,0.03525643,0.00012668931,0.17157419,1,0
2025-10-29 14:50:00+00:00,long,0,0.013067058,0.99092734,0.38559413,0.5455277,1,1
2025-10-29 14:51:00+00:00,long,0,0.0003815719,0.39741603,0.00018692597,0.25206867,1,0
2025-10-29 14:52:00+00:00,long,0,0.0012576706,0.7344611,0.0021790515,0.31105995,1,0
2025-10-29 14:53:00+00:00,long,0,0.00038127214,0.7504661,0.0022511124,0.33155742,1,0
2025-10-29 14:54:00+00:00,long,0,0.00022932013,0.049570102,0.00029627953,0.17967702,1,0
2025-10-29 14:55:00+00:00,short,0,0.00042999556,0.15419134,0.0009836119,0.25139078,1,0
2025-10-29 14:56:00+00:00,short,0,7.8801655e-05,0.046034385,0.000127363,0.24113046,1,0
2025-10-29 14:57:00+00:00,long,0,0.0001205435,0.031775165,0.00013454197,0.18116665,1,0
2025-10-29 14:58:00+00:00,long,0,8.3845676e-05,0.033177704,0.00025346648,0.17971808,1,0
2025-10-29 14:59:00+00:00,long,0,0.00024784132,0.03717235,0.0001508311,0.18633632,1,0
2025-10-29 15:00:00+00:00,long,0,0.020945717,0.9886968,0.27785063,0.4750831,1,1
2025-10-29 15:01:00+00:00,short,0,0.015552808,0.96399665,0.2027121,0.55907595,1,1
2025-10-29 15:02:00+00:00,long,0,0.0038905093,0.96982545,0.035582423,0.46523556,1,1
2025-10-29 15:03:00+00:00,long,0,0.0005675766,0.6506051,0.00056384807,0.25106964,1,0
2025-10-29 15:04:00+00:00,long,0,0.00010462046,0.008280463,0.00023793182,0.17694151,1,0
2025-10-29 15:05:00+00:00,short,1,0.9787598,0.9443103,0.94064486,0.7875373,3,2
2025-10-29 15:06:00+00:00,short,0,0.12592655,0.3177849,0.32371247,0.588813,2,1
2025-10-29 15:07:00+00:00,short,0,0.00052010664,0.0016126765,0.0012452661,0.28036326,2,0
2025-10-29 15:08:00+00:00,short,0,0.00050522946,0.000983424,0.00089819264,0.30186263,2,0
2025-10-29 15:09:00+00:00,long,0,8.839534e-05,0.0016321882,0.00026064453,0.22415917,2,0
2025-10-29 15:10:00+00:00,short,0,0.0023141087,0.018173771,0.0081658205,0.32724962,2,0
2025-10-29 15:11:00+00:00,short,0,0.00044858042,0.0012351448,0.0007246911,0.2688513,2,0
2025-10-29 15:12:00+00:00,short,0,0.0013399816,0.00530778,0.0029379895,0.2531724,2,0
2025-10-29 15:13:00+00:00,short,0,0.00029556657,0.0013246003,8.0781465e-05,0.17242086,2,0
2025-10-29 15:14:00+00:00,long,0,0.0006863631,0.8432686,0.0006355346,0.18393928,1,0
2025-10-29 15:15:00+00:00,short,0,0.00027317548,0.09925321,0.0021692459,0.17926462,1,0
2025-10-29 15:16:00+00:00,long,0,0.0006415124,0.6956641,0.0006436132,0.17351474,1,0
2025-10-29 15:17:00+00:00,short,0,0.00012713684,0.024732776,0.0003264417,0.16784377,1,0
2025-10-29 15:18:00+00:00,long,0,0.00010096603,0.04843985,0.00025150934,0.17013626,1,0
2025-10-29 15:19:00+00:00,long,0,4.0041425e-05,0.017370535,0.00016068901,0.16725345,1,0
2025-10-29 15:20:00+00:00,long,0,7.3882446e-05,0.023155585,0.00033069644,0.1697703,1,0
2025-10-29 15:21:00+00:00,short,0,0.00016058426,0.043313466,0.0016609171,0.17989707,1,0
2025-10-29 15:22:00+00:00,long,0,0.00025753235,0.7140663,0.001150745,0.17800371,1,0
2025-10-29 15:23:00+00:00,long,0,8.568198e-05,0.64606327,0.0017973251,0.17628443,1,0
2025-10-29 15:24:00+00:00,short,0,0.000101917685,0.0327131,0.00025050325,0.16857256,1,0
2025-10-29 15:25:00+00:00,long,0,5.4295375e-05,0.021620132,0.00019182726,0.16752826,1,0
2025-10-29 15:26:00+00:00,short,0,0.2366807,0.99658656,0.82422984,0.59666985,1,1
2025-10-29 15:27:00+00:00,short,0,0.0007163877,0.0071860817,0.0083825225,0.22454555,2,0
2025-10-29 15:28:00+00:00,short,0,0.072215185,0.09041529,0.2542707,0.293097,2,0
2025-10-29 15:29:00+00:00,long,0,0.00026226082,0.7252438,0.00075990445,0.17785646,1,0
2025-10-29 15:30:00+00:00,short,0,0.0012039843,0.24354199,0.0036064652,0.21997201,1,0
2025-10-29 15:31:00+00:00,short,1,0.96529007,0.96193653,0.9190887,0.76703787,3,2
2025-10-29 15:32:00+00:00,short,0,0.0039012933,0.014813969,0.007479505,0.2283193,2,0
2025-10-29 15:33:00+00:00,long,0,0.00046278286,0.6354806,0.00040504543,0.18716414,1,0
2025-10-29 15:34:00+00:00,short,0,0.14952172,0.10191603,0.45926896,0.57706565,2,0
2025-10-29 15:35:00+00:00,long,0,0.00018710554,0.015514167,6.407058e-05,0.16755748,1,0
2025-10-29 15:36:00+00:00,short,0,0.0057396977,0.025324285,0.00864495,0.26367366,2,0
2025-10-29 15:37:00+00:00,long,0,0.00019982418,0.029908856,8.069454e-05,0.16747195,1,0
2025-10-29 15:38:00+00:00,long,1,0.9849119,0.99706715,0.9407679,0.75543374,2,2
2025-10-29 15:39:00+00:00,long,0,0.0040084273,0.9482714,0.019075783,0.19033955,1,0
2025-10-29 15:40:00+00:00,short,0,0.0008780608,0.1542687,0.0013445402,0.190143,1,0
2025-10-29 15:41:00+00:00,long,0,0.00041377833,0.035756107,0.000101976206,0.16952956,1,0
2025-10-29 15:42:00+00:00,long,0,0.00019677107,0.12173144,0.0002674512,0.18374844,1,0
2025-10-29 15:43:00+00:00,long,0,0.00030804865,0.51616865,0.00021630076,0.21260934,1,0
2025-10-29 15:44:00+00:00,short,1,0.9849803,0.99867105,0.95936763,0.749191,2,2
2025-10-29 15:45:00+00:00,short,0,0.00051956775,0.0040545613,0.004014478,0.19720222,2,0
2025-10-29 15:46:00+00:00,long,0,0.00015330827,0.7804189,0.00090277306,0.1742089,1,0
2025-10-29 15:47:00+00:00,short,0,0.00012674114,0.021126345,4.994196e-05,0.16795759,1,0
2025-10-29 15:48:00+00:00,long,0,0.0003773029,0.8097328,0.0025947934,0.17770463,1,0
2025-10-29 15:49:00+00:00,long,0,9.836347e-05,0.024757797,0.00013058675,0.16770232,1,0
2025-10-29 15:50:00+00:00,long,0,7.785388e-05,0.02371802,0.000112325644,0.1679017,1,0
2025-10-30 14:19:00+00:00,short,0,0.11641547,0.096832305,0.07493267,0.30598834,2,0
2025-10-30 14:20:00+00:00,short,0,0.0041976687,0.012259843,0.003412487,0.17238073,2,0
2025-10-30 14:21:00+00:00,short,0,0.028269496,0.01925822,0.066295244,0.21765542,2,0
2025-10-30 14:22:00+00:00,short,0,0.00090537197,0.0030427144,0.002933593,0.17446883,2,0
2025-10-30 14:23:00+00:00,short,0,0.007220311,0.008347209,0.007936102,0.17480183,2,0
2025-10-30 14:24:00+00:00,short,0,0.0017890758,0.004885575,0.001151681,0.17196988,2,0
2025-10-30 14:25:00+00:00,short,0,0.00048272387,0.0012189954,0.0014908676,0.16846125,2,0
2025-10-30 14:26:00+00:00,short,0,0.0022047448,0.0036562525,0.0026585828,0.17229621,2,0
2025-10-30 14:27:00+00:00,short,0,0.112905495,0.17413034,0.2983012,0.37991598,2,0
2025-10-30 14:28:00+00:00,short,1,0.9890805,0.97753763,0.98083854,0.8020099,3,2
2025-10-30 14:29:00+00:00,short,0,0.0001485865,0.0014647759,0.00047616826,0.16775133,2,0
2025-10-30 14:30:00+00:00,short,0,0.00026680023,0.0016381925,0.0016693408,0.17080678,2,0
2025-10-30 14:31:00+00:00,short,0,0.00040165253,0.0015036939,0.00036859702,0.16860287,2,0
2025-10-30 14:32:00+00:00,short,0,0.00043237835,0.0027732986,0.0009090183,0.17194958,2,0
2025-10-30 14:33:00+00:00,short,0,0.0011598218,0.0057820827,0.0009480868,0.17195852,2,0
2025-10-30 14:34:00+00:00,short,0,0.000959821,0.003926151,0.0005233255,0.1693325,2,0
2025-10-30 14:35:00+00:00,short,0,0.0022519212,0.0043656207,0.001567644,0.16995962,2,0
2025-10-30 14:36:00+00:00,short,0,0.019657103,0.034629803,0.029952252,0.20339231,2,0
2025-10-30 14:37:00+00:00,short,0,0.0046408456,0.0048952657,0.003719206,0.17146553,2,0
2025-10-30 14:38:00+00:00,short,1,0.9893289,0.9841807,0.9779294,0.8058031,3,2
2025-10-30 14:39:00+00:00,short,0,0.00097312976,0.003230356,0.00109347,0.16871245,2,0
2025-10-30 14:40:00+00:00,short,0,0.0007393633,0.0009905357,0.0013786166,0.17547818,2,0
2025-10-30 14:41:00+00:00,short,0,0.3325161,0.24398547,0.59227693,0.4931091,2,0
2025-10-30 14:42:00+00:00,short,1,0.97749215,0.96076584,0.9631153,0.7913622,3,2
2025-10-30 14:43:00+00:00,short,0,0.0008740574,0.0012292525,0.0042438577,0.17763017,2,0
2025-10-30 14:44:00+00:00,short,0,0.00037450774,0.0006451064,0.0013695433,0.1702203,2,0
2025-10-30 14:45:00+00:00,short,0,0.00066771876,0.0012088174,0.0007062104,0.169056,2,0
2025-10-30 14:46:00+00:00,short,0,0.0013626406,0.00075712625,0.0048684753,0.1826094,2,0
2025-10-30 14:47:00+00:00,short,0,0.0022275958,0.0026767638,0.0027937402,0.17333011,2,0
2025-10-30 14:48:00+00:00,short,0,0.0010402204,0.0012302815,0.00068244076,0.1696486,2,0
2025-10-30 14:49:00+00:00,short,0,0.0010257214,0.0009006281,0.0011390727,0.16943556,2,0
2025-10-30 14:50:00+00:00,short,0,0.0012587911,0.0015513152,0.0021051152,0.17138161,2,0
2025-10-30 14:51:00+00:00,short,0,0.003629116,0.0035051655,0.0031360819,0.17367746,2,0
2025-10-30 14:52:00+00:00,short,1,0.965363,0.9354738,0.8128007,0.6629922,3,2
2025-10-30 14:53:00+00:00,short,0,0.003931131,0.0046803006,0.0032929543,0.17109825,2,0
2025-10-30 14:54:00+00:00,short,0,0.00041651752,0.0010409098,0.0015999952,0.16973712,2,0
2025-10-30 14:55:00+00:00,short,0,0.0106632,0.019333782,0.013037984,0.21694614,2,0
2025-10-30 14:56:00+00:00,short,1,0.9748537,0.9569044,0.83486706,0.7124818,3,2
2025-10-30 14:57:00+00:00,short,0,0.0022351013,0.0031925922,0.0032695977,0.18149585,2,0
2025-10-30 14:58:00+00:00,short,0,0.0028400226,0.0040058484,0.0046514305,0.18243964,2,0
2025-10-30 14:59:00+00:00,short,0,0.013514902,0.015841473,0.009722662,0.1802157,2,0
2025-10-30 15:00:00+00:00,short,0,0.00028452094,0.0015094042,0.0016271067,0.16988224,2,0
2025-10-30 15:01:00+00:00,short,0,0.00029203529,0.0011192088,0.001572946,0.16935034,2,0
2025-10-30 15:02:00+00:00,short,0,0.00092659536,0.0012986498,0.0051051583,0.17545955,2,0
2025-10-30 15:03:00+00:00,short,0,0.0005888414,0.003154417,0.003115407,0.17099975,2,0
2025-10-30 15:04:00+00:00,short,0,0.0004992178,0.0018313872,0.0028815386,0.17560692,2,0
2025-10-30 15:05:00+00:00,short,0,0.0008977867,0.005549122,0.02774111,0.18512815,2,0
2025-10-30 15:06:00+00:00,short,0,0.0006693055,0.0022135666,0.0035703904,0.170888,2,0
2025-10-30 15:07:00+00:00,short,0,0.09045899,0.17485785,0.30370423,0.43192056,2,0
2025-10-30 15:08:00+00:00,short,0,0.060837872,0.044674896,0.39357984,0.4047698,2,0
2025-10-30 15:09:00+00:00,short,0,0.0006002623,0.0014798244,0.0038928918,0.17267127,2,0
2025-10-30 15:10:00+00:00,short,0,0.00197496,0.002621643,0.0059914743,0.17573386,2,0
2025-10-30 15:11:00+00:00,short,0,0.0004161988,0.00093637645,0.0029181435,0.16996767,2,0
2025-10-30 15:12:00+00:00,short,0,0.0005407257,0.0016860571,0.0025546155,0.17247868,2,0
2025-10-30 15:13:00+00:00,short,0,0.0016122812,0.004799374,0.013500119,0.18474108,2,0
2025-10-30 15:14:00+00:00,short,0,0.0003834906,0.002625355,0.0017414446,0.17020516,2,0
2025-10-30 15:15:00+00:00,short,0,0.23037733,0.14367302,0.32552564,0.41702187,2,0
2025-10-30 15:16:00+00:00,short,0,0.00025880343,0.0012241306,0.00078697316,0.17040227,2,0
2025-10-30 15:17:00+00:00,short,0,0.00038474004,0.0015204266,0.0016761115,0.1699974,2,0
2025-10-30 15:18:00+00:00,short,0,0.0008531575,0.0026823578,0.0029490187,0.17667933,2,0
2025-10-30 15:19:00+00:00,short,0,0.0017848144,0.009760482,0.0032847389,0.17251705,2,0
2025-10-30 15:20:00+00:00,short,0,0.00025758808,0.0012084732,0.00095617224,0.16941129,2,0
2025-10-30 15:21:00+00:00,short,0,0.0007786709,0.005169256,0.002526995,0.17312,2,0
2025-10-30 15:22:00+00:00,short,0,0.0011406009,0.004932665,0.0033474471,0.18363506,2,0
2025-10-30 15:23:00+00:00,short,0,0.0068435897,0.010262256,0.03366888,0.21992831,2,0
2025-10-30 15:24:00+00:00,short,0,0.0032179938,0.011437414,0.0044737877,0.17362422,2,0
2025-10-30 15:25:00+00:00,short,0,0.00056864583,0.0041435943,0.0024799411,0.1783402,2,0
2025-10-30 15:26:00+00:00,short,0,0.0035363112,0.009565735,0.006632276,0.18130644,2,0
2025-10-30 15:27:00+00:00,short,0,0.0013600249,0.0057678213,0.0060305777,0.17833006,2,0
2025-10-30 15:28:00+00:00,short,0,0.0010046829,0.002762125,0.005369211,0.17331935,2,0
2025-10-30 15:29:00+00:00,short,0,0.0012826218,0.004067954,0.0019320732,0.16918643,2,0
2025-10-30 15:30:00+00:00,short,0,0.0016943838,0.0053651254,0.0062298863,0.2065696,2,0
2025-10-30 15:31:00+00:00,short,0,0.001685525,0.0030048373,0.004783376,0.17576021,2,0
2025-10-30 15:32:00+00:00,short,0,0.0012692793,0.00176219,0.004132645,0.17380665,2,0
2025-10-30 15:33:00+00:00,short,0,0.0009096568,0.0012446987,0.0029900612,0.17832609,2,0
2025-10-30 15:34:00+00:00,short,1,0.9809545,0.98207194,0.9687565,0.80145097,3,2
2025-10-30 15:35:00+00:00,short,0,0.004152819,0.021195736,0.0302574,0.18100965,2,0
2025-10-30 15:36:00+00:00,short,0,0.004497118,0.0017337977,0.0033595243,0.17091163,2,0
2025-10-30 15:37:00+00:00,short,0,0.0059642624,0.0030950664,0.013665221,0.18604612,2,0
2025-10-30 15:38:00+00:00,short,0,0.0009122486,0.0022647283,0.0034259013,0.17388143,2,0
2025-10-30 15:39:00+00:00,short,0,0.1021532,0.12774378,0.43127227,0.43675485,2,0
2025-10-30 15:40:00+00:00,short,0,0.0007858973,0.0032267435,0.0046369755,0.17298694,2,0
2025-10-30 15:41:00+00:00,short,1,0.9762273,0.967855,0.9468092,0.77978104,3,2
2025-10-30 15:42:00+00:00,short,0,0.0013363454,0.0013931069,0.0016797594,0.16912849,2,0
2025-10-30 15:43:00+00:00,short,0,0.0007758733,0.0012538019,0.001123786,0.16853113,2,0
2025-10-30 15:44:00+00:00,short,0,0.0006861044,0.0015129441,0.0010346017,0.16903548,2,0
2025-10-30 15:45:00+00:00,short,0,0.00085794606,0.0011575376,0.0011415553,0.17027701,2,0
2025-10-30 15:46:00+00:00,short,0,0.000987472,0.0015208777,0.003459683,0.17243175,2,0
2025-10-30 15:47:00+00:00,short,0,0.0009816674,0.0030858477,0.0077113532,0.172219,2,0
2025-10-30 15:48:00+00:00,short,0,0.0070683016,0.010623108,0.012713117,0.1761067,2,0
2025-10-30 15:49:00+00:00,short,0,0.006726738,0.0077476883,0.04972827,0.20428936,2,0
2025-10-30 15:50:00+00:00,short,0,0.0076068235,0.013692143,0.012346848,0.18603055,2,0
2025-10-31 14:19:00+00:00,short,0,0.00023597917,0.0012036934,0.00030098113,0.16849798,2,0
2025-10-31 14:20:00+00:00,short,0,0.0023468996,0.8380199,0.0018228985,0.20701669,1,0
2025-10-31 14:21:00+00:00,short,0,0.060764696,0.017342284,0.08926112,0.28163508,2,0
2025-10-31 14:22:00+00:00,short,0,0.02090737,0.015387671,0.053119067,0.3268887,2,0
2025-10-31 14:23:00+00:00,short,0,0.00033313234,0.2653415,0.0005915488,0.17660774,1,0
2025-10-31 14:24:00+00:00,short,0,0.00025125913,0.14847356,0.0001683507,0.16881233,1,0
2025-10-31 14:25:00+00:00,short,0,0.00024314683,0.10145064,0.00020469497,0.1683274,1,0
2025-10-31 14:26:00+00:00,short,0,0.0026712907,0.34459248,0.008272607,0.21257626,1,0
2025-10-31 14:27:00+00:00,short,0,0.00043975213,0.3082566,0.00094934733,0.17163283,1,0
2025-10-31 14:28:00+00:00,short,0,0.005680189,0.47203252,0.021623623,0.19150884,1,0
2025-10-31 14:29:00+00:00,short,0,0.0039436063,0.34451953,0.014506967,0.21312703,1,0
2025-10-31 14:30:00+00:00,short,0,0.00024171906,0.20119013,0.0008899269,0.17016517,1,0
2025-10-31 14:31:00+00:00,short,0,0.0007038165,0.7073592,0.00061497523,0.18379225,1,0
2025-10-31 14:32:00+00:00,short,0,0.00048244858,0.6065391,0.0005743645,0.18380637,1,0
2025-10-31 14:33:00+00:00,short,0,0.0004304715,0.17984492,0.00040463038,0.17970891,1,0
2025-10-31 14:34:00+00:00,short,0,0.006217526,0.17580864,0.0033623483,0.19959284,1,0
2025-10-31 14:35:00+00:00,short,0,0.0002901625,0.049828697,0.00023899612,0.16928256,1,0
2025-10-31 14:36:00+00:00,short,0,0.00020346888,0.044939727,0.0004967386,0.16881067,1,0
2025-10-31 14:37:00+00:00,short,0,0.00064180593,0.24126227,0.00033245527,0.1759094,1,0
2025-10-31 14:38:00+00:00,short,0,0.00074222806,0.63812757,0.0006112698,0.19799604,1,0
2025-10-31 14:39:00+00:00,short,1,0.97667444,0.995917,0.9553094,0.78560835,2,2
2025-10-31 14:40:00+00:00,short,0,0.005122847,0.382815,0.0049229898,0.24430287,1,0
2025-10-31 14:41:00+00:00,long,0,0.0105567975,0.96209484,0.014277202,0.23093653,1,0
2025-10-31 14:42:00+00:00,long,0,0.00041246257,0.23776749,0.0018462006,0.18055727,1,0
2025-10-31 14:43:00+00:00,short,1,0.9750244,0.99448943,0.9512004,0.74692863,2,2
2025-10-31 14:44:00+00:00,short,0,0.031452943,0.87501884,0.120350845,0.43092668,1,0
2025-10-31 14:45:00+00:00,short,0,0.0008803768,0.11543764,0.0007562779,0.17197414,1,0
2025-10-31 14:46:00+00:00,short,0,0.007767053,0.65447444,0.090064265,0.3048057,1,0
2025-10-31 14:47:00+00:00,short,0,0.008887873,0.59901106,0.076694556,0.30308953,1,0
2025-10-31 14:48:00+00:00,short,0,0.0010842574,0.12475164,0.002068211,0.19108312,1,0
2025-10-31 14:49:00+00:00,short,0,0.0014256177,0.08412471,0.0010024618,0.17235391,1,0
2025-10-31 14:50:00+00:00,long,0,0.0010145932,0.8079171,0.0023555344,0.18407118,1,0
2025-10-31 14:51:00+00:00,long,0,0.004949707,0.9800063,0.017663598,0.22869976,1,0
2025-10-31 14:52:00+00:00,short,0,0.0034788193,0.3350276,0.013036696,0.2757009,1,0
2025-10-31 14:53:00+00:00,short,1,0.9785478,0.99798644,0.9391117,0.7724259,2,2
2025-10-31 14:54:00+00:00,short,0,0.0015189463,0.30080473,0.007565493,0.26370496,1,0
2025-10-31 14:55:00+00:00,long,0,0.0039003487,0.9399721,0.0061729075,0.19059724,1,0
2025-10-31 14:56:00+00:00,short,0,0.0015990736,0.20109987,0.0027631891,0.21090566,1,0
2025-10-31 14:57:00+00:00,long,0,0.0015060274,0.9217662,0.003331811,0.17671053,1,0
2025-10-31 14:58:00+00:00,long,0,0.0007018276,0.82591254,0.0035431867,0.18218774,1,0
2025-10-31 14:59:00+00:00,long,0,0.0014717326,0.93040544,0.00493436,0.18493418,1,0
2025-10-31 15:00:00+00:00,long,0,0.0010157049,0.942587,0.005077541,0.1946366,1,0
2025-10-31 15:01:00+00:00,short,0,0.0013772125,0.22917633,0.0032301517,0.19999737,1,0
2025-10-31 15:02:00+00:00,long,0,0.00042425017,0.5268978,0.0021148468,0.18201397,1,0
2025-10-31 15:03:00+00:00,long,0,0.00054710475,0.47126502,0.0021020654,0.19482933,1,0
2025-10-31 15:04:00+00:00,long,0,0.0013529892,0.9379682,0.0050653834,0.19757146,1,0
2025-10-31 15:05:00+00:00,long,0,0.00019908042,0.034615237,0.00090967247,0.17078388,1,0
2025-10-31 15:06:00+00:00,short,0,0.071175665,0.98429453,0.5577056,0.52630943,1,0
2025-10-31 15:07:00+00:00,short,0,0.009181158,0.6848456,0.064685516,0.27644,1,0
2025-10-31 15:08:00+00:00,long,0,0.00022717025,0.13188155,0.001541124,0.18050377,1,0
2025-10-31 15:09:00+00:00,short,0,0.26272595,0.995275,0.90040576,0.7393101,1,2
2025-10-31 15:10:00+00:00,long,0,0.0002228222,0.10092359,0.00075905834,0.17606683,1,0
2025-10-31 15:11:00+00:00,long,0,0.0014811208,0.8542492,0.0028675566,0.20674662,1,0
2025-10-31 15:12:00+00:00,short,0,0.00020498442,0.025501342,0.00017149239,0.17223223,1,0
2025-10-31 15:13:00+00:00,short,0,0.5389643,0.9958104,0.7978664,0.7180287,1,2
2025-10-31 15:14:00+00:00,long,0,0.00050719595,0.23807468,0.0010276253,0.1760041,1,0
2025-10-31 15:15:00+00:00,long,0,0.022466335,0.98977995,0.13336836,0.49367508,1,0
2025-10-31 15:16:00+00:00,long,0,0.00021110616,0.031033881,0.00023654616,0.16944064,1,0
2025-10-31 15:17:00+00:00,long,0,0.00024071583,0.03903237,0.00064135774,0.16895021,1,0
2025-10-31 15:18:00+00:00,long,0,0.13732658,0.9952135,0.35639048,0.6277318,1,1
2025-10-31 15:19:00+00:00,long,0,0.0003254169,0.07627091,0.00066316273,0.16934516,1,0
2025-10-31 15:20:00+00:00,long,0,0.0004175004,0.83363223,0.0074370652,0.18654172,1,0
2025-10-31 15:21:00+00:00,long,0,0.0003434642,0.07869393,0.00083274685,0.16990562,1,0
2025-10-31 15:22:00+00:00,long,0,0.00055065023,0.7403434,0.00834715,0.1802815,1,0
2025-10-31 15:23:00+00:00,long,0,0.0028977643,0.9375845,0.030590486,0.26883268,1,0
2025-10-31 15:24:00+00:00,long,0,0.00077717646,0.19979598,0.0008997109,0.16970463,1,0
2025-10-31 15:25:00+00:00,long,0,0.0006665514,0.66316664,0.0039383844,0.19069791,1,0
2025-10-31 15:26:00+00:00,long,0,0.00079965946,0.15235873,0.0031300995,0.17677468,1,0
2025-10-31 15:27:00+00:00,long,0,0.0005077469,0.80785316,0.009279689,0.20775239,1,0
2025-10-31 15:28:00+00:00,long,0,0.000643627,0.1094549,0.0035746014,0.19634783,1,0
2025-10-31 15:29:00+00:00,long,0,0.0011185154,0.07130075,0.0029378808,0.171288,1,0
2025-10-31 15:30:00+00:00,long,0,0.0005684949,0.034626752,0.0010947103,0.16903351,1,0
2025-10-31 15:31:00+00:00,long,0,0.046125636,0.98971623,0.42941877,0.51239234,1,1
2025-10-31 15:32:00+00:00,long,0,0.0008380225,0.070465155,0.0010481926,0.17151476,1,0
2025-10-31 15:33:00+00:00,long,0,0.0019118002,0.89854455,0.021116555,0.22881158,1,0
2025-10-31 15:34:00+00:00,long,0,0.009063795,0.9816607,0.15502708,0.36735508,1,0
2025-10-31 15:35:00+00:00,long,0,0.00015283201,0.026917063,0.0010129706,0.16955918,1,0
2025-10-31 15:36:00+00:00,long,0,0.00020910468,0.018862918,0.0020501737,0.16908701,1,0
2025-10-31 15:37:00+00:00,long,0,0.021290878,0.9903942,0.40573713,0.50227517,1,0
2025-10-31 15:38:00+00:00,long,0,0.00017659875,0.025558777,0.0010782589,0.169344,1,0
2025-10-31 15:39:00+00:00,long,0,0.0002828802,0.62137544,0.0036264013,0.24260096,1,0
2025-10-31 15:40:00+00:00,long,0,0.00027134418,0.43376845,0.0062510297,0.23914321,1,0
2025-10-31 15:41:00+00:00,long,0,0.0007987444,0.10973321,0.0028318588,0.21631064,1,0
2025-10-31 15:42:00+00:00,long,0,0.00034625476,0.6400124,0.0046005994,0.21528429,1,0
2025-10-31 15:43:00+00:00,long,0,0.0007776646,0.23901832,0.005028891,0.22704351,1,0
2025-10-31 15:44:00+00:00,long,0,0.00806697,0.013280303,0.21612346,0.52896285,2,1
2025-10-31 15:45:00+00:00,long,0,0.0015118439,0.0073169684,0.008273373,0.28465998,2,0
2025-10-31 15:46:00+00:00,long,0,0.00021639359,0.675905,0.0046550767,0.19171007,1,0
2025-10-31 15:47:00+00:00,long,0,0.0006416307,0.12957926,0.003550776,0.18064378,1,0
2025-10-31 15:48:00+00:00,long,0,0.00046098322,0.605477,0.0043941215,0.19563277,1,0
2025-10-31 15:49:00+00:00,long,0,0.0001968589,0.02562098,0.00085665495,0.16973859,1,0
2025-10-31 15:50:00+00:00,long,0,0.00050377526,0.07298004,0.0056516035,0.17904538,1,0
2025-11-03 15:19:00+00:00,short,0,0.045193527,0.025068477,0.12279378,0.31191862,2,0
2025-11-03 15:20:00+00:00,long,0,0.0012337193,0.025144888,0.0019623702,0.2613952,2,0
2025-11-03 15:21:00+00:00,short,0,0.06686712,0.022672586,0.13135877,0.30435377,2,0
2025-11-03 15:22:00+00:00,short,0,0.00040014563,0.0012746771,0.00080474827,0.23299955,2,0
2025-11-03 15:23:00+00:00,long,0,0.00048015875,0.54606414,0.0007860224,0.19010134,1,0
2025-11-03 15:24:00+00:00,long,0,0.00013733971,0.038045797,0.00020365113,0.16865791,1,0
2025-11-03 15:25:00+00:00,short,0,0.0004164105,0.066658534,0.0009904366,0.17709655,1,0
2025-11-03 15:26:00+00:00,long,0,0.00014585172,0.03997743,0.00032204235,0.16844167,1,0
2025-11-03 15:27:00+00:00,long,0,0.0017844542,0.8773852,0.0022142795,0.1898058,1,0
2025-11-03 15:28:00+00:00,long,0,0.00013650216,0.15862572,0.00069452415,0.18668999,1,0
2025-11-03 15:29:00+00:00,short,0,9.627421e-05,0.036911074,0.00012770985,0.16823536,1,0
2025-11-03 15:30:00+00:00,long,0,0.00024523897,0.68006986,0.0012531279,0.18675256,1,0
2025-11-03 15:31:00+00:00,short,0,0.015592283,0.8780477,0.057163693,0.21148537,1,0
2025-11-03 15:32:00+00:00,short,0,0.00025967244,0.12963845,0.0014806081,0.17998938,1,0
2025-11-03 15:33:00+00:00,short,0,0.0040440075,0.77285886,0.014687291,0.20239474,1,0
2025-11-03 15:34:00+00:00,long,0,0.00010615632,0.039436318,0.0001159242,0.16787396,1,0
2025-11-03 15:35:00+00:00,long,0,0.0001491772,0.26956722,0.00078841497,0.1726818,1,0
2025-11-03 15:36:00+00:00,long,0,0.00015936182,0.26990923,0.0008031788,0.17691754,1,0
2025-11-03 15:37:00+00:00,long,0,0.0070193163,0.9770536,0.050125998,0.3324604,1,0
2025-11-03 15:38:00+00:00,short,0,0.00045376885,0.15739451,0.0038265425,0.17713152,1,0
2025-11-03 15:39:00+00:00,short,0,0.0042557106,0.58994156,0.012981843,0.194068,1,0
2025-11-03 15:40:00+00:00,long,0,0.023427214,0.9873396,0.34390837,0.40390804,1,0
2025-11-03 15:41:00+00:00,short,0,0.002442155,0.26218697,0.0028675336,0.26437888,1,0
2025-11-03 15:42:00+00:00,long,0,0.00026614094,0.07059923,0.0008949017,0.1808133,1,0
2025-11-03 15:43:00+00:00,short,0,0.004414822,0.76983917,0.010405466,0.36948428,1,0
2025-11-03 15:44:00+00:00,long,0,0.00065084104,0.7882134,0.0025271117,0.19861303,1,0
2025-11-03 15:45:00+00:00,short,0,0.00019277925,0.100937285,0.00028626586,0.17730373,1,0
2025-11-03 15:46:00+00:00,short,1,0.97101104,0.99858874,0.95424324,0.79015774,2,2
2025-11-03 15:47:00+00:00,long,0,0.00020969445,0.057229597,0.000468385,0.1718039,1,0
2025-11-03 15:48:00+00:00,short,0,0.001561515,0.22558643,0.0020132074,0.27781832,1,0
2025-11-03 15:49:00+00:00,short,0,0.0019026326,0.25672424,0.0021185826,0.30557153,1,0
2025-11-03 15:50:00+00:00,short,0,0.00039489171,0.113752365,0.00079760316,0.22503407,1,0
2025-11-04 15:19:00+00:00,short,0,7.24335e-05,0.00018392867,2.9804507e-05,0.16710363,2,0
2025-11-04 15:20:00+00:00,short,0,0.00017142763,0.00071634125,0.0005934066,0.17006125,2,0
2025-11-04 15:21:00+00:00,short,0,0.00033914737,0.00095169886,0.0015983415,0.17546715,2,0
2025-11-04 15:22:00+00:00,short,0,7.513707e-05,0.00022753314,1.8890023e-05,0.16708118,2,0
2025-11-04 15:23:00+00:00,short,0,9.592288e-05,0.00062524894,0.00020601369,0.16904207,2,0
2025-11-04 15:24:00+00:00,short,0,0.00018704562,0.0011614282,0.0007760234,0.1704887,2,0
2025-11-04 15:25:00+00:00,short,0,4.7083446e-05,0.0001920421,2.9022929e-05,0.16715132,2,0
2025-11-04 15:26:00+00:00,short,0,8.319958e-05,0.000318697,0.00020216742,0.16775711,2,0
2025-11-04 15:27:00+00:00,short,0,0.00013018516,0.0006140689,0.00022323112,0.16909106,2,0
2025-11-04 15:28:00+00:00,short,0,0.0010239093,0.0045716353,0.014833369,0.20277822,2,0
2025-11-04 15:29:00+00:00,short,0,0.0037585602,0.021324635,0.10254467,0.29839644,2,0
2025-11-04 15:30:00+00:00,short,0,0.00013310704,0.00090996287,0.0001765506,0.16893955,2,0
2025-11-04 15:31:00+00:00,short,0,0.00381511,0.029339047,0.0794598,0.20134549,2,0
2025-11-04 15:32:00+00:00,short,0,0.00026995514,0.001023624,0.00043517008,0.17241101,2,0
2025-11-04 15:33:00+00:00,short,0,0.0002209438,0.00066200556,0.00011918736,0.1676374,2,0
2025-11-04 15:34:00+00:00,short,0,9.326103e-05,0.00051818194,0.00019317523,0.16850758,2,0
2025-11-04 15:35:00+00:00,short,0,0.00052375847,0.0032906483,0.0017175766,0.18509753,2,0
2025-11-04 15:36:00+00:00,short,0,5.4087624e-05,0.00034741982,5.1209525e-05,0.16705717,2,0
2025-11-04 15:37:00+00:00,short,0,0.00011176558,0.0006075531,0.00013523511,0.1695611,2,0
2025-11-04 15:38:00+00:00,short,0,4.296936e-05,0.00024109324,2.7339214e-05,0.16713144,2,0
2025-11-04 15:39:00+00:00,short,0,0.00011654656,0.0010545398,0.00057657546,0.16887368,2,0
2025-11-04 15:40:00+00:00,short,0,0.0004240391,0.0014303924,0.0029700254,0.18002802,2,0
2025-11-04 15:41:00+00:00,short,0,0.00012254422,0.00036404133,0.00014794269,0.16759086,2,0
2025-11-04 15:42:00+00:00,short,0,0.000116229916,0.0014340953,0.00030160014,0.17681503,2,0
2025-11-04 15:43:00+00:00,short,0,0.010221454,0.04390827,0.091089,0.5015879,2,0
2025-11-04 15:44:00+00:00,short,0,0.0002506227,0.0006474273,0.0003154778,0.17247526,2,0
2025-11-04 15:45:00+00:00,short,0,0.018113641,0.02789217,0.08520677,0.36166367,2,0
2025-11-04 15:46:00+00:00,short,0,0.0014487582,0.003521,0.009093876,0.20012885,2,0
2025-11-04 15:47:00+00:00,short,1,0.9811554,0.98118734,0.96354896,0.80161315,3,2
2025-11-04 15:48:00+00:00,short,0,0.00060566945,0.0008661245,0.00012783462,0.16832493,2,0
2025-11-04 15:49:00+00:00,short,0,0.001015259,0.0014320558,0.0005680629,0.18468396,2,0
2025-11-04 15:50:00+00:00,short,0,0.0008983655,0.0018129296,0.0003222048,0.16935079,2,0
2025-11-05 15:19:00+00:00,short,0,0.00041720417,0.034915466,0.0034820538,0.17460947,1,0
2025-11-05 15:20:00+00:00,long,0,0.00030785077,0.049195968,0.0014153348,0.18013598,1,0
2025-11-05 15:21:00+00:00,short,0,0.0006084698,0.042614166,0.0016936839,0.17590572,1,0
2025-11-05 15:22:00+00:00,short,0,0.000836936,0.23925114,0.003019561,0.18390852,1,0
2025-11-05 15:23:00+00:00,long,0,0.004822794,0.88151985,0.03443083,0.4053184,1,0
2025-11-05 15:24:00+00:00,short,0,0.07883555,0.99160856,0.3695813,0.59628344,1,1
2025-11-05 15:25:00+00:00,short,0,0.0007939239,0.2459434,0.0046990924,0.18351983,1,0
2025-11-05 15:26:00+00:00,short,0,0.00033947214,0.051350642,0.0017544139,0.20412667,1,0
2025-11-05 15:27:00+00:00,short,0,0.0033152432,0.793004,0.008255428,0.32705423,1,0
2025-11-05 15:28:00+00:00,long,0,0.001581781,0.33286312,0.0026276344,0.23911572,1,0
2025-11-05 15:29:00+00:00,short,0,0.0020449844,0.5739598,0.005485415,0.24941732,1,0
2025-11-05 15:30:00+00:00,long,0,0.0003800749,0.21862441,0.0026010047,0.1936227,1,0
2025-11-05 15:31:00+00:00,short,0,0.0003684393,0.08128544,0.0022594118,0.19684233,1,0
2025-11-05 15:32:00+00:00,long,0,0.018613277,0.94994843,0.035049304,0.30472976,1,0
2025-11-05 15:33:00+00:00,short,0,0.0013175487,0.1937417,0.0030001737,0.1921674,1,0
2025-11-05 15:34:00+00:00,long,0,0.0007898833,0.399701,0.0035274522,0.19398026,1,0
2025-11-05 15:35:00+00:00,short,0,0.14065354,0.99457425,0.32925007,0.6657947,1,1
2025-11-05 15:36:00+00:00,long,0,0.0026792637,0.94028354,0.009566409,0.23805983,1,0
2025-11-05 15:37:00+00:00,short,0,0.0007245215,0.1073006,0.0010868836,0.21590728,1,0
2025-11-05 15:38:00+00:00,short,0,0.1885675,0.99669844,0.49017203,0.64620894,1,1
2025-11-05 15:39:00+00:00,long,0,0.00011306142,0.0966348,0.00018081315,0.1689743,1,0
2025-11-05 15:40:00+00:00,short,0,0.0034012818,0.35661757,0.002561586,0.20198047,1,0
2025-11-05 15:41:00+00:00,short,0,0.001983204,0.3625703,0.0028324234,0.18437201,1,0
2025-11-05 15:42:00+00:00,short,0,0.004745639,0.4844744,0.0026523997,0.20121181,1,0
2025-11-05 15:43:00+00:00,long,0,0.00022511672,0.07658297,0.00016415697,0.17070788,1,0
2025-11-05 15:44:00+00:00,long,0,0.0004764491,0.11878664,0.00025382076,0.17121215,1,0
2025-11-05 15:45:00+00:00,short,0,0.0025676053,0.50813925,0.0028596106,0.2131411,1,0
2025-11-05 15:46:00+00:00,short,0,0.0016029777,0.14092448,0.0015134535,0.19597505,1,0
2025-11-05 15:47:00+00:00,long,0,0.00073763134,0.36398005,0.00039765183,0.2486826,1,0
2025-11-05 15:48:00+00:00,short,0,0.005291506,0.78681195,0.004910112,0.30250454,1,0
2025-11-05 15:49:00+00:00,short,0,0.11498019,0.9913776,0.4248609,0.5327999,1,0
2025-11-05 15:50:00+00:00,long,0,0.011652082,0.94343734,0.026520256,0.22233932,1,0
2025-11-06 15:19:00+00:00,short,0,0.00059084105,0.0018552038,0.0006017473,0.17183948,2,0
2025-11-06 15:20:00+00:00,short,0,0.00010148486,0.0002562665,0.00018730832,0.16749501,2,0
2025-11-06 15:21:00+00:00,short,0,0.0012795225,0.00357506,0.0030463852,0.1838507,2,0
2025-11-06 15:22:00+00:00,short,0,0.0013965826,0.0037159333,0.008131174,0.19730656,2,0
2025-11-06 15:23:00+00:00,short,0,0.017756214,0.031936992,0.16176331,0.5117245,2,0
2025-11-06 15:24:00+00:00,short,0,0.11260458,0.22106251,0.59355193,0.6736913,2,2
2025-11-06 15:25:00+00:00,short,0,0.088153586,0.037806697,0.2224798,0.6590777,2,2
2025-11-06 15:26:00+00:00,short,0,0.014565075,0.02185035,0.1321306,0.46832642,2,0
2025-11-06 15:27:00+00:00,short,0,0.019615432,0.020550044,0.11889622,0.35948887,2,0
2025-11-06 15:28:00+00:00,short,0,0.0001820971,0.0012826511,0.00060380984,0.18133682,2,0
2025-11-06 15:29:00+00:00,short,0,0.00027469997,0.0015092102,0.00028125965,0.16768877,2,0
2025-11-06 15:30:00+00:00,short,0,0.019519627,0.07353552,0.23886076,0.44878837,2,0
2025-11-06 15:31:00+00:00,short,0,0.00029711824,0.0009930094,0.000878936,0.1755233,2,0
2025-11-06 15:32:00+00:00,short,0,0.10365106,0.10565212,0.37961894,0.52988416,2,0
2025-11-06 15:33:00+00:00,short,0,0.019150011,0.011146005,0.111525275,0.39014956,2,0
2025-11-06 15:34:00+00:00,short,0,0.0013710133,0.0044762758,0.005667183,0.24967979,2,0
2025-11-06 15:35:00+00:00,short,0,0.00050675136,0.0006242525,0.00054759305,0.17732894,2,0
2025-11-06 15:36:00+00:00,short,0,0.13530552,0.22632311,0.3916831,0.5524269,2,1
2025-11-06 15:37:00+00:00,short,0,0.0013636572,0.003265082,0.003365373,0.2200827,2,0
2025-11-06 15:38:00+00:00,short,0,0.020901695,0.01779362,0.077829376,0.420537,2,0
2025-11-06 15:39:00+00:00,short,0,9.727593e-05,0.00057977525,0.00013226856,0.16770239,2,0
2025-11-06 15:40:00+00:00,short,0,0.0002763515,0.0007120459,0.00038552628,0.17074049,2,0
2025-11-06 15:41:00+00:00,short,0,0.00022631265,0.00063028734,0.00046528582,0.17120479,2,0
2025-11-06 15:42:00+00:00,short,0,0.00027537337,0.00041886236,0.00038261333,0.17550649,2,0
2025-11-06 15:43:00+00:00,short,0,0.00024583781,0.00062946364,0.00036305064,0.16994138,2,0
2025-11-06 15:44:00+00:00,short,0,0.0071530766,0.0070694494,0.049828406,0.30189118,2,0
2025-11-06 15:45:00+00:00,short,0,0.0066305012,0.002745809,0.011127725,0.18565114,2,0
2025-11-06 15:46:00+00:00,short,0,0.00045406222,0.0006318619,0.00047017992,0.17249973,2,0
2025-11-06 15:47:00+00:00,short,0,0.00031691726,0.0004826277,0.00019216885,0.16795416,2,0
2025-11-06 15:48:00+00:00,short,0,0.0014754527,0.0009768584,0.0013490481,0.17183597,2,0
2025-11-06 15:49:00+00:00,short,0,0.00028175884,0.00035685053,0.00034654536,0.16785145,2,0
2025-11-06 15:50:00+00:00,short,0,0.0014479933,0.0012917903,0.0010113062,0.17679705,2,0
2025-11-07 15:19:00+00:00,long,1,0.98395663,0.9644875,0.9357437,0.7512803,3,2
2025-11-07 15:20:00+00:00,short,0,0.07994923,0.99168676,0.13386866,0.30060348,1,0
2025-11-07 15:21:00+00:00,short,0,0.00032533842,0.06392887,0.0004396245,0.17473479,1,0
2025-11-07 15:22:00+00:00,short,0,0.00028945875,0.06188981,0.0004614609,0.17312884,1,0
2025-11-07 15:23:00+00:00,short,0,0.0002889721,0.06322033,0.0006004863,0.17930323,1,0
2025-11-07 15:24:00+00:00,short,0,0.0005346276,0.09171192,0.000579253,0.18207978,1,0
2025-11-07 15:25:00+00:00,short,0,0.04524988,0.98275226,0.1674268,0.38788018,1,0
2025-11-07 15:26:00+00:00,short,0,0.00053179497,0.12667243,0.0006889527,0.16833591,1,0
2025-11-07 15:27:00+00:00,long,0,0.064445995,0.9935402,0.5527899,0.51314306,1,0
2025-11-07 15:28:00+00:00,short,0,0.18394065,0.99558467,0.39992243,0.65555483,1,2
2025-11-07 15:29:00+00:00,long,0,0.07791743,0.988555,0.5527899,0.5075858,1,0
2025-11-07 15:30:00+00:00,short,0,0.00021451883,0.054113623,0.0008843649,0.1994983,1,0
2025-11-07 15:31:00+00:00,short,0,0.00027124278,0.03640683,0.00063348364,0.21258985,1,0
2025-11-07 15:32:00+00:00,short,0,0.00024642333,0.05906178,0.0007475961,0.2017749,1,0
2025-11-07 15:33:00+00:00,short,0,0.0023191597,0.45421922,0.0059271483,0.21256463,1,0
2025-11-07 15:34:00+00:00,short,1,0.9869763,0.9993112,0.95378536,0.79768354,2,2
2025-11-07 15:35:00+00:00,long,0,0.00032690074,0.10575815,0.0009010561,0.16907431,1,0
2025-11-07 15:36:00+00:00,short,0,0.00041270308,0.06994811,0.00074119255,0.19566043,1,0
2025-11-07 15:37:00+00:00,long,0,0.018013952,0.9779373,0.3070747,0.42882657,1,0
2025-11-07 15:38:00+00:00,long,0,0.0003391346,0.0776782,0.0011020703,0.17087509,1,0
2025-11-07 15:39:00+00:00,long,0,0.00036216222,0.64264476,0.0023689554,0.19789107,1,0
2025-11-07 15:40:00+00:00,long,0,0.00063252804,0.0936234,0.0012571968,0.17634988,1,0
2025-11-07 15:41:00+00:00,short,0,0.0009295895,0.22040859,0.00230586,0.17759739,1,0
2025-11-07 15:42:00+00:00,long,0,0.011941993,0.96850073,0.2853933,0.42482314,1,0
2025-11-07 15:43:00+00:00,long,0,0.0051309094,0.0070943222,0.003786837,0.23281455,2,0
2025-11-07 15:44:00+00:00,short,0,0.2200002,0.99706465,0.68322694,0.65590787,1,2
2025-11-07 15:45:00+00:00,short,0,0.00037349924,0.20339501,0.0034837485,0.1807379,1,0
2025-11-07 15:46:00+00:00,short,0,0.0004841501,0.07719669,0.0014684728,0.1901452,1,0
2025-11-07 15:47:00+00:00,short,1,0.97841144,0.9990638,0.94755954,0.79796594,2,2
2025-11-07 15:48:00+00:00,short,0,0.00014963408,0.0722329,0.00082603167,0.168642,1,0
2025-11-07 15:49:00+00:00,long,0,0.0019965104,0.95819473,0.019521862,0.24059016,1,0
2025-11-07 15:50:00+00:00,short,0,0.0013587044,0.8342217,0.022813423,0.28973445,1,0
