entry_time,exit_time,direction,entry_price,exit_price,stop_loss,take_profit,pnl,pnl_percent,risk_percent,ml_probability,confidence_tier,exit_reason
2025-05-14 14:44:00+00:00,2025-05-14 15:12:00+00:00,short,5898.762916188683,5889.9147718144,5904.661679104872,5889.9147718144,2250.000000000003,0.0015000000000000022,0.015,0.95460886,high,tp1
2025-05-15 14:28:00+00:00,2025-05-15 14:32:00+00:00,long,5873.981498933717,5882.792471182118,5868.107517434783,5882.792471182118,2249.9999999999814,0.0014999999999999877,0.015,0.9608323,high,tp1
2025-05-15 14:45:00+00:00,2025-05-15 14:47:00+00:00,long,5876.111926874498,5884.92609476481,5870.235814947623,5884.92609476481,2250.000000000088,0.0015000000000000588,0.015,0.9641081,high,tp1
2025-05-15 14:58:00+00:00,2025-05-15 15:02:00+00:00,long,5877.919539132122,5886.73641844082,5872.041619592989,5886.73641844082,2249.999999999937,0.0014999999999999577,0.015,0.9563349,high,tp1
2025-05-15 15:07:00+00:00,2025-05-15 15:11:00+00:00,long,5879.9606946078375,5888.7806356497495,5874.08073391323,5888.7806356497495,2250.000000000059,0.0015000000000000395,0.015,0.9486644,high,tp1
2025-05-15 15:49:00+00:00,2025-05-15 15:50:00+00:00,long,5883.015630739445,5891.840154185555,5877.132615108706,5891.840154185555,2250.000000000007,0.0015000000000000048,0.015,0.9744879,high,tp1
2025-05-16 14:35:00+00:00,2025-05-16 14:38:00+00:00,long,5930.612152435918,5939.508070664571,5924.681540283482,5939.508070664571,2249.999999999905,0.0014999999999999365,0.015,0.9825966,high,tp1
2025-05-16 14:47:00+00:00,2025-05-16 15:03:00+00:00,long,5932.967633112844,5941.867084562513,5927.034665479731,5941.867084562513,2249.9999999999222,0.0014999999999999482,0.015,0.98427385,high,tp1
2025-05-16 14:49:00+00:00,2025-05-16 15:03:00+00:00,long,5933.136593615017,5942.036298505439,5927.203457021402,5942.036298505439,2249.999999999885,0.0014999999999999235,0.015,0.9832177,high,tp1
2025-05-19 14:38:00+00:00,2025-05-19 14:39:00+00:00,long,5908.212270105547,5917.074588510705,5902.304057835441,5917.074588510705,2250.000000000039,0.0015000000000000263,0.015,0.9730848,high,tp1
2025-05-19 14:52:00+00:00,2025-05-19 14:53:00+00:00,short,5920.380698501696,5911.500127453944,5926.301079200198,5911.500127453944,2250.000000000042,0.001500000000000028,0.015,0.9612421,high,tp1
2025-05-19 14:58:00+00:00,2025-05-19 14:59:00+00:00,short,5920.961521616756,5912.080079334331,5926.882483138373,5912.080079334331,2250.000000000034,0.0015000000000000228,0.015,0.97163826,high,tp1
2025-05-19 15:06:00+00:00,2025-05-19 15:08:00+00:00,long,5914.003446716778,5922.874451886853,5908.089443270062,5922.874451886853,2250.0000000000787,0.0015000000000000525,0.015,0.97385275,high,tp1
2025-05-19 15:18:00+00:00,2025-05-19 15:19:00+00:00,long,5915.858380074257,5924.732167644369,5909.942521694183,5924.732167644369,2250.000000000091,0.0015000000000000607,0.015,0.97133476,high,tp1
2025-05-19 15:31:00+00:00,2025-05-19 15:35:00+00:00,long,5919.091837780453,5927.970475537123,5913.172745942672,5927.970475537123,2249.9999999999004,0.0014999999999999337,0.015,0.9682579,high,tp1
2025-05-21 14:33:00+00:00,2025-05-21 14:34:00+00:00,short,5907.804441834579,5893.034930729992,5913.712246276414,5893.034930729992,3750.0000000001032,0.002500000000000069,0.015,0.9921163,high,tp2
2025-05-21 14:36:00+00:00,2025-05-21 14:38:00+00:00,short,5905.274370434972,5896.41645887932,5911.179644805407,5896.41645887932,2249.999999999937,0.0014999999999999577,0.015,0.9829131,high,tp1
2025-05-21 14:41:00+00:00,2025-05-21 14:42:00+00:00,short,5907.940687198473,5893.170835480477,5913.848627885672,5893.170835480477,3749.9999999999695,0.0024999999999999797,0.015,0.99682766,high,tp2
2025-05-21 14:44:00+00:00,2025-05-21 14:45:00+00:00,short,5901.681665263445,5892.82914276555,5907.583346928709,5892.82914276555,2249.9999999999127,0.001499999999999942,0.015,0.9887355,high,tp1
2025-05-21 14:45:00+00:00,2025-05-21 14:47:00+00:00,short,5900.538413800473,5891.687606179772,5906.438952214274,5891.687606179772,2250.000000000032,0.0015000000000000213,0.015,0.9690103,high,tp1
2025-05-21 15:02:00+00:00,2025-05-21 15:03:00+00:00,short,5899.456707024657,5890.60752196412,5905.356163731682,5890.60752196412,2249.999999999981,0.0014999999999999875,0.015,0.9922078,high,tp1
2025-05-21 15:07:00+00:00,2025-05-21 15:09:00+00:00,short,5898.118317441913,5889.27113996575,5904.016435759355,5889.27113996575,2250.0,0.0015,0.015,0.9923091,high,tp1
2025-05-21 15:10:00+00:00,2025-05-21 15:11:00+00:00,short,5897.0139742271485,5888.168453265808,5902.910988201375,5888.168453265808,2249.999999999892,0.001499999999999928,0.015,0.9905267,high,tp1
2025-05-21 15:14:00+00:00,2025-05-21 15:15:00+00:00,short,5897.940539342756,5889.093628533742,5903.838479882099,5889.093628533742,2249.9999999999495,0.0014999999999999662,0.015,0.99587053,high,tp1
2025-05-21 15:25:00+00:00,2025-05-21 15:27:00+00:00,short,5893.661760362879,5884.821267722335,5899.555422123242,5884.821267722335,2250.000000000085,0.0015000000000000566,0.015,0.96922183,high,tp1
2025-05-21 15:34:00+00:00,2025-05-21 15:35:00+00:00,short,5893.434518198473,5884.5943664211745,5899.3279527166715,5884.5943664211745,2250.000000000115,0.0015000000000000766,0.015,0.99073875,high,tp1
2025-05-21 15:39:00+00:00,2025-05-21 15:40:00+00:00,short,5896.991587722095,5882.24910875279,5902.888579309817,5882.24910875279,3749.9999999999427,0.002499999999999962,0.015,0.9938507,high,tp2
2025-05-21 15:44:00+00:00,2025-05-21 15:45:00+00:00,short,5894.674142664068,5885.832131450072,5900.568816806733,5885.832131450072,2250.0000000001155,0.001500000000000077,0.015,0.9835687,high,tp1
2025-05-21 15:50:00+00:00,2025-05-21 15:52:00+00:00,short,5889.952329903168,5881.1174014083135,5895.842282233071,5881.1174014083135,2249.9999999999272,0.0014999999999999515,0.015,0.9453644,high,tp1
2025-05-22 14:45:00+00:00,2025-05-22 14:49:00+00:00,long,5838.025104286615,5846.782141943045,5832.1870791823285,5846.782141943045,2250.000000000002,0.0015000000000000013,0.015,0.9716481,high,tp1
2025-05-22 15:05:00+00:00,2025-05-22 15:06:00+00:00,long,5837.250094298799,5846.005969440247,5831.4128442045,5846.005969440247,2249.999999999971,0.0014999999999999807,0.015,0.9689059,high,tp1
2025-05-23 14:57:00+00:00,2025-05-23 15:00:00+00:00,long,5783.273981417512,5791.948892389638,5777.490707436094,5791.948892389638,2249.999999999897,0.0014999999999999315,0.015,0.93298155,high,tp1
2025-05-23 15:29:00+00:00,2025-05-23 15:34:00+00:00,short,5792.256688425878,5783.568303393239,5798.048945114304,5783.568303393239,2249.99999999992,0.0014999999999999467,0.015,0.95985645,high,tp1
2025-05-27 14:27:00+00:00,2025-05-27 14:28:00+00:00,long,5860.104448245703,5868.894604918071,5854.244343797457,5868.894604918071,2249.999999999996,0.0014999999999999974,0.015,0.97444147,high,tp1
2025-05-27 15:04:00+00:00,2025-05-27 15:09:00+00:00,long,5867.193557713767,5875.994348050338,5861.326364156053,5875.994348050338,2249.9999999999795,0.0014999999999999864,0.015,0.9590922,high,tp1
2025-05-27 15:20:00+00:00,2025-05-27 15:22:00+00:00,long,5870.639820742204,5879.445780473317,5864.769180921462,5879.445780473317,2249.9999999999304,0.0014999999999999536,0.015,0.96619606,high,tp1
2025-05-27 15:29:00+00:00,2025-05-27 15:33:00+00:00,long,5869.238806440274,5883.911903456375,5863.369567633834,5883.911903456375,3749.999999999992,0.002499999999999995,0.015,0.9772448,high,tp2
2025-05-27 15:37:00+00:00,2025-05-27 15:38:00+00:00,long,5871.990472837198,5880.798458546454,5866.118482364361,5880.798458546454,2250.000000000096,0.001500000000000064,0.015,0.9710504,high,tp1
2025-05-28 14:23:00+00:00,2025-05-28 14:25:00+00:00,long,5915.191877256618,5924.064665072503,5909.276685379361,5924.064665072503,2250.0000000000705,0.0015000000000000469,0.015,0.9833687,high,tp1
2025-05-28 14:41:00+00:00,2025-05-28 14:44:00+00:00,long,5915.096595025613,5923.969239918151,5909.181498430587,5923.969239918151,2249.9999999999236,0.0014999999999999493,0.015,0.95750684,high,tp1
2025-05-29 14:57:00+00:00,2025-05-29 14:58:00+00:00,short,5937.75720738119,5928.850571570118,5943.694964588571,5928.850571570118,2250.000000000103,0.0015000000000000686,0.015,0.97224176,high,tp1
2025-05-29 15:28:00+00:00,2025-05-29 15:32:00+00:00,short,5935.371999549117,5926.468941549793,5941.307371548666,5926.468941549793,2250.000000000112,0.0015000000000000746,0.015,0.97725564,high,tp1
2025-05-29 15:32:00+00:00,2025-05-29 15:33:00+00:00,short,5934.055798506676,5925.154714808916,5939.989854305183,5925.154714808916,2250.000000000108,0.001500000000000072,0.015,0.95446914,high,tp1
2025-05-30 15:00:00+00:00,2025-05-30 15:02:00+00:00,short,5908.967716859279,5900.10426528399,5914.876684576138,5900.10426528399,2250.0000000000764,0.0015000000000000508,0.015,0.9651527,high,tp1
2025-05-30 15:06:00+00:00,2025-05-30 15:07:00+00:00,long,5900.967901911605,5909.819353764472,5895.066934009693,5909.819353764472,2249.999999999969,0.0014999999999999794,0.015,0.98107874,high,tp1
2025-05-30 15:14:00+00:00,2025-05-30 15:15:00+00:00,short,5910.637661250623,5901.771704758747,5916.548298911874,5901.771704758747,2250.0000000000687,0.0015000000000000458,0.015,0.96753615,high,tp1
2025-05-30 15:19:00+00:00,2025-05-30 15:23:00+00:00,long,5901.980980980141,5910.833952451611,5896.078999999161,5910.833952451611,2250.000000000069,0.001500000000000046,0.015,0.96738017,high,tp1
2025-06-02 14:24:00+00:00,2025-06-02 14:25:00+00:00,short,5906.305912748763,5897.44645387964,5912.2122186615115,5897.44645387964,2249.9999999999745,0.0014999999999999831,0.015,0.9695266,high,tp1
2025-06-02 14:37:00+00:00,2025-06-02 14:40:00+00:00,short,5907.182514848519,5898.321741076245,5913.089697363367,5898.321741076245,2250.0000000001087,0.0015000000000000725,0.015,0.97607774,high,tp1
2025-06-02 14:45:00+00:00,2025-06-02 14:48:00+00:00,long,5898.470507726928,5907.318213488518,5892.572037219201,5907.318213488518,2249.99999999992,0.0014999999999999467,0.015,0.960151,high,tp1
2025-06-02 15:19:00+00:00,2025-06-02 15:28:00+00:00,long,5903.642034883984,5912.49749793631,5897.7383928491,5912.49749793631,2249.999999999963,0.0014999999999999755,0.015,0.98291475,high,tp1
2025-06-02 15:41:00+00:00,2025-06-02 15:42:00+00:00,long,5905.097705460708,5913.955352018899,5899.192607755248,5913.955352018899,2249.9999999999677,0.0014999999999999786,0.015,0.96873516,high,tp1
2025-06-03 15:14:00+00:00,2025-06-03 15:24:00+00:00,long,5945.250763278469,5954.168639423387,5939.3055125151905,5954.168639423387,2249.9999999999486,0.0014999999999999658,0.015,0.9123783,high,tp1
2025-06-03 15:48:00+00:00,2025-06-03 15:56:00+00:00,long,5946.302207650606,5955.221660962082,5940.355905442955,5955.221660962082,2250.0000000000205,0.0015000000000000137,0.015,0.9667031,high,tp1
2025-06-05 14:26:00+00:00,2025-06-05 14:27:00+00:00,short,5984.005226849827,5975.0292190095515,5989.989232076677,5975.0292190095515,2250.0000000000873,0.0015000000000000581,0.015,0.9664945,high,tp1
2025-06-05 14:35:00+00:00,2025-06-05 14:36:00+00:00,long,5973.881742345561,5982.84256495908,5967.907860603215,5982.84256495908,2250.000000000104,0.0015000000000000696,0.015,0.9645162,high,tp1
2025-06-05 15:09:00+00:00,2025-06-05 15:10:00+00:00,long,5968.936398441414,5977.8898030390765,5962.967462042972,5977.8898030390765,2250.000000000091,0.0015000000000000607,0.015,0.96231747,high,tp1
2025-06-05 15:22:00+00:00,2025-06-05 15:23:00+00:00,long,5967.519730769993,5976.471010366147,5961.552211039223,5976.471010366147,2249.999999999893,0.0014999999999999287,0.015,0.9728482,high,tp1
2025-06-05 15:40:00+00:00,2025-06-05 15:41:00+00:00,short,5974.118820590393,5965.157642359507,5980.0929394109835,5965.157642359507,2250.0000000000296,0.0015000000000000198,0.015,0.95166963,high,tp1
2025-06-05 15:50:00+00:00,2025-06-05 15:52:00+00:00,long,5962.077769885587,5971.020886540416,5956.115692115702,5971.020886540416,2249.999999999998,0.0014999999999999987,0.015,0.9779562,high,tp1
2025-06-06 15:46:00+00:00,2025-06-06 15:58:00+00:00,long,5989.058319712344,5998.041907191912,5983.069261392632,5998.041907191912,2249.999999999892,0.0014999999999999283,0.015,0.9834818,high,tp1
2025-06-10 14:57:00+00:00,2025-06-10 15:07:00+00:00,long,6014.862080465085,6023.884373585782,6008.84721838462,6023.884373585782,2249.9999999998968,0.0014999999999999313,0.015,0.9492101,high,tp1
2025-06-10 15:28:00+00:00,2025-06-10 15:30:00+00:00,long,6014.97539388935,6023.997856980184,6008.9604184954605,6023.997856980184,2250.0000000000455,0.0015000000000000304,0.015,0.98306423,high,tp1
2025-06-10 15:30:00+00:00,2025-06-10 15:38:00+00:00,long,6016.909670351973,6025.935034857501,6010.8927606816205,6025.935034857501,2250.00000000005,0.0015000000000000334,0.015,0.9810954,high,tp1
2025-06-10 15:31:00+00:00,2025-06-10 15:40:00+00:00,long,6017.574678896919,6026.601040915264,6011.557104218022,6026.601040915264,2249.999999999912,0.0014999999999999413,0.015,0.9748424,high,tp1
2025-06-10 15:32:00+00:00,2025-06-10 15:40:00+00:00,long,6017.93096641179,6026.957862861408,6011.913035445378,6026.957862861408,2250.000000000105,0.00150000000000007,0.015,0.9696423,high,tp1
2025-06-10 15:37:00+00:00,2025-06-10 15:40:00+00:00,long,6017.919687598189,6026.946567129586,6011.901767910591,6026.946567129586,2249.9999999998904,0.001499999999999927,0.015,0.97045654,high,tp1
2025-06-10 15:38:00+00:00,2025-06-10 15:40:00+00:00,long,6017.397015840914,6026.423111364676,6011.379618825073,6026.423111364676,2250.000000000106,0.0015000000000000707,0.015,0.9849686,high,tp1
2025-06-11 14:25:00+00:00,2025-06-11 14:29:00+00:00,short,6049.238544074316,6040.164686258205,6055.28778261839,6040.164686258205,2250.0000000000655,0.0015000000000000438,0.015,0.97560465,high,tp1
2025-06-11 14:41:00+00:00,2025-06-11 14:43:00+00:00,short,6047.845717899247,6038.773949322398,6053.893563617146,6038.773949322398,2249.9999999999395,0.0014999999999999597,0.015,0.9740606,high,tp1
2025-06-12 14:42:00+00:00,2025-06-12 14:43:00+00:00,long,6013.472422101457,6022.492630734609,6007.458949679355,6022.492630734609,2249.999999999935,0.0014999999999999567,0.015,0.98344976,high,tp1
2025-06-12 14:44:00+00:00,2025-06-12 15:18:00+00:00,long,6016.219298033969,6025.24362698102,6010.2030787359345,6025.24362698102,2249.999999999984,0.0014999999999999894,0.015,0.9692797,high,tp1
2025-06-12 14:45:00+00:00,2025-06-12 15:09:00+00:00,long,6015.093882220086,6024.116523043416,6009.078788337866,6024.116523043416,2250.0000000000227,0.0015000000000000152,0.015,0.9945117,high,tp1
2025-06-12 14:46:00+00:00,2025-06-12 15:09:00+00:00,long,6015.28940908386,6024.3123431974855,6009.274119674776,6024.3123431974855,2249.9999999999336,0.0014999999999999558,0.015,0.9941222,high,tp1
2025-06-12 14:47:00+00:00,2025-06-12 15:09:00+00:00,long,6015.901670493272,6024.925522999012,6009.885768822779,6024.925522999012,2250.0000000000855,0.001500000000000057,0.015,0.9897884,high,tp1
2025-06-12 14:48:00+00:00,2025-06-12 15:18:00+00:00,long,6016.345829849085,6025.370348593859,6010.329484019236,6025.370348593859,2249.9999999999827,0.0014999999999999885,0.015,0.98830354,high,tp1
2025-06-12 15:48:00+00:00,2025-06-12 16:15:00+00:00,long,6019.607861071726,6028.637272863333,6013.588253210654,6028.637272863333,2249.999999999939,0.0014999999999999595,0.015,0.97867155,high,tp1
2025-06-12 15:49:00+00:00,2025-06-12 16:21:00+00:00,long,6022.239662268147,6031.273021761549,6016.217422605879,6031.273021761549,2249.999999999896,0.0014999999999999309,0.015,0.961643,high,tp1
2025-06-13 14:28:00+00:00,2025-06-13 14:30:00+00:00,short,6000.925904353322,5991.924515496792,6006.926830257676,5991.924515496792,2249.999999999993,0.0014999999999999957,0.015,0.9851236,high,tp1
2025-06-13 14:41:00+00:00,2025-06-13 14:47:00+00:00,short,5999.080160291431,5990.081540050994,6005.079240451722,5990.081540050994,2249.999999999976,0.0014999999999999838,0.015,0.9545959,high,tp1
2025-06-13 15:09:00+00:00,2025-06-13 15:12:00+00:00,short,5997.829785838928,5988.833041160169,6003.827615624767,5988.833041160169,2250.000000000067,0.0015000000000000447,0.015,0.9505897,high,tp1
2025-06-16 14:55:00+00:00,2025-06-16 14:58:00+00:00,long,6006.6527733663615,6015.662752526411,6000.646120592995,6015.662752526411,2250.0000000000205,0.0015000000000000137,0.015,0.97337204,high,tp1
2025-06-16 15:37:00+00:00,2025-06-16 15:53:00+00:00,long,6010.423602437161,6019.4392378408165,6004.413178834724,6019.4392378408165,2249.999999999896,0.0014999999999999304,0.015,0.9857635,high,tp1
2025-06-17 14:35:00+00:00,2025-06-17 14:39:00+00:00,short,6010.444965283289,6001.429297835364,6016.455410248573,6001.429297835364,2249.999999999991,0.001499999999999994,0.015,0.9896861,high,tp1
2025-06-17 14:44:00+00:00,2025-06-17 14:47:00+00:00,short,6009.338732697815,6000.324724598769,6015.348071430513,6000.324724598769,2250.0000000000205,0.0015000000000000137,0.015,0.97924143,high,tp1
2025-06-17 14:52:00+00:00,2025-06-17 14:59:00+00:00,short,6007.95567252373,5998.943739014944,6013.963628196254,5998.943739014944,2250.0000000000164,0.0015000000000000109,0.015,0.9701508,high,tp1
2025-06-17 15:33:00+00:00,2025-06-17 15:43:00+00:00,short,6003.92736202892,5994.921470985876,6009.931289390948,5994.921470985876,2250.0000000000173,0.0015000000000000115,0.015,0.9379465,high,tp1
2025-06-20 14:24:00+00:00,2025-06-20 14:27:00+00:00,short,5999.544114789158,5990.544798616974,6005.543658903947,5990.544798616974,2250.000000000086,0.0015000000000000573,0.015,0.9739457,high,tp1
2025-06-20 14:53:00+00:00,2025-06-20 14:54:00+00:00,short,5995.970430126019,5986.97647448083,6001.966400556145,5986.97647448083,2250.0000000000155,0.0015000000000000102,0.015,0.9559472,high,tp1
2025-06-23 15:11:00+00:00,2025-06-23 15:13:00+00:00,long,5980.694939046112,5989.665981454681,5974.714244107066,5989.665981454681,2249.999999999906,0.0014999999999999371,0.015,0.9460094,high,tp1
2025-06-23 15:33:00+00:00,2025-06-23 15:34:00+00:00,long,5983.363458315484,5992.338503502958,5977.380094857169,5992.338503502958,2250.0000000000355,0.0015000000000000239,0.015,0.96182126,high,tp1
2025-06-24 14:42:00+00:00,2025-06-24 14:43:00+00:00,long,6062.121707226252,6071.214889787091,6056.059585519025,6071.214889787091,2250.000000000036,0.001500000000000024,0.015,0.99262094,high,tp1
2025-06-24 14:54:00+00:00,2025-06-24 15:17:00+00:00,long,6066.135055255329,6075.234257838211,6060.068920200073,6075.234257838211,2249.999999999941,0.0014999999999999606,0.015,0.9768638,high,tp1
2025-06-24 14:55:00+00:00,2025-06-24 15:17:00+00:00,long,6067.365657790368,6076.466706277053,6061.298292132577,6076.466706277053,2250.0000000000155,0.0015000000000000102,0.015,0.95323664,high,tp1
2025-06-24 15:08:00+00:00,2025-06-24 15:17:00+00:00,long,6067.212158430221,6076.312976667867,6061.144946271791,6076.312976667867,2250.000000000017,0.001500000000000011,0.015,0.9683566,high,tp1
2025-06-24 15:40:00+00:00,2025-06-24 15:56:00+00:00,long,6070.767717858653,6079.873869435441,6064.696950140794,6079.873869435441,2249.999999999968,0.001499999999999979,0.015,0.9518269,high,tp1
2025-06-24 15:41:00+00:00,2025-06-24 15:56:00+00:00,long,6069.940388951662,6079.045299535089,6063.8704485627095,6079.045299535089,2249.9999999999345,0.0014999999999999562,0.015,0.98042494,high,tp1
2025-06-24 15:42:00+00:00,2025-06-24 15:56:00+00:00,long,6070.510089426996,6079.615854561137,6064.439579337569,6079.615854561137,2250.000000000053,0.0015000000000000356,0.015,0.9757671,high,tp1
2025-06-24 15:44:00+00:00,2025-06-24 15:56:00+00:00,long,6070.754916294469,6079.86104866891,6064.684161378174,6079.86104866891,2249.999999999971,0.0014999999999999807,0.015,0.9783075,high,tp1
2025-06-24 15:47:00+00:00,2025-06-24 15:56:00+00:00,long,6070.4200915133015,6079.5257216505715,6064.349671421788,6079.5257216505715,2250.0000000000255,0.001500000000000017,0.015,0.97559625,high,tp1
2025-06-25 15:23:00+00:00,2025-06-25 16:06:00+00:00,short,6102.558739768759,6093.404901659105,6108.661298508528,6093.404901659105,2250.000000000066,0.001500000000000044,0.015,0.9551434,high,tp1
2025-06-26 14:26:00+00:00,2025-06-26 14:33:00+00:00,long,6113.864609843889,6123.035406758655,6107.750745234045,6123.035406758655,2249.9999999999327,0.0014999999999999551,0.015,0.9909402,high,tp1
2025-06-26 14:30:00+00:00,2025-06-26 14:49:00+00:00,long,6115.090900654357,6124.263537005339,6108.975809753702,6124.263537005339,2249.999999999996,0.0014999999999999974,0.015,0.98571396,high,tp1
2025-06-26 14:33:00+00:00,2025-06-26 14:35:00+00:00,long,6114.743248107271,6123.915362979432,6108.6285048591635,6123.915362979432,2249.9999999999786,0.0014999999999999857,0.015,0.99708647,high,tp1
2025-06-26 14:35:00+00:00,2025-06-26 14:49:00+00:00,long,6114.793663360046,6123.965853855086,6108.678869696686,6123.965853855086,2249.9999999999864,0.001499999999999991,0.015,0.9949903,high,tp1
2025-06-26 14:42:00+00:00,2025-06-26 15:01:00+00:00,long,6115.867441541452,6125.041242703764,6109.751574099911,6125.041242703764,2249.9999999999504,0.0014999999999999669,0.015,0.9899081,high,tp1
2025-06-26 14:49:00+00:00,2025-06-26 15:01:00+00:00,long,6115.858889805644,6125.032678140353,6109.743030915838,6125.032678140353,2250.0000000000477,0.001500000000000032,0.015,0.9866246,high,tp1
2025-06-26 15:39:00+00:00,2025-06-26 15:45:00+00:00,long,6118.502588629332,6127.680342512276,6112.384086040703,6127.680342512276,2249.999999999942,0.0014999999999999612,0.015,0.97014487,high,tp1
2025-06-27 14:54:00+00:00,2025-06-27 14:58:00+00:00,long,6152.358499496155,6161.587037245399,6146.206140996658,6161.587037245399,2250.000000000047,0.0015000000000000313,0.015,0.972714,high,tp1
2025-06-27 15:45:00+00:00,2025-06-27 16:05:00+00:00,long,6155.672332146141,6164.905840644361,6149.516659813995,6164.905840644361,2250.0000000001032,0.0015000000000000688,0.015,0.9742382,high,tp1
2025-07-01 14:23:00+00:00,2025-07-01 14:45:00+00:00,long,6185.814250386486,6195.092971762066,6179.6284361360995,6195.092971762066,2250.000000000081,0.001500000000000054,0.015,0.97955257,high,tp1
2025-07-01 15:23:00+00:00,2025-07-01 15:39:00+00:00,long,6187.809851593905,6197.091566371296,6181.622041742311,6197.091566371296,2250.0000000000937,0.0015000000000000625,0.015,0.96804917,high,tp1
2025-07-02 14:19:00+00:00,2025-07-02 14:52:00+00:00,long,6198.677332007905,6207.975348005916,6192.478654675897,6207.975348005916,2249.9999999999327,0.0014999999999999551,0.015,0.99037886,high,tp1
2025-07-02 14:21:00+00:00,2025-07-02 14:52:00+00:00,long,6197.195677446091,6206.491470962261,6190.998481768645,6206.491470962261,2250.0000000000628,0.0015000000000000419,0.015,0.9952637,high,tp1
2025-07-02 14:22:00+00:00,2025-07-02 14:52:00+00:00,long,6198.8546166860215,6208.152898611051,6192.655762069336,6208.152898611051,2250.0000000000373,0.001500000000000025,0.015,0.9935709,high,tp1
2025-07-02 14:23:00+00:00,2025-07-02 14:52:00+00:00,long,6198.937165477829,6208.235571226046,6192.738228312351,6208.235571226046,2250.0000000001087,0.0015000000000000725,0.015,0.99453765,high,tp1
2025-07-02 14:24:00+00:00,2025-07-02 14:52:00+00:00,long,6197.979655105391,6207.276624588049,6191.7816754502865,6207.276624588049,2249.999999999958,0.001499999999999972,0.015,0.99435943,high,tp1
2025-07-02 14:25:00+00:00,2025-07-02 14:52:00+00:00,long,6199.002671809123,6208.301175816837,6192.803669137314,6208.301175816837,2250.0000000000146,0.0015000000000000098,0.015,0.98006904,high,tp1
2025-07-02 14:26:00+00:00,2025-07-02 14:52:00+00:00,long,6198.546717026872,6207.844537102413,6192.348170309845,6207.844537102413,2250.000000000067,0.0015000000000000447,0.015,0.99257916,high,tp1
2025-07-02 14:30:00+00:00,2025-07-02 14:52:00+00:00,long,6198.858068913934,6208.156356017305,6192.65921084502,6208.156356017305,2250.000000000016,0.0015000000000000107,0.015,0.9937517,high,tp1
2025-07-02 14:31:00+00:00,2025-07-02 14:52:00+00:00,long,6197.326316114317,6206.622305588488,6191.128989798202,6206.622305588488,2250.0000000000346,0.0015000000000000232,0.015,0.99582785,high,tp1
2025-07-02 14:32:00+00:00,2025-07-02 14:52:00+00:00,long,6197.571925895665,6206.868283784509,6191.37435396977,6206.868283784509,2250.000000000094,0.0015000000000000627,0.015,0.995908,high,tp1
2025-07-02 14:35:00+00:00,2025-07-02 14:52:00+00:00,long,6199.1848371067945,6208.483614362454,6192.985652269687,6208.483614362454,2249.9999999999154,0.0014999999999999437,0.015,0.99157566,high,tp1
2025-07-02 14:37:00+00:00,2025-07-02 14:52:00+00:00,long,6199.01023102837,6208.3087463749125,6192.811220797342,6208.3087463749125,2249.999999999973,0.0014999999999999823,0.015,0.99482614,high,tp1
2025-07-02 14:41:00+00:00,2025-07-02 14:52:00+00:00,long,6198.786496688698,6208.084676433731,6192.58771019201,6208.084676433731,2249.999999999974,0.0014999999999999827,0.015,0.9918577,high,tp1
2025-07-02 14:45:00+00:00,2025-07-02 14:58:00+00:00,long,6199.484517054138,6208.783743829719,6193.285032537085,6208.783743829719,2249.999999999899,0.0014999999999999328,0.015,0.9715892,high,tp1
2025-07-02 14:47:00+00:00,2025-07-02 14:52:00+00:00,long,6198.872393902515,6208.1707024933685,6192.673521508613,6208.1707024933685,2249.999999999957,0.0014999999999999712,0.015,0.9973713,high,tp1
2025-07-02 14:52:00+00:00,2025-07-02 14:58:00+00:00,long,6198.65888029656,6207.956868617005,6192.460221416263,6207.956868617005,2250.000000000101,0.0015000000000000673,0.015,0.9824838,high,tp1
2025-07-02 15:00:00+00:00,2025-07-02 15:11:00+00:00,long,6200.58376176302,6209.884637405665,6194.383178001258,6209.884637405665,2249.9999999999477,0.0014999999999999651,0.015,0.98506576,high,tp1
2025-07-02 15:01:00+00:00,2025-07-02 15:32:00+00:00,long,6201.1248249403125,6210.4265121777225,6194.923700115372,6210.4265121777225,2249.999999999906,0.0014999999999999371,0.015,0.9754556,high,tp1
2025-07-02 15:02:00+00:00,2025-07-02 15:32:00+00:00,long,6201.051795853888,6210.3533735476685,6194.850744058033,6210.3533735476685,2250.000000000023,0.0015000000000000156,0.015,0.97763103,high,tp1
2025-07-02 15:03:00+00:00,2025-07-02 15:11:00+00:00,long,6200.161937037449,6209.462179943005,6193.961775100412,6209.462179943005,2249.999999999942,0.0014999999999999612,0.015,0.97600013,high,tp1
2025-07-02 15:08:00+00:00,2025-07-02 15:32:00+00:00,long,6200.932509004929,6210.233907768436,6194.731576495924,6210.233907768436,2250.0000000000687,0.0015000000000000458,0.015,0.99297273,high,tp1
2025-07-02 15:12:00+00:00,2025-07-02 15:33:00+00:00,long,6201.952128387519,6211.2550565801,6195.750176259132,6211.2550565801,2249.9999999999377,0.0014999999999999584,0.015,0.9824446,high,tp1
2025-07-02 15:13:00+00:00,2025-07-02 15:32:00+00:00,long,6201.774230628742,6211.076891974685,6195.572456398113,6211.076891974685,2250.000000000047,0.0015000000000000313,0.015,0.98849815,high,tp1
2025-07-02 15:15:00+00:00,2025-07-02 15:43:00+00:00,long,6202.619657791316,6211.923587278003,6196.417038133524,6211.923587278003,2249.9999999999295,0.0014999999999999532,0.015,0.970087,high,tp1
2025-07-02 15:16:00+00:00,2025-07-02 15:32:00+00:00,long,6201.403921239608,6210.706027121468,6195.202517318368,6210.706027121468,2250.000000000012,0.0015000000000000078,0.015,0.99359107,high,tp1
2025-07-02 15:17:00+00:00,2025-07-02 15:32:00+00:00,long,6201.696308381721,6210.998852844294,6195.494612073339,6210.998852844294,2250.0000000000455,0.0015000000000000302,0.015,0.99278486,high,tp1
2025-07-02 15:19:00+00:00,2025-07-02 15:43:00+00:00,long,6202.478690595847,6211.7824086317405,6196.276211905251,6211.7824086317405,2249.999999999892,0.0014999999999999283,0.015,0.98875576,high,tp1
2025-07-02 15:33:00+00:00,2025-07-02 15:43:00+00:00,long,6202.3720995188,6211.675657668078,6196.169727419281,6211.675657668078,2250.0000000001005,0.001500000000000067,0.015,0.9918351,high,tp1
2025-07-02 15:43:00+00:00,2025-07-02 16:05:00+00:00,long,6202.687583868961,6211.991615244765,6196.484896285092,6211.991615244765,2250.0000000000837,0.0015000000000000558,0.015,0.9807309,high,tp1
2025-07-03 14:19:00+00:00,2025-07-03 14:56:00+00:00,long,6250.253882517597,6259.629263341373,6244.00362863508,6259.629263341373,2249.9999999999386,0.0014999999999999593,0.015,0.9965552,high,tp1
2025-07-03 14:20:00+00:00,2025-07-03 14:56:00+00:00,long,6250.251775553372,6259.627153216702,6244.001523777818,6259.627153216702,2250.0000000000473,0.0015000000000000315,0.015,0.9970963,high,tp1
2025-07-03 14:21:00+00:00,2025-07-03 14:56:00+00:00,long,6250.112200134051,6259.487368434252,6243.862087933917,6259.487368434252,2249.9999999999914,0.0014999999999999942,0.015,0.9971711,high,tp1
2025-07-03 14:22:00+00:00,2025-07-03 14:50:00+00:00,long,6249.080161634365,6258.453781876817,6242.831081472731,6258.453781876817,2250.0000000000073,0.001500000000000005,0.015,0.99645764,high,tp1
2025-07-03 14:23:00+00:00,2025-07-03 14:56:00+00:00,long,6250.984427125617,6260.3609037663055,6244.733442698492,6260.3609037663055,2250.0000000000064,0.0015000000000000042,0.015,0.9937186,high,tp1
2025-07-03 14:24:00+00:00,2025-07-03 14:56:00+00:00,long,6250.727314905835,6260.103405878193,6244.476587590929,6260.103405878193,2249.999999999993,0.0014999999999999957,0.015,0.9970095,high,tp1
2025-07-03 14:25:00+00:00,2025-07-03 14:56:00+00:00,long,6250.5679446849845,6259.943796602012,6244.3173767403,6259.943796602012,2250.000000000085,0.0015000000000000566,0.015,0.9988238,high,tp1
2025-07-03 14:28:00+00:00,2025-07-03 14:56:00+00:00,long,6250.683263166589,6260.059288061339,6244.432579903423,6260.059288061339,2250.000000000056,0.0015000000000000373,0.015,0.9987238,high,tp1
2025-07-03 14:29:00+00:00,2025-07-03 14:56:00+00:00,long,6250.721041631245,6260.097123193691,6244.470320589613,6260.097123193691,2249.9999999998918,0.0014999999999999278,0.015,0.9987753,high,tp1
2025-07-03 14:30:00+00:00,2025-07-03 14:50:00+00:00,long,6249.6080828126105,6258.982494936829,6243.358474729798,6258.982494936829,2249.9999999999977,0.0014999999999999985,0.015,0.99803466,high,tp1
2025-07-03 14:31:00+00:00,2025-07-03 14:56:00+00:00,long,6250.739766613905,6260.115876263826,6244.489026847291,6260.115876263826,2250.000000000056,0.0015000000000000373,0.015,0.99890685,high,tp1
2025-07-03 14:33:00+00:00,2025-07-03 14:56:00+00:00,long,6250.419418912199,6259.795048040567,6244.168999493287,6259.795048040567,2249.9999999999327,0.0014999999999999551,0.015,0.9981198,high,tp1
2025-07-03 14:34:00+00:00,2025-07-03 14:56:00+00:00,long,6251.779636593184,6261.157306048073,6245.527856956591,6261.157306048073,2249.9999999999714,0.001499999999999981,0.015,0.9912872,high,tp1
2025-07-03 14:36:00+00:00,2025-07-03 14:56:00+00:00,long,6251.822222180773,6261.199955514044,6245.570399958592,6261.199955514044,2249.999999999951,0.001499999999999967,0.015,0.9925545,high,tp1
2025-07-03 14:38:00+00:00,2025-07-03 15:12:00+00:00,long,6252.047894917064,6261.42596675944,6245.7958470221465,6261.42596675944,2250.0000000000737,0.001500000000000049,0.015,0.98058355,high,tp1
2025-07-03 14:42:00+00:00,2025-07-03 14:56:00+00:00,long,6251.612030761416,6260.989448807558,6245.360418730654,6260.989448807558,2250.000000000052,0.0015000000000000345,0.015,0.9980096,high,tp1
2025-07-03 14:43:00+00:00,2025-07-03 14:56:00+00:00,long,6250.926713730767,6260.303103801363,6244.675787017036,6260.303103801363,2250.0000000000223,0.001500000000000015,0.015,0.99911267,high,tp1
2025-07-03 14:46:00+00:00,2025-07-03 15:12:00+00:00,long,6252.25487306659,6261.63325537619,6246.002618193524,6261.63325537619,2250.000000000041,0.0015000000000000274,0.015,0.9703315,high,tp1
2025-07-03 14:47:00+00:00,2025-07-03 14:56:00+00:00,long,6251.668868117647,6261.046371419824,6245.417199249529,6261.046371419824,2250.000000000029,0.0015000000000000193,0.015,0.9952775,high,tp1
2025-07-03 14:48:00+00:00,2025-07-03 14:56:00+00:00,long,6251.840015345068,6261.217775368086,6245.5881753297235,6261.217775368086,2250.0000000000473,0.0015000000000000315,0.015,0.99409014,high,tp1
2025-07-03 14:51:00+00:00,2025-07-03 15:12:00+00:00,long,6252.032437678264,6261.410486334781,6245.780405240585,6261.410486334781,2250.0000000000064,0.0015000000000000042,0.015,0.99150133,high,tp1
2025-07-03 14:56:00+00:00,2025-07-03 15:12:00+00:00,long,6251.433868742337,6260.81101954545,6245.1824348735945,6260.81101954545,2249.9999999999222,0.0014999999999999482,0.015,0.99669915,high,tp1
2025-07-03 14:57:00+00:00,2025-07-03 15:12:00+00:00,long,6252.204299031716,6261.582605480264,6245.952094732685,6261.582605480264,2250.0000000000655,0.0015000000000000436,0.015,0.99147296,high,tp1
2025-07-03 15:00:00+00:00,2025-07-03 15:40:00+00:00,long,6253.685998170133,6263.066527167388,6247.432312171963,6263.066527167388,2249.999999999993,0.0014999999999999953,0.015,0.9619971,high,tp1
2025-07-03 15:06:00+00:00,2025-07-03 15:40:00+00:00,long,6253.422187923283,6262.802321205168,6247.16876573536,6262.802321205168,2249.9999999999723,0.0014999999999999816,0.015,0.9963372,high,tp1
2025-07-03 15:08:00+00:00,2025-07-03 15:40:00+00:00,long,6253.784474751615,6263.165151463742,6247.530690276863,6263.165151463742,2250.000000000079,0.0015000000000000527,0.015,0.99482805,high,tp1
2025-07-03 15:13:00+00:00,2025-07-03 15:42:00+00:00,long,6254.466142566333,6263.847841780182,6248.211676423766,6263.847841780182,2249.999999999895,0.00149999999999993,0.015,0.9924986,high,tp1
2025-07-03 15:14:00+00:00,2025-07-03 15:42:00+00:00,long,6254.659258559189,6264.041247447028,6248.404599300629,6264.041247447028,2250.0000000000077,0.0015000000000000052,0.015,0.9884077,high,tp1
2025-07-03 15:15:00+00:00,2025-07-03 15:43:00+00:00,long,6254.980453980686,6264.362924661657,6248.725473526706,6264.362924661657,2249.9999999999886,0.0014999999999999924,0.015,0.9710733,high,tp1
2025-07-03 15:16:00+00:00,2025-07-03 15:43:00+00:00,long,6254.893910018629,6264.276250883657,6248.63901610861,6264.276250883657,2249.9999999999654,0.001499999999999977,0.015,0.9902283,high,tp1
2025-07-03 15:18:00+00:00,2025-07-03 15:43:00+00:00,long,6254.898734308407,6264.28108240987,6248.643835574099,6264.28108240987,2249.9999999999523,0.0014999999999999682,0.015,0.9971302,high,tp1
2025-07-03 15:19:00+00:00,2025-07-03 15:42:00+00:00,long,6254.402370076423,6263.783973631537,6248.147967706346,6263.783973631537,2249.9999999999563,0.001499999999999971,0.015,0.9984255,high,tp1
2025-07-03 15:23:00+00:00,2025-07-03 15:43:00+00:00,long,6255.519851123874,6264.9031309005595,6249.2643312727505,6264.9031309005595,2249.9999999999045,0.0014999999999999363,0.015,0.9753259,high,tp1
2025-07-03 15:31:00+00:00,2025-07-03 15:43:00+00:00,long,6255.779994435226,6265.163664426879,6249.524214440791,6265.163664426879,2249.999999999996,0.0014999999999999974,0.015,0.97781825,high,tp1
2025-07-03 15:32:00+00:00,2025-07-03 15:43:00+00:00,long,6255.544083565298,6264.927399690646,6249.288539481733,6264.927399690646,2249.999999999976,0.001499999999999984,0.015,0.994703,high,tp1
2025-07-03 15:40:00+00:00,2025-07-03 15:43:00+00:00,long,6255.647215197339,6265.030686020135,6249.391567982142,6265.030686020135,2249.999999999991,0.001499999999999994,0.015,0.9895074,high,tp1
2025-07-07 14:20:00+00:00,2025-07-07 14:39:00+00:00,short,6257.343278327334,6247.957263409843,6263.600621605661,6247.957263409843,2249.9999999999236,0.0014999999999999493,0.015,0.9585636,high,tp1
2025-07-07 15:08:00+00:00,2025-07-07 15:11:00+00:00,short,6255.1263726218,6245.743683062868,6261.381498994422,6245.743683062868,2250.000000000006,0.001500000000000004,0.015,0.97546864,high,tp1
2025-07-07 15:13:00+00:00,2025-07-07 15:19:00+00:00,short,6254.253769193271,6244.872388539481,6260.508022962465,6244.872388539481,2250.0000000000405,0.001500000000000027,0.015,0.96766686,high,tp1
2025-07-07 15:19:00+00:00,2025-07-07 15:20:00+00:00,short,6253.759501987529,6244.3788627345475,6260.0132614895165,6244.3788627345475,2250.000000000021,0.0015000000000000141,0.015,0.9689224,high,tp1
2025-07-09 14:28:00+00:00,2025-07-09 14:47:00+00:00,long,6244.224898084599,6253.591235431726,6237.980673186515,6253.591235431726,2250.000000000079,0.0015000000000000527,0.015,0.97913045,high,tp1
2025-07-09 15:15:00+00:00,2025-07-09 15:16:00+00:00,long,6245.178420330597,6254.546187961093,6238.933241910267,6254.546187961093,2250.0000000000296,0.0015000000000000198,0.015,0.98316574,high,tp1
2025-07-09 15:38:00+00:00,2025-07-09 15:41:00+00:00,long,6247.376807314635,6256.747872525607,6241.12943050732,6256.747872525607,2250.00000000004,0.0015000000000000267,0.015,0.9763317,high,tp1
2025-07-09 15:41:00+00:00,2025-07-09 15:52:00+00:00,long,6247.491407587242,6256.862644698623,6241.243916179655,6256.862644698623,2249.999999999949,0.001499999999999966,0.015,0.98522437,high,tp1
2025-07-09 15:42:00+00:00,2025-07-09 16:05:00+00:00,long,6248.3658265517015,6257.738375291529,6242.11746072515,6257.738375291529,2250.0000000000678,0.0015000000000000451,0.015,0.9794326,high,tp1
2025-07-09 15:45:00+00:00,2025-07-09 16:05:00+00:00,long,6249.642838029848,6259.017302286892,6243.3931951918175,6259.017302286892,2249.999999999951,0.001499999999999967,0.015,0.97814435,high,tp1
2025-07-09 15:48:00+00:00,2025-07-09 16:05:00+00:00,long,6249.600493886962,6258.974894627792,6243.350893393075,6258.974894627792,2249.9999999999955,0.001499999999999997,0.015,0.98046714,high,tp1
2025-07-10 14:27:00+00:00,2025-07-10 14:59:00+00:00,long,6267.289979736956,6276.690914706562,6261.022689757219,6276.690914706562,2249.999999999958,0.001499999999999972,0.015,0.9665886,high,tp1
2025-07-10 14:35:00+00:00,2025-07-10 15:16:00+00:00,long,6267.732974486103,6277.134573947832,6261.465241511616,6277.134573947832,2250.0000000000464,0.0015000000000000308,0.015,0.98200077,high,tp1
2025-07-10 14:59:00+00:00,2025-07-10 15:16:00+00:00,long,6267.8358765823705,6277.237630397244,6261.568040705788,6277.237630397244,2250.0000000000346,0.001500000000000023,0.015,0.9605525,high,tp1
2025-07-14 15:03:00+00:00,2025-07-14 15:19:00+00:00,long,6255.5729003384895,6264.956259688997,6249.317327438151,6264.956259688997,2250.00000000002,0.0015000000000000133,0.015,0.96614486,high,tp1
2025-07-14 15:32:00+00:00,2025-07-14 16:17:00+00:00,long,6257.752768438973,6267.139397591632,6251.4950156705345,6267.139397591632,2249.9999999999654,0.0014999999999999768,0.015,0.96044433,high,tp1
2025-07-15 14:34:00+00:00,2025-07-15 14:35:00+00:00,short,6290.671230450535,6281.23522360486,6296.961901680986,6281.23522360486,2249.999999999896,0.0014999999999999304,0.015,0.96743715,high,tp1
2025-07-15 14:36:00+00:00,2025-07-15 14:39:00+00:00,short,6289.154475040772,6279.720743328211,6295.443629515813,6279.720743328211,2249.999999999958,0.0014999999999999723,0.015,0.95650053,high,tp1
2025-07-15 15:13:00+00:00,2025-07-15 15:14:00+00:00,short,6285.478588181477,6276.050370299205,6291.764066769659,6276.050370299205,2250.0000000000186,0.0015000000000000124,0.015,0.9596326,high,tp1
2025-07-15 15:16:00+00:00,2025-07-15 15:26:00+00:00,short,6283.1902371591605,6273.7654518034215,6289.4734273963195,6273.7654518034215,2250.0000000000628,0.0015000000000000419,0.015,0.9302955,high,tp1
2025-07-16 15:11:00+00:00,2025-07-16 15:12:00+00:00,long,6251.633815392922,6261.011266116011,6245.382181577529,6261.011266116011,2249.9999999999486,0.0014999999999999658,0.015,0.97021145,high,tp1
2025-07-16 15:41:00+00:00,2025-07-16 15:42:00+00:00,long,6252.547418081096,6261.926239208217,6246.294870663015,6261.926239208217,2249.9999999999,0.0014999999999999335,0.015,0.96638954,high,tp1
2025-07-17 14:22:00+00:00,2025-07-17 14:25:00+00:00,long,6264.877180742732,6274.274496513846,6258.612303561989,6274.274496513846,2250.000000000057,0.001500000000000038,0.015,0.97952145,high,tp1
2025-07-17 14:27:00+00:00,2025-07-17 14:28:00+00:00,long,6265.707369040655,6275.105930094216,6259.441661671614,6275.105930094216,2250.00000000001,0.0015000000000000068,0.015,0.95267475,high,tp1
2025-07-17 14:28:00+00:00,2025-07-17 14:40:00+00:00,long,6266.319356853398,6275.718835888678,6260.053037496545,6275.718835888678,2249.999999999955,0.00149999999999997,0.015,0.95771897,high,tp1
2025-07-17 14:46:00+00:00,2025-07-17 14:58:00+00:00,long,6268.846831796561,6278.250102044256,6262.577984964764,6278.250102044256,2250.00000000009,0.00150000000000006,0.015,0.9721115,high,tp1
2025-07-17 14:55:00+00:00,2025-07-17 14:58:00+00:00,long,6269.029813384611,6278.433358104688,6262.760783571226,6278.433358104688,2249.999999999961,0.0014999999999999738,0.015,0.9641884,high,tp1
2025-07-17 15:06:00+00:00,2025-07-17 15:44:00+00:00,long,6271.957301516219,6281.365237468493,6265.685344214702,6281.365237468493,2250.000000000109,0.0015000000000000727,0.015,0.9422009,high,tp1
2025-07-17 15:07:00+00:00,2025-07-17 15:27:00+00:00,long,6270.540865707555,6279.946677006116,6264.2703248418475,6279.946677006116,2249.9999999999864,0.001499999999999991,0.015,0.98880476,high,tp1
2025-07-17 15:08:00+00:00,2025-07-17 15:27:00+00:00,long,6270.660238883615,6280.066229241941,6264.389578644732,6280.066229241941,2250.000000000055,0.0015000000000000367,0.015,0.9759125,high,tp1
2025-07-17 15:09:00+00:00,2025-07-17 15:44:00+00:00,long,6271.968940082015,6281.376893492138,6265.696971141933,6281.376893492138,2249.999999999971,0.0014999999999999805,0.015,0.9796261,high,tp1
2025-07-17 15:10:00+00:00,2025-07-17 15:44:00+00:00,long,6272.113878071107,6281.522048888214,6265.841764193036,6281.522048888214,2250.000000000086,0.0015000000000000573,0.015,0.97373205,high,tp1
2025-07-17 15:12:00+00:00,2025-07-17 15:44:00+00:00,long,6271.417351661666,6280.824477689158,6265.145934310004,6280.824477689158,2249.9999999999445,0.0014999999999999632,0.015,0.96581876,high,tp1
2025-07-17 15:16:00+00:00,2025-07-17 15:27:00+00:00,long,6270.708436214472,6280.114498868794,6264.437727778258,6280.114498868794,2249.9999999999336,0.0014999999999999558,0.015,0.9861412,high,tp1
2025-07-17 15:17:00+00:00,2025-07-17 15:44:00+00:00,long,6271.586257433995,6280.993636820146,6265.314671176561,6280.993636820146,2249.9999999999422,0.0014999999999999614,0.015,0.97716504,high,tp1
2025-07-17 15:19:00+00:00,2025-07-17 15:44:00+00:00,long,6271.758084982333,6281.165722109806,6265.48632689735,6281.165722109806,2249.9999999999304,0.0014999999999999536,0.015,0.97101945,high,tp1
2025-07-18 14:48:00+00:00,2025-07-18 15:48:00+00:00,short,6310.709461530531,6308.7888075589935,6317.020170992062,6301.243397338236,456.5225153952856,0.0003043483435968571,0.015,0.9632974,high,timeout
2025-07-18 14:52:00+00:00,2025-07-18 15:36:00+00:00,short,6311.770316114,6302.302660639829,6318.082086430114,6302.302660639829,2249.999999999976,0.0014999999999999838,0.015,0.97924346,high,tp1
2025-07-18 15:01:00+00:00,2025-07-18 16:01:00+00:00,short,6310.441677054703,6306.612018571404,6316.752118731758,6300.976014539121,910.3146846021251,0.0006068764564014168,0.015,0.9745257,high,timeout
2025-07-18 15:06:00+00:00,2025-07-18 16:06:00+00:00,short,6310.393946736713,6306.3589741884925,6316.704340683449,6300.928355816608,959.1253530946526,0.0006394169020631018,0.015,0.96993005,high,timeout
2025-07-18 15:12:00+00:00,2025-07-18 16:11:00+00:00,short,6310.466901239593,6301.001200887734,6316.7773681408335,6301.001200887734,2250.0000000000487,0.0015000000000000326,0.015,0.9739208,high,tp1
2025-07-23 14:24:00+00:00,2025-07-23 14:38:00+00:00,long,6328.972015925839,6338.465473949727,6322.643043909913,6338.465473949727,2249.9999999999877,0.0014999999999999918,0.015,0.9797362,high,tp1
2025-07-23 14:27:00+00:00,2025-07-23 14:38:00+00:00,long,6329.719046833456,6339.213625403706,6323.389327786622,6339.213625403706,2250.0000000000205,0.0015000000000000135,0.015,0.987633,high,tp1
2025-07-23 14:32:00+00:00,2025-07-23 14:41:00+00:00,long,6330.394196573811,6339.889787868672,6324.063802377237,6339.889787868672,2250.000000000017,0.001500000000000011,0.015,0.97003126,high,tp1
2025-07-23 14:41:00+00:00,2025-07-23 14:43:00+00:00,long,6330.361151583061,6339.856693310436,6324.030790431478,6339.856693310436,2250.0000000000928,0.001500000000000062,0.015,0.9910886,high,tp1
2025-07-23 14:43:00+00:00,2025-07-23 14:52:00+00:00,long,6330.274242239593,6339.7696536029525,6323.943967997354,6339.7696536029525,2249.9999999999977,0.0014999999999999985,0.015,0.98885417,high,tp1
2025-07-23 14:52:00+00:00,2025-07-23 14:58:00+00:00,long,6330.959188249675,6340.45562703205,6324.628229061425,6340.45562703205,2250.000000000057,0.001500000000000038,0.015,0.9901633,high,tp1
2025-07-23 15:26:00+00:00,2025-07-23 15:39:00+00:00,long,6335.116376091549,6344.619050655686,6328.781259715457,6344.619050655686,2249.9999999999527,0.0014999999999999686,0.015,0.9597595,high,tp1
2025-07-23 15:33:00+00:00,2025-07-23 15:39:00+00:00,long,6335.277034535598,6344.779950087402,6328.941757501063,6344.779950087402,2249.9999999999527,0.0014999999999999686,0.015,0.9464985,high,tp1
2025-07-23 15:35:00+00:00,2025-07-23 15:39:00+00:00,long,6335.136996991962,6344.63970248745,6328.80185999497,6344.63970248745,2250.0000000000236,0.0015000000000000159,0.015,0.9861626,high,tp1
2025-07-23 15:39:00+00:00,2025-07-23 15:41:00+00:00,long,6335.201442837452,6344.704245001709,6328.866241394615,6344.704245001709,2250.0000000000846,0.0015000000000000564,0.015,0.9790171,high,tp1
2025-07-29 14:20:00+00:00,2025-07-29 14:36:00+00:00,short,6403.20678455321,6393.60197437638,6409.609991337763,6393.60197437638,2250.0000000000764,0.001500000000000051,0.015,0.9770757,high,tp1
2025-07-30 14:50:00+00:00,2025-07-30 14:55:00+00:00,short,6381.030271122687,6371.458725716003,6387.4113013938095,6371.458725716003,2249.999999999988,0.0014999999999999922,0.015,0.9796826,high,tp1
2025-07-30 15:12:00+00:00,2025-07-30 15:18:00+00:00,short,6379.947295294545,6370.377374351603,6386.327242589839,6370.377374351603,2250.0000000000878,0.0015000000000000584,0.015,0.9439429,high,tp1
2025-07-31 14:21:00+00:00,2025-07-31 14:22:00+00:00,long,6407.647729666251,6423.666848990416,6401.240081936584,6423.666848990416,3749.999999999931,0.002499999999999954,0.015,0.9783612,high,tp2
2025-07-31 14:33:00+00:00,2025-07-31 14:34:00+00:00,long,6407.757943456556,6417.369580371741,6401.350185513099,6417.369580371741,2250.000000000049,0.001500000000000033,0.015,0.98691666,high,tp1
2025-07-31 14:36:00+00:00,2025-07-31 14:38:00+00:00,long,6406.411734655134,6416.021352257117,6400.005322920479,6416.021352257117,2250.000000000021,0.0015000000000000141,0.015,0.9885775,high,tp1
2025-07-31 14:55:00+00:00,2025-07-31 14:56:00+00:00,short,6414.110852624688,6404.489686345751,6420.524963477313,6404.489686345751,2250.0000000000814,0.0015000000000000542,0.015,0.9737837,high,tp1
2025-07-31 15:00:00+00:00,2025-07-31 15:01:00+00:00,long,6403.033401246349,6412.637951348219,6396.630367845103,6412.637951348219,2250.0000000000623,0.0015000000000000417,0.015,0.9745954,high,tp1
2025-07-31 15:02:00+00:00,2025-07-31 15:05:00+00:00,short,6411.250383546297,6401.633507970977,6417.6616339298425,6401.633507970977,2250.0000000000555,0.001500000000000037,0.015,0.97578967,high,tp1
2025-07-31 15:15:00+00:00,2025-07-31 15:17:00+00:00,long,6398.536718131025,6408.134523208221,6392.138181412894,6408.134523208221,2249.999999999974,0.0014999999999999827,0.015,0.9701043,high,tp1
2025-07-31 15:18:00+00:00,2025-07-31 15:19:00+00:00,long,6396.786990493273,6406.382170979013,6390.3902035027795,6406.382170979013,2249.999999999915,0.0014999999999999434,0.015,0.98652434,high,tp1
2025-07-31 15:24:00+00:00,2025-07-31 15:25:00+00:00,long,6393.2768006357455,6409.259992637335,6386.883523835109,6409.259992637335,3750.0000000000286,0.002500000000000019,0.015,0.9749238,high,tp2
2025-08-01 14:37:00+00:00,2025-08-01 14:39:00+00:00,short,6281.783954047888,6272.361278116816,6288.065738001936,6272.361278116816,2250.000000000103,0.0015000000000000686,0.015,0.9544887,high,tp1
2025-08-01 15:10:00+00:00,2025-08-01 15:12:00+00:00,short,6278.053779623182,6268.636698953747,6284.331833402805,6268.636698953747,2249.9999999999714,0.001499999999999981,0.015,0.9482596,high,tp1
2025-08-04 14:21:00+00:00,2025-08-04 14:27:00+00:00,long,6276.724339000992,6286.139425509493,6270.447614661991,6286.139425509493,2249.9999999999286,0.0014999999999999525,0.015,0.969544,high,tp1
2025-08-04 15:01:00+00:00,2025-08-04 15:03:00+00:00,short,6290.583329324915,6281.147454330928,6296.8739126542405,6281.147454330928,2250.0000000000196,0.001500000000000013,0.015,0.9753955,high,tp1
2025-08-04 15:50:00+00:00,2025-08-04 15:56:00+00:00,long,6289.58878763465,6299.023170816102,6283.299198847015,6299.023170816102,2250.000000000048,0.0015000000000000321,0.015,0.968351,high,tp1
2025-08-05 14:23:00+00:00,2025-08-05 14:31:00+00:00,short,6333.212190035703,6323.71237175065,6339.545402225739,6323.71237175065,2249.9999999999045,0.0014999999999999363,0.015,0.98330635,high,tp1
2025-08-05 14:29:00+00:00,2025-08-05 14:37:00+00:00,short,6332.498580471917,6322.999832601209,6338.831079052389,6322.999832601209,2250.0000000000364,0.0015000000000000243,0.015,0.96602714,high,tp1
2025-08-05 15:36:00+00:00,2025-08-05 15:37:00+00:00,long,6318.912091440488,6334.70937166909,6312.593179349048,6334.70937166909,3750.0000000000105,0.002500000000000007,0.015,0.98413205,high,tp2
2025-08-05 15:44:00+00:00,2025-08-05 15:47:00+00:00,long,6319.393566357523,6328.872656707059,6313.074172791165,6328.872656707059,2249.999999999911,0.0014999999999999406,0.015,0.9620763,high,tp1
2025-08-06 14:45:00+00:00,2025-08-06 14:51:00+00:00,long,6312.617189993772,6322.086115778762,6306.304572803778,6322.086115778762,2249.999999999953,0.0014999999999999688,0.015,0.9764202,high,tp1
2025-08-06 14:47:00+00:00,2025-08-06 15:15:00+00:00,long,6316.458202964696,6325.932890269143,6310.141744761731,6325.932890269143,2249.999999999963,0.0014999999999999753,0.015,0.9381595,high,tp1
2025-08-06 14:48:00+00:00,2025-08-06 15:15:00+00:00,long,6315.156367436438,6324.629101987593,6308.8412110690015,6324.629101987593,2249.999999999997,0.001499999999999998,0.015,0.9894587,high,tp1
2025-08-06 14:49:00+00:00,2025-08-06 15:15:00+00:00,long,6315.629805448232,6325.103250156405,6309.314175642784,6325.103250156405,2250.000000000105,0.0015000000000000703,0.015,0.97786623,high,tp1
2025-08-06 14:50:00+00:00,2025-08-06 15:15:00+00:00,long,6315.817188560028,6325.290914342868,6309.501371371468,6325.290914342868,2250.0000000000186,0.0015000000000000124,0.015,0.9815021,high,tp1
2025-08-06 14:51:00+00:00,2025-08-06 15:09:00+00:00,long,6314.787018713292,6324.259199241362,6308.472231694579,6324.259199241362,2249.9999999999336,0.0014999999999999556,0.015,0.97653824,high,tp1
2025-08-06 14:55:00+00:00,2025-08-06 15:15:00+00:00,long,6315.232067517192,6324.7049156184685,6308.916835449675,6324.7049156184685,2250.000000000101,0.0015000000000000673,0.015,0.9843369,high,tp1
2025-08-06 14:56:00+00:00,2025-08-06 15:15:00+00:00,long,6316.4975378594345,6325.972284166223,6310.181040321575,6325.972284166223,2249.9999999999172,0.0014999999999999447,0.015,0.98378885,high,tp1
2025-08-06 14:57:00+00:00,2025-08-06 15:15:00+00:00,long,6315.986141485005,6325.460120697232,6309.67015534352,6325.460120697232,2249.9999999999454,0.0014999999999999636,0.015,0.9810708,high,tp1
2025-08-06 14:58:00+00:00,2025-08-06 15:15:00+00:00,long,6316.677025545641,6326.152041083959,6310.360348520096,6326.152041083959,2249.9999999999086,0.0014999999999999389,0.015,0.97693366,high,tp1
2025-08-06 15:00:00+00:00,2025-08-06 15:15:00+00:00,long,6316.177578069797,6325.651844436902,6309.861400491727,6325.651844436902,2250.000000000066,0.001500000000000044,0.015,0.9798504,high,tp1
2025-08-06 15:04:00+00:00,2025-08-06 15:15:00+00:00,long,6316.599732448894,6326.074632047567,6310.283132716446,6326.074632047567,2249.999999999893,0.0014999999999999287,0.015,0.9582735,high,tp1
2025-08-06 15:08:00+00:00,2025-08-06 15:15:00+00:00,long,6316.786594027426,6326.261773918467,6310.469807433398,6326.261773918467,2249.999999999986,0.0014999999999999907,0.015,0.9812289,high,tp1
2025-08-06 15:09:00+00:00,2025-08-06 15:15:00+00:00,long,6316.56298230807,6326.037826781532,6310.246419325762,6326.037826781532,2250.0000000000528,0.0015000000000000352,0.015,0.9831902,high,tp1
2025-08-06 15:15:00+00:00,2025-08-06 15:18:00+00:00,long,6316.485636683272,6325.960365138297,6310.169151046589,6325.960365138297,2249.999999999995,0.0014999999999999968,0.015,0.9750988,high,tp1
2025-08-07 14:20:00+00:00,2025-08-07 14:21:00+00:00,long,6363.378885935732,6372.9239542646355,6357.015507049796,6372.9239542646355,2250.000000000013,0.0015000000000000087,0.015,0.9908242,high,tp1
2025-08-07 14:24:00+00:00,2025-08-07 14:25:00+00:00,short,6373.155013553632,6363.595281033301,6379.528168567185,6363.595281033301,2250.0000000000655,0.0015000000000000438,0.015,0.9712903,high,tp1
2025-08-07 14:25:00+00:00,2025-08-07 14:34:00+00:00,short,6371.67137485942,6362.113867797131,6378.043046234279,6362.113867797131,2249.9999999999704,0.0014999999999999803,0.015,0.95227957,high,tp1
2025-08-07 14:46:00+00:00,2025-08-07 14:48:00+00:00,short,6373.671439994758,6357.737261394771,6380.0451114347525,6357.737261394771,3749.99999999998,0.0024999999999999866,0.015,0.99240935,high,tp2
2025-08-07 14:57:00+00:00,2025-08-07 14:59:00+00:00,long,6361.577404832664,6371.119770939913,6355.215827427831,6371.119770939913,2250.000000000027,0.0015000000000000178,0.015,0.9767303,high,tp1
2025-08-07 15:27:00+00:00,2025-08-07 15:29:00+00:00,long,6358.532273036516,6368.070071446071,6352.173740763479,6368.070071446071,2250.0000000000186,0.0015000000000000124,0.015,0.9674577,high,tp1
2025-08-07 15:33:00+00:00,2025-08-07 15:34:00+00:00,short,6366.717707295883,6357.167630734939,6373.084425003179,6357.167630734939,2250.000000000049,0.001500000000000033,0.015,0.9711703,high,tp1
2025-08-07 15:39:00+00:00,2025-08-07 15:40:00+00:00,short,6367.994143937437,6352.074158577593,6374.362138081375,6352.074158577593,3750.0000000000605,0.0025000000000000404,0.015,0.9766782,high,tp2
2025-08-08 14:23:00+00:00,2025-08-08 14:31:00+00:00,long,6356.565906180849,6366.10075504012,6350.209340274669,6366.10075504012,2249.9999999998936,0.0014999999999999291,0.015,0.98413056,high,tp1
2025-08-08 14:24:00+00:00,2025-08-08 14:51:00+00:00,long,6358.795561512648,6368.333754854917,6352.436765951135,6368.333754854917,2249.9999999999222,0.001499999999999948,0.015,0.97762567,high,tp1
2025-08-08 14:25:00+00:00,2025-08-08 14:55:00+00:00,long,6359.047384152202,6368.58595522843,6352.688336768049,6368.58595522843,2250.000000000032,0.001500000000000021,0.015,0.9910087,high,tp1
2025-08-08 14:27:00+00:00,2025-08-08 14:55:00+00:00,long,6359.819353967608,6369.359082998559,6353.45953461364,6369.359082998559,2249.9999999999245,0.00149999999999995,0.015,0.99062306,high,tp1
2025-08-08 14:28:00+00:00,2025-08-08 15:00:00+00:00,long,6360.03842239064,6369.578480024226,6353.678383968249,6369.578480024226,2250.0000000000095,0.0015000000000000065,0.015,0.99391335,high,tp1
2025-08-08 14:29:00+00:00,2025-08-08 14:55:00+00:00,long,6359.975812347825,6369.515776066347,6353.615836535477,6369.515776066347,2250.000000000039,0.001500000000000026,0.015,0.9910439,high,tp1
2025-08-08 14:30:00+00:00,2025-08-08 15:00:00+00:00,long,6360.400837899263,6369.941439156112,6354.040437061364,6369.941439156112,2250.0000000000687,0.0015000000000000458,0.015,0.99124736,high,tp1
2025-08-08 14:31:00+00:00,2025-08-08 14:51:00+00:00,long,6358.646827458691,6368.18479769988,6352.2881806312325,6368.18479769988,2250.0000000000628,0.001500000000000042,0.015,0.996351,high,tp1
2025-08-08 14:33:00+00:00,2025-08-08 15:00:00+00:00,long,6360.116596439464,6369.656771334123,6353.756479843025,6369.656771334123,2249.999999999901,0.001499999999999934,0.015,0.9937251,high,tp1
2025-08-08 14:34:00+00:00,2025-08-08 15:00:00+00:00,long,6360.55770642135,6370.0985429809825,6354.1971487149285,6370.0985429809825,2250.0000000000473,0.0015000000000000315,0.015,0.9934437,high,tp1
2025-08-08 14:37:00+00:00,2025-08-08 15:00:00+00:00,long,6360.039719747125,6369.579779326746,6353.679680027378,6369.579779326746,2250.0000000000505,0.0015000000000000336,0.015,0.98362446,high,tp1
2025-08-08 14:39:00+00:00,2025-08-08 15:00:00+00:00,long,6361.0349718286725,6370.576524286415,6354.673936856844,6370.576524286415,2249.999999999977,0.0014999999999999844,0.015,0.9607006,high,tp1
2025-08-08 14:40:00+00:00,2025-08-08 15:00:00+00:00,long,6360.4074220694765,6369.9480332025805,6354.047014647407,6369.9480332025805,2249.999999999948,0.0014999999999999653,0.015,0.9887294,high,tp1
2025-08-08 14:41:00+00:00,2025-08-08 15:00:00+00:00,long,6360.182651578309,6369.722925555676,6353.82246892673,6369.722925555676,2249.9999999999327,0.0014999999999999551,0.015,0.9885345,high,tp1
2025-08-08 14:42:00+00:00,2025-08-08 14:55:00+00:00,long,6359.71153989873,6369.251107208578,6353.351828358831,6369.251107208578,2250.0000000000437,0.001500000000000029,0.015,0.9910875,high,tp1
2025-08-08 15:00:00+00:00,2025-08-08 15:18:00+00:00,long,6360.655371190707,6370.196354247493,6354.294715819517,6370.196354247493,2249.999999999983,0.0014999999999999888,0.015,0.9872519,high,tp1
2025-08-11 14:25:00+00:00,2025-08-11 14:36:00+00:00,short,6390.917849676595,6381.33147290208,6397.308767526272,6381.33147290208,2250.000000000019,0.0015000000000000128,0.015,0.976109,high,tp1
2025-08-12 14:32:00+00:00,2025-08-12 14:34:00+00:00,long,6398.969771420422,6408.568226077553,6392.570801649002,6408.568226077553,2250.000000000036,0.001500000000000024,0.015,0.9755692,high,tp1
2025-08-12 14:47:00+00:00,2025-08-12 14:48:00+00:00,long,6401.152827471118,6410.754556712325,6394.751674643647,6410.754556712325,2250.0000000000914,0.001500000000000061,0.015,0.9772768,high,tp1
2025-08-12 14:55:00+00:00,2025-08-12 14:56:00+00:00,long,6403.028216361373,6412.632758685915,6396.625188145012,6412.632758685915,2250.000000000058,0.0015000000000000388,0.015,0.9814355,high,tp1
2025-08-12 15:16:00+00:00,2025-08-12 15:21:00+00:00,long,6405.522684272481,6415.1309682988895,6399.117161588208,6415.1309682988895,2250.000000000044,0.0015000000000000295,0.015,0.9845464,high,tp1
2025-08-12 15:18:00+00:00,2025-08-12 15:37:00+00:00,long,6408.910317690234,6418.523683166769,6402.501407372543,6418.523683166769,2250.000000000003,0.0015000000000000022,0.015,0.95044744,high,tp1
2025-08-12 15:21:00+00:00,2025-08-12 15:37:00+00:00,long,6407.787689769693,6417.399371304348,6401.379902079923,6417.399371304348,2250.000000000099,0.001500000000000066,0.015,0.97798336,high,tp1
2025-08-12 15:25:00+00:00,2025-08-12 15:37:00+00:00,long,6408.502838044834,6418.115592301901,6402.094335206789,6418.115592301901,2250.0000000000664,0.0015000000000000445,0.015,0.98573864,high,tp1
2025-08-12 15:26:00+00:00,2025-08-12 15:37:00+00:00,long,6408.436616682203,6418.049271607226,6402.02818006552,6418.049271607226,2249.999999999924,0.0014999999999999495,0.015,0.9816363,high,tp1
2025-08-14 14:20:00+00:00,2025-08-14 14:46:00+00:00,long,6453.855031452488,6463.535813999667,6447.401176421035,6463.535813999667,2250.0000000000045,0.0015000000000000029,0.015,0.9901918,high,tp1
2025-08-14 14:24:00+00:00,2025-08-14 14:46:00+00:00,long,6453.73028226357,6463.410877686965,6447.2765519813065,6463.410877686965,2249.999999999932,0.0014999999999999545,0.015,0.9876874,high,tp1
2025-08-14 14:33:00+00:00,2025-08-14 14:46:00+00:00,long,6453.989859881988,6463.670844671811,6447.535870022106,6463.670844671811,2250.0000000000073,0.001500000000000005,0.015,0.9667745,high,tp1
2025-08-15 14:23:00+00:00,2025-08-15 14:26:00+00:00,short,6476.074506353064,6466.360394593535,6482.550580859417,6466.360394593535,2249.9999999999222,0.0014999999999999482,0.015,0.9654366,high,tp1
2025-08-15 14:26:00+00:00,2025-08-15 14:29:00+00:00,short,6475.564636404764,6482.040201041169,6482.040201041169,6465.851289450157,-1499.9999999999782,-0.0009999999999999855,0.015,0.80824775,high,stop_loss
2025-08-15 14:31:00+00:00,2025-08-15 14:57:00+00:00,short,6473.4333234664,6463.7231734812,6479.906756789866,6463.7231734812,2250.000000000018,0.001500000000000012,0.015,0.97581077,high,tp1
2025-08-15 14:32:00+00:00,2025-08-15 14:57:00+00:00,short,6473.965384312073,6464.254436235605,6480.439349696385,6464.254436235605,2250.00000000007,0.0015000000000000467,0.015,0.99004716,high,tp1
2025-08-15 14:34:00+00:00,2025-08-15 14:57:00+00:00,short,6473.994061775064,6464.283070682402,6480.468055836839,6464.283070682402,2250.0000000000655,0.0015000000000000438,0.015,0.99183357,high,tp1
2025-08-15 14:35:00+00:00,2025-08-15 14:57:00+00:00,short,6473.535596738248,6463.825293343141,6480.009132334987,6463.825293343141,2249.999999999931,0.001499999999999954,0.015,0.9892047,high,tp1
2025-08-15 14:40:00+00:00,2025-08-15 14:47:00+00:00,short,6474.587167540904,6464.875286789593,6481.061754708446,6464.875286789593,2250.0000000000523,0.001500000000000035,0.015,0.971475,high,tp1
2025-08-15 14:57:00+00:00,2025-08-15 15:07:00+00:00,short,6473.54238226442,6463.832068691023,6480.015924646684,6463.832068691023,2250.00000000006,0.00150000000000004,0.015,0.96586466,high,tp1
2025-08-19 15:05:00+00:00,2025-08-19 15:06:00+00:00,short,6442.170324950328,6432.507069462902,6448.612495275278,6432.507069462902,2250.0000000000914,0.0015000000000000612,0.015,0.9694974,high,tp1
2025-08-19 15:33:00+00:00,2025-08-19 15:38:00+00:00,short,6438.681033528326,6429.0230119780335,6445.119714561854,6429.0230119780335,2250.0000000000464,0.0015000000000000308,0.015,0.9886517,high,tp1
2025-08-19 15:44:00+00:00,2025-08-19 15:45:00+00:00,short,6438.598088609631,6428.940191476717,6445.036686698241,6428.940191476717,2250.0000000000155,0.0015000000000000102,0.015,0.98722935,high,tp1
2025-08-20 14:50:00+00:00,2025-08-20 14:51:00+00:00,short,6407.994817156862,6398.382824931127,6414.402811974019,6398.382824931127,2249.9999999999,0.0014999999999999335,0.015,0.9683796,high,tp1
2025-08-21 15:32:00+00:00,2025-08-21 15:43:00+00:00,short,6380.687023316151,6371.115992781177,6387.067710339467,6371.115992781177,2249.9999999999336,0.0014999999999999556,0.015,0.9640492,high,tp1
2025-08-22 14:28:00+00:00,2025-08-22 14:29:00+00:00,long,6393.799716483954,6403.390416058681,6387.40591676747,6403.390416058681,2250.0000000001064,0.0015000000000000712,0.015,0.96680486,high,tp1
2025-08-22 14:36:00+00:00,2025-08-22 14:37:00+00:00,long,6394.61101190456,6404.202928422416,6388.216400892655,6404.202928422416,2249.999999999941,0.0014999999999999608,0.015,0.9805321,high,tp1
2025-08-22 14:47:00+00:00,2025-08-22 14:49:00+00:00,long,6394.489304926368,6404.081038883758,6388.094815621442,6404.081038883758,2250.0000000000596,0.0015000000000000397,0.015,0.9860605,high,tp1
2025-08-22 15:12:00+00:00,2025-08-22 15:13:00+00:00,long,6400.876841642052,6416.879033746157,6394.475964800409,6416.879033746157,3750.0000000000246,0.0025000000000000165,0.015,0.9736472,high,tp2
2025-08-22 15:22:00+00:00,2025-08-22 15:23:00+00:00,long,6402.172103720044,6411.775361875624,6395.769931616324,6411.775361875624,2250.000000000003,0.001500000000000002,0.015,0.97878253,high,tp1
2025-08-22 15:39:00+00:00,2025-08-22 15:40:00+00:00,long,6407.789609610551,6417.401294024968,6401.381820000941,6417.401294024968,2250.0000000000946,0.0015000000000000631,0.015,0.96139085,high,tp1
2025-08-25 14:20:00+00:00,2025-08-25 15:20:00+00:00,short,6456.635157571006,6451.827097141511,6463.091792728577,6446.950204834649,1117.0045183341476,0.0007446696788894319,0.015,0.97884905,high,timeout
2025-08-25 14:28:00+00:00,2025-08-25 15:21:00+00:00,short,6456.885883801702,6447.200554976,6463.342769685504,6447.200554976,2249.9999999999936,0.001499999999999996,0.015,0.97315323,high,tp1
2025-08-26 14:44:00+00:00,2025-08-26 14:53:00+00:00,long,6438.805481254038,6448.463689475919,6432.366675772783,6448.463689475919,2250.0000000000027,0.0015000000000000018,0.015,0.97083586,high,tp1
2025-08-26 14:45:00+00:00,2025-08-26 15:07:00+00:00,long,6440.423923315239,6450.084559200212,6433.983499391924,6450.084559200212,2250.0000000000537,0.0015000000000000358,0.015,0.967161,high,tp1
2025-08-26 14:49:00+00:00,2025-08-26 15:07:00+00:00,long,6439.817004216244,6449.476729722568,6433.377187212028,6449.476729722568,2249.9999999999895,0.001499999999999993,0.015,0.9866217,high,tp1
2025-08-26 14:53:00+00:00,2025-08-26 15:07:00+00:00,long,6439.728433626843,6449.388026277284,6433.288705193217,6449.388026277284,2250.0000000000714,0.0015000000000000477,0.015,0.9859536,high,tp1
2025-08-26 14:54:00+00:00,2025-08-26 15:07:00+00:00,long,6440.282509781747,6449.942933546419,6433.842227271965,6449.942933546419,2249.9999999999686,0.0014999999999999792,0.015,0.98464626,high,tp1
2025-08-26 14:55:00+00:00,2025-08-26 15:19:00+00:00,long,6441.626966605151,6451.289407055059,6435.185339638546,6451.289407055059,2250.0000000000614,0.0015000000000000408,0.015,0.96888864,high,tp1
2025-08-26 14:56:00+00:00,2025-08-26 15:19:00+00:00,long,6441.29973498126,6450.961684583733,6434.858435246279,6450.961684583733,2250.0000000000964,0.0015000000000000642,0.015,0.98456824,high,tp1
2025-08-26 15:00:00+00:00,2025-08-26 15:19:00+00:00,long,6441.292674888079,6450.9546139004115,6434.851382213191,6450.9546139004115,2250.000000000058,0.0015000000000000388,0.015,0.9830341,high,tp1
2025-08-26 15:07:00+00:00,2025-08-26 15:19:00+00:00,long,6440.749240780552,6450.4103646417225,6434.308491539771,6450.4103646417225,2249.999999999896,0.0014999999999999306,0.015,0.98964477,high,tp1
2025-08-26 15:09:00+00:00,2025-08-26 15:19:00+00:00,long,6441.54183009325,6451.20414283839,6435.1002882631565,6451.20414283839,2250.0000000000987,0.0015000000000000657,0.015,0.9914743,high,tp1
2025-08-26 15:10:00+00:00,2025-08-26 15:32:00+00:00,long,6442.276564711428,6451.939979558496,6435.834288146717,6451.939979558496,2250.0000000000928,0.001500000000000062,0.015,0.9780181,high,tp1
2025-08-26 15:12:00+00:00,2025-08-26 15:32:00+00:00,long,6441.936742564367,6451.599647678213,6435.494805821802,6451.599647678213,2249.9999999999036,0.0014999999999999358,0.015,0.9932243,high,tp1
2025-08-26 15:13:00+00:00,2025-08-26 15:42:00+00:00,long,6442.9825035984895,6452.646977353887,6436.539521094891,6452.646977353887,2250.0000000000437,0.001500000000000029,0.015,0.97850454,high,tp1
2025-08-26 15:15:00+00:00,2025-08-26 15:32:00+00:00,long,6442.033810967562,6451.696861684013,6435.591777156595,6451.696861684013,2249.9999999999027,0.0014999999999999352,0.015,0.9894574,high,tp1
2025-08-26 15:23:00+00:00,2025-08-26 15:54:00+00:00,long,6443.803179513726,6453.468884282996,6437.359376334212,6453.468884282996,2250.00000000001,0.0015000000000000068,0.015,0.9539627,high,tp1
2025-08-26 15:24:00+00:00,2025-08-26 15:42:00+00:00,long,6443.3858677032185,6453.0509465047735,6436.9424818355155,6453.0509465047735,2250.0000000000296,0.0015000000000000198,0.015,0.98684955,high,tp1
2025-08-26 15:26:00+00:00,2025-08-26 15:42:00+00:00,long,6443.227893654431,6452.892735494913,6436.784665760776,6452.892735494913,2250.0000000000914,0.0015000000000000612,0.015,0.9901309,high,tp1
2025-08-26 15:32:00+00:00,2025-08-26 15:42:00+00:00,long,6442.789710815821,6452.453895382045,6436.346921105005,6452.453895382045,2249.9999999999254,0.0014999999999999504,0.015,0.99066037,high,tp1
2025-08-26 15:34:00+00:00,2025-08-26 15:54:00+00:00,long,6443.7155287437245,6453.38110203684,6437.27181321498,6453.38110203684,2250.0000000000528,0.0015000000000000352,0.015,0.9845895,high,tp1
2025-08-26 15:41:00+00:00,2025-08-26 15:54:00+00:00,long,6444.87991490406,6454.547234776416,6438.435034989156,6454.547234776416,2250.000000000103,0.0015000000000000683,0.015,0.95654356,high,tp1
2025-08-26 15:42:00+00:00,2025-08-26 15:54:00+00:00,long,6443.598513401594,6453.263911171696,6437.154914888192,6453.263911171696,2250.0000000000423,0.0015000000000000282,0.015,0.99305326,high,tp1
2025-08-26 15:44:00+00:00,2025-08-26 16:02:00+00:00,long,6445.049311843778,6454.716885811544,6438.604262531934,6454.716885811544,2250.0000000000186,0.0015000000000000124,0.015,0.97536546,high,tp1
2025-08-26 15:45:00+00:00,2025-08-26 15:54:00+00:00,long,6444.461572559085,6454.128264917923,6438.017110986526,6454.128264917923,2249.999999999898,0.0014999999999999322,0.015,0.98558426,high,tp1
2025-08-26 15:46:00+00:00,2025-08-26 15:54:00+00:00,long,6444.908174571275,6454.575536833132,6438.463266396703,6454.575536833132,2250.0000000000914,0.0015000000000000612,0.015,0.9765414,high,tp1
2025-08-27 15:45:00+00:00,2025-08-27 16:45:00+00:00,long,6467.3865516393325,6472.527806603831,6460.919165087693,6477.087631466791,1192.4263974592197,0.0007949509316394799,0.015,0.98796034,high,timeout
2025-08-27 15:46:00+00:00,2025-08-27 16:46:00+00:00,long,6467.469439030223,6472.511527673631,6461.001969591192,6477.170643188768,1169.4114732833596,0.000779607648855573,0.015,0.9890308,high,timeout
2025-08-27 15:49:00+00:00,2025-08-27 16:49:00+00:00,long,6468.074000940999,6470.372514022115,6461.605926940058,6477.77611194241,533.0442448821736,0.0003553628299214491,0.015,0.9846721,high,timeout
2025-08-27 15:50:00+00:00,2025-08-27 16:50:00+00:00,long,6468.093386147956,6472.556273166193,6461.625292761808,6477.795526227178,1034.9774079780384,0.0006899849386520256,0.015,0.9785488,high,timeout
2025-08-28 14:31:00+00:00,2025-08-28 14:33:00+00:00,long,6484.22270941,6477.73848670059,6477.73848670059,6493.949043474115,-1499.9999999998959,-0.0009999999999999306,0.015,0.87197846,high,stop_loss
2025-08-28 14:33:00+00:00,2025-08-28 14:51:00+00:00,long,6483.869179369703,6493.594983138757,6477.385310190333,6493.594983138757,2249.999999999973,0.001499999999999982,0.015,0.9741832,high,tp1
2025-08-28 14:34:00+00:00,2025-08-28 14:51:00+00:00,long,6485.004828217281,6494.732335459607,6478.519823389064,6494.732335459607,2250.0000000000837,0.0015000000000000558,0.015,0.97230613,high,tp1
2025-08-28 14:39:00+00:00,2025-08-28 15:00:00+00:00,long,6485.5098424014,6495.2381071650025,6479.024332558999,6495.2381071650025,2249.9999999999895,0.001499999999999993,0.015,0.9747501,high,tp1
2025-08-28 14:40:00+00:00,2025-08-28 15:00:00+00:00,long,6485.24462874202,6494.972495685133,6478.7593841132775,6494.972495685133,2250.000000000095,0.0015000000000000633,0.015,0.9751652,high,tp1
2025-08-28 14:51:00+00:00,2025-08-28 15:00:00+00:00,long,6485.41325086763,6495.1413707439315,6478.927837616762,6495.1413707439315,2249.9999999999445,0.0014999999999999632,0.015,0.98570585,high,tp1
2025-08-28 15:15:00+00:00,2025-08-28 15:26:00+00:00,long,6485.983448538218,6495.712423711026,6479.49746508968,6495.712423711026,2250.000000000068,0.0015000000000000456,0.015,0.9890191,high,tp1
2025-08-28 15:26:00+00:00,2025-08-28 15:37:00+00:00,long,6487.168182399691,6496.898934673291,6480.681014217292,6496.898934673291,2249.9999999999072,0.0014999999999999382,0.015,0.97603333,high,tp1
2025-08-28 15:39:00+00:00,2025-08-28 15:59:00+00:00,long,6487.823283992902,6497.555018918892,6481.3354607089095,6497.555018918892,2249.999999999978,0.0014999999999999853,0.015,0.98616207,high,tp1
2025-08-28 15:41:00+00:00,2025-08-28 15:59:00+00:00,long,6488.290564614609,6498.023000461531,6481.802274049995,6498.023000461531,2250.0000000000828,0.0015000000000000551,0.015,0.98916936,high,tp1
2025-08-28 15:46:00+00:00,2025-08-28 15:59:00+00:00,long,6488.187966691311,6497.920248641348,6481.69977872462,6497.920248641348,2249.999999999973,0.001499999999999982,0.015,0.9884327,high,tp1
2025-08-28 15:48:00+00:00,2025-08-28 15:59:00+00:00,long,6488.075318053199,6497.807431030279,6481.587242735146,6497.807431030279,2250.000000000012,0.001500000000000008,0.015,0.9883499,high,tp1
2025-09-02 14:42:00+00:00,2025-09-02 14:44:00+00:00,long,6399.375651985312,6408.9747154632905,6392.976276333327,6408.9747154632905,2250.0000000000623,0.0015000000000000414,0.015,0.97443074,high,tp1
2025-09-05 14:20:00+00:00,2025-09-05 14:21:00+00:00,short,6530.317152562717,6513.99135968131,6536.84746971528,6513.99135968131,3749.9999999999136,0.0024999999999999424,0.015,0.9707521,high,tp2
2025-09-05 14:30:00+00:00,2025-09-05 14:31:00+00:00,long,6512.993825822389,6522.763316561123,6506.480831996567,6522.763316561123,2250.0000000001005,0.001500000000000067,0.015,0.9837504,high,tp1
2025-09-05 14:39:00+00:00,2025-09-05 14:40:00+00:00,short,6525.965657555973,6516.176709069639,6532.491623213529,6516.176709069639,2249.999999999903,0.0014999999999999354,0.015,0.9789165,high,tp1
2025-09-05 14:45:00+00:00,2025-09-05 14:48:00+00:00,long,6512.969601165949,6522.7390555676975,6506.456631564783,6522.7390555676975,2249.9999999999236,0.0014999999999999489,0.015,0.96923447,high,tp1
2025-09-05 14:59:00+00:00,2025-09-05 15:00:00+00:00,short,6522.219366264833,6512.436037215436,6528.741585631098,6512.436037215436,2250.0000000000005,0.0015000000000000005,0.015,0.9755672,high,tp1
2025-09-05 15:19:00+00:00,2025-09-05 15:20:00+00:00,short,6519.504630213993,6509.725373268671,6526.024134844207,6509.725373268671,2250.0000000000764,0.001500000000000051,0.015,0.9515688,high,tp1
2025-09-09 14:33:00+00:00,2025-09-09 15:01:00+00:00,long,6502.375378608951,6512.128941676864,6495.873003230342,6512.128941676864,2249.9999999999227,0.0014999999999999484,0.015,0.97451335,high,tp1
2025-09-09 15:33:00+00:00,2025-09-09 15:53:00+00:00,long,6503.337855606813,6513.092862390223,6496.834517751206,6513.092862390223,2249.9999999999386,0.0014999999999999593,0.015,0.97886664,high,tp1
2025-09-10 15:49:00+00:00,2025-09-10 15:57:00+00:00,short,6547.184222348081,6537.363446014559,6553.731406570429,6537.363446014559,2250.0000000000155,0.0015000000000000104,0.015,0.9624549,high,tp1
2025-09-11 15:06:00+00:00,2025-09-11 15:11:00+00:00,long,6559.381867292988,6569.220940093928,6552.822485425695,6569.220940093928,2250.000000000096,0.001500000000000064,0.015,0.9729232,high,tp1
2025-09-11 15:26:00+00:00,2025-09-11 15:47:00+00:00,long,6561.941059347186,6571.783970936206,6555.3791182878385,6571.783970936206,2249.9999999998977,0.001499999999999932,0.015,0.96602905,high,tp1
2025-09-17 14:26:00+00:00,2025-09-17 14:31:00+00:00,short,6608.924383021842,6599.0109964473095,6615.533307404864,6599.0109964473095,2249.999999999946,0.0014999999999999638,0.015,0.97708946,high,tp1
2025-09-17 14:56:00+00:00,2025-09-17 14:57:00+00:00,long,6599.463135359578,6609.362330062617,6592.863672224218,6609.362330062617,2249.9999999999236,0.0014999999999999489,0.015,0.9608671,high,tp1
2025-09-17 15:06:00+00:00,2025-09-17 15:08:00+00:00,long,6599.415066077637,6609.3141886767535,6592.81565101156,6609.3141886767535,2250.0000000000578,0.0015000000000000384,0.015,0.9949957,high,tp1
2025-09-17 15:10:00+00:00,2025-09-17 15:11:00+00:00,long,6598.751719783018,6608.6498473626925,6592.152968063236,6608.6498473626925,2249.999999999905,0.0014999999999999367,0.015,0.9933651,high,tp1
2025-09-17 15:14:00+00:00,2025-09-17 15:15:00+00:00,long,6597.904499010599,6607.801355759115,6591.306594511588,6607.801355759115,2250.0000000000814,0.0015000000000000545,0.015,0.9931069,high,tp1
2025-09-18 14:24:00+00:00,2025-09-18 14:27:00+00:00,long,6623.743635423553,6633.6792508766885,6617.11989178813,6633.6792508766885,2249.9999999999573,0.0014999999999999716,0.015,0.9884292,high,tp1
2025-09-19 14:21:00+00:00,2025-09-19 14:25:00+00:00,long,6646.495104791975,6656.464847449163,6639.848609687183,6656.464847449163,2250.00000000009,0.0015000000000000603,0.015,0.9868088,high,tp1
2025-09-19 14:25:00+00:00,2025-09-19 14:35:00+00:00,long,6647.348053561773,6657.319075642115,6640.700705508211,6657.319075642115,2250.000000000001,0.0015000000000000007,0.015,0.9620046,high,tp1
2025-09-19 14:35:00+00:00,2025-09-19 14:59:00+00:00,long,6647.269858164246,6657.240762951493,6640.6225883060815,6657.240762951493,2250.0000000000477,0.001500000000000032,0.015,0.98115945,high,tp1
2025-09-19 14:37:00+00:00,2025-09-19 15:11:00+00:00,long,6648.588139432826,6658.5610216419755,6641.939551293393,6658.5610216419755,2250.000000000002,0.0015000000000000013,0.015,0.94102234,high,tp1
2025-09-19 15:38:00+00:00,2025-09-19 16:13:00+00:00,long,6651.156849170468,6661.133584444224,6644.505692321298,6661.133584444224,2249.999999999924,0.0014999999999999495,0.015,0.97702116,high,tp1
2025-09-22 14:20:00+00:00,2025-09-22 14:29:00+00:00,long,6657.857395531623,6667.844181624921,6651.199538136092,6667.844181624921,2249.9999999999627,0.001499999999999975,0.015,0.9816829,high,tp1
2025-09-22 14:21:00+00:00,2025-09-22 14:29:00+00:00,long,6658.034081849153,6668.021132971927,6651.376047767304,6668.021132971927,2249.999999999985,0.00149999999999999,0.015,0.97558326,high,tp1
2025-09-22 14:29:00+00:00,2025-09-22 14:32:00+00:00,long,6657.865172014397,6667.851969772419,6651.207306842382,6667.851969772419,2249.999999999993,0.0014999999999999957,0.015,0.95540166,high,tp1
2025-09-22 14:52:00+00:00,2025-09-22 14:53:00+00:00,long,6658.147594754508,6668.134816146639,6651.489447159754,6668.134816146639,2249.999999999983,0.0014999999999999888,0.015,0.96570766,high,tp1
2025-09-22 15:04:00+00:00,2025-09-22 15:07:00+00:00,long,6660.317182023121,6670.307657796156,6653.656864841098,6670.307657796156,2249.999999999989,0.0014999999999999927,0.015,0.96974045,high,tp1
2025-09-22 15:50:00+00:00,2025-09-22 15:56:00+00:00,long,6664.76365156478,6674.760797042127,6658.098887913216,6674.760797042127,2249.999999999905,0.0014999999999999367,0.015,0.9799146,high,tp1
2025-09-23 14:21:00+00:00,2025-09-23 14:27:00+00:00,short,6689.172570439062,6679.138811583403,6695.861743009501,6679.138811583403,2249.999999999993,0.0014999999999999953,0.015,0.9567242,high,tp1
2025-09-23 14:53:00+00:00,2025-09-23 14:59:00+00:00,short,6688.190098119385,6678.157812972206,6694.878288217505,6678.157812972206,2250.0000000000296,0.0015000000000000198,0.015,0.97992104,high,tp1
2025-09-23 15:31:00+00:00,2025-09-23 15:35:00+00:00,short,6685.131698351403,6675.104000803876,6691.816830049755,6675.104000803876,2250.000000000014,0.0015000000000000094,0.015,0.9689627,high,tp1
2025-09-23 15:35:00+00:00,2025-09-23 15:39:00+00:00,short,6684.236203169702,6674.209848864947,6690.920439372871,6674.209848864947,2250.000000000085,0.0015000000000000566,0.015,0.9666767,high,tp1
2025-09-24 14:54:00+00:00,2025-09-24 14:59:00+00:00,short,6666.202002301918,6656.202699298465,6672.86820430422,6656.202699298465,2250.000000000017,0.001500000000000011,0.015,0.97247994,high,tp1
2025-09-24 15:07:00+00:00,2025-09-24 15:08:00+00:00,short,6664.521080720466,6654.524299099385,6671.185601801186,6654.524299099385,2250.000000000074,0.0015000000000000493,0.015,0.94858164,high,tp1
2025-09-24 15:14:00+00:00,2025-09-24 15:25:00+00:00,short,6664.136491971634,6654.140287233677,6670.800628463606,6654.140287233677,2250.0000000000487,0.0015000000000000326,0.015,0.9817043,high,tp1
2025-09-24 15:15:00+00:00,2025-09-24 15:32:00+00:00,short,6662.962401131297,6652.9679575296,6669.625363532428,6652.9679575296,2249.9999999999513,0.0014999999999999677,0.015,0.98544925,high,tp1
2025-09-24 15:16:00+00:00,2025-09-24 15:32:00+00:00,short,6661.974672770592,6651.981710761436,6668.636647443363,6651.981710761436,2250.0000000000578,0.0015000000000000384,0.015,0.9642165,high,tp1
2025-09-24 15:22:00+00:00,2025-09-24 15:32:00+00:00,short,6661.922537120261,6651.929653314581,6668.584459657382,6651.929653314581,2249.999999999984,0.0014999999999999894,0.015,0.9637308,high,tp1
2025-09-24 15:25:00+00:00,2025-09-24 15:32:00+00:00,short,6662.425424346947,6652.431786210426,6669.087849771294,6652.431786210426,2250.0000000000246,0.0015000000000000165,0.015,0.97210896,high,tp1
2025-09-24 15:32:00+00:00,2025-09-24 15:38:00+00:00,short,6662.281018418641,6652.287596891013,6668.94329943706,6652.287596891013,2250.000000000012,0.001500000000000008,0.015,0.9883845,high,tp1
2025-09-24 15:43:00+00:00,2025-09-24 15:45:00+00:00,short,6661.794994757226,6651.8023022650905,6668.456789751984,6651.8023022650905,2249.9999999999404,0.0014999999999999603,0.015,0.9760464,high,tp1
2025-09-25 14:26:00+00:00,2025-09-25 14:29:00+00:00,long,6604.134086607049,6614.040287736959,6597.529952520442,6614.040287736959,2249.9999999999122,0.0014999999999999415,0.015,0.9604674,high,tp1
2025-09-25 15:49:00+00:00,2025-09-25 15:51:00+00:00,long,6602.688033055199,6612.592065104782,6596.085345022144,6612.592065104782,2249.999999999906,0.0014999999999999371,0.015,0.98801863,high,tp1
2025-09-26 15:16:00+00:00,2025-09-26 15:23:00+00:00,long,6620.792778568075,6630.723967735927,6614.171985789507,6630.723967735927,2249.9999999999063,0.0014999999999999376,0.015,0.9307843,high,tp1
2025-09-30 14:23:00+00:00,2025-09-30 14:33:00+00:00,long,6657.710467951257,6667.697033653184,6651.052757483306,6667.697033653184,2250.0000000000814,0.0015000000000000545,0.015,0.97131705,high,tp1
2025-09-30 15:32:00+00:00,2025-09-30 15:36:00+00:00,long,6662.442431213417,6672.436094860237,6655.779988782204,6672.436094860237,2249.999999999993,0.0014999999999999955,0.015,0.98129165,high,tp1
2025-09-30 15:38:00+00:00,2025-09-30 15:47:00+00:00,long,6663.53868894823,6673.533996981652,6656.875150259281,6673.533996981652,2250.000000000055,0.0015000000000000367,0.015,0.97373295,high,tp1
2025-10-01 15:02:00+00:00,2025-10-01 15:03:00+00:00,long,6672.581384289548,6682.590256365982,6665.908802905258,6682.590256365982,2249.999999999989,0.0014999999999999927,0.015,0.9739328,high,tp1
2025-10-01 15:38:00+00:00,2025-10-01 15:39:00+00:00,long,6674.5622805343455,6684.574123955147,6667.887718253811,6684.574123955147,2250.0000000000177,0.0015000000000000117,0.015,0.9848935,high,tp1
2025-10-02 14:24:00+00:00,2025-10-02 15:16:00+00:00,short,6731.868259195768,6721.770456806974,6738.6001274549635,6721.770456806974,2250.0000000000223,0.001500000000000015,0.015,0.9679594,high,tp1
2025-10-07 14:39:00+00:00,2025-10-07 14:40:00+00:00,short,6744.844561768426,6734.727294925773,6751.589406330194,6734.727294925773,2249.9999999999686,0.0014999999999999792,0.015,0.98271066,high,tp1
2025-10-07 14:45:00+00:00,2025-10-07 14:50:00+00:00,short,6743.814213476602,6733.698492156387,6750.558027690079,6733.698492156387,2250.000000000025,0.0015000000000000167,0.015,0.9852802,high,tp1
2025-10-07 15:38:00+00:00,2025-10-07 15:43:00+00:00,short,6739.21708242744,6729.108256803799,6745.956299509868,6729.108256803799,2249.9999999999127,0.001499999999999942,0.015,0.9795618,high,tp1
2025-10-08 14:49:00+00:00,2025-10-08 15:00:00+00:00,long,6728.770105198572,6738.86326035637,6722.041335093374,6738.86326035637,2249.9999999999895,0.0014999999999999929,0.015,0.93346214,high,tp1
2025-10-08 14:51:00+00:00,2025-10-08 15:00:00+00:00,long,6728.598056079627,6738.690953163747,6721.869458023547,6738.690953163747,2250.000000000038,0.0015000000000000256,0.015,0.9684257,high,tp1
2025-10-08 15:00:00+00:00,2025-10-08 15:28:00+00:00,long,6728.193259453128,6738.285549342308,6721.465066193675,6738.285549342308,2249.999999999953,0.0014999999999999688,0.015,0.98600185,high,tp1
2025-10-08 15:07:00+00:00,2025-10-08 15:36:00+00:00,long,6729.775366768523,6739.870029818676,6723.045591401755,6739.870029818676,2250.000000000055,0.0015000000000000367,0.015,0.9772585,high,tp1
2025-10-08 15:08:00+00:00,2025-10-08 15:36:00+00:00,long,6729.728480885466,6739.8230736067935,6722.99875240458,6739.8230736067935,2249.9999999999336,0.0014999999999999556,0.015,0.9815185,high,tp1
2025-10-08 15:15:00+00:00,2025-10-08 15:36:00+00:00,long,6730.76044154199,6740.856582204303,6724.029681100448,6740.856582204303,2249.999999999957,0.0014999999999999712,0.015,0.98740304,high,tp1
2025-10-08 15:16:00+00:00,2025-10-08 15:36:00+00:00,long,6730.588832617081,6740.684715866007,6723.858243784463,6740.684715866007,2250.0000000000687,0.0015000000000000458,0.015,0.9901333,high,tp1
2025-10-08 15:17:00+00:00,2025-10-08 16:02:00+00:00,long,6731.556583479601,6741.65391835482,6724.825026896121,6741.65391835482,2250.000000000029,0.0015000000000000193,0.015,0.98189193,high,tp1
2025-10-08 15:18:00+00:00,2025-10-08 16:02:00+00:00,long,6731.362946032123,6741.459990451171,6724.63158308609,6741.459990451171,2249.9999999999504,0.0014999999999999669,0.015,0.98968947,high,tp1
2025-10-08 15:19:00+00:00,2025-10-08 16:19:00+00:00,long,6732.2365603249145,6736.175127434534,6725.50432376459,6742.334915165402,877.5465050123642,0.0005850310033415761,0.015,0.9655118,high,timeout
2025-10-08 15:21:00+00:00,2025-10-08 16:21:00+00:00,long,6732.232780078215,6737.011004758938,6725.500547298137,6742.331129248332,1064.630005411214,0.0007097533369408093,0.015,0.9558984,high,timeout
2025-10-08 15:26:00+00:00,2025-10-08 16:02:00+00:00,long,6731.429586467079,6741.52673084678,6724.698156880612,6741.52673084678,2250.000000000017,0.001500000000000011,0.015,0.9760813,high,tp1
2025-10-08 15:29:00+00:00,2025-10-08 16:02:00+00:00,long,6732.1249061599165,6742.2230935191565,6725.392781253757,6742.2230935191565,2250.000000000028,0.0015000000000000187,0.015,0.9723221,high,tp1
2025-10-08 15:30:00+00:00,2025-10-08 16:02:00+00:00,long,6731.736408331894,6741.834012944392,6725.0046719235625,6741.834012944392,2250.0000000000105,0.0015000000000000072,0.015,0.99399984,high,tp1
2025-10-08 15:31:00+00:00,2025-10-08 16:02:00+00:00,long,6732.131836368639,6742.230034123191,6725.39970453227,6742.230034123191,2249.9999999999045,0.0014999999999999363,0.015,0.9892558,high,tp1
2025-10-08 15:36:00+00:00,2025-10-08 16:02:00+00:00,long,6731.139748863137,6741.236458486432,6724.408609114274,6741.236458486432,2249.999999999926,0.0014999999999999506,0.015,0.99512875,high,tp1
2025-10-08 15:37:00+00:00,2025-10-08 16:02:00+00:00,long,6731.845383963937,6741.943152039883,6725.113538579973,6741.943152039883,2250.000000000038,0.0015000000000000256,0.015,0.9965054,high,tp1
2025-10-08 15:38:00+00:00,2025-10-08 16:38:00+00:00,long,6734.631078268284,6737.181052581538,6727.896447190015,6744.733024885686,567.954120341315,0.00037863608022754337,0.015,0.9676686,high,timeout
2025-10-08 15:39:00+00:00,2025-10-08 16:25:00+00:00,long,6732.479546069319,6742.5782653884235,6725.74706652325,6742.5782653884235,2250.000000000009,0.001500000000000006,0.015,0.9893718,high,tp1
2025-10-08 15:40:00+00:00,2025-10-08 16:25:00+00:00,long,6733.365706441361,6743.465755001023,6726.63234073492,6743.465755001023,2250.0000000000696,0.0015000000000000464,0.015,0.9805249,high,tp1
2025-10-08 15:41:00+00:00,2025-10-08 16:41:00+00:00,long,6733.751584658606,6738.633016588398,6727.017833073947,6743.852212035594,1087.3801628457493,0.0007249201085638328,0.015,0.984527,high,timeout
2025-10-08 15:42:00+00:00,2025-10-08 16:42:00+00:00,long,6734.31397046179,6738.280318184183,6727.579656491328,6744.415441417483,883.463647475525,0.0005889757649836833,0.015,0.9706579,high,timeout
2025-10-08 15:43:00+00:00,2025-10-08 16:43:00+00:00,long,6734.657129397558,6744.759115091654,6727.92247226816,6744.759115091654,2250.000000000055,0.0015000000000000367,0.015,0.980688,high,tp1
2025-10-08 15:44:00+00:00,2025-10-08 16:25:00+00:00,long,6732.924634059518,6743.024021010608,6726.191709425459,6743.024021010608,2250.0000000000273,0.0015000000000000182,0.015,0.99376583,high,tp1
2025-10-08 15:45:00+00:00,2025-10-08 16:25:00+00:00,long,6733.534950632975,6743.635253058925,6726.801415682342,6743.635253058925,2250.0000000000864,0.0015000000000000575,0.015,0.9879799,high,tp1
2025-10-08 15:46:00+00:00,2025-10-08 16:43:00+00:00,long,6734.771540126357,6744.8736974365465,6728.03676858623,6744.8736974365465,2250.0000000000578,0.0015000000000000386,0.015,0.98123413,high,tp1
2025-10-08 15:47:00+00:00,2025-10-08 16:25:00+00:00,long,6732.63061929111,6742.729565220046,6725.897988671819,6742.729565220046,2250.0000000000077,0.0015000000000000052,0.015,0.9945972,high,tp1
2025-10-08 15:48:00+00:00,2025-10-08 16:44:00+00:00,long,6735.110587952225,6745.213253834153,6728.375477364272,6745.213253834153,2249.9999999999827,0.0014999999999999885,0.015,0.97134733,high,tp1
2025-10-10 14:25:00+00:00,2025-10-10 14:26:00+00:00,short,6717.522842201674,6707.446557938372,6724.240365043876,6707.446557938372,2249.999999999911,0.0014999999999999408,0.015,0.9710152,high,tp1
2025-10-10 14:28:00+00:00,2025-10-10 14:29:00+00:00,short,6715.837088115439,6705.763332483266,6722.552925203554,6705.763332483266,2249.9999999999272,0.0014999999999999517,0.015,0.97187287,high,tp1
2025-10-10 14:33:00+00:00,2025-10-10 14:34:00+00:00,short,6716.165902291774,6706.091653438336,6722.882068194065,6706.091653438336,2250.000000000052,0.0015000000000000347,0.015,0.97050506,high,tp1
2025-10-10 14:57:00+00:00,2025-10-10 14:58:00+00:00,short,6714.88678735038,6698.099570382004,6721.60167413773,6698.099570382004,3750.0000000000146,0.00250000000000001,0.015,0.98611695,high,tp2
2025-10-10 15:03:00+00:00,2025-10-10 15:04:00+00:00,short,6702.986961616512,6686.229494212471,6709.689948578129,6686.229494212471,3750.000000000063,0.002500000000000042,0.015,0.94245064,high,tp2
2025-10-10 15:06:00+00:00,2025-10-10 15:07:00+00:00,short,6698.419421406724,6688.371792274614,6705.11784082813,6688.371792274614,2250.000000000017,0.001500000000000011,0.015,0.9700051,high,tp1
2025-10-10 15:15:00+00:00,2025-10-10 15:16:00+00:00,short,6697.290049324535,6687.244114250549,6703.98733937386,6687.244114250549,2249.999999999951,0.0014999999999999673,0.015,0.9939791,high,tp1
2025-10-10 15:18:00+00:00,2025-10-10 15:19:00+00:00,short,6694.628368495165,6684.5864259424225,6701.322996863661,6684.5864259424225,2249.9999999999472,0.001499999999999965,0.015,0.98944294,high,tp1
2025-10-10 15:20:00+00:00,2025-10-10 15:21:00+00:00,short,6693.668298053677,6683.627795606597,6700.361966351731,6683.627795606597,2249.999999999917,0.0014999999999999445,0.015,0.98860246,high,tp1
2025-10-10 15:23:00+00:00,2025-10-10 15:24:00+00:00,short,6696.851513850966,6680.109385066338,6703.548365364816,6680.109385066338,3749.9999999999773,0.002499999999999985,0.015,0.9886003,high,tp2
2025-10-10 15:35:00+00:00,2025-10-10 15:36:00+00:00,short,6692.804364653394,6676.072353741761,6699.497169018047,6676.072353741761,3750.0000000000146,0.00250000000000001,0.015,0.987708,high,tp2
2025-10-10 15:37:00+00:00,2025-10-10 15:38:00+00:00,short,6683.7731736821615,6673.7475139216385,6690.456946855844,6673.7475139216385,2249.999999999948,0.0014999999999999656,0.015,0.94955015,high,tp1
2025-10-10 15:43:00+00:00,2025-10-10 15:44:00+00:00,short,6684.737056024246,6668.025213384186,6691.421793080271,6668.025213384186,3749.9999999999154,0.0024999999999999437,0.015,0.9580794,high,tp2
2025-10-10 15:45:00+00:00,2025-10-10 15:46:00+00:00,short,6685.669711336936,6668.955537058594,6692.355381048274,6668.955537058594,3750.0000000000127,0.0025000000000000083,0.015,0.987823,high,tp2
2025-10-13 14:30:00+00:00,2025-10-13 14:32:00+00:00,long,6623.772763006219,6633.708422150728,6617.148990243213,6633.708422150728,2250.00000000001,0.0015000000000000068,0.015,0.96432143,high,tp1
2025-10-14 14:24:00+00:00,2025-10-14 14:25:00+00:00,long,6596.693462803942,6613.185196460951,6590.096769341138,6613.185196460951,3749.9999999999686,0.0024999999999999792,0.015,0.9780673,high,tp2
2025-10-14 14:37:00+00:00,2025-10-14 14:40:00+00:00,long,6602.866672747598,6619.373839429468,6596.26380607485,6619.373839429468,3750.0000000000964,0.0025000000000000642,0.015,0.9690627,high,tp2
2025-10-14 14:52:00+00:00,2025-10-14 14:53:00+00:00,short,6615.02391399235,6605.101378121361,6621.638937906342,6605.101378121361,2249.9999999999295,0.001499999999999953,0.015,0.94487876,high,tp1
2025-10-14 15:01:00+00:00,2025-10-14 15:03:00+00:00,short,6618.138631577399,6608.211423630033,6624.756770208976,6608.211423630033,2249.9999999999295,0.001499999999999953,0.015,0.98424536,high,tp1
2025-10-14 15:07:00+00:00,2025-10-14 15:08:00+00:00,long,6607.7402185849205,6617.651828912798,6601.132478366336,6617.651828912798,2250.0000000000264,0.0015000000000000176,0.015,0.9875029,high,tp1
2025-10-14 15:11:00+00:00,2025-10-14 15:15:00+00:00,long,6610.080018235898,6619.995138263252,6603.469938217662,6619.995138263252,2249.9999999999495,0.0014999999999999662,0.015,0.96769375,high,tp1
2025-10-14 15:22:00+00:00,2025-10-14 15:23:00+00:00,short,6620.14296988435,6603.59261245964,6626.763112854234,6603.59261245964,3749.999999999904,0.0024999999999999363,0.015,0.9696954,high,tp2
2025-10-14 15:26:00+00:00,2025-10-14 15:28:00+00:00,short,6619.108957102333,6609.18029366668,6625.728066059435,6609.18029366668,2249.999999999911,0.0014999999999999406,0.015,0.9627219,high,tp1
2025-10-14 15:32:00+00:00,2025-10-14 15:33:00+00:00,long,6609.901651954588,6619.81650443252,6603.291750302633,6619.81650443252,2250.000000000043,0.0015000000000000289,0.015,0.99073726,high,tp1
2025-10-14 15:39:00+00:00,2025-10-14 15:40:00+00:00,long,6603.567957119311,6620.076877012109,6596.964389162192,6620.076877012109,3749.999999999954,0.0024999999999999693,0.015,0.97519946,high,tp2
2025-10-14 15:49:00+00:00,2025-10-14 15:50:00+00:00,long,6610.710588807911,6627.2373652799315,6604.099878219104,6627.2373652799315,3750.00000000009,0.00250000000000006,0.015,0.96522886,high,tp2
2025-10-15 14:24:00+00:00,2025-10-15 14:25:00+00:00,short,6695.419881386315,6678.681331682849,6702.115301267701,6678.681331682849,3749.9999999999695,0.0024999999999999797,0.015,0.9885318,high,tp2
2025-10-15 14:56:00+00:00,2025-10-15 14:57:00+00:00,short,6689.602069026008,6679.567665922469,6696.291671095034,6679.567665922469,2250.000000000056,0.0015000000000000373,0.015,0.9419322,high,tp1
2025-10-15 15:01:00+00:00,2025-10-15 15:04:00+00:00,long,6678.996286165599,6689.014780594847,6672.317289879433,6689.014780594847,2250.0000000000623,0.0015000000000000417,0.015,0.9876236,high,tp1
2025-10-15 15:05:00+00:00,2025-10-15 15:06:00+00:00,long,6679.757876775484,6689.777513590647,6673.078118898708,6689.777513590647,2249.9999999999072,0.001499999999999938,0.015,0.9663559,high,tp1
2025-10-15 15:08:00+00:00,2025-10-15 15:09:00+00:00,short,6690.350662163927,6673.624785508518,6697.041012826091,6673.624785508518,3749.9999999999495,0.0024999999999999662,0.015,0.9877265,high,tp2
2025-10-15 15:12:00+00:00,2025-10-15 15:14:00+00:00,short,6687.858993527631,6677.82720503734,6694.546852521159,6677.82720503734,2250.0000000000223,0.001500000000000015,0.015,0.938182,high,tp1
2025-10-15 15:19:00+00:00,2025-10-15 15:21:00+00:00,long,6678.1577359397725,6688.174972543682,6671.479578203833,6688.174972543682,2249.999999999992,0.0014999999999999946,0.015,0.9787769,high,tp1
2025-10-15 15:33:00+00:00,2025-10-15 15:35:00+00:00,short,6687.642904614785,6677.611440257863,6694.3305475194,6677.611440257863,2249.9999999999122,0.0014999999999999417,0.015,0.95616525,high,tp1
2025-10-16 14:47:00+00:00,2025-10-16 14:48:00+00:00,short,6682.372015877346,6672.34845785353,6689.054387893223,6672.34845785353,2249.999999999972,0.0014999999999999814,0.015,0.9345112,high,tp1
2025-10-16 14:52:00+00:00,2025-10-16 14:53:00+00:00,long,6671.69965174451,6681.707201222127,6665.027952092766,6681.707201222127,2249.999999999945,0.0014999999999999634,0.015,0.9294365,high,tp1
2025-10-16 15:00:00+00:00,2025-10-16 15:01:00+00:00,long,6670.19046115387,6680.195746845601,6663.520270692717,6680.195746845601,2250.0000000000286,0.0015000000000000191,0.015,0.9832755,high,tp1
2025-10-16 15:01:00+00:00,2025-10-16 15:03:00+00:00,short,6678.258104033493,6668.2407168774425,6684.936362137526,6668.2407168774425,2249.9999999999604,0.0014999999999999736,0.015,0.9780215,high,tp1
2025-10-16 15:04:00+00:00,2025-10-16 15:09:00+00:00,short,6677.489831519823,6667.473596772544,6684.167321351343,6667.473596772544,2249.999999999985,0.00149999999999999,0.015,0.9445833,high,tp1
2025-10-16 15:31:00+00:00,2025-10-16 15:32:00+00:00,short,6674.926050463566,6664.913661387871,6681.60097651403,6664.913661387871,2249.9999999999113,0.001499999999999941,0.015,0.9843128,high,tp1
2025-10-16 15:35:00+00:00,2025-10-16 15:36:00+00:00,short,6675.855152286605,6665.841369558175,6682.531007438891,6665.841369558175,2249.999999999967,0.001499999999999978,0.015,0.9826605,high,tp1
2025-10-17 14:26:00+00:00,2025-10-17 14:28:00+00:00,short,6627.086843196072,6617.146212931278,6633.713930039267,6617.146212931278,2249.9999999999714,0.001499999999999981,0.015,0.98196113,high,tp1
2025-10-17 14:30:00+00:00,2025-10-17 14:35:00+00:00,long,6616.093757386883,6626.017898022964,6609.477663629496,6626.017898022964,2250.000000000077,0.0015000000000000514,0.015,0.9703415,high,tp1
2025-10-17 15:17:00+00:00,2025-10-17 15:18:00+00:00,short,6631.504235932025,6621.556979578127,6638.135740167957,6621.556979578127,2250.000000000084,0.0015000000000000562,0.015,0.9545612,high,tp1
2025-10-17 15:19:00+00:00,2025-10-17 15:22:00+00:00,long,6624.681614424507,6634.618636846143,6618.056932810082,6634.618636846143,2249.9999999999086,0.001499999999999939,0.015,0.9650159,high,tp1
2025-10-17 15:44:00+00:00,2025-10-17 15:47:00+00:00,short,6636.52302057683,6626.568236045965,6643.159543597407,6626.568236045965,2250.000000000002,0.0015000000000000013,0.015,0.98224545,high,tp1
2025-10-20 14:20:00+00:00,2025-10-20 14:22:00+00:00,long,6693.625014328946,6703.665451850439,6686.931389314617,6703.665451850439,2249.9999999999072,0.001499999999999938,0.015,0.96694136,high,tp1
2025-10-20 14:26:00+00:00,2025-10-20 14:35:00+00:00,long,6693.820308266978,6703.861038729378,6687.126487958711,6703.861038729378,2249.9999999999986,0.0014999999999999992,0.015,0.98723954,high,tp1
2025-10-20 14:40:00+00:00,2025-10-20 14:46:00+00:00,long,6695.008449947952,6705.050962622874,6688.313441498004,6705.050962622874,2250.0000000000978,0.001500000000000065,0.015,0.97887003,high,tp1
2025-10-20 14:52:00+00:00,2025-10-20 14:55:00+00:00,long,6695.683846165449,6705.727371934697,6688.988162319283,6705.727371934697,2249.999999999947,0.0014999999999999645,0.015,0.9822557,high,tp1
2025-10-20 14:59:00+00:00,2025-10-20 15:05:00+00:00,long,6698.717832064269,6708.7659088123655,6692.019114232205,6708.7659088123655,2250.0000000000705,0.001500000000000047,0.015,0.96850216,high,tp1
2025-10-20 15:05:00+00:00,2025-10-20 15:08:00+00:00,long,6698.392234950103,6708.439823302528,6691.693842715153,6708.439823302528,2249.9999999999673,0.0014999999999999783,0.015,0.98429203,high,tp1
2025-10-20 15:21:00+00:00,2025-10-20 15:26:00+00:00,long,6700.147892166734,6710.198114004984,6693.447744274567,6710.198114004984,2249.9999999999445,0.0014999999999999632,0.015,0.99184084,high,tp1
2025-10-20 15:27:00+00:00,2025-10-20 15:52:00+00:00,long,6702.884988374968,6712.93931585753,6696.182103386594,6712.93931585753,2249.9999999999563,0.001499999999999971,0.015,0.97660756,high,tp1
2025-10-20 15:28:00+00:00,2025-10-20 15:49:00+00:00,long,6702.629603725519,6712.683548131107,6695.926974121793,6712.683548131107,2250.0000000000455,0.0015000000000000304,0.015,0.9789155,high,tp1
2025-10-20 15:29:00+00:00,2025-10-20 15:49:00+00:00,long,6702.553587569967,6712.607417951322,6695.851033982397,6712.607417951322,2249.999999999922,0.0014999999999999478,0.015,0.983886,high,tp1
2025-10-20 15:30:00+00:00,2025-10-20 15:53:00+00:00,long,6703.2063446424645,6713.261154159428,6696.503138297822,6713.261154159428,2249.9999999999245,0.0014999999999999497,0.015,0.9918995,high,tp1
2025-10-20 15:31:00+00:00,2025-10-20 15:53:00+00:00,long,6703.272681567121,6713.327590589472,6696.569408885554,6713.327590589472,2249.9999999999213,0.0014999999999999476,0.015,0.9840894,high,tp1
2025-10-20 15:33:00+00:00,2025-10-20 15:52:00+00:00,long,6702.758441310264,6712.81257897223,6696.055682868954,6712.81257897223,2250.00000000009,0.0015000000000000599,0.015,0.9945422,high,tp1
2025-10-20 15:34:00+00:00,2025-10-20 15:46:00+00:00,long,6702.164827307102,6712.218074548063,6695.462662479796,6712.218074548063,2249.999999999953,0.001499999999999969,0.015,0.9864755,high,tp1
2025-10-20 15:35:00+00:00,2025-10-20 15:52:00+00:00,long,6702.961057705436,6713.015499291994,6696.258096647731,6713.015499291994,2249.999999999946,0.001499999999999964,0.015,0.9901101,high,tp1
2025-10-20 15:37:00+00:00,2025-10-20 15:53:00+00:00,long,6703.126732866459,6713.181422965758,6696.423606133592,6713.181422965758,2249.9999999999527,0.0014999999999999686,0.015,0.98602366,high,tp1
2025-10-22 14:20:00+00:00,2025-10-22 14:22:00+00:00,short,6740.044178015514,6729.934111748491,6746.78422219353,6729.934111748491,2250.000000000003,0.001500000000000002,0.015,0.9627978,high,tp1
2025-10-22 15:00:00+00:00,2025-10-22 15:01:00+00:00,long,6725.4704687002,6735.558674403251,6718.7449982315,6735.558674403251,2250.0000000000073,0.001500000000000005,0.015,0.98620635,high,tp1
2025-10-22 15:13:00+00:00,2025-10-22 15:15:00+00:00,long,6726.0382205637725,6736.127277894618,6719.312182343208,6736.127277894618,2249.9999999998995,0.001499999999999933,0.015,0.96857417,high,tp1
2025-10-22 15:17:00+00:00,2025-10-22 15:21:00+00:00,short,6736.226775584136,6726.12243542076,6742.96300235972,6726.12243542076,2249.999999999963,0.0014999999999999753,0.015,0.9798345,high,tp1
2025-10-22 15:33:00+00:00,2025-10-22 15:36:00+00:00,short,6731.668183592175,6721.570681316787,6738.399851775767,6721.570681316787,2249.9999999999973,0.0014999999999999983,0.015,0.962969,high,tp1
2025-10-23 14:22:00+00:00,2025-10-23 14:41:00+00:00,long,6706.838393026773,6716.898650616313,6700.131554633746,6716.898650616313,2249.9999999999677,0.0014999999999999786,0.015,0.97405595,high,tp1
2025-10-23 14:24:00+00:00,2025-10-23 14:52:00+00:00,long,6707.990765991939,6718.052752140927,6701.282775225947,6718.052752140927,2249.9999999999472,0.0014999999999999647,0.015,0.9719696,high,tp1
2025-10-23 14:29:00+00:00,2025-10-23 14:52:00+00:00,long,6708.052343613704,6718.114422129124,6701.34429127009,6718.114422129124,2250.0000000000055,0.0015000000000000037,0.015,0.9724295,high,tp1
2025-10-23 14:35:00+00:00,2025-10-23 14:52:00+00:00,long,6708.204986733319,6718.267294213419,6701.496781746586,6718.267294213419,2249.999999999929,0.0014999999999999528,0.015,0.99083275,high,tp1
2025-10-23 14:38:00+00:00,2025-10-23 14:54:00+00:00,long,6708.460969086737,6718.523660540367,6701.752508117651,6718.523660540367,2249.9999999999022,0.0014999999999999348,0.015,0.97680694,high,tp1
2025-10-23 14:41:00+00:00,2025-10-23 14:52:00+00:00,long,6707.689262403395,6717.750796297,6700.981573140992,6717.750796297,2249.999999999973,0.0014999999999999823,0.015,0.99364036,high,tp1
2025-10-23 15:01:00+00:00,2025-10-23 15:12:00+00:00,long,6709.019571672267,6719.083101029776,6702.3105521005955,6719.083101029776,2250.0000000000764,0.0015000000000000508,0.015,0.9779544,high,tp1
2025-10-23 15:29:00+00:00,2025-10-23 15:43:00+00:00,long,6712.724989180135,6722.794076663905,6706.012264190955,6722.794076663905,2249.999999999975,0.0014999999999999833,0.015,0.9842482,high,tp1
2025-10-23 15:30:00+00:00,2025-10-23 16:04:00+00:00,long,6713.936176759335,6724.007081024473,6707.222240582575,6724.007081024473,2249.9999999999504,0.0014999999999999669,0.015,0.986388,high,tp1
2025-10-23 15:32:00+00:00,2025-10-23 16:04:00+00:00,long,6714.335518799307,6724.407022077506,6707.6211832805075,6724.407022077506,2250.0000000000286,0.0015000000000000191,0.015,0.9855634,high,tp1
2025-10-23 15:33:00+00:00,2025-10-23 15:53:00+00:00,long,6713.379481950776,6723.449551173702,6706.666102468825,6723.449551173702,2250.0000000000923,0.0015000000000000616,0.015,0.98288065,high,tp1
2025-10-23 15:34:00+00:00,2025-10-23 16:04:00+00:00,long,6714.375384327102,6724.446947403593,6707.661008942775,6724.446947403593,2250.0000000000205,0.001500000000000014,0.015,0.98071045,high,tp1
2025-10-23 15:35:00+00:00,2025-10-23 16:04:00+00:00,long,6714.39724914253,6724.468845016244,6707.682851893388,6724.468845016244,2249.9999999999795,0.0014999999999999864,0.015,0.96176636,high,tp1
2025-10-23 15:39:00+00:00,2025-10-23 15:53:00+00:00,long,6712.989000963014,6723.058484464459,6706.276011962052,6723.058484464459,2250.0000000000323,0.0015000000000000215,0.015,0.9830526,high,tp1
2025-10-23 15:43:00+00:00,2025-10-23 15:53:00+00:00,long,6713.25930690709,6723.329195867451,6706.546047600183,6723.329195867451,2250.0000000000623,0.0015000000000000414,0.015,0.98411393,high,tp1
2025-10-23 15:45:00+00:00,2025-10-23 16:14:00+00:00,long,6715.639628032717,6725.713087474766,6708.923988404685,6725.713087474766,2250.000000000021,0.0015000000000000141,0.015,0.9610964,high,tp1
2025-10-23 15:46:00+00:00,2025-10-23 16:04:00+00:00,long,6714.0417919428,6724.1128546307145,6707.327750150857,6724.1128546307145,2250.000000000065,0.0015000000000000434,0.015,0.99235195,high,tp1
2025-10-23 15:47:00+00:00,2025-10-23 16:14:00+00:00,long,6714.843006603545,6724.91527111345,6708.128163596942,6724.91527111345,2249.9999999999122,0.0014999999999999417,0.015,0.97542727,high,tp1
2025-10-23 15:48:00+00:00,2025-10-23 16:14:00+00:00,long,6715.829749828575,6725.903494453318,6709.113920078746,6725.903494453318,2250.0000000000496,0.0015000000000000332,0.015,0.9629893,high,tp1
2025-10-23 15:50:00+00:00,2025-10-23 16:04:00+00:00,long,6714.174995241559,6724.246257734421,6707.460820246318,6724.246257734421,2249.9999999999095,0.0014999999999999395,0.015,0.97891474,high,tp1
2025-10-24 14:44:00+00:00,2025-10-24 15:00:00+00:00,long,6774.326311212405,6784.487800679223,6767.551984901193,6784.487800679223,2249.9999999999186,0.0014999999999999456,0.015,0.97216177,high,tp1
2025-10-24 14:51:00+00:00,2025-10-24 14:58:00+00:00,long,6773.720384939909,6783.880965517319,6766.946664554969,6783.880965517319,2249.999999999974,0.0014999999999999827,0.015,0.9868462,high,tp1
2025-10-24 14:52:00+00:00,2025-10-24 15:35:00+00:00,long,6775.257754865408,6785.420641497706,6768.482497110543,6785.420641497706,2249.9999999999905,0.0014999999999999935,0.015,0.9828834,high,tp1
2025-10-24 14:53:00+00:00,2025-10-24 15:35:00+00:00,long,6775.19128286043,6785.35406978472,6768.416091577569,6785.35406978472,2249.9999999999086,0.0014999999999999389,0.015,0.9814322,high,tp1
2025-10-24 14:58:00+00:00,2025-10-24 15:00:00+00:00,long,6774.203733636508,6784.365039236963,6767.429529902872,6784.365039236963,2249.9999999999195,0.0014999999999999463,0.015,0.9839511,high,tp1
2025-10-24 15:01:00+00:00,2025-10-24 16:01:00+00:00,long,6775.964327484728,6780.637324726659,6769.188363157243,6786.1282739759545,1034.4646937507414,0.000689643129167161,0.015,0.96038085,high,timeout
2025-10-24 15:05:00+00:00,2025-10-24 15:35:00+00:00,long,6774.64477960974,6784.806746779154,6767.87013483013,6784.806746779154,2249.9999999999336,0.0014999999999999558,0.015,0.9892209,high,tp1
2025-10-24 15:13:00+00:00,2025-10-24 16:06:00+00:00,long,6775.547108815942,6785.710429479166,6768.771561707126,6785.710429479166,2250.000000000044,0.0015000000000000295,0.015,0.9745121,high,tp1
2025-10-24 15:35:00+00:00,2025-10-24 16:06:00+00:00,long,6776.222142068416,6786.386475281519,6769.445919926348,6786.386475281519,2249.9999999999745,0.001499999999999983,0.015,0.9846638,high,tp1
2025-10-27 14:26:00+00:00,2025-10-27 14:58:00+00:00,long,6848.652565074088,6858.925543921699,6841.803912509014,6858.925543921699,2249.999999999934,0.001499999999999956,0.015,0.99659663,high,tp1
2025-10-27 14:27:00+00:00,2025-10-27 14:58:00+00:00,long,6848.491509919911,6858.76424718479,6841.643018409991,6858.76424718479,2249.999999999953,0.0014999999999999688,0.015,0.99646986,high,tp1
2025-10-27 14:28:00+00:00,2025-10-27 15:17:00+00:00,long,6849.2551724336345,6859.529055192285,6842.405917261201,6859.529055192285,2250.0000000000914,0.0015000000000000612,0.015,0.9959443,high,tp1
2025-10-27 14:29:00+00:00,2025-10-27 15:17:00+00:00,long,6849.184841119374,6859.458618381053,6842.335656278255,6859.458618381053,2250.0000000000396,0.0015000000000000265,0.015,0.9966522,high,tp1
2025-10-27 14:30:00+00:00,2025-10-27 15:17:00+00:00,long,6850.042477646804,6860.317541363274,6843.192435169158,6860.317541363274,2249.999999999946,0.0014999999999999638,0.015,0.97930706,high,tp1
2025-10-27 14:31:00+00:00,2025-10-27 14:58:00+00:00,long,6848.172671179607,6858.444930186377,6841.3244985084275,6858.444930186377,2250.0000000000573,0.0015000000000000382,0.015,0.9957911,high,tp1
2025-10-27 14:32:00+00:00,2025-10-27 15:32:00+00:00,long,6850.770723066258,6854.625327979948,6843.919952343192,6861.046879150857,843.9791089589415,0.000562652739305961,0.015,0.9802418,high,timeout
2025-10-27 14:33:00+00:00,2025-10-27 15:17:00+00:00,long,6849.559415760015,6859.833754883655,6842.709856344255,6859.833754883655,2249.999999999983,0.001499999999999989,0.015,0.9975249,high,tp1
2025-10-27 14:34:00+00:00,2025-10-27 15:34:00+00:00,long,6850.889451666984,6856.211028627377,6844.038562215317,6861.165785844485,1165.1575312819048,0.0007767716875212699,0.015,0.9836879,high,timeout
2025-10-27 14:35:00+00:00,2025-10-27 15:35:00+00:00,long,6850.321901275962,6854.481311891572,6843.4715793746855,6860.597384127876,910.777042791626,0.0006071846951944173,0.015,0.9907155,high,timeout
2025-10-27 14:39:00+00:00,2025-10-27 15:17:00+00:00,long,6848.945126351639,6859.218544041167,6842.096181225288,6859.218544041167,2249.999999999982,0.001499999999999988,0.015,0.99172395,high,tp1
2025-10-27 14:40:00+00:00,2025-10-27 15:17:00+00:00,long,6849.693136080583,6859.967675784704,6842.843442944502,6859.967675784704,2249.999999999983,0.0014999999999999888,0.015,0.9967141,high,tp1
2025-10-27 14:41:00+00:00,2025-10-27 15:37:00+00:00,long,6850.535635477652,6860.8114389308685,6843.685099842174,6860.8114389308685,2249.999999999942,0.0014999999999999612,0.015,0.982021,high,tp1
2025-10-27 14:43:00+00:00,2025-10-27 15:17:00+00:00,long,6849.177132682514,6859.450898381538,6842.327955549831,6859.450898381538,2250.0000000000277,0.0015000000000000185,0.015,0.9983359,high,tp1
2025-10-27 14:45:00+00:00,2025-10-27 15:37:00+00:00,long,6850.290283542298,6860.565718967612,6843.439993258756,6860.565718967612,2250.000000000087,0.001500000000000058,0.015,0.9936288,high,tp1
2025-10-27 14:47:00+00:00,2025-10-27 15:37:00+00:00,long,6851.027186354274,6861.303727133805,6844.17615916792,6861.303727133805,2249.9999999999945,0.0014999999999999966,0.015,0.9728453,high,tp1
2025-10-27 14:48:00+00:00,2025-10-27 15:37:00+00:00,long,6850.6490776354085,6860.925051251862,6843.798428557773,6860.925051251862,2250.0000000000814,0.0015000000000000542,0.015,0.99344033,high,tp1
2025-10-27 14:49:00+00:00,2025-10-27 15:37:00+00:00,long,6850.157366325017,6860.432602374505,6843.307208958692,6860.432602374505,2250.0000000000664,0.0015000000000000445,0.015,0.99233997,high,tp1
2025-10-27 14:52:00+00:00,2025-10-27 15:37:00+00:00,long,6850.984804153496,6861.261281359726,6844.133819349343,6861.261281359726,2249.999999999965,0.0014999999999999766,0.015,0.9853867,high,tp1
2025-10-27 14:54:00+00:00,2025-10-27 15:37:00+00:00,long,6850.90869295954,6861.185055998979,6844.05778426658,6861.185055998979,2249.9999999999927,0.001499999999999995,0.015,0.9876152,high,tp1
2025-10-27 14:58:00+00:00,2025-10-27 15:17:00+00:00,long,6850.073783219778,6860.348893894608,6843.223709436558,6860.348893894608,2250.000000000095,0.0015000000000000636,0.015,0.9796467,high,tp1
2025-10-27 15:41:00+00:00,2025-10-27 16:22:00+00:00,long,6853.852190200309,6864.13296848561,6846.998338010109,6864.13296848561,2250.0000000000264,0.0015000000000000176,0.015,0.9837742,high,tp1
2025-10-27 15:45:00+00:00,2025-10-27 16:22:00+00:00,long,6854.779626830107,6865.061796270353,6847.924847203277,6865.061796270353,2250.0000000000796,0.0015000000000000532,0.015,0.9805815,high,tp1
2025-10-27 15:47:00+00:00,2025-10-27 16:22:00+00:00,long,6855.283222121655,6865.566146954838,6848.427938899534,6865.566146954838,2250.0000000000546,0.0015000000000000365,0.015,0.98301595,high,tp1
2025-10-27 15:49:00+00:00,2025-10-27 16:22:00+00:00,long,6855.337127760496,6865.6201334521365,6848.481790632735,6865.6201334521365,2250.0000000000423,0.0015000000000000282,0.015,0.98385596,high,tp1
2025-10-28 15:28:00+00:00,2025-10-28 15:52:00+00:00,short,6898.406723387879,6888.0591133027965,6905.305130111266,6888.0591133027965,2250.0000000000664,0.0015000000000000443,0.015,0.9557077,high,tp1
2025-10-29 14:19:00+00:00,2025-10-29 14:24:00+00:00,short,6912.65681309802,6902.287827878374,6919.569469911118,6902.287827878374,2249.9999999999227,0.0014999999999999484,0.015,0.97539324,high,tp1
2025-10-29 15:05:00+00:00,2025-10-29 15:06:00+00:00,short,6911.467493237527,6901.100291997671,6918.378960730765,6901.100291997671,2250.000000000048,0.0015000000000000321,0.015,0.9787598,high,tp1
2025-10-29 15:31:00+00:00,2025-10-29 15:32:00+00:00,short,6908.596278859144,6898.233384440856,6915.504875138004,6898.233384440856,2249.999999999911,0.0014999999999999406,0.015,0.96529007,high,tp1
2025-10-29 15:38:00+00:00,2025-10-29 15:39:00+00:00,long,6899.476677231995,6909.8258922478435,6892.577200554763,6909.8258922478435,2250.00000000003,0.00150000000000002,0.015,0.9849119,high,tp1
2025-10-29 15:44:00+00:00,2025-10-29 15:45:00+00:00,short,6909.453444903854,6899.089264736498,6916.362898348758,6899.089264736498,2249.999999999982,0.001499999999999988,0.015,0.9849803,high,tp1
2025-10-30 14:28:00+00:00,2025-10-30 14:36:00+00:00,short,6859.386657204305,6849.097577218498,6866.24604386151,6849.097577218498,2250.000000000095,0.0015000000000000633,0.015,0.9890805,high,tp1
2025-10-30 14:38:00+00:00,2025-10-30 14:41:00+00:00,short,6857.659424690818,6847.372935553782,6864.517084115509,6847.372935553782,2250.0000000000314,0.0015000000000000208,0.015,0.9893289,high,tp1
2025-10-30 14:42:00+00:00,2025-10-30 14:51:00+00:00,short,6856.756588017839,6846.471453135812,6863.613344605857,6846.471453135812,2250.000000000008,0.0015000000000000055,0.015,0.97749215,high,tp1
2025-10-30 14:52:00+00:00,2025-10-30 14:56:00+00:00,short,6854.20262920702,6843.92132526321,6861.0568318362275,6843.92132526321,2250.000000000015,0.00150000000000001,0.015,0.965363,high,tp1
2025-10-30 14:56:00+00:00,2025-10-30 14:59:00+00:00,short,6854.569974638695,6844.288119676738,6861.424544613334,6844.288119676738,2249.999999999954,0.0014999999999999695,0.015,0.9748537,high,tp1
2025-10-30 15:34:00+00:00,2025-10-30 15:35:00+00:00,short,6852.509089698581,6842.230326064034,6859.3615987882795,6842.230326064034,2249.9999999999036,0.0014999999999999356,0.015,0.9809545,high,tp1
2025-10-30 15:41:00+00:00,2025-10-30 15:48:00+00:00,short,6851.325447216605,6841.048459045781,6858.176772663822,6841.048459045781,2249.9999999999222,0.001499999999999948,0.015,0.9762273,high,tp1
2025-10-31 14:39:00+00:00,2025-10-31 14:41:00+00:00,short,6876.796905051327,6866.4817096937495,6883.673701956378,6866.4817096937495,2250.000000000017,0.0015000000000000113,0.015,0.97667444,high,tp1
2025-10-31 14:43:00+00:00,2025-10-31 14:51:00+00:00,short,6875.070313086316,6864.757707616686,6881.945383399402,6864.757707616686,2250.000000000003,0.0015000000000000022,0.015,0.9750244,high,tp1
2025-10-31 14:53:00+00:00,2025-10-31 14:55:00+00:00,short,6874.332426894476,6864.020928254135,6881.206759321371,6864.020928254135,2249.9999999999745,0.001499999999999983,0.015,0.9785478,high,tp1
2025-11-03 15:46:00+00:00,2025-11-03 15:51:00+00:00,short,6880.842691968639,6870.521427930686,6887.723534660608,6870.521427930686,2250.0000000000896,0.0015000000000000597,0.015,0.97101104,high,tp1
2025-11-04 15:47:00+00:00,2025-11-04 15:57:00+00:00,short,6789.828151566268,6779.643409338919,6796.617979717835,6779.643409338919,2250.000000000019,0.0015000000000000126,0.015,0.9811554,high,tp1
2025-11-07 15:19:00+00:00,2025-11-07 15:20:00+00:00,long,6694.245667234242,6710.981281402328,6687.551421567008,6710.981281402328,3750.000000000022,0.002500000000000015,0.015,0.98395663,high,tp2
2025-11-07 15:34:00+00:00,2025-11-07 15:37:00+00:00,short,6708.9840988014175,6698.920622653215,6715.6930829002185,6698.920622653215,2250.000000000067,0.0015000000000000447,0.015,0.9869763,high,tp1
2025-11-07 15:47:00+00:00,2025-11-07 15:49:00+00:00,short,6709.440231996274,6699.376071648279,6716.14967222827,6699.376071648279,2249.999999999998,0.0014999999999999987,0.015,0.97841144,high,tp1
