timestamp,Open,High,Low,Close,Volume
2025-09-09 09:30:00-04:00,4508.3,4517.44,4505.5,4510.82,5652
2025-09-09 09:35:00-04:00,4510.82,4523.36,4503.11,4518.37,5613
2025-09-09 09:40:00-04:00,4518.37,4530.16,4511.13,4521.09,6154
2025-09-09 09:45:00-04:00,4521.09,4521.09,4501.8,4508.68,6337
2025-09-09 09:50:00-04:00,4508.68,4510.83,4477.82,4482.89,15974
2025-09-09 09:55:00-04:00,4482.89,4495.53,4480.36,4482.31,6135
2025-09-09 10:00:00-04:00,4482.31,4486.49,4476.66,4480.35,3945
2025-09-09 10:05:00-04:00,4480.35,4482.6,4472.74,4479.57,2943
2025-09-09 10:10:00-04:00,4479.57,4483.52,4474.7,4477.28,2977
2025-09-09 10:15:00-04:00,4477.28,4488.94,4477.28,4484.6,3283
2025-09-09 10:20:00-04:00,4484.6,4487.38,4477.75,4481.52,3305
2025-09-09 10:25:00-04:00,4481.52,4482.41,4474.12,4475.24,2604
2025-09-09 10:30:00-04:00,4475.24,4475.89,4463.31,4467.17,2927
2025-09-09 10:35:00-04:00,4467.17,4476.22,4463.82,4470.92,2888
2025-09-09 10:40:00-04:00,4470.92,4479.53,4469.99,4475.24,3861
2025-09-09 10:45:00-04:00,4475.24,4480.99,4473.08,4475.65,3173
2025-09-09 10:50:00-04:00,4475.65,4477.4,4465.14,4467.89,5980
2025-09-09 10:55:00-04:00,4467.89,4469.63,4459.09,4461.79,2805
2025-09-09 11:00:00-04:00,4461.79,4461.79,4453.11,4455.83,2951
2025-09-09 11:05:00-04:00,4455.83,4459.75,4453.53,4456.39,2658
2025-09-09 11:10:00-04:00,4456.39,4460.54,4453.86,4458.88,2073
2025-09-09 11:15:00-04:00,4458.88,4464.63,4456.7,4462.2,1352
2025-09-09 11:20:00-04:00,4462.2,4466.86,4459.13,4465.27,1933
2025-09-09 11:25:00-04:00,4465.27,4468.18,4461.83,4467.07,1813
2025-09-09 11:30:00-04:00,4467.07,4468.24,4461.89,4466.03,1470
2025-09-09 11:35:00-04:00,4466.03,4490.91,4463.91,4488.03,4035
2025-09-09 11:40:00-04:00,4488.03,4494.61,4487.65,4491.96,1585
2025-09-09 11:45:00-04:00,4491.96,4497.59,4491.96,4496.05,1944
2025-09-09 11:50:00-04:00,4496.05,4502.84,4496.05,4500.53,1942
2025-09-09 11:55:00-04:00,4500.53,4504.42,4498.93,4499.95,1901
2025-09-09 12:00:00-04:00,4499.95,4501.96,4496.36,4501.96,1978
2025-09-09 12:05:00-04:00,4501.96,4511.28,4501.96,4508.61,1452
2025-09-09 12:10:00-04:00,4508.61,4515.1,4506.6,4512.14,2385
2025-09-09 12:15:00-04:00,4512.14,4514.53,4499.09,4501.27,3654
2025-09-09 12:20:00-04:00,4501.27,4503.53,4498.97,4499.94,2410
2025-09-09 12:25:00-04:00,4499.94,4502.38,4498.09,4500.22,1619
2025-09-09 12:30:00-04:00,4500.22,4501.32,4495.9,4498.12,1501
2025-09-09 12:35:00-04:00,4498.12,4501.81,4496.58,4500.24,1473
2025-09-09 12:40:00-04:00,4500.24,4503.17,4497.59,4499.46,1713
2025-09-09 12:45:00-04:00,4499.46,4501.7,4496.32,4498.6,1818
2025-09-09 12:50:00-04:00,4498.6,4499.38,4493.92,4497.89,2193
2025-09-09 12:55:00-04:00,4497.89,4504.49,4497.78,4499.73,1812
2025-09-09 13:00:00-04:00,4499.73,4504.35,4497.78,4500.39,1613
2025-09-09 13:05:00-04:00,4500.39,4503.56,4498.51,4500.37,1589
2025-09-09 13:10:00-04:00,4500.37,4503.85,4498.66,4502.67,1767
2025-09-09 13:15:00-04:00,4502.67,4502.67,4492.53,4494.63,2423
2025-09-09 13:20:00-04:00,4494.63,4497.04,4488.74,4491.02,2945
2025-09-09 13:25:00-04:00,4491.02,4496.98,4488.27,4495.02,2859
2025-09-09 13:30:00-04:00,4495.02,4503.18,4495.02,4498.22,2945
2025-09-09 13:35:00-04:00,4498.22,4498.48,4490.23,4493.18,3289
2025-09-09 13:40:00-04:00,4493.18,4495.01,4488.16,4491.32,3725
2025-09-09 13:45:00-04:00,4491.32,4497.04,4486.95,4494.59,3194
2025-09-09 13:50:00-04:00,4494.59,4496.95,4490.28,4491.86,3103
2025-09-09 13:55:00-04:00,4491.86,4510.8,4487.94,4508.13,9125
2025-09-09 14:00:00-04:00,4508.13,4513.77,4505.39,4509.01,3603
2025-09-09 14:05:00-04:00,4509.01,4509.46,4502.19,4507.81,2679
2025-09-09 14:10:00-04:00,4507.81,4524.62,4506.05,4522.09,8774
2025-09-09 14:15:00-04:00,4522.09,4529.63,4519.18,4524.31,3703
2025-09-09 14:20:00-04:00,4524.31,4541.79,4521.64,4539.03,4492
2025-09-09 14:25:00-04:00,4539.03,4551.85,4536.55,4548.34,3584
2025-09-09 14:30:00-04:00,4548.34,4548.34,4536.31,4539.68,2650
2025-09-09 14:35:00-04:00,4539.68,4543.84,4535.8,4540.51,3217
2025-09-09 14:40:00-04:00,4540.51,4544.24,4531.46,4533.5,2509
2025-09-09 14:45:00-04:00,4533.5,4536.55,4529.87,4532.99,3093
2025-09-09 14:50:00-04:00,4532.99,4538.41,4532.25,4538.02,2966
2025-09-09 14:55:00-04:00,4538.02,4540.86,4535.35,4537.38,2559
2025-09-09 15:00:00-04:00,4537.38,4544.48,4537.02,4539.49,3598
2025-09-09 15:05:00-04:00,4539.49,4546.35,4536.53,4543.67,2702
2025-09-09 15:10:00-04:00,4543.67,4545.09,4537.28,4540.57,2213
2025-09-09 15:15:00-04:00,4540.57,4550.93,4536.77,4549.9,9359
2025-09-09 15:20:00-04:00,4549.9,4552.05,4544.31,4549.16,2617
2025-09-09 15:25:00-04:00,4549.16,4550.81,4539.62,4541.39,3464
2025-09-09 15:30:00-04:00,4541.39,4544.11,4530.39,4533.5,3106
2025-09-09 15:35:00-04:00,4533.5,4534.7,4516.72,4522.26,2939
2025-09-09 15:40:00-04:00,4522.26,4525.53,4495.55,4498.21,5997
2025-09-09 15:45:00-04:00,4498.21,4503.06,4492.81,4498.35,2936
2025-09-09 15:50:00-04:00,4498.35,4504.83,4492.02,4501.85,2992
2025-09-09 15:55:00-04:00,4501.85,4512.62,4499.22,4506.79,3544
2025-09-09 16:00:00-04:00,4506.79,4515.7,4504.06,4512.01,3189
2025-09-09 16:05:00-04:00,4512.01,4524.0,4511.67,4521.96,6924
2025-09-09 16:10:00-04:00,4521.96,4529.93,4520.25,4522.4,5651
2025-09-09 16:15:00-04:00,4522.4,4528.14,4519.42,4520.66,5516
2025-09-09 16:20:00-04:00,4520.66,4531.31,4516.81,4528.14,6130
2025-09-09 16:25:00-04:00,4528.14,4536.09,4524.18,4530.09,5547
2025-09-09 16:30:00-04:00,4530.09,4530.09,4517.08,4524.85,5456
2025-09-10 09:30:00-04:00,4537.73,4544.16,4530.83,4537.02,4513
2025-09-10 09:35:00-04:00,4537.02,4545.1,4525.52,4538.58,5564
2025-09-10 09:40:00-04:00,4538.58,4549.99,4532.02,4546.08,6281
2025-09-10 09:45:00-04:00,4546.08,4553.21,4533.28,4548.14,6266
2025-09-10 09:50:00-04:00,4548.14,4559.71,4540.45,4555.31,6596
2025-09-10 09:55:00-04:00,4555.31,4569.06,4550.19,4564.52,6303
2025-09-10 10:00:00-04:00,4564.52,4568.03,4558.73,4560.4,2766
2025-09-10 10:05:00-04:00,4560.4,4565.96,4556.83,4563.12,2471
2025-09-10 10:10:00-04:00,4563.12,4573.57,4562.42,4570.68,3299
2025-09-10 10:15:00-04:00,4570.68,4572.27,4561.36,4564.3,3970
2025-09-10 10:20:00-04:00,4564.3,4566.17,4552.46,4557.08,6420
2025-09-10 10:25:00-04:00,4557.08,4571.84,4556.28,4568.01,2722
2025-09-10 10:30:00-04:00,4568.01,4575.22,4563.97,4566.97,3345
2025-09-10 10:35:00-04:00,4566.97,4576.19,4562.34,4569.72,4163
2025-09-10 10:40:00-04:00,4569.72,4572.4,4555.15,4559.32,8554
2025-09-10 10:45:00-04:00,4559.32,4570.47,4558.14,4562.66,3264
2025-09-10 10:50:00-04:00,4562.66,4566.66,4555.92,4560.14,3086
2025-09-10 10:55:00-04:00,4560.14,4563.16,4551.0,4554.99,2743
2025-09-10 11:00:00-04:00,4554.99,4555.45,4539.97,4541.8,5195
2025-09-10 11:05:00-04:00,4541.8,4544.26,4526.19,4530.8,4465
2025-09-10 11:10:00-04:00,4530.8,4537.09,4528.92,4535.1,2608
2025-09-10 11:15:00-04:00,4535.1,4546.2,4532.9,4544.11,3676
2025-09-10 11:20:00-04:00,4544.11,4549.29,4542.08,4547.16,2284
2025-09-10 11:25:00-04:00,4547.16,4551.47,4545.17,4549.87,1935
2025-09-10 11:30:00-04:00,4549.87,4554.55,4548.09,4552.08,1875
2025-09-10 11:35:00-04:00,4552.08,4565.73,4550.2,4563.21,2978
2025-09-10 11:40:00-04:00,4563.21,4581.92,4560.97,4581.34,2770
2025-09-10 11:45:00-04:00,4581.34,4581.73,4574.08,4575.99,2790
2025-09-10 11:50:00-04:00,4575.99,4578.37,4557.45,4559.48,5653
2025-09-10 11:55:00-04:00,4559.48,4562.65,4556.49,4558.65,1976
2025-09-10 12:00:00-04:00,4558.65,4561.57,4556.98,4561.57,1684
2025-09-10 12:05:00-04:00,4561.57,4567.32,4560.85,4565.76,1658
2025-09-10 12:10:00-04:00,4565.76,4567.43,4561.25,4565.86,1909
2025-09-10 12:15:00-04:00,4565.86,4573.61,4565.86,4570.05,2712
2025-09-10 12:20:00-04:00,4570.05,4577.08,4570.05,4571.15,2351
2025-09-10 12:25:00-04:00,4571.15,4573.88,4565.73,4567.47,1869
2025-09-10 12:30:00-04:00,4567.47,4571.0,4564.59,4568.85,1363
2025-09-10 12:35:00-04:00,4568.85,4571.64,4565.11,4566.54,1740
2025-09-10 12:40:00-04:00,4566.54,4569.82,4563.96,4567.67,1606
2025-09-10 12:45:00-04:00,4567.67,4568.33,4562.0,4563.86,1845
2025-09-10 12:50:00-04:00,4563.86,4566.02,4559.25,4560.01,1517
2025-09-10 12:55:00-04:00,4560.01,4560.84,4549.24,4550.74,2661
2025-09-10 13:00:00-04:00,4550.74,4553.43,4538.29,4540.1,3756
2025-09-10 13:05:00-04:00,4540.1,4543.98,4537.65,4543.61,1734
2025-09-10 13:10:00-04:00,4543.61,4544.86,4539.42,4542.58,1523
2025-09-10 13:15:00-04:00,4542.58,4542.58,4537.49,4539.15,1584
2025-09-10 13:20:00-04:00,4539.15,4547.41,4538.24,4545.16,1580
2025-09-10 13:25:00-04:00,4545.16,4551.27,4543.32,4550.42,2106
2025-09-10 13:30:00-04:00,4550.42,4554.04,4546.18,4547.66,2781
2025-09-10 13:35:00-04:00,4547.66,4557.65,4547.05,4555.29,2938
2025-09-10 13:40:00-04:00,4555.29,4559.6,4552.91,4558.33,2958
2025-09-10 13:45:00-04:00,4558.33,4564.99,4557.78,4563.01,2444
2025-09-10 13:50:00-04:00,4563.01,4566.66,4557.2,4562.75,2919
2025-09-10 13:55:00-04:00,4562.75,4568.42,4555.52,4557.89,2511
2025-09-10 14:00:00-04:00,4557.89,4570.01,4557.89,4569.72,2462
2025-09-10 14:05:00-04:00,4569.72,4573.69,4563.5,4570.72,3450
2025-09-10 14:10:00-04:00,4570.72,4575.96,4566.42,4570.1,3232
2025-09-10 14:15:00-04:00,4570.1,4574.22,4566.95,4574.06,2743
2025-09-10 14:20:00-04:00,4574.06,4574.91,4569.22,4573.59,3147
2025-09-10 14:25:00-04:00,4573.59,4577.72,4570.61,4573.78,2876
2025-09-10 14:30:00-04:00,4573.78,4577.6,4568.28,4570.11,3663
2025-09-10 14:35:00-04:00,4570.11,4571.17,4564.73,4567.95,3138
2025-09-10 14:40:00-04:00,4567.95,4573.68,4566.19,4569.18,2999
2025-09-10 14:45:00-04:00,4569.18,4577.49,4567.12,4576.63,4060
2025-09-10 14:50:00-04:00,4576.63,4585.46,4574.36,4580.38,2426
2025-09-10 14:55:00-04:00,4580.38,4585.64,4576.98,4579.73,3283
2025-09-10 15:00:00-04:00,4579.73,4589.39,4579.73,4588.05,2979
2025-09-10 15:05:00-04:00,4588.05,4593.25,4582.49,4583.4,3807
2025-09-10 15:10:00-04:00,4583.4,4583.4,4575.02,4578.97,3351
2025-09-10 15:15:00-04:00,4578.97,4584.12,4576.65,4581.34,2863
2025-09-10 15:20:00-04:00,4581.34,4583.8,4574.49,4576.81,2169
2025-09-10 15:25:00-04:00,4576.81,4579.56,4568.93,4570.63,2965
2025-09-10 15:30:00-04:00,4570.63,4573.18,4560.49,4567.98,2919
2025-09-10 15:35:00-04:00,4567.98,4570.2,4564.09,4566.21,2808
2025-09-10 15:40:00-04:00,4566.21,4566.87,4553.02,4558.05,3115
2025-09-10 15:45:00-04:00,4558.05,4566.16,4554.84,4559.15,3559
2025-09-10 15:50:00-04:00,4559.15,4564.55,4550.63,4556.1,3530
2025-09-10 15:55:00-04:00,4556.1,4569.04,4556.1,4563.83,3787
2025-09-10 16:00:00-04:00,4563.83,4571.02,4561.98,4567.95,5304
2025-09-10 16:05:00-04:00,4567.95,4567.95,4553.45,4558.03,7284
2025-09-10 16:10:00-04:00,4558.03,4564.95,4551.28,4562.31,6560
2025-09-10 16:15:00-04:00,4562.31,4570.0,4560.05,4565.66,5832
2025-09-10 16:20:00-04:00,4565.66,4571.48,4560.15,4566.63,6880
2025-09-10 16:25:00-04:00,4566.63,4572.0,4561.5,4566.91,4383
2025-09-11 09:30:00-04:00,4563.82,4567.46,4541.59,4545.83,6112
2025-09-11 09:35:00-04:00,4545.83,4545.83,4524.88,4528.87,7400
2025-09-11 09:40:00-04:00,4528.87,4546.52,4522.68,4535.87,5135
2025-09-11 09:45:00-04:00,4535.87,4544.84,4527.57,4534.82,5883
2025-09-11 09:50:00-04:00,4534.82,4539.73,4523.06,4538.08,7012
2025-09-11 09:55:00-04:00,4538.08,4542.42,4513.45,4519.77,6855
2025-09-11 10:00:00-04:00,4519.77,4519.77,4508.68,4514.89,4152
2025-09-11 10:05:00-04:00,4514.89,4519.96,4505.62,4516.78,3491
2025-09-11 10:10:00-04:00,4516.78,4523.89,4510.4,4521.26,5191
2025-09-11 10:15:00-04:00,4521.26,4541.01,4518.55,4538.75,6576
2025-09-11 10:20:00-04:00,4538.75,4558.94,4537.28,4556.01,5863
2025-09-11 10:25:00-04:00,4556.01,4557.77,4546.67,4552.81,4405
2025-09-11 10:30:00-04:00,4552.81,4552.95,4539.03,4544.34,3270
2025-09-11 10:35:00-04:00,4544.34,4546.2,4534.72,4542.01,3520
2025-09-11 10:40:00-04:00,4542.01,4548.64,4538.25,4547.05,2509
2025-09-11 10:45:00-04:00,4547.05,4561.22,4546.73,4555.14,3255
2025-09-11 10:50:00-04:00,4555.14,4557.85,4546.5,4549.49,3408
2025-09-11 10:55:00-04:00,4549.49,4554.11,4544.58,4546.66,3141
2025-09-11 11:00:00-04:00,4546.66,4554.32,4546.63,4551.04,3188
2025-09-11 11:05:00-04:00,4551.04,4556.05,4544.51,4550.06,2787
2025-09-11 11:10:00-04:00,4550.06,4552.17,4543.8,4546.22,2475
2025-09-11 11:15:00-04:00,4546.22,4547.25,4543.07,4544.68,1475
2025-09-11 11:20:00-04:00,4544.68,4548.04,4539.43,4544.14,2533
2025-09-11 11:25:00-04:00,4544.14,4544.17,4539.59,4542.49,1761
2025-09-11 11:30:00-04:00,4542.49,4546.74,4539.23,4541.33,1586
2025-09-11 11:35:00-04:00,4541.33,4545.03,4536.35,4538.04,1846
2025-09-11 11:40:00-04:00,4538.04,4540.94,4517.43,4520.23,2840
2025-09-11 11:45:00-04:00,4520.23,4522.51,4504.48,4506.92,2746
2025-09-11 11:50:00-04:00,4506.92,4508.13,4491.63,4493.82,2771
2025-09-11 11:55:00-04:00,4493.82,4498.15,4493.15,4494.11,1676
2025-09-11 12:00:00-04:00,4494.11,4494.56,4489.86,4493.09,1687
2025-09-11 12:05:00-04:00,4493.09,4494.89,4474.08,4475.24,2749
2025-09-11 12:10:00-04:00,4475.24,4476.27,4469.55,4472.66,1692
2025-09-11 12:15:00-04:00,4472.66,4477.62,4470.86,4476.19,1707
2025-09-11 12:20:00-04:00,4476.19,4480.05,4472.93,4475.07,1271
2025-09-11 12:25:00-04:00,4475.07,4480.05,4472.83,4477.51,1517
2025-09-11 12:30:00-04:00,4477.51,4482.12,4476.21,4476.93,2094
2025-09-11 12:35:00-04:00,4476.93,4480.27,4475.2,4477.72,1831
2025-09-11 12:40:00-04:00,4477.72,4481.03,4475.56,4476.9,1933
2025-09-11 12:45:00-04:00,4476.9,4478.01,4472.6,4475.41,1919
2025-09-11 12:50:00-04:00,4475.41,4477.13,4473.33,4476.21,1782
2025-09-11 12:55:00-04:00,4476.21,4478.66,4472.81,4474.23,1550
2025-09-11 13:00:00-04:00,4474.23,4477.5,4470.99,4473.49,1784
2025-09-11 13:05:00-04:00,4473.49,4488.18,4471.35,4487.05,3745
2025-09-11 13:10:00-04:00,4487.05,4495.25,4485.28,4491.01,2486
2025-09-11 13:15:00-04:00,4491.01,4495.89,4490.95,4493.25,2162
2025-09-11 13:20:00-04:00,4493.25,4493.25,4486.64,4491.14,2675
2025-09-11 13:25:00-04:00,4491.14,4497.22,4490.28,4492.74,2318
2025-09-11 13:30:00-04:00,4492.74,4500.54,4491.72,4497.01,3582
2025-09-11 13:35:00-04:00,4497.01,4502.34,4494.0,4502.19,2918
2025-09-11 13:40:00-04:00,4502.19,4506.89,4499.4,4505.38,2854
2025-09-11 13:45:00-04:00,4505.38,4509.99,4500.78,4503.34,3434
2025-09-11 13:50:00-04:00,4503.34,4506.46,4500.13,4503.28,3381
2025-09-11 13:55:00-04:00,4503.28,4523.78,4503.28,4520.9,9245
2025-09-11 14:00:00-04:00,4520.9,4527.79,4518.8,4525.22,4407
2025-09-11 14:05:00-04:00,4525.22,4528.32,4520.59,4522.41,3617
2025-09-11 14:10:00-04:00,4522.41,4526.66,4519.85,4524.14,4197
2025-09-11 14:15:00-04:00,4524.14,4527.54,4517.91,4520.81,3025
2025-09-11 14:20:00-04:00,4520.81,4521.3,4514.05,4516.99,3495
2025-09-11 14:25:00-04:00,4516.99,4521.95,4507.46,4512.29,3068
2025-09-11 14:30:00-04:00,4512.29,4518.18,4508.5,4511.5,2880
2025-09-11 14:35:00-04:00,4511.5,4517.96,4508.85,4515.55,3182
2025-09-11 14:40:00-04:00,4515.55,4524.49,4512.74,4521.67,3955
2025-09-11 14:45:00-04:00,4521.67,4522.86,4517.71,4519.85,3156
2025-09-11 14:50:00-04:00,4519.85,4521.18,4515.26,4518.15,2359
2025-09-11 14:55:00-04:00,4518.15,4521.65,4515.82,4518.89,3096
2025-09-11 15:00:00-04:00,4518.89,4518.89,4509.77,4515.02,3334
2025-09-11 15:05:00-04:00,4515.02,4515.02,4503.55,4507.26,2999
2025-09-11 15:10:00-04:00,4507.26,4509.23,4500.66,4503.26,2910
2025-09-11 15:15:00-04:00,4503.26,4506.52,4495.47,4504.56,3652
2025-09-11 15:20:00-04:00,4504.56,4505.89,4499.41,4500.22,2561
2025-09-11 15:25:00-04:00,4500.22,4506.05,4496.5,4498.46,4200
2025-09-11 15:30:00-04:00,4498.46,4505.93,4497.24,4504.17,2907
2025-09-11 15:35:00-04:00,4504.17,4511.43,4503.31,4509.78,3513
2025-09-11 15:40:00-04:00,4509.78,4515.26,4504.83,4514.09,2501
2025-09-11 15:45:00-04:00,4514.09,4515.43,4495.53,4500.03,3256
2025-09-11 15:50:00-04:00,4500.03,4508.29,4494.72,4503.85,2765
2025-09-11 15:55:00-04:00,4503.85,4511.29,4498.74,4502.56,2965
2025-09-11 16:00:00-04:00,4502.56,4507.26,4498.45,4503.4,4814
2025-09-11 16:05:00-04:00,4503.4,4509.0,4499.55,4504.78,5675
2025-09-11 16:10:00-04:00,4504.78,4504.78,4496.37,4501.04,5938
2025-09-11 16:15:00-04:00,4501.04,4509.91,4496.46,4505.2,6223
2025-09-11 16:20:00-04:00,4505.2,4523.4,4505.2,4519.15,7611
2025-09-11 16:25:00-04:00,4519.15,4522.99,4503.66,4505.75,11218
2025-09-11 16:30:00-04:00,4505.75,4507.8,4488.79,4494.25,10072
2025-09-11 16:35:00-04:00,4494.25,4494.63,4491.0,4492.34,1134
2025-09-12 09:30:00-04:00,4502.9,4506.38,4492.16,4492.33,6436
2025-09-12 09:35:00-04:00,4492.33,4494.99,4478.96,4481.69,6689
2025-09-12 09:40:00-04:00,4481.69,4488.19,4474.28,4485.85,5263
2025-09-12 09:45:00-04:00,4485.85,4490.22,4471.39,4473.61,10750
2025-09-12 09:50:00-04:00,4473.61,4484.11,4463.81,4478.68,5897
2025-09-12 09:55:00-04:00,4478.68,4487.38,4472.38,4479.39,5118
2025-09-12 10:00:00-04:00,4479.39,4502.25,4479.39,4498.04,6150
2025-09-12 10:05:00-04:00,4498.04,4532.64,4495.53,4528.84,4999
2025-09-12 10:10:00-04:00,4528.84,4533.89,4526.92,4531.21,3877
2025-09-12 10:15:00-04:00,4531.21,4531.21,4522.39,4527.89,2824
2025-09-12 10:20:00-04:00,4527.89,4532.27,4523.41,4527.61,3116
2025-09-12 10:25:00-04:00,4527.61,4536.88,4523.3,4526.36,3780
2025-09-12 10:30:00-04:00,4526.36,4532.48,4521.19,4531.02,2806
2025-09-12 10:35:00-04:00,4531.02,4536.86,4525.56,4532.62,3361
2025-09-12 10:40:00-04:00,4532.62,4533.18,4526.45,4527.87,2699
2025-09-12 10:45:00-04:00,4527.87,4539.98,4525.7,4536.36,2896
2025-09-12 10:50:00-04:00,4536.36,4545.63,4532.97,4544.1,3377
2025-09-12 10:55:00-04:00,4544.1,4549.88,4538.95,4539.08,3821
2025-09-12 11:00:00-04:00,4539.08,4547.77,4538.51,4544.04,3096
2025-09-12 11:05:00-04:00,4544.04,4551.13,4542.38,4543.97,2061
2025-09-12 11:10:00-04:00,4543.97,4547.9,4539.21,4546.31,1914
2025-09-12 11:15:00-04:00,4546.31,4566.73,4544.62,4564.76,4520
2025-09-12 11:20:00-04:00,4564.76,4566.06,4555.93,4557.95,2273
2025-09-12 11:25:00-04:00,4557.95,4563.42,4557.77,4562.72,1767
2025-09-12 11:30:00-04:00,4562.72,4566.52,4559.72,4565.55,2043
2025-09-12 11:35:00-04:00,4565.55,4567.52,4559.28,4561.99,1844
2025-09-12 11:40:00-04:00,4561.99,4563.64,4559.7,4559.8,1437
2025-09-12 11:45:00-04:00,4559.8,4567.19,4559.66,4564.72,1906
2025-09-12 11:50:00-04:00,4564.72,4567.27,4562.04,4565.77,1800
2025-09-12 11:55:00-04:00,4565.77,4577.81,4561.47,4576.53,4414
2025-09-12 12:00:00-04:00,4576.53,4588.48,4575.41,4585.65,3609
2025-09-12 12:05:00-04:00,4585.65,4586.77,4563.75,4566.56,5960
2025-09-12 12:10:00-04:00,4566.56,4573.18,4565.47,4572.4,1553
2025-09-12 12:15:00-04:00,4572.4,4575.59,4570.24,4573.61,1625
2025-09-12 12:20:00-04:00,4573.61,4577.26,4573.28,4574.04,1514
2025-09-12 12:25:00-04:00,4574.04,4578.89,4573.46,4576.96,1489
2025-09-12 12:30:00-04:00,4576.96,4580.35,4575.65,4577.9,1388
2025-09-12 12:35:00-04:00,4577.9,4580.28,4574.07,4576.16,1937
2025-09-12 12:40:00-04:00,4576.16,4576.99,4568.33,4570.22,1798
2025-09-12 12:45:00-04:00,4570.22,4572.36,4559.88,4561.46,2005
2025-09-12 12:50:00-04:00,4561.46,4564.26,4555.41,4558.54,2238
2025-09-12 12:55:00-04:00,4558.54,4559.98,4543.51,4545.76,4374
2025-09-12 13:00:00-04:00,4545.76,4546.96,4538.95,4543.03,2519
2025-09-12 13:05:00-04:00,4543.03,4545.6,4541.66,4542.84,2004
2025-09-12 13:10:00-04:00,4542.84,4549.55,4542.84,4547.59,2357
2025-09-12 13:15:00-04:00,4547.59,4554.76,4547.57,4552.58,1728
2025-09-12 13:20:00-04:00,4552.58,4558.85,4550.92,4556.68,1902
2025-09-12 13:25:00-04:00,4556.68,4559.64,4553.2,4554.4,2447
2025-09-12 13:30:00-04:00,4554.4,4555.79,4548.39,4554.29,3058
2025-09-12 13:35:00-04:00,4554.29,4554.86,4544.94,4547.69,2693
2025-09-12 13:40:00-04:00,4547.69,4549.59,4542.99,4548.0,2642
2025-09-12 13:45:00-04:00,4548.0,4554.83,4546.42,4549.33,3770
2025-09-12 13:50:00-04:00,4549.33,4556.12,4546.68,4549.76,3561
2025-09-12 13:55:00-04:00,4549.76,4553.2,4543.89,4546.25,3715
2025-09-12 14:00:00-04:00,4546.25,4554.87,4546.25,4554.61,3105
2025-09-12 14:05:00-04:00,4554.61,4558.44,4551.41,4555.73,2737
2025-09-12 14:10:00-04:00,4555.73,4557.07,4546.99,4550.32,3099
2025-09-12 14:15:00-04:00,4550.32,4555.9,4547.61,4554.83,3628
2025-09-12 14:20:00-04:00,4554.83,4558.66,4550.49,4553.52,2005
2025-09-12 14:25:00-04:00,4553.52,4559.56,4548.9,4552.81,2281
2025-09-12 14:30:00-04:00,4552.81,4557.06,4547.05,4549.85,2738
2025-09-12 14:35:00-04:00,4549.85,4556.95,4548.34,4553.56,2926
2025-09-12 14:40:00-04:00,4553.56,4557.58,4550.37,4553.97,3593
2025-09-12 14:45:00-04:00,4553.97,4559.51,4550.36,4551.34,2835
2025-09-12 14:50:00-04:00,4551.34,4553.41,4548.06,4552.16,2921
2025-09-12 14:55:00-04:00,4552.16,4562.65,4548.83,4561.1,3811
2025-09-12 15:00:00-04:00,4561.1,4566.07,4555.79,4564.33,2935
2025-09-12 15:05:00-04:00,4564.33,4574.42,4564.33,4571.59,3267
2025-09-12 15:10:00-04:00,4571.59,4574.76,4567.95,4571.26,3390
2025-09-12 15:15:00-04:00,4571.26,4577.46,4566.66,4576.23,3285
2025-09-12 15:20:00-04:00,4576.23,4584.16,4574.63,4578.85,3054
2025-09-12 15:25:00-04:00,4578.85,4582.1,4570.94,4578.55,3225
2025-09-12 15:30:00-04:00,4578.55,4585.55,4569.02,4577.57,3651
2025-09-12 15:35:00-04:00,4577.57,4586.4,4574.74,4578.45,2734
2025-09-12 15:40:00-04:00,4578.45,4592.61,4574.82,4590.25,3497
2025-09-12 15:45:00-04:00,4590.25,4598.35,4586.03,4593.48,2945
2025-09-12 15:50:00-04:00,4593.48,4598.03,4588.95,4591.69,3634
2025-09-12 15:55:00-04:00,4591.69,4594.44,4582.64,4584.21,4075
2025-09-12 16:00:00-04:00,4584.21,4594.0,4567.09,4570.07,38258
2025-09-12 16:05:00-04:00,4570.07,4577.23,4560.58,4565.52,5002
2025-09-12 16:10:00-04:00,4565.52,4569.17,4558.28,4564.53,6443
2025-09-12 16:15:00-04:00,4564.53,4569.01,4559.99,4566.51,6943
2025-09-12 16:20:00-04:00,4566.51,4566.51,4552.81,4552.92,6323
2025-09-12 16:25:00-04:00,4552.92,4558.4,4549.69,4551.93,6811
2025-09-12 16:30:00-04:00,4551.93,4555.53,4551.93,4554.93,834
2025-09-15 09:30:00-04:00,4545.2,4554.15,4537.13,4538.51,6424
2025-09-15 09:35:00-04:00,4538.51,4547.59,4534.96,4538.74,5445
2025-09-15 09:40:00-04:00,4538.74,4545.64,4528.62,4539.91,5351
2025-09-15 09:45:00-04:00,4539.91,4551.8,4537.32,4543.09,5864
2025-09-15 09:50:00-04:00,4543.09,4554.61,4536.42,4551.74,7839
2025-09-15 09:55:00-04:00,4551.74,4555.07,4534.84,4546.21,5773
2025-09-15 10:00:00-04:00,4546.21,4551.6,4526.19,4528.69,5543
2025-09-15 10:05:00-04:00,4528.69,4528.69,4518.05,4519.3,3087
2025-09-15 10:10:00-04:00,4519.3,4528.75,4518.63,4521.77,2444
2025-09-15 10:15:00-04:00,4521.77,4531.76,4521.77,4524.1,2883
2025-09-15 10:20:00-04:00,4524.1,4525.6,4514.36,4518.02,2607
2025-09-15 10:25:00-04:00,4518.02,4523.6,4514.89,4521.26,2518
2025-09-15 10:30:00-04:00,4521.26,4521.26,4508.98,4516.5,3213
2025-09-15 10:35:00-04:00,4516.5,4516.95,4507.74,4511.27,3168
2025-09-15 10:40:00-04:00,4511.27,4514.7,4502.29,4505.49,3482
2025-09-15 10:45:00-04:00,4505.49,4509.96,4500.65,4505.46,2638
2025-09-15 10:50:00-04:00,4505.46,4511.07,4497.23,4498.36,4277
2025-09-15 10:55:00-04:00,4498.36,4501.24,4481.93,4486.22,5901
2025-09-15 11:00:00-04:00,4486.22,4486.22,4473.04,4474.78,4771
2025-09-15 11:05:00-04:00,4474.78,4484.61,4474.78,4481.91,2503
2025-09-15 11:10:00-04:00,4481.91,4484.84,4475.53,4477.92,1886
2025-09-15 11:15:00-04:00,4477.92,4483.07,4476.95,4477.11,2248
2025-09-15 11:20:00-04:00,4477.11,4482.03,4473.31,4480.04,1936
2025-09-15 11:25:00-04:00,4480.04,4487.22,4480.04,4484.67,1958
2025-09-15 11:30:00-04:00,4484.67,4489.17,4482.65,4487.02,1827
2025-09-15 11:35:00-04:00,4487.02,4492.11,4485.04,4488.9,1717
2025-09-15 11:40:00-04:00,4488.9,4488.9,4476.91,4479.26,2820
2025-09-15 11:45:00-04:00,4479.26,4482.88,4477.99,4482.11,1966
2025-09-15 11:50:00-04:00,4482.11,4487.51,4479.98,4484.31,2182
2025-09-15 11:55:00-04:00,4484.31,4490.03,4482.02,4489.15,1938
2025-09-15 12:00:00-04:00,4489.15,4490.97,4484.82,4487.78,1993
2025-09-15 12:05:00-04:00,4487.78,4491.1,4484.48,4489.79,1851
2025-09-15 12:10:00-04:00,4489.79,4491.39,4484.19,4484.22,1593
2025-09-15 12:15:00-04:00,4484.22,4484.4,4475.05,4477.87,2040
2025-09-15 12:20:00-04:00,4477.87,4477.87,4472.82,4476.31,1767
2025-09-15 12:25:00-04:00,4476.31,4480.04,4475.16,4477.82,1738
2025-09-15 12:30:00-04:00,4477.82,4480.09,4475.19,4476.2,1706
2025-09-15 12:35:00-04:00,4476.2,4482.15,4473.09,4479.83,2251
2025-09-15 12:40:00-04:00,4479.83,4483.1,4477.56,4481.48,1695
2025-09-15 12:45:00-04:00,4481.48,4481.48,4472.06,4474.35,2052
2025-09-15 12:50:00-04:00,4474.35,4478.69,4473.12,4477.01,2336
2025-09-15 12:55:00-04:00,4477.01,4483.27,4476.49,4480.81,1526
2025-09-15 13:00:00-04:00,4480.81,4485.1,4477.56,4482.67,1586
2025-09-15 13:05:00-04:00,4482.67,4483.36,4476.0,4479.26,2779
2025-09-15 13:10:00-04:00,4479.26,4481.54,4474.65,4480.34,3693
2025-09-15 13:15:00-04:00,4480.34,4481.28,4474.59,4475.95,3446
2025-09-15 13:20:00-04:00,4475.95,4477.26,4468.09,4469.79,2921
2025-09-15 13:25:00-04:00,4469.79,4477.01,4469.12,4472.4,2581
2025-09-15 13:30:00-04:00,4472.4,4472.4,4462.72,4468.96,2716
2025-09-15 13:35:00-04:00,4468.96,4468.96,4461.76,4462.36,2989
2025-09-15 13:40:00-04:00,4462.36,4466.6,4456.8,4463.35,3706
2025-09-15 13:45:00-04:00,4463.35,4466.05,4459.76,4461.3,3919
2025-09-15 13:50:00-04:00,4461.3,4465.31,4457.79,4465.11,3324
2025-09-15 13:55:00-04:00,4465.11,4468.03,4461.03,4464.76,3327
2025-09-15 14:00:00-04:00,4464.76,4468.08,4461.93,4465.31,2491
2025-09-15 14:05:00-04:00,4465.31,4470.02,4462.35,4466.28,2737
2025-09-15 14:10:00-04:00,4466.28,4468.81,4460.81,4462.37,3035
2025-09-15 14:15:00-04:00,4462.37,4469.69,4459.69,4467.66,2392
2025-09-15 14:20:00-04:00,4467.66,4469.27,4462.04,4466.64,3562
2025-09-15 14:25:00-04:00,4466.64,4474.12,4466.64,4468.76,4016
2025-09-15 14:30:00-04:00,4468.76,4473.13,4465.67,4470.95,3433
2025-09-15 14:35:00-04:00,4470.95,4476.75,4463.06,4466.04,6526
2025-09-15 14:40:00-04:00,4466.04,4469.01,4453.61,4456.67,7230
2025-09-15 14:45:00-04:00,4456.67,4465.44,4456.34,4463.43,2819
2025-09-15 14:50:00-04:00,4463.43,4465.58,4457.04,4457.08,2583
2025-09-15 14:55:00-04:00,4457.08,4462.17,4455.17,4461.49,3272
2025-09-15 15:00:00-04:00,4461.49,4462.66,4456.89,4458.86,3543
2025-09-15 15:05:00-04:00,4458.86,4460.5,4452.55,4454.43,3076
2025-09-15 15:10:00-04:00,4454.43,4454.43,4445.49,4451.71,3735
2025-09-15 15:15:00-04:00,4451.71,4455.9,4442.25,4443.0,3805
2025-09-15 15:20:00-04:00,4443.0,4449.68,4435.91,4439.97,2651
2025-09-15 15:25:00-04:00,4439.97,4446.7,4432.28,4443.22,3785
2025-09-15 15:30:00-04:00,4443.22,4449.15,4437.24,4445.62,2370
2025-09-15 15:35:00-04:00,4445.62,4456.72,4437.57,4452.56,2835
2025-09-15 15:40:00-04:00,4452.56,4457.54,4445.06,4455.92,4866
2025-09-15 15:45:00-04:00,4455.92,4463.28,4448.06,4450.84,6885
2025-09-15 15:50:00-04:00,4450.84,4462.05,4449.1,4458.47,4872
2025-09-15 15:55:00-04:00,4458.47,4459.33,4448.82,4455.41,5828
2025-09-15 16:00:00-04:00,4455.41,4461.06,4441.66,4446.5,6526
2025-09-15 16:05:00-04:00,4446.5,4451.23,4440.24,4445.38,4822
2025-09-15 16:10:00-04:00,4445.38,4450.25,4442.91,4446.98,2243
2025-09-16 09:30:00-04:00,4441.61,4450.84,4436.84,4446.0,7411
2025-09-16 09:35:00-04:00,4446.0,4451.08,4431.64,4438.91,4484
2025-09-16 09:40:00-04:00,4438.91,4438.91,4426.41,4428.9,5074
2025-09-16 09:45:00-04:00,4428.9,4457.49,4428.9,4450.7,5786
2025-09-16 09:50:00-04:00,4450.7,4451.86,4437.65,4439.3,18679
2025-09-16 09:55:00-04:00,4439.3,4449.21,4431.83,4443.59,8394
2025-09-16 10:00:00-04:00,4443.59,4453.11,4441.48,4446.16,5859
2025-09-16 10:05:00-04:00,4446.16,4457.81,4445.56,4453.84,3109
2025-09-16 10:10:00-04:00,4453.84,4464.28,4452.81,4459.5,3204
2025-09-16 10:15:00-04:00,4459.5,4462.34,4451.96,4454.15,3095
2025-09-16 10:20:00-04:00,4454.15,4459.96,4452.55,4455.32,2958
2025-09-16 10:25:00-04:00,4455.32,4460.64,4447.08,4458.12,2580
2025-09-16 10:30:00-04:00,4458.12,4460.67,4454.14,4458.27,3316
2025-09-16 10:35:00-04:00,4458.27,4462.73,4449.99,4460.26,2885
2025-09-16 10:40:00-04:00,4460.26,4461.1,4452.99,4455.89,2604
2025-09-16 10:45:00-04:00,4455.89,4464.17,4454.65,4459.99,2550
2025-09-16 10:50:00-04:00,4459.99,4459.99,4450.06,4452.12,3142
2025-09-16 10:55:00-04:00,4452.12,4466.0,4451.98,4462.98,3121
2025-09-16 11:00:00-04:00,4462.98,4468.01,4456.36,4459.27,2457
2025-09-16 11:05:00-04:00,4459.27,4463.07,4456.66,4462.98,1439
2025-09-16 11:10:00-04:00,4462.98,4464.48,4441.89,4443.87,5026
2025-09-16 11:15:00-04:00,4443.87,4444.44,4439.39,4443.77,2023
2025-09-16 11:20:00-04:00,4443.77,4447.83,4441.92,4445.84,2165
2025-09-16 11:25:00-04:00,4445.84,4449.81,4443.61,4445.44,1934
2025-09-16 11:30:00-04:00,4445.44,4451.92,4443.8,4449.44,1966
2025-09-16 11:35:00-04:00,4449.44,4456.13,4448.44,4453.9,1459
2025-09-16 11:40:00-04:00,4453.9,4458.05,4451.04,4455.78,2146
2025-09-16 11:45:00-04:00,4455.78,4460.07,4454.02,4454.42,1976
2025-09-16 11:50:00-04:00,4454.42,4454.42,4448.66,4451.71,2071
2025-09-16 11:55:00-04:00,4451.71,4456.77,4451.58,4454.87,1835
2025-09-16 12:00:00-04:00,4454.87,4459.18,4453.89,4457.45,1406
2025-09-16 12:05:00-04:00,4457.45,4459.42,4451.3,4453.85,1794
2025-09-16 12:10:00-04:00,4453.85,4454.35,4449.71,4452.63,1570
2025-09-16 12:15:00-04:00,4452.63,4455.97,4450.05,4453.01,1692
2025-09-16 12:20:00-04:00,4453.01,4454.68,4450.09,4451.62,1693
2025-09-16 12:25:00-04:00,4451.62,4454.86,4449.63,4450.02,1517
2025-09-16 12:30:00-04:00,4450.02,4452.8,4446.96,4450.73,2074
2025-09-16 12:35:00-04:00,4450.73,4455.59,4447.33,4452.93,1972
2025-09-16 12:40:00-04:00,4452.93,4455.69,4448.87,4451.53,1648
2025-09-16 12:45:00-04:00,4451.53,4452.86,4447.15,4450.82,2140
2025-09-16 12:50:00-04:00,4450.82,4450.82,4445.01,4447.82,1455
2025-09-16 12:55:00-04:00,4447.82,4451.13,4436.41,4438.43,3253
2025-09-16 13:00:00-04:00,4438.43,4442.86,4433.45,4437.87,2350
2025-09-16 13:05:00-04:00,4437.87,4439.22,4434.46,4435.63,1643
2025-09-16 13:10:00-04:00,4435.63,4438.4,4431.7,4433.43,1827
2025-09-16 13:15:00-04:00,4433.43,4436.84,4428.57,4435.79,2542
2025-09-16 13:20:00-04:00,4435.79,4442.51,4435.79,4439.25,2971
2025-09-16 13:25:00-04:00,4439.25,4443.45,4436.23,4437.67,2777
2025-09-16 13:30:00-04:00,4437.67,4444.19,4433.22,4442.12,4219
2025-09-16 13:35:00-04:00,4442.12,4444.02,4436.99,4438.18,2894
2025-09-16 13:40:00-04:00,4438.18,4442.55,4433.13,4434.65,3093
2025-09-16 13:45:00-04:00,4434.65,4441.56,4434.18,4439.21,3499
2025-09-16 13:50:00-04:00,4439.21,4448.72,4439.21,4446.56,2944
2025-09-16 13:55:00-04:00,4446.56,4452.26,4443.67,4447.53,2424
2025-09-16 14:00:00-04:00,4447.53,4453.42,4445.64,4447.41,2592
2025-09-16 14:05:00-04:00,4447.41,4466.91,4445.74,4462.1,7422
2025-09-16 14:10:00-04:00,4462.1,4465.46,4457.87,4462.31,2986
2025-09-16 14:15:00-04:00,4462.31,4463.97,4455.38,4457.5,2831
2025-09-16 14:20:00-04:00,4457.5,4461.81,4453.25,4459.19,2729
2025-09-16 14:25:00-04:00,4459.19,4464.05,4455.04,4458.2,3033
2025-09-16 14:30:00-04:00,4458.2,4461.38,4453.95,4459.02,2850
2025-09-16 14:35:00-04:00,4459.02,4460.22,4454.2,4459.35,2672
2025-09-16 14:40:00-04:00,4459.35,4464.34,4457.23,4463.49,4259
2025-09-16 14:45:00-04:00,4463.49,4468.22,4457.76,4466.18,2296
2025-09-16 14:50:00-04:00,4466.18,4466.18,4460.32,4463.17,3535
2025-09-16 14:55:00-04:00,4463.17,4468.51,4462.0,4464.56,3543
2025-09-16 15:00:00-04:00,4464.56,4471.2,4462.45,4468.4,3798
2025-09-16 15:05:00-04:00,4468.4,4468.4,4461.28,4465.53,3524
2025-09-16 15:10:00-04:00,4465.53,4470.14,4462.16,4466.02,3536
2025-09-16 15:15:00-04:00,4466.02,4472.1,4464.18,4467.45,2580
2025-09-16 15:20:00-04:00,4467.45,4472.2,4461.91,4467.19,2806
2025-09-16 15:25:00-04:00,4467.19,4467.19,4452.8,4456.16,3360
2025-09-16 15:30:00-04:00,4456.16,4463.44,4451.82,4460.09,2943
2025-09-16 15:35:00-04:00,4460.09,4471.59,4458.25,4467.66,2814
2025-09-16 15:40:00-04:00,4467.66,4476.38,4465.09,4471.62,3025
2025-09-16 15:45:00-04:00,4471.62,4473.65,4458.99,4461.17,5404
2025-09-16 15:50:00-04:00,4461.17,4467.99,4459.18,4462.0,6901
2025-09-16 15:55:00-04:00,4462.0,4471.88,4461.18,4465.47,5666
2025-09-16 16:00:00-04:00,4465.47,4471.21,4459.4,4465.88,5259
2025-09-16 16:05:00-04:00,4465.88,4470.34,4459.5,4466.14,5431
2025-09-16 16:10:00-04:00,4466.14,4469.63,4463.52,4466.33,6226
2025-09-16 16:15:00-04:00,4466.33,4470.79,4460.4,4465.56,1746
2025-09-17 09:30:00-04:00,4476.07,4490.14,4469.26,4474.55,5744
2025-09-17 09:35:00-04:00,4474.55,4479.78,4465.25,4468.41,6564
2025-09-17 09:40:00-04:00,4468.41,4479.29,4452.55,4454.94,4652
2025-09-17 09:45:00-04:00,4454.94,4460.46,4443.37,4447.02,5924
2025-09-17 09:50:00-04:00,4447.02,4458.99,4437.46,4455.27,5749
2025-09-17 09:55:00-04:00,4455.27,4456.12,4440.21,4445.84,5054
2025-09-17 10:00:00-04:00,4445.84,4449.78,4440.53,4446.05,3466
2025-09-17 10:05:00-04:00,4446.05,4453.66,4442.53,4449.69,3607
2025-09-17 10:10:00-04:00,4449.69,4467.56,4448.31,4463.37,5821
2025-09-17 10:15:00-04:00,4463.37,4474.15,4463.37,4470.08,2881
2025-09-17 10:20:00-04:00,4470.08,4483.25,4469.35,4480.68,3329
2025-09-17 10:25:00-04:00,4480.68,4481.72,4471.12,4474.08,2899
2025-09-17 10:30:00-04:00,4474.08,4489.64,4473.7,4486.36,4279
2025-09-17 10:35:00-04:00,4486.36,4492.87,4482.97,4489.6,3042
2025-09-17 10:40:00-04:00,4489.6,4489.6,4475.27,4476.51,4426
2025-09-17 10:45:00-04:00,4476.51,4477.97,4458.1,4459.98,6278
2025-09-17 10:50:00-04:00,4459.98,4465.04,4456.18,4461.7,2780
2025-09-17 10:55:00-04:00,4461.7,4464.41,4458.83,4459.57,2634
2025-09-17 11:00:00-04:00,4459.57,4463.27,4456.29,4459.94,3232
2025-09-17 11:05:00-04:00,4459.94,4460.08,4454.2,4458.12,2043
2025-09-17 11:10:00-04:00,4458.12,4461.34,4455.53,4457.1,1426
2025-09-17 11:15:00-04:00,4457.1,4460.33,4455.99,4457.79,1746
2025-09-17 11:20:00-04:00,4457.79,4461.64,4456.58,4457.39,1683
2025-09-17 11:25:00-04:00,4457.39,4457.39,4447.64,4449.8,1802
2025-09-17 11:30:00-04:00,4449.8,4452.21,4445.58,4450.49,2077
2025-09-17 11:35:00-04:00,4450.49,4455.64,4449.81,4453.0,2154
2025-09-17 11:40:00-04:00,4453.0,4455.15,4449.12,4453.44,1521
2025-09-17 11:45:00-04:00,4453.44,4458.63,4451.71,4454.71,1691
2025-09-17 11:50:00-04:00,4454.71,4460.14,4453.89,4458.36,1941
2025-09-17 11:55:00-04:00,4458.36,4458.36,4451.51,4453.43,2272
2025-09-17 12:00:00-04:00,4453.43,4454.76,4449.18,4452.25,2118
2025-09-17 12:05:00-04:00,4452.25,4454.8,4447.83,4449.42,1818
2025-09-17 12:10:00-04:00,4449.42,4453.45,4448.32,4451.04,1940
2025-09-17 12:15:00-04:00,4451.04,4453.15,4446.46,4450.03,1805
2025-09-17 12:20:00-04:00,4450.03,4454.23,4447.01,4451.25,1816
2025-09-17 12:25:00-04:00,4451.25,4459.41,4450.98,4458.76,1794
2025-09-17 12:30:00-04:00,4458.76,4460.23,4431.57,4434.1,3465
2025-09-17 12:35:00-04:00,4434.1,4439.63,4430.26,4437.12,2309
2025-09-17 12:40:00-04:00,4437.12,4437.94,4433.07,4433.39,1778
2025-09-17 12:45:00-04:00,4433.39,4433.39,4425.53,4426.18,1706
2025-09-17 12:50:00-04:00,4426.18,4428.99,4423.48,4425.48,1756
2025-09-17 12:55:00-04:00,4425.48,4435.32,4425.05,4433.3,3038
2025-09-17 13:00:00-04:00,4433.3,4450.74,4432.24,4445.68,4416
2025-09-17 13:05:00-04:00,4445.68,4446.35,4441.84,4444.59,1957
2025-09-17 13:10:00-04:00,4444.59,4448.17,4441.06,4445.76,1928
2025-09-17 13:15:00-04:00,4445.76,4450.28,4438.91,4450.09,3280
2025-09-17 13:20:00-04:00,4450.09,4457.56,4446.16,4454.02,3905
2025-09-17 13:25:00-04:00,4454.02,4457.92,4451.11,4457.9,3293
2025-09-17 13:30:00-04:00,4457.9,4463.98,4456.56,4461.53,2919
2025-09-17 13:35:00-04:00,4461.53,4468.87,4460.7,4466.03,3378
2025-09-17 13:40:00-04:00,4466.03,4476.43,4463.86,4473.43,4673
2025-09-17 13:45:00-04:00,4473.43,4479.32,4471.75,4474.12,3777
2025-09-17 13:50:00-04:00,4474.12,4482.27,4472.48,4479.68,3222
2025-09-17 13:55:00-04:00,4479.68,4481.97,4474.28,4477.53,2875
2025-09-17 14:00:00-04:00,4477.53,4481.37,4473.05,4475.44,3911
2025-09-17 14:05:00-04:00,4475.44,4477.3,4455.14,4463.74,7508
2025-09-17 14:10:00-04:00,4463.74,4467.98,4459.52,4463.68,2991
2025-09-17 14:15:00-04:00,4463.68,4468.89,4460.75,4464.01,3349
2025-09-17 14:20:00-04:00,4464.01,4470.87,4462.51,4467.41,3045
2025-09-17 14:25:00-04:00,4467.41,4472.77,4464.28,4470.24,3414
2025-09-17 14:30:00-04:00,4470.24,4478.52,4468.09,4476.58,3592
2025-09-17 14:35:00-04:00,4476.58,4488.61,4473.34,4484.09,3389
2025-09-17 14:40:00-04:00,4484.09,4486.25,4479.99,4481.94,3776
2025-09-17 14:45:00-04:00,4481.94,4483.61,4473.77,4480.98,3065
2025-09-17 14:50:00-04:00,4480.98,4486.49,4478.38,4483.51,2889
2025-09-17 14:55:00-04:00,4483.51,4496.84,4480.62,4494.71,6634
2025-09-17 15:00:00-04:00,4494.71,4498.41,4490.78,4497.44,2863
2025-09-17 15:05:00-04:00,4497.44,4497.67,4491.59,4495.37,3099
2025-09-17 15:10:00-04:00,4495.37,4498.58,4491.98,4494.49,2815
2025-09-17 15:15:00-04:00,4494.49,4495.62,4488.23,4492.23,3600
2025-09-17 15:20:00-04:00,4492.23,4502.18,4488.97,4499.65,4058
2025-09-17 15:25:00-04:00,4499.65,4500.98,4492.65,4499.95,2440
2025-09-17 15:30:00-04:00,4499.95,4507.42,4492.54,4505.01,3334
2025-09-17 15:35:00-04:00,4505.01,4512.24,4501.91,4503.75,3902
2025-09-17 15:40:00-04:00,4503.75,4511.68,4495.14,4507.62,3653
2025-09-17 15:45:00-04:00,4507.62,4510.4,4496.26,4503.55,3698
2025-09-17 15:50:00-04:00,4503.55,4520.77,4503.54,4515.5,5075
2025-09-17 15:55:00-04:00,4515.5,4520.78,4506.83,4517.34,5441
2025-09-17 16:00:00-04:00,4517.34,4526.22,4512.81,4521.13,6444
2025-09-17 16:05:00-04:00,4521.13,4524.74,4496.89,4498.86,17078
2025-09-17 16:10:00-04:00,4498.86,4514.31,4496.09,4512.59,12442
2025-09-17 16:15:00-04:00,4512.59,4524.18,4509.84,4519.41,7871
2025-09-17 16:20:00-04:00,4519.41,4527.75,4516.54,4522.16,6823
2025-09-17 16:25:00-04:00,4522.16,4522.87,4513.79,4522.36,4985
2025-09-18 09:30:00-04:00,4518.02,4534.99,4518.02,4528.79,5442
2025-09-18 09:35:00-04:00,4528.79,4537.8,4523.81,4526.36,5871
2025-09-18 09:40:00-04:00,4526.36,4537.43,4521.09,4524.35,5289
2025-09-18 09:45:00-04:00,4524.35,4524.97,4506.54,4517.02,6313
2025-09-18 09:50:00-04:00,4517.02,4529.67,4514.48,4519.01,5797
2025-09-18 09:55:00-04:00,4519.01,4532.91,4506.9,4526.33,4440
2025-09-18 10:00:00-04:00,4526.33,4526.33,4515.52,4519.68,2517
2025-09-18 10:05:00-04:00,4519.68,4526.44,4512.27,4512.95,3758
2025-09-18 10:10:00-04:00,4512.95,4521.09,4509.08,4518.63,4830
2025-09-18 10:15:00-04:00,4518.63,4528.46,4516.18,4525.41,4682
2025-09-18 10:20:00-04:00,4525.41,4536.57,4524.8,4532.41,3566
2025-09-18 10:25:00-04:00,4532.41,4540.77,4529.75,4532.83,2819
2025-09-18 10:30:00-04:00,4532.83,4543.32,4530.42,4540.7,6309
2025-09-18 10:35:00-04:00,4540.7,4557.38,4538.2,4554.46,8315
2025-09-18 10:40:00-04:00,4554.46,4559.08,4547.03,4547.51,2694
2025-09-18 10:45:00-04:00,4547.51,4554.57,4542.6,4550.08,2655
2025-09-18 10:50:00-04:00,4550.08,4550.08,4542.79,4542.96,2880
2025-09-18 10:55:00-04:00,4542.96,4547.79,4536.0,4539.57,3018
2025-09-18 11:00:00-04:00,4539.57,4542.5,4530.29,4534.6,2431
2025-09-18 11:05:00-04:00,4534.6,4537.26,4527.36,4529.39,3142
2025-09-18 11:10:00-04:00,4529.39,4531.99,4526.48,4530.08,1717
2025-09-18 11:15:00-04:00,4530.08,4530.45,4523.91,4527.99,2523
2025-09-18 11:20:00-04:00,4527.99,4546.03,4525.02,4544.8,5185
2025-09-18 11:25:00-04:00,4544.8,4551.31,4543.1,4548.0,3195
2025-09-18 11:30:00-04:00,4548.0,4549.69,4540.67,4545.2,1433
2025-09-18 11:35:00-04:00,4545.2,4550.26,4544.34,4548.81,1375
2025-09-18 11:40:00-04:00,4548.81,4553.88,4548.81,4550.81,1539
2025-09-18 11:45:00-04:00,4550.81,4554.46,4549.19,4549.99,1602
2025-09-18 11:50:00-04:00,4549.99,4552.02,4548.27,4550.13,1786
2025-09-18 11:55:00-04:00,4550.13,4552.13,4546.89,4547.7,1625
2025-09-18 12:00:00-04:00,4547.7,4548.2,4544.0,4545.19,2092
2025-09-18 12:05:00-04:00,4545.19,4550.36,4545.19,4547.02,2795
2025-09-18 12:10:00-04:00,4547.02,4550.42,4544.48,4547.19,1855
2025-09-18 12:15:00-04:00,4547.19,4547.82,4543.03,4545.34,1932
2025-09-18 12:20:00-04:00,4545.34,4546.36,4536.94,4539.58,1619
2025-09-18 12:25:00-04:00,4539.58,4544.35,4536.62,4542.23,2104
2025-09-18 12:30:00-04:00,4542.23,4542.68,4537.82,4540.08,2271
2025-09-18 12:35:00-04:00,4540.08,4545.29,4539.64,4540.47,2873
2025-09-18 12:40:00-04:00,4540.47,4540.47,4536.99,4537.76,1650
2025-09-18 12:45:00-04:00,4537.76,4551.97,4533.38,4548.97,5043
2025-09-18 12:50:00-04:00,4548.97,4560.29,4546.98,4558.92,3708
2025-09-18 12:55:00-04:00,4558.92,4561.09,4556.46,4559.17,1536
2025-09-18 13:00:00-04:00,4559.17,4563.29,4544.55,4547.48,8621
2025-09-18 13:05:00-04:00,4547.48,4548.73,4535.95,4538.37,6025
2025-09-18 13:10:00-04:00,4538.37,4538.37,4532.92,4535.49,1538
2025-09-18 13:15:00-04:00,4535.49,4538.0,4531.27,4532.26,1855
2025-09-18 13:20:00-04:00,4532.26,4536.56,4530.65,4532.75,2024
2025-09-18 13:25:00-04:00,4532.75,4538.7,4528.88,4532.19,3045
2025-09-18 13:30:00-04:00,4532.19,4539.17,4529.33,4536.62,2872
2025-09-18 13:35:00-04:00,4536.62,4541.25,4531.98,4539.21,3343
2025-09-18 13:40:00-04:00,4539.21,4539.21,4531.17,4535.89,3886
2025-09-18 13:45:00-04:00,4535.89,4537.96,4528.93,4535.36,2981
2025-09-18 13:50:00-04:00,4535.36,4539.33,4531.44,4536.83,2372
2025-09-18 13:55:00-04:00,4536.83,4540.36,4530.8,4536.82,3200
2025-09-18 14:00:00-04:00,4536.82,4541.54,4532.99,4540.16,4541
2025-09-18 14:05:00-04:00,4540.16,4558.38,4538.0,4555.39,7732
2025-09-18 14:10:00-04:00,4555.39,4562.89,4554.89,4560.39,3228
2025-09-18 14:15:00-04:00,4560.39,4565.76,4557.47,4560.78,2953
2025-09-18 14:20:00-04:00,4560.78,4564.05,4553.25,4556.63,2699
2025-09-18 14:25:00-04:00,4556.63,4558.56,4549.41,4549.86,3055
2025-09-18 14:30:00-04:00,4549.86,4550.72,4534.23,4536.1,5716
2025-09-18 14:35:00-04:00,4536.1,4537.61,4520.62,4523.42,5902
2025-09-18 14:40:00-04:00,4523.42,4531.18,4520.39,4524.12,3067
2025-09-18 14:45:00-04:00,4524.12,4524.12,4514.14,4515.19,3217
2025-09-18 14:50:00-04:00,4515.19,4518.88,4509.85,4516.21,2793
2025-09-18 14:55:00-04:00,4516.21,4523.37,4514.71,4516.27,4119
2025-09-18 15:00:00-04:00,4516.27,4520.41,4514.82,4518.43,2402
2025-09-18 15:05:00-04:00,4518.43,4523.21,4515.37,4519.29,4040
2025-09-18 15:10:00-04:00,4519.29,4525.26,4513.71,4516.51,3765
2025-09-18 15:15:00-04:00,4516.51,4517.38,4507.02,4510.29,2699
2025-09-18 15:20:00-04:00,4510.29,4511.86,4505.06,4511.75,2647
2025-09-18 15:25:00-04:00,4511.75,4517.8,4508.61,4514.92,2944
2025-09-18 15:30:00-04:00,4514.92,4520.51,4510.28,4516.78,2820
2025-09-18 15:35:00-04:00,4516.78,4518.87,4506.86,4509.65,3103
2025-09-18 15:40:00-04:00,4509.65,4514.84,4502.37,4509.1,2536
2025-09-18 15:45:00-04:00,4509.1,4515.61,4506.98,4512.71,2872
2025-09-18 15:50:00-04:00,4512.71,4522.95,4508.54,4518.57,3423
2025-09-18 15:55:00-04:00,4518.57,4545.22,4517.23,4540.5,9269
2025-09-18 16:00:00-04:00,4540.5,4547.38,4529.3,4537.64,3242
2025-09-18 16:05:00-04:00,4537.64,4537.66,4528.38,4532.14,3291
2025-09-18 16:10:00-04:00,4532.14,4539.62,4527.06,4539.33,5688
2025-09-18 16:15:00-04:00,4539.33,4548.96,4533.16,4542.37,5869
2025-09-18 16:20:00-04:00,4542.37,4560.13,4540.34,4555.84,7469
2025-09-18 16:25:00-04:00,4555.84,4565.98,4553.63,4563.95,3845
2025-09-18 16:30:00-04:00,4563.95,4575.26,4561.23,4570.78,5403
2025-09-18 16:35:00-04:00,4570.78,4578.91,4567.4,4571.84,5619
2025-09-19 09:30:00-04:00,4580.73,4582.61,4560.93,4571.57,6682
2025-09-19 09:35:00-04:00,4571.57,4578.76,4563.5,4572.17,5623
2025-09-19 09:40:00-04:00,4572.17,4577.58,4562.1,4569.27,5542
2025-09-19 09:45:00-04:00,4569.27,4573.71,4550.27,4553.01,5803
2025-09-19 09:50:00-04:00,4553.01,4553.01,4532.87,4543.41,5028
2025-09-19 09:55:00-04:00,4543.41,4545.33,4528.46,4541.14,6561
2025-09-19 10:00:00-04:00,4541.14,4546.1,4535.63,4538.01,3608
2025-09-19 10:05:00-04:00,4538.01,4544.28,4533.92,4539.16,2732
2025-09-19 10:10:00-04:00,4539.16,4540.12,4532.2,4532.8,3492
2025-09-19 10:15:00-04:00,4532.8,4537.06,4526.76,4531.69,2697
2025-09-19 10:20:00-04:00,4531.69,4535.98,4524.63,4529.15,2618
2025-09-19 10:25:00-04:00,4529.15,4536.98,4528.21,4533.96,3224
2025-09-19 10:30:00-04:00,4533.96,4538.17,4528.26,4533.71,2550
2025-09-19 10:35:00-04:00,4533.71,4539.79,4530.16,4535.94,3543
2025-09-19 10:40:00-04:00,4535.94,4537.07,4519.49,4526.88,4149
2025-09-19 10:45:00-04:00,4526.88,4526.88,4514.27,4517.03,3962
2025-09-19 10:50:00-04:00,4517.03,4522.61,4512.32,4516.68,2554
2025-09-19 10:55:00-04:00,4516.68,4529.0,4514.57,4523.85,3057
2025-09-19 11:00:00-04:00,4523.85,4530.89,4523.45,4526.07,1950
2025-09-19 11:05:00-04:00,4526.07,4526.07,4519.76,4522.19,2094
2025-09-19 11:10:00-04:00,4522.19,4524.59,4519.93,4523.19,1745
2025-09-19 11:15:00-04:00,4523.19,4542.67,4518.94,4540.28,5624
2025-09-19 11:20:00-04:00,4540.28,4549.39,4540.28,4548.6,2048
2025-09-19 11:25:00-04:00,4548.6,4553.64,4546.5,4549.7,1771
2025-09-19 11:30:00-04:00,4549.7,4549.7,4544.22,4546.81,1566
2025-09-19 11:35:00-04:00,4546.81,4559.73,4542.18,4557.57,4788
2025-09-19 11:40:00-04:00,4557.57,4561.71,4554.02,4558.62,1433
2025-09-19 11:45:00-04:00,4558.62,4581.04,4556.36,4578.82,2525
2025-09-19 11:50:00-04:00,4578.82,4580.52,4563.94,4566.19,3597
2025-09-19 11:55:00-04:00,4566.19,4568.01,4558.48,4561.13,2375
2025-09-19 12:00:00-04:00,4561.13,4565.55,4558.99,4561.58,1753
2025-09-19 12:05:00-04:00,4561.58,4581.7,4558.27,4580.42,3225
2025-09-19 12:10:00-04:00,4580.42,4586.34,4578.09,4584.31,1820
2025-09-19 12:15:00-04:00,4584.31,4588.1,4582.83,4586.46,1986
2025-09-19 12:20:00-04:00,4586.46,4592.69,4581.65,4591.1,2195
2025-09-19 12:25:00-04:00,4591.1,4608.09,4589.31,4605.43,3639
2025-09-19 12:30:00-04:00,4605.43,4608.79,4601.39,4606.29,2614
2025-09-19 12:35:00-04:00,4606.29,4606.88,4601.57,4604.95,1790
2025-09-19 12:40:00-04:00,4604.95,4605.25,4598.17,4600.55,1619
2025-09-19 12:45:00-04:00,4600.55,4606.32,4599.78,4602.96,1601
2025-09-19 12:50:00-04:00,4602.96,4604.27,4598.16,4600.72,1645
2025-09-19 12:55:00-04:00,4600.72,4604.63,4598.46,4603.19,1398
2025-09-19 13:00:00-04:00,4603.19,4606.74,4601.27,4603.67,1615
2025-09-19 13:05:00-04:00,4603.67,4606.68,4601.62,4604.3,1992
2025-09-19 13:10:00-04:00,4604.3,4608.63,4602.9,4605.97,1414
2025-09-19 13:15:00-04:00,4605.97,4614.91,4605.97,4614.05,2118
2025-09-19 13:20:00-04:00,4614.05,4622.85,4611.87,4620.51,3096
2025-09-19 13:25:00-04:00,4620.51,4641.73,4617.58,4639.26,6398
2025-09-19 13:30:00-04:00,4639.26,4644.31,4636.75,4638.73,3255
2025-09-19 13:35:00-04:00,4638.73,4645.41,4636.65,4642.14,2857
2025-09-19 13:40:00-04:00,4642.14,4644.35,4622.57,4624.04,7312
2025-09-19 13:45:00-04:00,4624.04,4628.98,4618.34,4619.14,2729
2025-09-19 13:50:00-04:00,4619.14,4624.41,4612.16,4615.22,3122
2025-09-19 13:55:00-04:00,4615.22,4621.04,4614.01,4620.78,2825
2025-09-19 14:00:00-04:00,4620.78,4624.23,4616.94,4618.22,3286
2025-09-19 14:05:00-04:00,4618.22,4622.52,4614.69,4618.82,3165
2025-09-19 14:10:00-04:00,4618.82,4620.5,4611.92,4617.56,2648
2025-09-19 14:15:00-04:00,4617.56,4617.78,4606.93,4609.25,2457
2025-09-19 14:20:00-04:00,4609.25,4614.46,4605.43,4608.19,2740
2025-09-19 14:25:00-04:00,4608.19,4611.94,4599.98,4608.4,4036
2025-09-19 14:30:00-04:00,4608.4,4611.43,4604.04,4607.52,2886
2025-09-19 14:35:00-04:00,4607.52,4607.52,4596.7,4597.3,4193
2025-09-19 14:40:00-04:00,4597.3,4600.38,4590.36,4597.01,3596
2025-09-19 14:45:00-04:00,4597.01,4601.23,4593.71,4594.73,2358
2025-09-19 14:50:00-04:00,4594.73,4597.9,4592.07,4596.5,2830
2025-09-19 14:55:00-04:00,4596.5,4600.79,4589.14,4590.88,2846
2025-09-19 15:00:00-04:00,4590.88,4590.88,4585.15,4589.88,4404
2025-09-19 15:05:00-04:00,4589.88,4596.14,4586.99,4592.91,2798
2025-09-19 15:10:00-04:00,4592.91,4594.41,4587.69,4590.9,3211
2025-09-19 15:15:00-04:00,4590.9,4590.9,4577.01,4580.53,2946
2025-09-19 15:20:00-04:00,4580.53,4585.25,4576.88,4580.4,2809
2025-09-19 15:25:00-04:00,4580.4,4582.01,4574.04,4579.17,2906
2025-09-19 15:30:00-04:00,4579.17,4579.17,4559.9,4562.04,7272
2025-09-19 15:35:00-04:00,4562.04,4570.03,4553.33,4568.18,6617
2025-09-19 15:40:00-04:00,4568.18,4577.45,4565.95,4570.18,3874
2025-09-19 15:45:00-04:00,4570.18,4576.89,4566.04,4575.49,3065
2025-09-19 15:50:00-04:00,4575.49,4577.02,4566.85,4571.55,2703
2025-09-19 15:55:00-04:00,4571.55,4576.0,4567.32,4572.11,3687
2025-09-19 16:00:00-04:00,4572.11,4577.89,4561.99,4570.5,3076
2025-09-19 16:05:00-04:00,4570.5,4581.36,4566.07,4569.19,6146
2025-09-19 16:10:00-04:00,4569.19,4575.43,4559.55,4561.99,11774
2025-09-19 16:15:00-04:00,4561.99,4563.03,4552.75,4557.84,17486
2025-09-19 16:20:00-04:00,4557.84,4558.84,4544.09,4550.89,5900
2025-09-19 16:25:00-04:00,4550.89,4556.57,4545.39,4548.55,6846
2025-09-19 16:30:00-04:00,4548.55,4551.29,4541.64,4549.5,6197
2025-09-19 16:35:00-04:00,4549.5,4570.63,4545.72,4568.91,16068
2025-09-19 16:40:00-04:00,4568.91,4572.63,4566.03,4571.07,4533
2025-09-22 09:30:00-04:00,4574.33,4578.74,4563.33,4569.35,4913
2025-09-22 09:35:00-04:00,4569.35,4578.56,4565.61,4570.92,5565
2025-09-22 09:40:00-04:00,4570.92,4581.46,4569.43,4576.79,5954
2025-09-22 09:45:00-04:00,4576.79,4581.96,4568.74,4569.58,6658
2025-09-22 09:50:00-04:00,4569.58,4575.52,4564.01,4573.55,6442
2025-09-22 09:55:00-04:00,4573.55,4580.88,4569.64,4577.89,6226
2025-09-22 10:00:00-04:00,4577.89,4583.96,4572.65,4580.85,3227
2025-09-22 10:05:00-04:00,4580.85,4587.98,4575.58,4586.63,2802
2025-09-22 10:10:00-04:00,4586.63,4591.23,4575.12,4577.31,5302
2025-09-22 10:15:00-04:00,4577.31,4589.04,4571.26,4587.13,6141
2025-09-22 10:20:00-04:00,4587.13,4607.69,4585.62,4603.74,6259
2025-09-22 10:25:00-04:00,4603.74,4616.72,4603.74,4615.05,6048
2025-09-22 10:30:00-04:00,4615.05,4624.86,4612.64,4619.4,3575
2025-09-22 10:35:00-04:00,4619.4,4624.71,4615.47,4620.13,3164
2025-09-22 10:40:00-04:00,4620.13,4622.2,4612.68,4618.0,2395
2025-09-22 10:45:00-04:00,4618.0,4618.85,4606.51,4613.02,3184
2025-09-22 10:50:00-04:00,4613.02,4618.06,4611.12,4611.8,3423
2025-09-22 10:55:00-04:00,4611.8,4618.83,4610.09,4616.57,2767
2025-09-22 11:00:00-04:00,4616.57,4622.28,4612.05,4615.28,3618
2025-09-22 11:05:00-04:00,4615.28,4620.93,4608.39,4611.39,3622
2025-09-22 11:10:00-04:00,4611.39,4616.92,4600.18,4603.82,4362
2025-09-22 11:15:00-04:00,4603.82,4606.25,4600.83,4605.96,1919
2025-09-22 11:20:00-04:00,4605.96,4608.72,4600.72,4606.32,2280
2025-09-22 11:25:00-04:00,4606.32,4615.38,4605.84,4614.02,2299
2025-09-22 11:30:00-04:00,4614.02,4618.84,4613.19,4618.3,2268
2025-09-22 11:35:00-04:00,4618.3,4622.01,4617.42,4619.18,1760
2025-09-22 11:40:00-04:00,4619.18,4626.84,4618.72,4623.51,2041
2025-09-22 11:45:00-04:00,4623.51,4624.76,4621.45,4623.13,1994
2025-09-22 11:50:00-04:00,4623.13,4626.67,4620.5,4626.38,2002
2025-09-22 11:55:00-04:00,4626.38,4630.05,4623.57,4628.67,2215
2025-09-22 12:00:00-04:00,4628.67,4637.33,4628.67,4635.3,1964
2025-09-22 12:05:00-04:00,4635.3,4636.12,4628.82,4632.85,3121
2025-09-22 12:10:00-04:00,4632.85,4632.85,4624.04,4628.54,1791
2025-09-22 12:15:00-04:00,4628.54,4630.19,4622.92,4624.56,2307
2025-09-22 12:20:00-04:00,4624.56,4628.71,4623.33,4626.69,1703
2025-09-22 12:25:00-04:00,4626.69,4629.58,4623.35,4628.48,1831
2025-09-22 12:30:00-04:00,4628.48,4634.28,4623.4,4631.83,3585
2025-09-22 12:35:00-04:00,4631.83,4641.04,4629.83,4639.15,4352
2025-09-22 12:40:00-04:00,4639.15,4644.8,4639.15,4642.77,2003
2025-09-22 12:45:00-04:00,4642.77,4651.99,4641.06,4650.29,2331
2025-09-22 12:50:00-04:00,4650.29,4655.82,4648.94,4653.47,1325
2025-09-22 12:55:00-04:00,4653.47,4653.47,4645.75,4648.16,1212
2025-09-22 13:00:00-04:00,4648.16,4652.75,4647.75,4652.47,1575
2025-09-22 13:05:00-04:00,4652.47,4652.47,4646.43,4648.64,2441
2025-09-22 13:10:00-04:00,4648.64,4657.13,4647.29,4654.34,1880
2025-09-22 13:15:00-04:00,4654.34,4660.64,4654.22,4657.55,1589
2025-09-22 13:20:00-04:00,4657.55,4660.66,4653.57,4657.15,2496
2025-09-22 13:25:00-04:00,4657.15,4659.53,4651.63,4652.93,2815
2025-09-22 13:30:00-04:00,4652.93,4657.54,4650.25,4655.39,2786
2025-09-22 13:35:00-04:00,4655.39,4656.94,4648.59,4649.65,2839
2025-09-22 13:40:00-04:00,4649.65,4668.26,4648.88,4665.7,7044
2025-09-22 13:45:00-04:00,4665.7,4682.3,4663.37,4679.42,5543
2025-09-22 13:50:00-04:00,4679.42,4682.82,4677.36,4680.53,3398
2025-09-22 13:55:00-04:00,4680.53,4686.43,4678.5,4682.07,3108
2025-09-22 14:00:00-04:00,4682.07,4685.49,4677.88,4679.52,2468
2025-09-22 14:05:00-04:00,4679.52,4682.03,4676.47,4678.12,3535
2025-09-22 14:10:00-04:00,4678.12,4681.71,4674.89,4678.96,3553
2025-09-22 14:15:00-04:00,4678.96,4685.18,4674.75,4677.3,3278
2025-09-22 14:20:00-04:00,4677.3,4686.9,4677.3,4681.39,4223
2025-09-22 14:25:00-04:00,4681.39,4684.44,4676.74,4682.5,2972
2025-09-22 14:30:00-04:00,4682.5,4694.17,4682.5,4690.18,3358
2025-09-22 14:35:00-04:00,4690.18,4694.67,4685.68,4688.86,2804
2025-09-22 14:40:00-04:00,4688.86,4692.2,4679.93,4683.01,3747
2025-09-22 14:45:00-04:00,4683.01,4687.94,4678.62,4685.37,3091
2025-09-22 14:50:00-04:00,4685.37,4690.27,4681.94,4686.41,2736
2025-09-22 14:55:00-04:00,4686.41,4695.54,4684.64,4693.86,3182
2025-09-22 15:00:00-04:00,4693.86,4698.51,4690.47,4696.84,3378
2025-09-22 15:05:00-04:00,4696.84,4696.84,4689.58,4693.4,3596
2025-09-22 15:10:00-04:00,4693.4,4695.92,4686.75,4689.43,2819
2025-09-22 15:15:00-04:00,4689.43,4694.27,4687.35,4691.95,2581
2025-09-22 15:20:00-04:00,4691.95,4695.34,4686.13,4688.99,3025
2025-09-22 15:25:00-04:00,4688.99,4691.42,4678.8,4683.02,3106
2025-09-22 15:30:00-04:00,4683.02,4700.18,4680.18,4694.74,3386
2025-09-22 15:35:00-04:00,4694.74,4701.32,4689.94,4692.48,3528
2025-09-22 15:40:00-04:00,4692.48,4703.0,4686.27,4691.64,3551
2025-09-22 15:45:00-04:00,4691.64,4702.79,4688.33,4693.64,3092
2025-09-22 15:50:00-04:00,4693.64,4697.06,4687.1,4690.09,2485
2025-09-22 15:55:00-04:00,4690.09,4695.81,4683.43,4689.26,5565
2025-09-22 16:00:00-04:00,4689.26,4704.88,4687.93,4700.39,8056
2025-09-22 16:05:00-04:00,4700.39,4704.67,4693.88,4700.34,5587
2025-09-22 16:10:00-04:00,4700.34,4705.99,4692.65,4698.52,5538
2025-09-22 16:15:00-04:00,4698.52,4708.64,4693.45,4696.86,5927
2025-09-22 16:20:00-04:00,4696.86,4698.92,4690.55,4696.2,5284
2025-09-23 09:30:00-04:00,4688.41,4688.41,4654.05,4656.33,8675
2025-09-23 09:35:00-04:00,4656.33,4664.83,4644.45,4658.09,4752
2025-09-23 09:40:00-04:00,4658.09,4658.09,4638.59,4645.86,6772
2025-09-23 09:45:00-04:00,4645.86,4649.82,4630.5,4631.79,7675
2025-09-23 09:50:00-04:00,4631.79,4638.16,4622.77,4631.15,7212
2025-09-23 09:55:00-04:00,4631.15,4638.16,4624.64,4629.13,5775
2025-09-23 10:00:00-04:00,4629.13,4634.94,4625.54,4631.91,2324
2025-09-23 10:05:00-04:00,4631.91,4638.4,4628.4,4628.5,2824
2025-09-23 10:10:00-04:00,4628.5,4632.92,4622.98,4629.31,2594
2025-09-23 10:15:00-04:00,4629.31,4638.7,4629.31,4630.73,2823
2025-09-23 10:20:00-04:00,4630.73,4639.59,4630.73,4635.38,2614
2025-09-23 10:25:00-04:00,4635.38,4635.38,4625.05,4628.41,2965
2025-09-23 10:30:00-04:00,4628.41,4632.96,4617.83,4620.95,2654
2025-09-23 10:35:00-04:00,4620.95,4622.26,4613.74,4620.18,2968
2025-09-23 10:40:00-04:00,4620.18,4620.18,4606.62,4616.04,2830
2025-09-23 10:45:00-04:00,4616.04,4616.92,4603.11,4606.57,3811
2025-09-23 10:50:00-04:00,4606.57,4609.76,4598.17,4607.95,2973
2025-09-23 10:55:00-04:00,4607.95,4612.32,4601.19,4606.67,3445
2025-09-23 11:00:00-04:00,4606.67,4608.99,4589.4,4590.46,4723
2025-09-23 11:05:00-04:00,4590.46,4591.28,4576.51,4577.7,5210
2025-09-23 11:10:00-04:00,4577.7,4581.37,4572.36,4578.88,3091
2025-09-23 11:15:00-04:00,4578.88,4583.03,4578.38,4581.39,1764
2025-09-23 11:20:00-04:00,4581.39,4582.25,4574.79,4576.55,2445
2025-09-23 11:25:00-04:00,4576.55,4578.93,4566.35,4570.02,3758
2025-09-23 11:30:00-04:00,4570.02,4573.64,4568.16,4571.05,1704
2025-09-23 11:35:00-04:00,4571.05,4572.78,4568.14,4570.55,1940
2025-09-23 11:40:00-04:00,4570.55,4575.6,4568.26,4573.37,1745
2025-09-23 11:45:00-04:00,4573.37,4575.44,4569.33,4573.82,1501
2025-09-23 11:50:00-04:00,4573.82,4577.4,4569.29,4575.76,1999
2025-09-23 11:55:00-04:00,4575.76,4577.92,4573.06,4575.57,1720
2025-09-23 12:00:00-04:00,4575.57,4578.09,4570.62,4573.17,1721
2025-09-23 12:05:00-04:00,4573.17,4575.16,4569.57,4572.01,2004
2025-09-23 12:10:00-04:00,4572.01,4576.17,4566.24,4568.07,1563
2025-09-23 12:15:00-04:00,4568.07,4573.08,4567.86,4571.5,1527
2025-09-23 12:20:00-04:00,4571.5,4577.53,4569.71,4574.22,1803
2025-09-23 12:25:00-04:00,4574.22,4576.3,4568.59,4570.71,1779
2025-09-23 12:30:00-04:00,4570.71,4572.19,4565.93,4567.72,2049
2025-09-23 12:35:00-04:00,4567.72,4569.06,4564.33,4565.91,1898
2025-09-23 12:40:00-04:00,4565.91,4565.91,4557.5,4560.24,1595
2025-09-23 12:45:00-04:00,4560.24,4565.98,4559.82,4564.04,1750
2025-09-23 12:50:00-04:00,4564.04,4574.49,4564.04,4570.61,2393
2025-09-23 12:55:00-04:00,4570.61,4573.29,4566.71,4571.47,1797
2025-09-23 13:00:00-04:00,4571.47,4572.04,4564.51,4569.72,1584
2025-09-23 13:05:00-04:00,4569.72,4571.68,4564.1,4568.99,1876
2025-09-23 13:10:00-04:00,4568.99,4587.01,4567.15,4585.25,4041
2025-09-23 13:15:00-04:00,4585.25,4596.46,4583.68,4592.79,3607
2025-09-23 13:20:00-04:00,4592.79,4594.12,4584.02,4592.41,3837
2025-09-23 13:25:00-04:00,4592.41,4595.66,4584.97,4588.2,2844
2025-09-23 13:30:00-04:00,4588.2,4594.63,4588.2,4591.3,3539
2025-09-23 13:35:00-04:00,4591.3,4593.04,4585.67,4588.14,2903
2025-09-23 13:40:00-04:00,4588.14,4590.25,4580.51,4583.38,2828
2025-09-23 13:45:00-04:00,4583.38,4591.61,4580.56,4582.63,4247
2025-09-23 13:50:00-04:00,4582.63,4584.15,4562.09,4565.25,4988
2025-09-23 13:55:00-04:00,4565.25,4571.25,4563.9,4568.56,2615
2025-09-23 14:00:00-04:00,4568.56,4570.31,4560.54,4563.32,2538
2025-09-23 14:05:00-04:00,4563.32,4567.38,4559.99,4564.23,3463
2025-09-23 14:10:00-04:00,4564.23,4568.89,4563.01,4565.5,3195
2025-09-23 14:15:00-04:00,4565.5,4570.05,4560.03,4561.32,3404
2025-09-23 14:20:00-04:00,4561.32,4566.34,4560.88,4563.27,3223
2025-09-23 14:25:00-04:00,4563.27,4573.03,4561.49,4570.72,4289
2025-09-23 14:30:00-04:00,4570.72,4578.9,4569.1,4572.66,3531
2025-09-23 14:35:00-04:00,4572.66,4576.23,4567.52,4570.8,3618
2025-09-23 14:40:00-04:00,4570.8,4572.76,4542.83,4544.97,7255
2025-09-23 14:45:00-04:00,4544.97,4546.9,4536.8,4541.45,3412
2025-09-23 14:50:00-04:00,4541.45,4546.72,4540.12,4543.18,3115
2025-09-23 14:55:00-04:00,4543.18,4548.39,4534.81,4537.18,2787
2025-09-23 15:00:00-04:00,4537.18,4542.95,4533.59,4534.92,3654
2025-09-23 15:05:00-04:00,4534.92,4535.55,4523.03,4526.42,3121
2025-09-23 15:10:00-04:00,4526.42,4529.11,4521.74,4525.03,3387
2025-09-23 15:15:00-04:00,4525.03,4533.9,4523.65,4528.61,2605
2025-09-23 15:20:00-04:00,4528.61,4538.89,4524.7,4537.74,3056
2025-09-23 15:25:00-04:00,4537.74,4546.15,4533.41,4537.01,2652
2025-09-23 15:30:00-04:00,4537.01,4537.01,4525.64,4527.22,3046
2025-09-23 15:35:00-04:00,4527.22,4537.98,4524.75,4535.53,2446
2025-09-23 15:40:00-04:00,4535.53,4540.89,4523.42,4530.56,3313
2025-09-23 15:45:00-04:00,4530.56,4542.05,4527.51,4535.06,4515
2025-09-23 15:50:00-04:00,4535.06,4537.07,4525.68,4528.05,4273
2025-09-23 15:55:00-04:00,4528.05,4529.51,4518.98,4527.08,5512
2025-09-23 16:00:00-04:00,4527.08,4530.81,4516.39,4517.75,5139
2025-09-23 16:05:00-04:00,4517.75,4522.23,4510.07,4514.67,6600
2025-09-23 16:10:00-04:00,4514.67,4516.31,4500.2,4505.44,7095
2025-09-23 16:15:00-04:00,4505.44,4508.07,4499.87,4502.84,6141
2025-09-23 16:20:00-04:00,4502.84,4506.45,4499.41,4503.63,782
2025-09-24 09:30:00-04:00,4496.81,4503.67,4486.61,4489.61,6102
2025-09-24 09:35:00-04:00,4489.61,4499.2,4485.06,4493.22,4204
2025-09-24 09:40:00-04:00,4493.22,4497.53,4484.31,4492.41,6290
2025-09-24 09:45:00-04:00,4492.41,4519.25,4490.59,4510.86,13083
2025-09-24 09:50:00-04:00,4510.86,4519.63,4506.57,4507.89,5054
2025-09-24 09:55:00-04:00,4507.89,4517.7,4502.5,4516.14,5502
2025-09-24 10:00:00-04:00,4516.14,4520.25,4496.8,4504.35,5491
2025-09-24 10:05:00-04:00,4504.35,4518.0,4500.91,4514.27,2574
2025-09-24 10:10:00-04:00,4514.27,4520.77,4509.44,4515.97,3684
2025-09-24 10:15:00-04:00,4515.97,4515.97,4502.91,4506.13,2673
2025-09-24 10:20:00-04:00,4506.13,4513.89,4501.52,4504.18,2779
2025-09-24 10:25:00-04:00,4504.18,4507.44,4497.87,4501.38,3101
2025-09-24 10:30:00-04:00,4501.38,4503.78,4493.4,4496.62,2859
2025-09-24 10:35:00-04:00,4496.62,4507.64,4496.62,4502.43,2247
2025-09-24 10:40:00-04:00,4502.43,4504.54,4497.55,4499.77,2785
2025-09-24 10:45:00-04:00,4499.77,4503.66,4492.9,4501.74,2783
2025-09-24 10:50:00-04:00,4501.74,4504.14,4495.74,4501.25,2667
2025-09-24 10:55:00-04:00,4501.25,4527.78,4499.43,4527.63,6723
2025-09-24 11:00:00-04:00,4527.63,4532.92,4521.98,4526.3,3261
2025-09-24 11:05:00-04:00,4526.3,4531.17,4524.02,4526.08,2589
2025-09-24 11:10:00-04:00,4526.08,4529.26,4523.04,4527.98,1726
2025-09-24 11:15:00-04:00,4527.98,4527.98,4521.76,4524.08,1835
2025-09-24 11:20:00-04:00,4524.08,4525.32,4517.2,4519.54,2147
2025-09-24 11:25:00-04:00,4519.54,4519.54,4514.89,4515.78,2242
2025-09-24 11:30:00-04:00,4515.78,4517.76,4511.83,4515.49,2026
2025-09-24 11:35:00-04:00,4515.49,4516.4,4509.88,4511.19,1969
2025-09-24 11:40:00-04:00,4511.19,4512.75,4507.09,4509.83,1997
2025-09-24 11:45:00-04:00,4509.83,4517.78,4509.83,4515.58,2108
2025-09-24 11:50:00-04:00,4515.58,4515.58,4510.36,4512.73,2208
2025-09-24 11:55:00-04:00,4512.73,4537.22,4511.2,4534.27,7375
2025-09-24 12:00:00-04:00,4534.27,4536.85,4531.24,4533.24,1813
2025-09-24 12:05:00-04:00,4533.24,4537.44,4530.92,4535.37,2351
2025-09-24 12:10:00-04:00,4535.37,4537.23,4528.24,4529.04,2087
2025-09-24 12:15:00-04:00,4529.04,4532.84,4526.0,4529.56,1925
2025-09-24 12:20:00-04:00,4529.56,4530.75,4522.77,4524.71,1800
2025-09-24 12:25:00-04:00,4524.71,4528.95,4522.26,4526.63,1540
2025-09-24 12:30:00-04:00,4526.63,4529.9,4524.18,4527.52,1518
2025-09-24 12:35:00-04:00,4527.52,4533.34,4527.52,4532.86,2420
2025-09-24 12:40:00-04:00,4532.86,4535.28,4529.94,4533.43,1752
2025-09-24 12:45:00-04:00,4533.43,4533.43,4526.12,4529.06,2359
2025-09-24 12:50:00-04:00,4529.06,4531.18,4523.39,4526.84,1560
2025-09-24 12:55:00-04:00,4526.84,4530.3,4525.98,4529.43,1763
2025-09-24 13:00:00-04:00,4529.43,4533.15,4526.4,4530.67,1609
2025-09-24 13:05:00-04:00,4530.67,4532.37,4527.02,4528.15,1461
2025-09-24 13:10:00-04:00,4528.15,4530.12,4524.71,4526.6,2283
2025-09-24 13:15:00-04:00,4526.6,4530.07,4522.38,4528.35,3052
2025-09-24 13:20:00-04:00,4528.35,4529.1,4522.6,4526.35,3037
2025-09-24 13:25:00-04:00,4526.35,4544.78,4522.05,4541.8,4812
2025-09-24 13:30:00-04:00,4541.8,4551.58,4539.97,4551.5,3816
2025-09-24 13:35:00-04:00,4551.5,4553.65,4545.8,4550.9,3016
2025-09-24 13:40:00-04:00,4550.9,4554.9,4547.64,4550.23,3206
2025-09-24 13:45:00-04:00,4550.23,4550.23,4542.41,4544.04,3890
2025-09-24 13:50:00-04:00,4544.04,4546.6,4540.96,4545.07,2621
2025-09-24 13:55:00-04:00,4545.07,4547.79,4539.48,4545.61,3306
2025-09-24 14:00:00-04:00,4545.61,4560.73,4544.08,4559.46,5415
2025-09-24 14:05:00-04:00,4559.46,4561.02,4553.01,4559.22,2922
2025-09-24 14:10:00-04:00,4559.22,4564.04,4556.12,4561.18,2780
2025-09-24 14:15:00-04:00,4561.18,4566.81,4558.61,4561.99,3747
2025-09-24 14:20:00-04:00,4561.99,4564.12,4541.83,4542.98,5428
2025-09-24 14:25:00-04:00,4542.98,4548.43,4538.72,4540.94,3547
2025-09-24 14:30:00-04:00,4540.94,4546.95,4538.96,4541.95,2743
2025-09-24 14:35:00-04:00,4541.95,4547.69,4541.47,4545.23,3284
2025-09-24 14:40:00-04:00,4545.23,4555.7,4543.12,4552.76,2876
2025-09-24 14:45:00-04:00,4552.76,4553.51,4544.43,4547.02,3335
2025-09-24 14:50:00-04:00,4547.02,4550.76,4539.8,4542.54,3602
2025-09-24 14:55:00-04:00,4542.54,4555.38,4539.43,4554.07,9058
2025-09-24 15:00:00-04:00,4554.07,4560.78,4550.7,4554.18,4168
2025-09-24 15:05:00-04:00,4554.18,4558.0,4548.63,4556.79,3392
2025-09-24 15:10:00-04:00,4556.79,4572.49,4555.31,4569.25,5085
2025-09-24 15:15:00-04:00,4569.25,4570.23,4561.11,4564.52,2852
2025-09-24 15:20:00-04:00,4564.52,4574.45,4564.52,4568.54,3889
2025-09-24 15:25:00-04:00,4568.54,4570.8,4561.99,4568.45,4030
2025-09-24 15:30:00-04:00,4568.45,4570.31,4559.64,4563.08,3300
2025-09-24 15:35:00-04:00,4563.08,4564.77,4556.04,4561.03,3254
2025-09-24 15:40:00-04:00,4561.03,4566.55,4552.8,4557.07,2906
2025-09-24 15:45:00-04:00,4557.07,4568.46,4551.25,4565.82,3871
2025-09-24 15:50:00-04:00,4565.82,4567.92,4557.74,4565.49,3614
2025-09-24 15:55:00-04:00,4565.49,4568.1,4556.25,4565.75,2995
2025-09-24 16:00:00-04:00,4565.75,4569.28,4556.46,4564.46,4374
2025-09-24 16:05:00-04:00,4564.46,4577.01,4562.17,4575.87,9100
2025-09-24 16:10:00-04:00,4575.87,4587.91,4573.17,4580.27,9910
2025-09-24 16:15:00-04:00,4580.27,4583.91,4575.39,4580.36,6024
2025-09-24 16:20:00-04:00,4580.36,4581.08,4567.46,4571.78,4785
2025-09-24 16:25:00-04:00,4571.78,4572.45,4563.46,4565.96,5014
2025-09-24 16:30:00-04:00,4565.96,4565.96,4551.32,4559.07,8980
2025-09-24 16:35:00-04:00,4559.07,4568.2,4556.43,4563.59,5326
2025-09-25 09:30:00-04:00,4569.58,4578.06,4567.18,4571.4,5662
2025-09-25 09:35:00-04:00,4571.4,4580.54,4567.84,4574.82,6271
2025-09-25 09:40:00-04:00,4574.82,4585.01,4567.13,4571.99,5444
2025-09-25 09:45:00-04:00,4571.99,4586.2,4570.89,4584.32,14605
2025-09-25 09:50:00-04:00,4584.32,4595.36,4572.17,4576.87,8049
2025-09-25 09:55:00-04:00,4576.87,4591.69,4571.54,4584.63,5526
2025-09-25 10:00:00-04:00,4584.63,4593.48,4580.92,4583.96,4625
2025-09-25 10:05:00-04:00,4583.96,4587.5,4577.56,4585.38,2604
2025-09-25 10:10:00-04:00,4585.38,4593.01,4577.21,4581.11,3009
2025-09-25 10:15:00-04:00,4581.11,4587.57,4578.48,4582.25,2784
2025-09-25 10:20:00-04:00,4582.25,4586.31,4567.7,4569.58,5931
2025-09-25 10:25:00-04:00,4569.58,4572.55,4551.82,4559.99,5429
2025-09-25 10:30:00-04:00,4559.99,4565.62,4556.7,4558.88,3025
2025-09-25 10:35:00-04:00,4558.88,4560.26,4545.47,4548.41,6505
2025-09-25 10:40:00-04:00,4548.41,4555.95,4543.86,4547.81,3105
2025-09-25 10:45:00-04:00,4547.81,4554.0,4544.46,4546.85,2537
2025-09-25 10:50:00-04:00,4546.85,4549.48,4538.99,4543.5,2929
2025-09-25 10:55:00-04:00,4543.5,4543.5,4536.62,4539.1,2822
2025-09-25 11:00:00-04:00,4539.1,4546.58,4535.22,4541.42,4639
2025-09-25 11:05:00-04:00,4541.42,4547.37,4531.02,4543.58,2761
2025-09-25 11:10:00-04:00,4543.58,4549.91,4541.65,4543.95,2397
2025-09-25 11:15:00-04:00,4543.95,4543.95,4539.04,4542.24,1647
2025-09-25 11:20:00-04:00,4542.24,4548.15,4541.37,4543.87,1363
2025-09-25 11:25:00-04:00,4543.87,4547.59,4541.34,4546.2,1735
2025-09-25 11:30:00-04:00,4546.2,4547.87,4541.42,4545.51,1771
2025-09-25 11:35:00-04:00,4545.51,4549.97,4543.99,4545.78,1618
2025-09-25 11:40:00-04:00,4545.78,4548.8,4542.34,4545.87,1656
2025-09-25 11:45:00-04:00,4545.87,4550.9,4544.55,4548.6,1668
2025-09-25 11:50:00-04:00,4548.6,4551.72,4544.31,4545.17,1615
2025-09-25 11:55:00-04:00,4545.17,4549.17,4543.43,4546.86,1561
2025-09-25 12:00:00-04:00,4546.86,4551.68,4545.68,4549.43,1854
2025-09-25 12:05:00-04:00,4549.43,4550.48,4543.96,4545.92,1551
2025-09-25 12:10:00-04:00,4545.92,4550.22,4545.48,4549.02,1863
2025-09-25 12:15:00-04:00,4549.02,4552.59,4547.36,4551.49,1722
2025-09-25 12:20:00-04:00,4551.49,4552.31,4539.12,4540.71,2463
2025-09-25 12:25:00-04:00,4540.71,4542.67,4533.83,4537.25,2014
2025-09-25 12:30:00-04:00,4537.25,4540.96,4536.25,4540.25,1995
2025-09-25 12:35:00-04:00,4540.25,4547.07,4539.0,4545.95,1748
2025-09-25 12:40:00-04:00,4545.95,4549.39,4540.66,4543.93,1349
2025-09-25 12:45:00-04:00,4543.93,4547.01,4540.21,4542.8,1406
2025-09-25 12:50:00-04:00,4542.8,4547.9,4541.48,4544.71,1597
2025-09-25 12:55:00-04:00,4544.71,4546.62,4542.35,4546.25,1573
2025-09-25 13:00:00-04:00,4546.25,4547.71,4542.24,4545.58,1347
2025-09-25 13:05:00-04:00,4545.58,4546.63,4543.45,4544.6,1386
2025-09-25 13:10:00-04:00,4544.6,4548.15,4543.0,4545.98,1588
2025-09-25 13:15:00-04:00,4545.98,4547.13,4540.51,4543.15,2334
2025-09-25 13:20:00-04:00,4543.15,4546.71,4535.44,4537.54,2936
2025-09-25 13:25:00-04:00,4537.54,4543.07,4534.74,4541.45,3478
2025-09-25 13:30:00-04:00,4541.45,4547.5,4540.03,4542.95,3368
2025-09-25 13:35:00-04:00,4542.95,4544.34,4537.52,4540.23,2939
2025-09-25 13:40:00-04:00,4540.23,4544.84,4539.35,4542.8,2594
2025-09-25 13:45:00-04:00,4542.8,4548.28,4541.31,4544.11,2866
2025-09-25 13:50:00-04:00,4544.11,4554.9,4543.8,4553.34,3905
2025-09-25 13:55:00-04:00,4553.34,4558.18,4549.78,4553.89,3201
2025-09-25 14:00:00-04:00,4553.89,4559.01,4550.79,4555.27,2973
2025-09-25 14:05:00-04:00,4555.27,4564.62,4554.96,4562.25,2686
2025-09-25 14:10:00-04:00,4562.25,4563.5,4553.81,4556.77,2672
2025-09-25 14:15:00-04:00,4556.77,4558.39,4550.0,4556.98,2854
2025-09-25 14:20:00-04:00,4556.98,4558.19,4548.35,4552.06,3669
2025-09-25 14:25:00-04:00,4552.06,4564.81,4551.7,4562.14,3813
2025-09-25 14:30:00-04:00,4562.14,4567.76,4557.45,4565.68,3487
2025-09-25 14:35:00-04:00,4565.68,4568.83,4552.73,4555.13,4410
2025-09-25 14:40:00-04:00,4555.13,4557.93,4545.89,4551.99,3774
2025-09-25 14:45:00-04:00,4551.99,4558.32,4550.65,4557.59,2408
2025-09-25 14:50:00-04:00,4557.59,4567.63,4557.15,4565.38,4179
2025-09-25 14:55:00-04:00,4565.38,4567.7,4560.09,4564.39,3100
2025-09-25 15:00:00-04:00,4564.39,4568.19,4563.09,4564.54,2875
2025-09-25 15:05:00-04:00,4564.54,4566.12,4556.39,4561.85,2389
2025-09-25 15:10:00-04:00,4561.85,4563.73,4556.04,4556.38,3203
2025-09-25 15:15:00-04:00,4556.38,4560.08,4549.86,4552.92,2674
2025-09-25 15:20:00-04:00,4552.92,4558.97,4549.75,4553.7,3330
2025-09-25 15:25:00-04:00,4553.7,4564.06,4553.7,4558.59,3283
2025-09-25 15:30:00-04:00,4558.59,4562.86,4550.75,4559.42,2350
2025-09-25 15:35:00-04:00,4559.42,4561.07,4548.81,4555.8,3683
2025-09-25 15:40:00-04:00,4555.8,4573.46,4555.5,4567.43,2446
2025-09-25 15:45:00-04:00,4567.43,4567.43,4555.54,4562.4,3831
2025-09-25 15:50:00-04:00,4562.4,4566.39,4553.69,4556.38,4479
2025-09-25 15:55:00-04:00,4556.38,4560.52,4550.57,4557.51,5015
2025-09-25 16:00:00-04:00,4557.51,4562.33,4547.7,4555.99,4779
2025-09-25 16:05:00-04:00,4555.99,4558.31,4547.93,4552.85,5624
2025-09-25 16:10:00-04:00,4552.85,4560.47,4547.24,4551.87,5326
2025-09-25 16:15:00-04:00,4551.87,4556.03,4548.3,4553.99,4715
2025-09-25 16:20:00-04:00,4553.99,4555.88,4548.87,4552.31,1658
2025-09-26 09:30:00-04:00,4545.63,4559.08,4538.74,4552.06,7061
2025-09-26 09:35:00-04:00,4552.06,4558.52,4543.25,4557.09,5812
2025-09-26 09:40:00-04:00,4557.09,4579.58,4551.46,4573.66,6731
2025-09-26 09:45:00-04:00,4573.66,4584.77,4558.05,4559.28,6715
2025-09-26 09:50:00-04:00,4559.28,4579.77,4556.73,4576.64,11793
2025-09-26 09:55:00-04:00,4576.64,4579.19,4561.06,4578.43,6537
2025-09-26 10:00:00-04:00,4578.43,4578.43,4569.62,4575.1,5160
2025-09-26 10:05:00-04:00,4575.1,4581.28,4571.76,4577.08,2557
2025-09-26 10:10:00-04:00,4577.08,4581.82,4571.39,4572.65,4672
2025-09-26 10:15:00-04:00,4572.65,4585.34,4567.5,4580.84,5220
2025-09-26 10:20:00-04:00,4580.84,4580.84,4573.91,4579.74,2912
2025-09-26 10:25:00-04:00,4579.74,4579.74,4568.78,4573.85,3246
2025-09-26 10:30:00-04:00,4573.85,4578.61,4571.54,4574.84,2989
2025-09-26 10:35:00-04:00,4574.84,4576.33,4571.36,4573.44,2441
2025-09-26 10:40:00-04:00,4573.44,4582.31,4571.7,4575.6,3924
2025-09-26 10:45:00-04:00,4575.6,4589.04,4575.6,4588.87,4461
2025-09-26 10:50:00-04:00,4588.87,4588.87,4573.67,4577.27,2865
2025-09-26 10:55:00-04:00,4577.27,4583.73,4571.04,4581.73,2737
2025-09-26 11:00:00-04:00,4581.73,4588.22,4577.72,4579.3,2767
2025-09-26 11:05:00-04:00,4579.3,4579.3,4570.57,4578.52,2967
2025-09-26 11:10:00-04:00,4578.52,4579.24,4574.54,4575.59,1820
2025-09-26 11:15:00-04:00,4575.59,4577.11,4570.94,4574.62,2095
2025-09-26 11:20:00-04:00,4574.62,4574.86,4568.2,4572.82,1717
2025-09-26 11:25:00-04:00,4572.82,4573.69,4568.07,4572.65,1813
2025-09-26 11:30:00-04:00,4572.65,4575.17,4568.06,4571.46,1493
2025-09-26 11:35:00-04:00,4571.46,4577.0,4571.16,4574.64,1831
2025-09-26 11:40:00-04:00,4574.64,4581.62,4573.96,4580.67,2171
2025-09-26 11:45:00-04:00,4580.67,4586.23,4579.93,4584.7,2647
2025-09-26 11:50:00-04:00,4584.7,4605.57,4584.7,4603.85,4565
2025-09-26 11:55:00-04:00,4603.85,4613.8,4602.45,4611.94,2666
2025-09-26 12:00:00-04:00,4611.94,4614.94,4608.44,4609.64,1479
2025-09-26 12:05:00-04:00,4609.64,4612.56,4606.52,4609.01,1558
2025-09-26 12:10:00-04:00,4609.01,4613.61,4608.19,4612.59,2225
2025-09-26 12:15:00-04:00,4612.59,4616.82,4611.16,4615.38,1953
2025-09-26 12:20:00-04:00,4615.38,4615.86,4608.12,4608.44,2225
2025-09-26 12:25:00-04:00,4608.44,4608.99,4604.24,4606.74,1936
2025-09-26 12:30:00-04:00,4606.74,4610.48,4605.4,4607.0,1698
2025-09-26 12:35:00-04:00,4607.0,4609.61,4586.04,4590.22,4041
2025-09-26 12:40:00-04:00,4590.22,4593.47,4587.9,4591.15,1905
2025-09-26 12:45:00-04:00,4591.15,4593.99,4571.38,4573.47,3431
2025-09-26 12:50:00-04:00,4573.47,4580.87,4572.34,4578.22,1416
2025-09-26 12:55:00-04:00,4578.22,4579.57,4573.79,4577.56,1163
2025-09-26 13:00:00-04:00,4577.56,4580.04,4574.74,4578.04,1790
2025-09-26 13:05:00-04:00,4578.04,4581.29,4575.58,4579.68,2319
2025-09-26 13:10:00-04:00,4579.68,4584.47,4579.68,4580.95,1727
2025-09-26 13:15:00-04:00,4580.95,4584.6,4577.31,4581.57,1708
2025-09-26 13:20:00-04:00,4581.57,4587.0,4579.82,4586.99,3511
2025-09-26 13:25:00-04:00,4586.99,4589.25,4580.96,4587.48,2848
2025-09-26 13:30:00-04:00,4587.48,4593.42,4587.48,4592.22,2250
2025-09-26 13:35:00-04:00,4592.22,4592.98,4579.66,4582.79,2710
2025-09-26 13:40:00-04:00,4582.79,4585.35,4574.57,4578.15,4490
2025-09-26 13:45:00-04:00,4578.15,4584.43,4575.01,4583.88,3550
2025-09-26 13:50:00-04:00,4583.88,4587.33,4579.39,4581.92,3713
2025-09-26 13:55:00-04:00,4581.92,4584.6,4578.38,4581.25,2900
2025-09-26 14:00:00-04:00,4581.25,4581.25,4563.7,4565.81,6018
2025-09-26 14:05:00-04:00,4565.81,4567.66,4548.29,4554.15,7431
2025-09-26 14:10:00-04:00,4554.15,4558.68,4548.79,4550.89,3423
2025-09-26 14:15:00-04:00,4550.89,4553.59,4543.25,4546.19,2807
2025-09-26 14:20:00-04:00,4546.19,4552.65,4543.74,4552.2,3744
2025-09-26 14:25:00-04:00,4552.2,4555.57,4547.68,4550.21,3148
2025-09-26 14:30:00-04:00,4550.21,4555.83,4546.34,4549.88,2595
2025-09-26 14:35:00-04:00,4549.88,4550.05,4543.51,4546.29,2791
2025-09-26 14:40:00-04:00,4546.29,4548.4,4541.85,4542.92,3188
2025-09-26 14:45:00-04:00,4542.92,4553.84,4541.12,4549.72,4059
2025-09-26 14:50:00-04:00,4549.72,4553.28,4544.19,4544.85,3557
2025-09-26 14:55:00-04:00,4544.85,4551.72,4541.87,4543.47,2853
2025-09-26 15:00:00-04:00,4543.47,4547.7,4537.52,4546.55,3282
2025-09-26 15:05:00-04:00,4546.55,4560.44,4544.63,4558.51,9687
2025-09-26 15:10:00-04:00,4558.51,4562.57,4554.35,4557.15,2938
2025-09-26 15:15:00-04:00,4557.15,4557.15,4547.95,4553.3,2735
2025-09-26 15:20:00-04:00,4553.3,4554.35,4547.64,4549.34,2963
2025-09-26 15:25:00-04:00,4549.34,4562.45,4548.03,4561.77,3470
2025-09-26 15:30:00-04:00,4561.77,4569.03,4560.58,4565.16,2325
2025-09-26 15:35:00-04:00,4565.16,4570.64,4555.96,4558.13,4365
2025-09-26 15:40:00-04:00,4558.13,4560.68,4540.78,4545.59,3389
2025-09-26 15:45:00-04:00,4545.59,4550.33,4538.05,4546.09,2614
2025-09-26 15:50:00-04:00,4546.09,4559.73,4544.03,4557.2,3240
2025-09-26 15:55:00-04:00,4557.2,4562.14,4553.69,4557.89,2661
2025-09-26 16:00:00-04:00,4557.89,4566.43,4551.27,4554.28,5172
2025-09-26 16:05:00-04:00,4554.28,4560.4,4546.69,4556.86,6086
2025-09-26 16:10:00-04:00,4556.86,4561.17,4549.03,4556.51,5914
2025-09-26 16:15:00-04:00,4556.51,4561.61,4544.47,4548.73,5534
2025-09-26 16:20:00-04:00,4548.73,4556.88,4546.68,4551.68,5001
2025-09-26 16:25:00-04:00,4551.68,4563.16,4550.53,4554.53,5901
2025-09-29 09:30:00-04:00,4564.67,4577.9,4562.63,4573.0,6767
2025-09-29 09:35:00-04:00,4573.0,4575.97,4563.06,4574.88,5111
2025-09-29 09:40:00-04:00,4574.88,4578.59,4553.59,4554.92,6267
2025-09-29 09:45:00-04:00,4554.92,4566.64,4548.29,4549.97,5378
2025-09-29 09:50:00-04:00,4549.97,4551.24,4537.24,4539.6,5886
2025-09-29 09:55:00-04:00,4539.6,4548.05,4534.54,4543.4,5638
2025-09-29 10:00:00-04:00,4543.4,4549.11,4537.62,4547.35,3105
2025-09-29 10:05:00-04:00,4547.35,4548.08,4540.39,4543.74,3248
2025-09-29 10:10:00-04:00,4543.74,4550.91,4542.87,4546.52,2484
2025-09-29 10:15:00-04:00,4546.52,4548.33,4537.48,4541.0,2680
2025-09-29 10:20:00-04:00,4541.0,4544.74,4531.12,4541.82,3002
2025-09-29 10:25:00-04:00,4541.82,4544.68,4534.1,4539.51,3592
2025-09-29 10:30:00-04:00,4539.51,4542.04,4533.19,4537.91,2429
2025-09-29 10:35:00-04:00,4537.91,4543.16,4532.93,4535.96,2519
2025-09-29 10:40:00-04:00,4535.96,4541.88,4531.77,4536.52,3189
2025-09-29 10:45:00-04:00,4536.52,4546.93,4536.52,4540.35,3659
2025-09-29 10:50:00-04:00,4540.35,4544.08,4533.64,4537.44,3141
2025-09-29 10:55:00-04:00,4537.44,4539.87,4532.73,4535.86,3734
2025-09-29 11:00:00-04:00,4535.86,4538.06,4532.76,4534.49,1657
2025-09-29 11:05:00-04:00,4534.49,4539.58,4534.31,4537.6,1490
2025-09-29 11:10:00-04:00,4537.6,4547.36,4537.6,4545.28,1936
2025-09-29 11:15:00-04:00,4545.28,4545.98,4526.72,4528.61,2751
2025-09-29 11:20:00-04:00,4528.61,4529.36,4520.58,4523.25,2425
2025-09-29 11:25:00-04:00,4523.25,4527.12,4520.12,4525.6,1949
2025-09-29 11:30:00-04:00,4525.6,4528.78,4522.25,4526.28,1619
2025-09-29 11:35:00-04:00,4526.28,4526.4,4520.43,4522.69,2012
2025-09-29 11:40:00-04:00,4522.69,4525.94,4518.54,4523.54,1479
2025-09-29 11:45:00-04:00,4523.54,4526.83,4520.95,4523.11,1583
2025-09-29 11:50:00-04:00,4523.11,4525.59,4517.88,4519.12,1947
2025-09-29 11:55:00-04:00,4519.12,4523.39,4517.2,4520.14,1315
2025-09-29 12:00:00-04:00,4520.14,4526.18,4518.66,4521.93,1841
2025-09-29 12:05:00-04:00,4521.93,4524.09,4517.54,4522.56,1829
2025-09-29 12:10:00-04:00,4522.56,4528.27,4516.69,4519.38,1984
2025-09-29 12:15:00-04:00,4519.38,4521.25,4516.47,4519.89,2836
2025-09-29 12:20:00-04:00,4519.89,4520.4,4515.13,4516.3,1710
2025-09-29 12:25:00-04:00,4516.3,4518.99,4513.75,4517.72,1823
2025-09-29 12:30:00-04:00,4517.72,4520.85,4510.83,4513.49,1446
2025-09-29 12:35:00-04:00,4513.49,4518.95,4512.57,4516.58,1836
2025-09-29 12:40:00-04:00,4516.58,4518.34,4512.62,4514.97,1854
2025-09-29 12:45:00-04:00,4514.97,4520.17,4511.77,4518.02,1310
2025-09-29 12:50:00-04:00,4518.02,4518.02,4512.52,4514.04,2209
2025-09-29 12:55:00-04:00,4514.04,4516.51,4510.5,4511.47,1265
2025-09-29 13:00:00-04:00,4511.47,4518.13,4509.06,4515.93,1840
2025-09-29 13:05:00-04:00,4515.93,4518.21,4506.71,4509.11,5059
2025-09-29 13:10:00-04:00,4509.11,4510.94,4500.29,4504.89,3921
2025-09-29 13:15:00-04:00,4504.89,4511.48,4504.66,4509.02,3509
2025-09-29 13:20:00-04:00,4509.02,4509.97,4504.06,4507.97,2679
2025-09-29 13:25:00-04:00,4507.97,4507.97,4499.71,4503.59,2572
2025-09-29 13:30:00-04:00,4503.59,4508.49,4501.91,4506.94,2262
2025-09-29 13:35:00-04:00,4506.94,4509.99,4503.46,4506.87,2944
2025-09-29 13:40:00-04:00,4506.87,4509.47,4499.92,4503.52,2466
2025-09-29 13:45:00-04:00,4503.52,4503.55,4495.06,4496.54,3447
2025-09-29 13:50:00-04:00,4496.54,4498.48,4492.53,4494.59,2793
2025-09-29 13:55:00-04:00,4494.59,4498.65,4490.24,4496.87,2999
2025-09-29 14:00:00-04:00,4496.87,4505.37,4496.21,4500.65,4367
2025-09-29 14:05:00-04:00,4500.65,4506.83,4500.41,4503.89,2785
2025-09-29 14:10:00-04:00,4503.89,4508.94,4498.41,4505.67,2782
2025-09-29 14:15:00-04:00,4505.67,4508.83,4501.3,4507.51,3259
2025-09-29 14:20:00-04:00,4507.51,4511.41,4493.39,4495.36,5603
2025-09-29 14:25:00-04:00,4495.36,4498.22,4479.22,4481.55,4515
2025-09-29 14:30:00-04:00,4481.55,4485.01,4478.17,4481.36,2677
2025-09-29 14:35:00-04:00,4481.36,4485.34,4478.69,4482.12,3576
2025-09-29 14:40:00-04:00,4482.12,4485.73,4478.61,4484.48,2499
2025-09-29 14:45:00-04:00,4484.48,4486.03,4465.47,4466.89,10690
2025-09-29 14:50:00-04:00,4466.89,4472.41,4463.03,4464.96,4588
2025-09-29 14:55:00-04:00,4464.96,4466.37,4447.39,4450.37,5622
2025-09-29 15:00:00-04:00,4450.37,4453.05,4447.3,4448.42,2872
2025-09-29 15:05:00-04:00,4448.42,4448.6,4436.0,4441.0,2497
2025-09-29 15:10:00-04:00,4441.0,4443.73,4435.83,4437.9,3419
2025-09-29 15:15:00-04:00,4437.9,4441.53,4428.08,4433.34,3245
2025-09-29 15:20:00-04:00,4433.34,4439.67,4430.24,4430.85,3587
2025-09-29 15:25:00-04:00,4430.85,4430.85,4418.43,4421.81,2773
2025-09-29 15:30:00-04:00,4421.81,4424.86,4412.66,4419.01,2748
2025-09-29 15:35:00-04:00,4419.01,4426.4,4418.41,4424.4,3238
2025-09-29 15:40:00-04:00,4424.4,4431.31,4417.98,4428.46,3106
2025-09-29 15:45:00-04:00,4428.46,4432.05,4422.17,4429.17,2501
2025-09-29 15:50:00-04:00,4429.17,4442.58,4427.73,4438.14,4761
2025-09-29 15:55:00-04:00,4438.14,4442.57,4431.97,4437.15,5550
2025-09-29 16:00:00-04:00,4437.15,4442.18,4430.47,4434.44,7190
2025-09-29 16:05:00-04:00,4434.44,4438.59,4433.17,4435.57,5753
2025-09-29 16:10:00-04:00,4435.57,4445.56,4428.45,4433.01,7810
2025-09-29 16:15:00-04:00,4433.01,4433.01,4423.25,4425.92,4428
2025-09-30 09:30:00-04:00,4415.86,4421.28,4402.77,4415.5,6103
2025-09-30 09:35:00-04:00,4415.5,4427.02,4411.39,4419.4,6226
2025-09-30 09:40:00-04:00,4419.4,4436.71,4419.4,4433.01,7842
2025-09-30 09:45:00-04:00,4433.01,4442.02,4426.47,4435.63,5434
2025-09-30 09:50:00-04:00,4435.63,4446.28,4427.54,4441.38,5368
2025-09-30 09:55:00-04:00,4441.38,4444.51,4433.91,4436.98,4525
2025-09-30 10:00:00-04:00,4436.98,4445.13,4433.09,4442.16,2980
2025-09-30 10:05:00-04:00,4442.16,4444.1,4430.79,4437.35,3096
2025-09-30 10:10:00-04:00,4437.35,4447.31,4437.23,4445.82,2894
2025-09-30 10:15:00-04:00,4445.82,4451.13,4443.42,4444.93,3225
2025-09-30 10:20:00-04:00,4444.93,4453.86,4443.87,4453.41,4553
2025-09-30 10:25:00-04:00,4453.41,4458.46,4450.87,4455.38,3086
2025-09-30 10:30:00-04:00,4455.38,4457.8,4449.65,4455.1,2932
2025-09-30 10:35:00-04:00,4455.1,4459.01,4451.48,4456.43,2671
2025-09-30 10:40:00-04:00,4456.43,4457.69,4449.11,4455.59,2759
2025-09-30 10:45:00-04:00,4455.59,4459.47,4452.83,4458.74,2872
2025-09-30 10:50:00-04:00,4458.74,4467.39,4454.13,4462.77,2916
2025-09-30 10:55:00-04:00,4462.77,4482.07,4461.23,4479.47,8500
2025-09-30 11:00:00-04:00,4479.47,4486.86,4477.98,4484.0,2911
2025-09-30 11:05:00-04:00,4484.0,4486.34,4481.98,4483.77,1681
2025-09-30 11:10:00-04:00,4483.77,4486.59,4481.06,4485.87,1641
2025-09-30 11:15:00-04:00,4485.87,4491.19,4483.7,4491.15,1871
2025-09-30 11:20:00-04:00,4491.15,4493.06,4477.67,4479.98,5727
2025-09-30 11:25:00-04:00,4479.98,4482.65,4474.57,4478.66,2906
2025-09-30 11:30:00-04:00,4478.66,4481.03,4474.29,4479.94,2050
2025-09-30 11:35:00-04:00,4479.94,4483.34,4476.78,4482.2,1753
2025-09-30 11:40:00-04:00,4482.2,4495.07,4477.08,4492.9,3398
2025-09-30 11:45:00-04:00,4492.9,4505.83,4491.56,4505.62,2918
2025-09-30 11:50:00-04:00,4505.62,4509.44,4503.73,4507.33,2262
2025-09-30 11:55:00-04:00,4507.33,4511.43,4505.79,4507.07,1959
2025-09-30 12:00:00-04:00,4507.07,4507.81,4501.85,4507.11,1663
2025-09-30 12:05:00-04:00,4507.11,4511.21,4505.89,4507.73,1517
2025-09-30 12:10:00-04:00,4507.73,4516.96,4507.73,4514.91,1693
2025-09-30 12:15:00-04:00,4514.91,4515.39,4509.04,4510.6,1920
2025-09-30 12:20:00-04:00,4510.6,4510.6,4503.28,4506.72,2520
2025-09-30 12:25:00-04:00,4506.72,4511.58,4505.32,4509.51,1534
2025-09-30 12:30:00-04:00,4509.51,4513.9,4508.03,4512.31,2109
2025-09-30 12:35:00-04:00,4512.31,4512.83,4508.61,4510.98,1706
2025-09-30 12:40:00-04:00,4510.98,4517.15,4510.52,4514.34,1506
2025-09-30 12:45:00-04:00,4514.34,4517.82,4511.86,4515.17,1825
2025-09-30 12:50:00-04:00,4515.17,4520.68,4512.13,4518.0,1929
2025-09-30 12:55:00-04:00,4518.0,4518.85,4510.86,4512.89,1570
2025-09-30 13:00:00-04:00,4512.89,4514.27,4509.31,4511.98,1705
2025-09-30 13:05:00-04:00,4511.98,4515.41,4508.96,4511.14,1172
2025-09-30 13:10:00-04:00,4511.14,4515.58,4510.15,4512.64,1624
2025-09-30 13:15:00-04:00,4512.64,4516.66,4508.75,4513.98,3040
2025-09-30 13:20:00-04:00,4513.98,4517.46,4509.35,4513.52,3308
2025-09-30 13:25:00-04:00,4513.52,4517.64,4510.79,4514.84,2387
2025-09-30 13:30:00-04:00,4514.84,4517.74,4506.17,4507.18,4369
2025-09-30 13:35:00-04:00,4507.18,4509.55,4494.79,4499.39,5646
2025-09-30 13:40:00-04:00,4499.39,4499.39,4479.32,4481.39,7959
2025-09-30 13:45:00-04:00,4481.39,4490.35,4481.39,4488.4,3057
2025-09-30 13:50:00-04:00,4488.4,4492.98,4469.87,4471.09,5860
2025-09-30 13:55:00-04:00,4471.09,4472.52,4459.43,4461.72,3232
2025-09-30 14:00:00-04:00,4461.72,4461.81,4454.33,4458.22,4275
2025-09-30 14:05:00-04:00,4458.22,4461.68,4452.29,4454.87,3546
2025-09-30 14:10:00-04:00,4454.87,4456.38,4451.21,4455.05,3000
2025-09-30 14:15:00-04:00,4455.05,4458.43,4451.59,4455.47,3069
2025-09-30 14:20:00-04:00,4455.47,4460.49,4452.96,4459.59,3626
2025-09-30 14:25:00-04:00,4459.59,4466.17,4455.05,4458.15,2899
2025-09-30 14:30:00-04:00,4458.15,4468.1,4458.15,4465.41,4571
2025-09-30 14:35:00-04:00,4465.41,4478.44,4463.47,4475.44,7571
2025-09-30 14:40:00-04:00,4475.44,4483.16,4475.44,4479.09,2744
2025-09-30 14:45:00-04:00,4479.09,4481.41,4472.9,4478.5,3265
2025-09-30 14:50:00-04:00,4478.5,4489.07,4478.5,4485.56,2962
2025-09-30 14:55:00-04:00,4485.56,4489.31,4479.7,4485.56,4987
2025-09-30 15:00:00-04:00,4485.56,4496.07,4482.65,4492.11,8514
2025-09-30 15:05:00-04:00,4492.11,4492.73,4483.12,4489.53,4792
2025-09-30 15:10:00-04:00,4489.53,4498.91,4487.22,4492.95,6314
2025-09-30 15:15:00-04:00,4492.95,4500.22,4489.92,4498.66,2904
2025-09-30 15:20:00-04:00,4498.66,4500.25,4488.64,4492.09,3058
2025-09-30 15:25:00-04:00,4492.09,4494.22,4482.18,4484.98,3468
2025-09-30 15:30:00-04:00,4484.98,4490.45,4484.0,4484.94,3929
2025-09-30 15:35:00-04:00,4484.94,4490.27,4482.94,4486.44,2682
2025-09-30 15:40:00-04:00,4486.44,4492.03,4480.52,4485.05,3467
2025-09-30 15:45:00-04:00,4485.05,4498.19,4485.05,4494.09,3029
2025-09-30 15:50:00-04:00,4494.09,4497.6,4486.08,4492.85,2894
2025-09-30 15:55:00-04:00,4492.85,4499.21,4468.74,4472.28,6071
2025-09-30 16:00:00-04:00,4472.28,4476.84,4464.89,4468.0,3377
2025-09-30 16:05:00-04:00,4468.0,4472.81,4462.42,4467.51,3073
2025-09-30 16:10:00-04:00,4467.51,4473.53,4459.55,4460.8,3600
2025-09-30 16:15:00-04:00,4460.8,4467.01,4454.92,4458.94,5576
2025-09-30 16:20:00-04:00,4458.94,4479.56,4456.07,4475.58,7081
2025-09-30 16:25:00-04:00,4475.58,4482.43,4472.36,4474.16,5482
2025-09-30 16:30:00-04:00,4474.16,4477.09,4466.92,4471.49,6071
2025-09-30 16:35:00-04:00,4471.49,4475.9,4456.27,4460.15,5485
2025-09-30 16:40:00-04:00,4460.15,4468.01,4458.83,4467.07,3301
2025-10-01 09:30:00-04:00,4477.68,4485.51,4470.15,4479.36,6292
2025-10-01 09:35:00-04:00,4479.36,4486.62,4469.61,4474.7,7092
2025-10-01 09:40:00-04:00,4474.7,4498.33,4471.81,4491.16,6533
2025-10-01 09:45:00-04:00,4491.16,4493.92,4473.2,4482.86,8322
2025-10-01 09:50:00-04:00,4482.86,4493.99,4479.31,4480.05,7240
2025-10-01 09:55:00-04:00,4480.05,4495.51,4474.82,4492.72,6207
2025-10-01 10:00:00-04:00,4492.72,4512.83,4489.87,4507.38,8680
2025-10-01 10:05:00-04:00,4507.38,4520.85,4505.88,4513.87,3232
2025-10-01 10:10:00-04:00,4513.87,4517.19,4503.6,4506.28,3154
2025-10-01 10:15:00-04:00,4506.28,4513.85,4506.28,4512.39,2543
2025-10-01 10:20:00-04:00,4512.39,4519.01,4507.66,4511.12,3116
2025-10-01 10:25:00-04:00,4511.12,4515.97,4506.61,4511.84,2874
2025-10-01 10:30:00-04:00,4511.84,4518.91,4507.75,4517.11,3591
2025-10-01 10:35:00-04:00,4517.11,4530.88,4515.27,4527.1,4097
2025-10-01 10:40:00-04:00,4527.1,4531.68,4521.84,4531.31,2667
2025-10-01 10:45:00-04:00,4531.31,4536.82,4526.49,4528.32,2759
2025-10-01 10:50:00-04:00,4528.32,4528.51,4519.58,4524.65,2864
2025-10-01 10:55:00-04:00,4524.65,4529.64,4523.01,4526.59,3033
2025-10-01 11:00:00-04:00,4526.59,4530.91,4518.85,4519.84,2791
2025-10-01 11:05:00-04:00,4519.84,4526.84,4517.53,4521.32,2065
2025-10-01 11:10:00-04:00,4521.32,4523.5,4517.88,4521.89,1642
2025-10-01 11:15:00-04:00,4521.89,4523.62,4517.31,4518.7,1996
2025-10-01 11:20:00-04:00,4518.7,4537.67,4516.11,4535.72,4824
2025-10-01 11:25:00-04:00,4535.72,4549.0,4532.94,4547.31,3636
2025-10-01 11:30:00-04:00,4547.31,4555.89,4546.07,4554.12,2583
2025-10-01 11:35:00-04:00,4554.12,4557.83,4551.47,4555.32,1679
2025-10-01 11:40:00-04:00,4555.32,4563.05,4553.49,4560.75,2155
2025-10-01 11:45:00-04:00,4560.75,4567.14,4559.73,4565.12,1985
2025-10-01 11:50:00-04:00,4565.12,4566.3,4561.72,4566.18,1927
2025-10-01 11:55:00-04:00,4566.18,4568.9,4563.62,4565.81,1641
2025-10-01 12:00:00-04:00,4565.81,4569.69,4565.18,4567.86,1999
2025-10-01 12:05:00-04:00,4567.86,4572.25,4566.02,4567.51,2047
2025-10-01 12:10:00-04:00,4567.51,4571.44,4566.22,4567.89,1648
2025-10-01 12:15:00-04:00,4567.89,4572.2,4564.71,4570.8,2299
2025-10-01 12:20:00-04:00,4570.8,4579.53,4569.59,4576.81,2141
2025-10-01 12:25:00-04:00,4576.81,4598.68,4575.7,4596.74,4220
2025-10-01 12:30:00-04:00,4596.74,4613.5,4594.28,4611.53,5098
2025-10-01 12:35:00-04:00,4611.53,4614.68,4608.75,4609.78,2571
2025-10-01 12:40:00-04:00,4609.78,4609.78,4603.88,4607.07,1570
2025-10-01 12:45:00-04:00,4607.07,4612.05,4604.49,4610.6,1769
2025-10-01 12:50:00-04:00,4610.6,4612.16,4603.93,4605.59,1707
2025-10-01 12:55:00-04:00,4605.59,4606.93,4597.95,4599.66,1375
2025-10-01 13:00:00-04:00,4599.66,4602.56,4598.57,4601.0,1439
2025-10-01 13:05:00-04:00,4601.0,4607.63,4596.57,4605.61,4244
2025-10-01 13:10:00-04:00,4605.61,4611.39,4603.25,4608.7,3383
2025-10-01 13:15:00-04:00,4608.7,4614.41,4605.6,4612.4,2062
2025-10-01 13:20:00-04:00,4612.4,4615.77,4607.83,4609.4,1711
2025-10-01 13:25:00-04:00,4609.4,4614.09,4605.76,4613.49,1926
2025-10-01 13:30:00-04:00,4613.49,4619.28,4607.39,4608.81,3221
2025-10-01 13:35:00-04:00,4608.81,4615.56,4604.67,4610.13,3324
2025-10-01 13:40:00-04:00,4610.13,4613.26,4605.25,4612.7,2834
2025-10-01 13:45:00-04:00,4612.7,4616.36,4606.32,4608.38,2960
2025-10-01 13:50:00-04:00,4608.38,4620.23,4607.61,4614.58,3046
2025-10-01 13:55:00-04:00,4614.58,4614.8,4610.79,4613.41,3053
2025-10-01 14:00:00-04:00,4613.41,4618.25,4609.85,4615.93,3494
2025-10-01 14:05:00-04:00,4615.93,4620.03,4613.15,4614.06,3362
2025-10-01 14:10:00-04:00,4614.06,4617.46,4610.95,4615.78,2607
2025-10-01 14:15:00-04:00,4615.78,4617.62,4591.46,4594.27,8168
2025-10-01 14:20:00-04:00,4594.27,4596.8,4583.98,4590.35,5315
2025-10-01 14:25:00-04:00,4590.35,4596.08,4589.68,4595.39,3497
2025-10-01 14:30:00-04:00,4595.39,4598.13,4591.44,4592.81,3410
2025-10-01 14:35:00-04:00,4592.81,4598.07,4589.59,4592.68,2886
2025-10-01 14:40:00-04:00,4592.68,4601.76,4591.06,4598.48,3157
2025-10-01 14:45:00-04:00,4598.48,4600.79,4589.58,4591.57,3577
2025-10-01 14:50:00-04:00,4591.57,4597.61,4588.56,4594.31,3198
2025-10-01 14:55:00-04:00,4594.31,4600.26,4593.99,4599.66,2528
2025-10-01 15:00:00-04:00,4599.66,4603.97,4595.76,4600.31,2699
2025-10-01 15:05:00-04:00,4600.31,4602.7,4595.18,4598.63,3263
2025-10-01 15:10:00-04:00,4598.63,4601.35,4593.09,4598.53,3092
2025-10-01 15:15:00-04:00,4598.53,4600.68,4595.58,4600.38,3439
2025-10-01 15:20:00-04:00,4600.38,4604.6,4594.66,4601.08,2738
2025-10-01 15:25:00-04:00,4601.08,4603.93,4594.18,4594.96,3079
2025-10-01 15:30:00-04:00,4594.96,4596.04,4586.02,4589.98,2489
2025-10-01 15:35:00-04:00,4589.98,4590.94,4578.56,4585.76,2778
2025-10-01 15:40:00-04:00,4585.76,4594.52,4583.46,4590.57,3887
2025-10-01 15:45:00-04:00,4590.57,4591.92,4568.07,4570.18,5869
2025-10-01 15:50:00-04:00,4570.18,4572.96,4552.95,4558.41,3881
2025-10-01 15:55:00-04:00,4558.41,4566.77,4554.42,4561.63,3025
2025-10-01 16:00:00-04:00,4561.63,4562.1,4550.34,4558.29,2761
2025-10-01 16:05:00-04:00,4558.29,4564.44,4551.42,4558.77,4423
2025-10-01 16:10:00-04:00,4558.77,4569.78,4558.52,4562.38,5562
2025-10-01 16:15:00-04:00,4562.38,4562.38,4550.85,4555.14,5545
2025-10-01 16:20:00-04:00,4555.14,4557.5,4548.13,4555.35,6298
2025-10-01 16:25:00-04:00,4555.35,4561.14,4547.94,4550.48,4496
2025-10-01 16:30:00-04:00,4550.48,4555.02,4544.09,4553.77,9913
2025-10-01 16:35:00-04:00,4553.77,4570.83,4552.75,4569.35,13932
2025-10-01 16:40:00-04:00,4569.35,4584.28,4568.15,4579.54,8844
2025-10-01 16:45:00-04:00,4579.54,4579.54,4576.35,4577.94,1026
2025-10-02 09:30:00-04:00,4569.85,4586.11,4569.85,4579.76,6316
2025-10-02 09:35:00-04:00,4579.76,4594.94,4577.53,4580.54,5383
2025-10-02 09:40:00-04:00,4580.54,4587.65,4565.62,4577.34,6558
2025-10-02 09:45:00-04:00,4577.34,4585.73,4568.71,4576.81,5205
2025-10-02 09:50:00-04:00,4576.81,4585.57,4570.5,4571.9,5166
2025-10-02 09:55:00-04:00,4571.9,4574.46,4544.18,4550.3,12584
2025-10-02 10:00:00-04:00,4550.3,4557.68,4543.41,4547.37,3889
2025-10-02 10:05:00-04:00,4547.37,4551.72,4540.78,4548.94,2712
2025-10-02 10:10:00-04:00,4548.94,4556.02,4548.01,4555.45,3174
2025-10-02 10:15:00-04:00,4555.45,4558.55,4546.93,4552.63,3632
2025-10-02 10:20:00-04:00,4552.63,4557.08,4547.1,4552.29,2702
2025-10-02 10:25:00-04:00,4552.29,4552.45,4544.62,4548.87,2457
2025-10-02 10:30:00-04:00,4548.87,4549.86,4542.69,4545.52,2541
2025-10-02 10:35:00-04:00,4545.52,4552.57,4539.24,4548.23,3847
2025-10-02 10:40:00-04:00,4548.23,4548.23,4531.68,4533.54,8873
2025-10-02 10:45:00-04:00,4533.54,4535.84,4525.68,4530.19,4862
2025-10-02 10:50:00-04:00,4530.19,4533.83,4527.11,4530.15,3107
2025-10-02 10:55:00-04:00,4530.15,4535.66,4526.48,4531.95,2715
2025-10-02 11:00:00-04:00,4531.95,4533.59,4526.02,4530.45,2801
2025-10-02 11:05:00-04:00,4530.45,4530.45,4523.37,4523.7,2472
2025-10-02 11:10:00-04:00,4523.7,4526.86,4520.27,4522.19,1965
2025-10-02 11:15:00-04:00,4522.19,4533.45,4522.19,4532.49,1954
2025-10-02 11:20:00-04:00,4532.49,4536.98,4530.42,4532.25,2079
2025-10-02 11:25:00-04:00,4532.25,4536.42,4527.59,4533.87,2200
2025-10-02 11:30:00-04:00,4533.87,4534.32,4525.23,4527.91,1646
2025-10-02 11:35:00-04:00,4527.91,4530.09,4512.15,4514.56,2764
2025-10-02 11:40:00-04:00,4514.56,4516.92,4506.84,4510.7,2029
2025-10-02 11:45:00-04:00,4510.7,4515.89,4508.42,4513.26,2311
2025-10-02 11:50:00-04:00,4513.26,4513.32,4508.34,4509.74,1775
2025-10-02 11:55:00-04:00,4509.74,4510.13,4503.96,4506.18,1838
2025-10-02 12:00:00-04:00,4506.18,4512.73,4504.62,4511.41,2350
2025-10-02 12:05:00-04:00,4511.41,4516.01,4510.09,4512.75,1520
2025-10-02 12:10:00-04:00,4512.75,4515.11,4512.0,4514.59,1884
2025-10-02 12:15:00-04:00,4514.59,4518.59,4514.1,4515.54,1778
2025-10-02 12:20:00-04:00,4515.54,4520.73,4513.38,4519.22,2142
2025-10-02 12:25:00-04:00,4519.22,4523.32,4517.31,4521.11,1645
2025-10-02 12:30:00-04:00,4521.11,4522.56,4517.65,4520.26,1959
2025-10-02 12:35:00-04:00,4520.26,4524.3,4517.21,4519.83,1635
2025-10-02 12:40:00-04:00,4519.83,4525.45,4519.83,4522.51,1765
2025-10-02 12:45:00-04:00,4522.51,4527.37,4521.87,4525.08,1842
2025-10-02 12:50:00-04:00,4525.08,4527.35,4519.47,4521.58,2810
2025-10-02 12:55:00-04:00,4521.58,4524.0,4510.69,4513.5,3835
2025-10-02 13:00:00-04:00,4513.5,4516.29,4510.5,4514.26,1411
2025-10-02 13:05:00-04:00,4514.26,4516.53,4511.02,4513.88,1778
2025-10-02 13:10:00-04:00,4513.88,4515.95,4509.29,4512.65,1828
2025-10-02 13:15:00-04:00,4512.65,4515.12,4508.36,4510.71,2171
2025-10-02 13:20:00-04:00,4510.71,4511.13,4501.49,4503.43,3473
2025-10-02 13:25:00-04:00,4503.43,4510.6,4498.69,4507.18,2539
2025-10-02 13:30:00-04:00,4507.18,4516.17,4506.06,4514.17,3084
2025-10-02 13:35:00-04:00,4514.17,4515.15,4508.65,4511.45,2847
2025-10-02 13:40:00-04:00,4511.45,4513.79,4503.96,4508.71,3175
2025-10-02 13:45:00-04:00,4508.71,4520.73,4508.19,4518.92,4263
2025-10-02 13:50:00-04:00,4518.92,4535.84,4516.16,4530.17,5363
2025-10-02 13:55:00-04:00,4530.17,4532.26,4524.81,4529.55,2790
2025-10-02 14:00:00-04:00,4529.55,4535.77,4528.23,4534.48,3129
2025-10-02 14:05:00-04:00,4534.48,4538.24,4528.74,4531.73,2984
2025-10-02 14:10:00-04:00,4531.73,4532.81,4522.45,4526.94,3789
2025-10-02 14:15:00-04:00,4526.94,4530.52,4518.77,4521.95,3448
2025-10-02 14:20:00-04:00,4521.95,4524.92,4515.81,4517.44,3354
2025-10-02 14:25:00-04:00,4517.44,4522.54,4515.89,4518.37,3118
2025-10-02 14:30:00-04:00,4518.37,4527.31,4518.37,4523.8,2784
2025-10-02 14:35:00-04:00,4523.8,4524.91,4517.01,4520.4,3536
2025-10-02 14:40:00-04:00,4520.4,4521.94,4514.35,4516.8,2515
2025-10-02 14:45:00-04:00,4516.8,4520.43,4510.13,4513.21,2625
2025-10-02 14:50:00-04:00,4513.21,4514.43,4504.99,4508.23,2755
2025-10-02 14:55:00-04:00,4508.23,4510.12,4504.5,4509.05,2699
2025-10-02 15:00:00-04:00,4509.05,4516.49,4505.52,4515.5,3229
2025-10-02 15:05:00-04:00,4515.5,4519.85,4508.38,4511.41,3330
2025-10-02 15:10:00-04:00,4511.41,4517.8,4508.03,4515.86,3086
2025-10-02 15:15:00-04:00,4515.86,4517.87,4509.03,4513.64,3040
2025-10-02 15:20:00-04:00,4513.64,4515.29,4502.32,4510.28,3582
2025-10-02 15:25:00-04:00,4510.28,4521.79,4510.28,4517.29,3287
2025-10-02 15:30:00-04:00,4517.29,4517.29,4504.42,4510.22,3288
2025-10-02 15:35:00-04:00,4510.22,4512.92,4500.97,4501.84,2814
2025-10-02 15:40:00-04:00,4501.84,4506.81,4495.95,4505.67,3489
2025-10-02 15:45:00-04:00,4505.67,4512.94,4498.52,4502.77,2800
2025-10-02 15:50:00-04:00,4502.77,4509.78,4500.53,4505.33,4916
2025-10-02 15:55:00-04:00,4505.33,4510.5,4500.54,4505.03,5143
2025-10-02 16:00:00-04:00,4505.03,4511.13,4502.78,4503.71,6146
2025-10-02 16:05:00-04:00,4503.71,4511.79,4501.47,4508.64,6640
2025-10-02 16:10:00-04:00,4508.64,4517.82,4503.03,4506.89,5253
2025-10-02 16:15:00-04:00,4506.89,4512.21,4501.44,4505.52,4215
2025-10-03 09:30:00-04:00,4505.35,4506.26,4493.1,4501.22,6093
2025-10-03 09:35:00-04:00,4501.22,4511.0,4494.41,4508.16,6085
2025-10-03 09:40:00-04:00,4508.16,4523.46,4506.02,4517.92,5618
2025-10-03 09:45:00-04:00,4517.92,4528.91,4507.9,4516.4,6081
2025-10-03 09:50:00-04:00,4516.4,4520.18,4508.14,4510.84,6516
2025-10-03 09:55:00-04:00,4510.84,4520.44,4506.06,4513.39,5209
2025-10-03 10:00:00-04:00,4513.39,4527.49,4512.31,4522.26,10967
2025-10-03 10:05:00-04:00,4522.26,4529.86,4518.82,4527.24,2844
2025-10-03 10:10:00-04:00,4527.24,4536.83,4526.41,4534.24,3238
2025-10-03 10:15:00-04:00,4534.24,4537.3,4527.76,4531.55,2907
2025-10-03 10:20:00-04:00,4531.55,4533.03,4525.03,4530.33,2744
2025-10-03 10:25:00-04:00,4530.33,4534.92,4523.88,4529.88,2297
2025-10-03 10:30:00-04:00,4529.88,4543.51,4526.93,4542.45,7370
2025-10-03 10:35:00-04:00,4542.45,4550.7,4539.2,4547.41,2907
2025-10-03 10:40:00-04:00,4547.41,4553.34,4542.5,4546.69,2779
2025-10-03 10:45:00-04:00,4546.69,4553.09,4537.9,4548.81,3947
2025-10-03 10:50:00-04:00,4548.81,4549.04,4540.08,4542.57,2792
2025-10-03 10:55:00-04:00,4542.57,4557.51,4539.82,4551.7,8470
2025-10-03 11:00:00-04:00,4551.7,4553.4,4543.8,4551.63,2638
2025-10-03 11:05:00-04:00,4551.63,4551.63,4541.19,4543.21,3468
2025-10-03 11:10:00-04:00,4543.21,4545.88,4537.13,4541.21,2564
2025-10-03 11:15:00-04:00,4541.21,4544.51,4537.24,4538.62,2591
2025-10-03 11:20:00-04:00,4538.62,4543.18,4538.61,4539.67,1824
2025-10-03 11:25:00-04:00,4539.67,4542.04,4537.45,4539.48,1727
2025-10-03 11:30:00-04:00,4539.48,4546.14,4538.29,4544.26,1810
2025-10-03 11:35:00-04:00,4544.26,4549.01,4542.49,4545.38,1599
2025-10-03 11:40:00-04:00,4545.38,4549.67,4543.4,4545.56,2137
2025-10-03 11:45:00-04:00,4545.56,4549.05,4543.68,4546.85,1401
2025-10-03 11:50:00-04:00,4546.85,4548.01,4541.76,4543.93,1635
2025-10-03 11:55:00-04:00,4543.93,4546.63,4540.64,4543.02,1643
2025-10-03 12:00:00-04:00,4543.02,4549.58,4539.75,4547.03,1775
2025-10-03 12:05:00-04:00,4547.03,4549.75,4545.03,4548.74,1821
2025-10-03 12:10:00-04:00,4548.74,4570.38,4543.61,4569.27,6295
2025-10-03 12:15:00-04:00,4569.27,4570.12,4565.23,4565.56,1857
2025-10-03 12:20:00-04:00,4565.56,4566.42,4559.65,4561.56,1889
2025-10-03 12:25:00-04:00,4561.56,4564.72,4559.34,4564.56,2058
2025-10-03 12:30:00-04:00,4564.56,4579.03,4561.68,4577.62,2599
2025-10-03 12:35:00-04:00,4577.62,4582.21,4575.97,4582.01,2354
2025-10-03 12:40:00-04:00,4582.01,4585.4,4580.62,4581.85,1760
2025-10-03 12:45:00-04:00,4581.85,4584.12,4578.31,4581.59,1998
2025-10-03 12:50:00-04:00,4581.59,4585.7,4579.23,4583.79,2084
2025-10-03 12:55:00-04:00,4583.79,4587.33,4581.9,4584.16,1505
2025-10-03 13:00:00-04:00,4584.16,4589.02,4582.26,4586.89,1367
2025-10-03 13:05:00-04:00,4586.89,4593.95,4585.93,4591.21,1722
2025-10-03 13:10:00-04:00,4591.21,4610.49,4589.74,4607.71,3241
2025-10-03 13:15:00-04:00,4607.71,4611.55,4599.31,4601.58,3701
2025-10-03 13:20:00-04:00,4601.58,4602.68,4591.36,4593.81,3622
2025-10-03 13:25:00-04:00,4593.81,4595.09,4588.07,4591.47,1726
2025-10-03 13:30:00-04:00,4591.47,4597.13,4588.34,4593.94,4618
2025-10-03 13:35:00-04:00,4593.94,4617.6,4593.94,4616.08,7751
2025-10-03 13:40:00-04:00,4616.08,4619.17,4611.16,4617.97,2600
2025-10-03 13:45:00-04:00,4617.97,4621.13,4613.57,4618.15,3273
2025-10-03 13:50:00-04:00,4618.15,4619.27,4596.68,4599.25,4695
2025-10-03 13:55:00-04:00,4599.25,4604.84,4597.22,4603.05,3185
2025-10-03 14:00:00-04:00,4603.05,4603.05,4594.89,4596.69,3355
2025-10-03 14:05:00-04:00,4596.69,4601.45,4596.32,4598.35,3234
2025-10-03 14:10:00-04:00,4598.35,4605.13,4598.16,4601.47,2595
2025-10-03 14:15:00-04:00,4601.47,4606.12,4594.4,4596.46,3388
2025-10-03 14:20:00-04:00,4596.46,4598.16,4580.08,4589.74,4743
2025-10-03 14:25:00-04:00,4589.74,4607.26,4586.55,4605.28,8189
2025-10-03 14:30:00-04:00,4605.28,4612.92,4603.14,4611.19,3956
2025-10-03 14:35:00-04:00,4611.19,4613.93,4605.94,4609.33,3633
2025-10-03 14:40:00-04:00,4609.33,4612.6,4595.66,4596.9,8354
2025-10-03 14:45:00-04:00,4596.9,4599.02,4588.3,4590.51,7014
2025-10-03 14:50:00-04:00,4590.51,4595.04,4588.16,4590.75,3304
2025-10-03 14:55:00-04:00,4590.75,4601.03,4590.75,4599.72,2982
2025-10-03 15:00:00-04:00,4599.72,4602.89,4594.76,4601.15,2623
2025-10-03 15:05:00-04:00,4601.15,4603.31,4591.38,4592.57,5721
2025-10-03 15:10:00-04:00,4592.57,4594.13,4581.52,4585.8,7007
2025-10-03 15:15:00-04:00,4585.8,4590.72,4583.32,4586.24,3785
2025-10-03 15:20:00-04:00,4586.24,4590.02,4582.39,4584.39,3325
2025-10-03 15:25:00-04:00,4584.39,4591.25,4568.65,4571.5,3935
2025-10-03 15:30:00-04:00,4571.5,4573.76,4562.58,4566.34,3883
2025-10-03 15:35:00-04:00,4566.34,4571.31,4561.57,4569.16,3107
2025-10-03 15:40:00-04:00,4569.16,4570.34,4564.77,4569.07,3304
2025-10-03 15:45:00-04:00,4569.07,4574.57,4565.23,4572.2,2774
2025-10-03 15:50:00-04:00,4572.2,4577.31,4570.83,4574.19,2574
2025-10-03 15:55:00-04:00,4574.19,4582.53,4568.12,4579.08,2984
2025-10-03 16:00:00-04:00,4579.08,4583.09,4570.6,4573.08,6233
2025-10-03 16:05:00-04:00,4573.08,4574.86,4563.3,4568.29,5945
2025-10-03 16:10:00-04:00,4568.29,4571.17,4558.83,4567.56,2836
2025-10-03 16:15:00-04:00,4567.56,4572.34,4560.43,4565.61,2821
2025-10-03 16:20:00-04:00,4565.61,4577.56,4564.06,4572.94,3191
2025-10-03 16:25:00-04:00,4572.94,4578.47,4567.26,4570.56,2419
2025-10-03 16:30:00-04:00,4570.56,4570.74,4557.43,4561.26,4461
2025-10-03 16:35:00-04:00,4561.26,4561.26,4550.2,4556.66,5778
2025-10-03 16:40:00-04:00,4556.66,4564.67,4553.48,4559.71,5509
2025-10-03 16:45:00-04:00,4559.71,4569.92,4555.45,4566.31,5544
2025-10-03 16:50:00-04:00,4566.31,4570.64,4558.39,4559.6,5479
2025-10-03 16:55:00-04:00,4559.6,4574.25,4559.6,4568.38,5383
2025-10-03 17:00:00-04:00,4568.38,4572.87,4567.04,4568.09,599
2025-10-06 09:30:00-04:00,4556.34,4556.69,4523.07,4530.25,7251
2025-10-06 09:35:00-04:00,4530.25,4535.7,4520.88,4528.61,4697
2025-10-06 09:40:00-04:00,4528.61,4540.59,4528.61,4531.31,6104
2025-10-06 09:45:00-04:00,4531.31,4534.44,4523.57,4526.05,5944
2025-10-06 09:50:00-04:00,4526.05,4547.08,4526.05,4541.49,5315
2025-10-06 09:55:00-04:00,4541.49,4543.56,4529.13,4539.83,5364
2025-10-06 10:00:00-04:00,4539.83,4542.77,4535.7,4537.56,2964
2025-10-06 10:05:00-04:00,4537.56,4543.21,4531.37,4540.83,5532
2025-10-06 10:10:00-04:00,4540.83,4554.67,4539.72,4552.0,6383
2025-10-06 10:15:00-04:00,4552.0,4555.59,4547.85,4550.63,2823
2025-10-06 10:20:00-04:00,4550.63,4554.16,4544.21,4547.56,3268
2025-10-06 10:25:00-04:00,4547.56,4549.98,4535.66,4536.18,3759
2025-10-06 10:30:00-04:00,4536.18,4543.21,4535.5,4537.64,3419
2025-10-06 10:35:00-04:00,4537.64,4541.44,4529.39,4537.64,2525
2025-10-06 10:40:00-04:00,4537.64,4543.75,4537.35,4539.27,2648
2025-10-06 10:45:00-04:00,4539.27,4539.58,4520.82,4523.38,4161
2025-10-06 10:50:00-04:00,4523.38,4533.54,4522.04,4529.21,2832
2025-10-06 10:55:00-04:00,4529.21,4534.68,4527.68,4533.74,2683
2025-10-06 11:00:00-04:00,4533.74,4539.41,4530.99,4533.82,2514
2025-10-06 11:05:00-04:00,4533.82,4536.97,4530.51,4534.14,1776
2025-10-06 11:10:00-04:00,4534.14,4537.25,4531.81,4534.62,1948
2025-10-06 11:15:00-04:00,4534.62,4534.89,4529.39,4529.97,1902
2025-10-06 11:20:00-04:00,4529.97,4531.17,4524.26,4529.79,2075
2025-10-06 11:25:00-04:00,4529.79,4532.35,4524.81,4525.2,1652
2025-10-06 11:30:00-04:00,4525.2,4526.11,4518.08,4520.21,1749
2025-10-06 11:35:00-04:00,4520.21,4522.86,4505.68,4507.78,3512
2025-10-06 11:40:00-04:00,4507.78,4509.35,4502.69,4505.38,2028
2025-10-06 11:45:00-04:00,4505.38,4524.44,4503.44,4522.86,4940
2025-10-06 11:50:00-04:00,4522.86,4525.51,4519.13,4522.55,1930
2025-10-06 11:55:00-04:00,4522.55,4526.61,4508.57,4510.79,2734
2025-10-06 12:00:00-04:00,4510.79,4513.49,4500.57,4505.19,2304
2025-10-06 12:05:00-04:00,4505.19,4508.09,4499.76,4501.56,2282
2025-10-06 12:10:00-04:00,4501.56,4503.37,4498.74,4502.13,1985
2025-10-06 12:15:00-04:00,4502.13,4502.13,4496.56,4499.42,1976
2025-10-06 12:20:00-04:00,4499.42,4503.19,4497.83,4501.96,2060
2025-10-06 12:25:00-04:00,4501.96,4504.11,4496.88,4498.73,1731
2025-10-06 12:30:00-04:00,4498.73,4504.13,4498.37,4500.9,1813
2025-10-06 12:35:00-04:00,4500.9,4503.24,4498.76,4500.81,1794
2025-10-06 12:40:00-04:00,4500.81,4502.74,4497.49,4498.44,1297
2025-10-06 12:45:00-04:00,4498.44,4499.22,4494.05,4496.42,1684
2025-10-06 12:50:00-04:00,4496.42,4498.15,4491.96,4496.42,1529
2025-10-06 12:55:00-04:00,4496.42,4497.52,4491.98,4495.62,1922
2025-10-06 13:00:00-04:00,4495.62,4497.36,4482.15,4484.0,3280
2025-10-06 13:05:00-04:00,4484.0,4486.51,4474.6,4479.0,2525
2025-10-06 13:10:00-04:00,4479.0,4482.34,4477.64,4481.97,1586
2025-10-06 13:15:00-04:00,4481.97,4484.58,4479.6,4481.67,1599
2025-10-06 13:20:00-04:00,4481.67,4483.81,4477.81,4480.98,2227
2025-10-06 13:25:00-04:00,4480.98,4487.5,4478.57,4484.39,3776
2025-10-06 13:30:00-04:00,4484.39,4488.65,4482.31,4485.35,3134
2025-10-06 13:35:00-04:00,4485.35,4487.62,4480.81,4484.34,2667
2025-10-06 13:40:00-04:00,4484.34,4486.29,4477.13,4480.34,3352
2025-10-06 13:45:00-04:00,4480.34,4483.78,4476.07,4477.12,3363
2025-10-06 13:50:00-04:00,4477.12,4482.5,4474.66,4477.55,2946
2025-10-06 13:55:00-04:00,4477.55,4481.13,4472.04,4472.14,3619
2025-10-06 14:00:00-04:00,4472.14,4476.95,4469.55,4470.74,3646
2025-10-06 14:05:00-04:00,4470.74,4471.07,4463.36,4465.17,3651
2025-10-06 14:10:00-04:00,4465.17,4467.78,4461.36,4465.14,2843
2025-10-06 14:15:00-04:00,4465.14,4469.02,4455.81,4459.14,4820
2025-10-06 14:20:00-04:00,4459.14,4462.24,4451.08,4454.61,4081
2025-10-06 14:25:00-04:00,4454.61,4467.84,4451.76,4467.21,5982
2025-10-06 14:30:00-04:00,4467.21,4471.25,4453.56,4454.64,6061
2025-10-06 14:35:00-04:00,4454.64,4455.11,4446.55,4452.49,3222
2025-10-06 14:40:00-04:00,4452.49,4455.0,4447.72,4449.81,2960
2025-10-06 14:45:00-04:00,4449.81,4452.24,4444.57,4449.5,3188
2025-10-06 14:50:00-04:00,4449.5,4453.64,4445.15,4451.82,3066
2025-10-06 14:55:00-04:00,4451.82,4457.29,4450.88,4453.8,3248
2025-10-06 15:00:00-04:00,4453.8,4454.11,4446.97,4448.17,3035
2025-10-06 15:05:00-04:00,4448.17,4448.17,4428.26,4430.42,17041
2025-10-06 15:10:00-04:00,4430.42,4434.94,4424.57,4433.23,7395
2025-10-06 15:15:00-04:00,4433.23,4445.54,4432.04,4441.13,5868
2025-10-06 15:20:00-04:00,4441.13,4444.78,4436.65,4441.94,2464
2025-10-06 15:25:00-04:00,4441.94,4446.22,4440.57,4443.1,3027
2025-10-06 15:30:00-04:00,4443.1,4448.92,4441.3,4445.16,3549
2025-10-06 15:35:00-04:00,4445.16,4453.23,4441.62,4448.26,3008
2025-10-06 15:40:00-04:00,4448.26,4455.08,4448.26,4454.06,3078
2025-10-06 15:45:00-04:00,4454.06,4458.5,4446.73,4451.31,2881
2025-10-06 15:50:00-04:00,4451.31,4453.99,4440.22,4444.63,3203
2025-10-06 15:55:00-04:00,4444.63,4454.45,4443.89,4448.57,2977
2025-10-06 16:00:00-04:00,4448.57,4454.94,4445.48,4451.6,3143
2025-10-06 16:05:00-04:00,4451.6,4457.58,4446.99,4454.15,3265
2025-10-06 16:10:00-04:00,4454.15,4463.2,4449.14,4451.78,6005
2025-10-06 16:15:00-04:00,4451.78,4459.6,4447.22,4454.37,6475
2025-10-06 16:20:00-04:00,4454.37,4465.86,4452.59,4463.36,7139
2025-10-06 16:25:00-04:00,4463.36,4466.43,4456.8,4463.69,5787
2025-10-06 16:30:00-04:00,4463.69,4469.09,4457.82,4463.79,5725
2025-10-06 16:35:00-04:00,4463.79,4471.11,4460.9,4467.47,4668
2025-10-07 09:30:00-04:00,4455.42,4464.51,4448.08,4455.77,6290
2025-10-07 09:35:00-04:00,4455.77,4462.97,4449.05,4456.61,6672
2025-10-07 09:40:00-04:00,4456.61,4470.13,4454.49,4462.47,7382
2025-10-07 09:45:00-04:00,4462.47,4471.69,4459.84,4468.33,4752
2025-10-07 09:50:00-04:00,4468.33,4468.89,4451.01,4454.91,7330
2025-10-07 09:55:00-04:00,4454.91,4478.09,4450.83,4476.4,10393
2025-10-07 10:00:00-04:00,4476.4,4495.06,4469.61,4493.1,4898
2025-10-07 10:05:00-04:00,4493.1,4497.83,4488.32,4494.04,3225
2025-10-07 10:10:00-04:00,4494.04,4496.23,4488.22,4492.73,3101
2025-10-07 10:15:00-04:00,4492.73,4500.09,4489.5,4496.62,3255
2025-10-07 10:20:00-04:00,4496.62,4498.89,4489.55,4495.51,3041
2025-10-07 10:25:00-04:00,4495.51,4503.32,4495.51,4500.2,2904
2025-10-07 10:30:00-04:00,4500.2,4505.9,4492.66,4495.58,4147
2025-10-07 10:35:00-04:00,4495.58,4498.57,4486.06,4491.74,3420
2025-10-07 10:40:00-04:00,4491.74,4494.3,4482.58,4486.73,3168
2025-10-07 10:45:00-04:00,4486.73,4490.81,4481.21,4489.46,3006
2025-10-07 10:50:00-04:00,4489.46,4504.09,4483.3,4500.86,7467
2025-10-07 10:55:00-04:00,4500.86,4501.91,4492.12,4501.08,2752
2025-10-07 11:00:00-04:00,4501.08,4506.7,4491.85,4498.66,3708
2025-10-07 11:05:00-04:00,4498.66,4499.63,4493.79,4496.36,1929
2025-10-07 11:10:00-04:00,4496.36,4501.84,4494.0,4500.37,2449
2025-10-07 11:15:00-04:00,4500.37,4514.16,4497.12,4511.74,2955
2025-10-07 11:20:00-04:00,4511.74,4522.71,4509.92,4520.42,2723
2025-10-07 11:25:00-04:00,4520.42,4527.01,4519.15,4525.51,1880
2025-10-07 11:30:00-04:00,4525.51,4528.09,4521.89,4526.14,1662
2025-10-07 11:35:00-04:00,4526.14,4530.33,4523.59,4528.76,2134
2025-10-07 11:40:00-04:00,4528.76,4535.24,4528.76,4533.68,2355
2025-10-07 11:45:00-04:00,4533.68,4543.15,4532.43,4540.44,2671
2025-10-07 11:50:00-04:00,4540.44,4555.56,4537.83,4553.59,3236
2025-10-07 11:55:00-04:00,4553.59,4555.22,4550.77,4553.23,1482
2025-10-07 12:00:00-04:00,4553.23,4560.54,4553.23,4558.34,1849
2025-10-07 12:05:00-04:00,4558.34,4559.82,4555.18,4556.6,1341
2025-10-07 12:10:00-04:00,4556.6,4560.2,4554.61,4558.09,1609
2025-10-07 12:15:00-04:00,4558.09,4558.92,4552.79,4556.4,1801
2025-10-07 12:20:00-04:00,4556.4,4559.39,4554.35,4558.14,1795
2025-10-07 12:25:00-04:00,4558.14,4560.31,4552.46,4553.77,2220
2025-10-07 12:30:00-04:00,4553.77,4563.18,4553.77,4561.0,2604
2025-10-07 12:35:00-04:00,4561.0,4561.59,4554.91,4556.21,1605
2025-10-07 12:40:00-04:00,4556.21,4559.0,4553.55,4558.3,1638
2025-10-07 12:45:00-04:00,4558.3,4559.97,4554.87,4555.24,1342
2025-10-07 12:50:00-04:00,4555.24,4558.14,4552.04,4554.2,1640
2025-10-07 12:55:00-04:00,4554.2,4557.99,4552.2,4555.34,1868
2025-10-07 13:00:00-04:00,4555.34,4575.58,4554.69,4574.27,2559
2025-10-07 13:05:00-04:00,4574.27,4574.9,4570.77,4574.69,1497
2025-10-07 13:10:00-04:00,4574.69,4576.84,4571.52,4573.83,1558
2025-10-07 13:15:00-04:00,4573.83,4580.34,4571.4,4574.64,2535
2025-10-07 13:20:00-04:00,4574.64,4579.65,4573.9,4578.84,2861
2025-10-07 13:25:00-04:00,4578.84,4586.74,4578.84,4584.07,3230
2025-10-07 13:30:00-04:00,4584.07,4587.28,4576.68,4579.73,2970
2025-10-07 13:35:00-04:00,4579.73,4582.78,4572.61,4577.2,2629
2025-10-07 13:40:00-04:00,4577.2,4582.33,4576.16,4577.55,3541
2025-10-07 13:45:00-04:00,4577.55,4582.78,4575.14,4579.46,2945
2025-10-07 13:50:00-04:00,4579.46,4584.69,4577.1,4580.52,3316
2025-10-07 13:55:00-04:00,4580.52,4584.83,4574.49,4578.14,2958
2025-10-07 14:00:00-04:00,4578.14,4581.29,4574.55,4578.48,2606
2025-10-07 14:05:00-04:00,4578.48,4604.03,4577.78,4601.63,9996
2025-10-07 14:10:00-04:00,4601.63,4607.05,4599.47,4603.02,3132
2025-10-07 14:15:00-04:00,4603.02,4607.76,4594.07,4605.07,3993
2025-10-07 14:20:00-04:00,4605.07,4609.28,4600.62,4603.86,3762
2025-10-07 14:25:00-04:00,4603.86,4604.93,4595.34,4597.16,3269
2025-10-07 14:30:00-04:00,4597.16,4601.53,4593.96,4597.31,3152
2025-10-07 14:35:00-04:00,4597.31,4601.55,4594.5,4597.32,3231
2025-10-07 14:40:00-04:00,4597.32,4604.28,4595.75,4600.09,2937
2025-10-07 14:45:00-04:00,4600.09,4600.09,4592.4,4597.19,3388
2025-10-07 14:50:00-04:00,4597.19,4598.76,4588.95,4592.02,3033
2025-10-07 14:55:00-04:00,4592.02,4595.92,4584.74,4586.43,3696
2025-10-07 15:00:00-04:00,4586.43,4589.14,4573.12,4575.74,5435
2025-10-07 15:05:00-04:00,4575.74,4578.13,4568.03,4574.4,4500
2025-10-07 15:10:00-04:00,4574.4,4582.61,4574.4,4580.48,2703
2025-10-07 15:15:00-04:00,4580.48,4581.09,4573.86,4577.5,2434
2025-10-07 15:20:00-04:00,4577.5,4581.75,4572.63,4576.71,3633
2025-10-07 15:25:00-04:00,4576.71,4592.0,4573.16,4586.95,2803
2025-10-07 15:30:00-04:00,4586.95,4588.85,4579.14,4583.46,2334
2025-10-07 15:35:00-04:00,4583.46,4604.76,4583.46,4599.27,4121
2025-10-07 15:40:00-04:00,4599.27,4606.06,4596.41,4599.46,2595
2025-10-07 15:45:00-04:00,4599.46,4600.14,4577.92,4581.74,4341
2025-10-07 15:50:00-04:00,4581.74,4591.24,4577.85,4580.84,15852
2025-10-07 15:55:00-04:00,4580.84,4582.73,4569.86,4574.18,11139
2025-10-07 16:00:00-04:00,4574.18,4584.09,4571.28,4578.94,6138
2025-10-07 16:05:00-04:00,4578.94,4584.08,4573.88,4579.95,5199
2025-10-07 16:10:00-04:00,4579.95,4580.53,4569.14,4573.47,6027
2025-10-07 16:15:00-04:00,4573.47,4576.11,4555.04,4560.16,4937
2025-10-07 16:20:00-04:00,4560.16,4565.25,4553.28,4561.89,6230
2025-10-07 16:25:00-04:00,4561.89,4567.46,4559.01,4566.79,3588
2025-10-08 09:30:00-04:00,4558.42,4575.01,4558.42,4571.05,4711
2025-10-08 09:35:00-04:00,4571.05,4576.25,4566.69,4571.08,5371
2025-10-08 09:40:00-04:00,4571.08,4576.53,4561.25,4566.07,7054
2025-10-08 09:45:00-04:00,4566.07,4577.29,4560.22,4566.37,6228
2025-10-08 09:50:00-04:00,4566.37,4583.69,4560.47,4577.07,8670
2025-10-08 09:55:00-04:00,4577.07,4581.76,4567.56,4575.13,5411
2025-10-08 10:00:00-04:00,4575.13,4584.55,4571.77,4582.7,3337
2025-10-08 10:05:00-04:00,4582.7,4587.45,4571.99,4574.77,5569
2025-10-08 10:10:00-04:00,4574.77,4576.48,4564.74,4567.84,4826
2025-10-08 10:15:00-04:00,4567.84,4588.31,4567.84,4586.45,8123
2025-10-08 10:20:00-04:00,4586.45,4592.32,4584.88,4587.9,3136
2025-10-08 10:25:00-04:00,4587.9,4591.3,4579.43,4587.68,3235
2025-10-08 10:30:00-04:00,4587.68,4590.98,4580.4,4585.29,3014
2025-10-08 10:35:00-04:00,4585.29,4592.53,4584.6,4590.18,2517
2025-10-08 10:40:00-04:00,4590.18,4591.41,4581.29,4588.26,2509
2025-10-08 10:45:00-04:00,4588.26,4597.06,4571.27,4573.88,14732
2025-10-08 10:50:00-04:00,4573.88,4575.76,4557.78,4566.93,5842
2025-10-08 10:55:00-04:00,4566.93,4583.86,4566.93,4581.53,7880
2025-10-08 11:00:00-04:00,4581.53,4586.38,4576.85,4583.87,3027
2025-10-08 11:05:00-04:00,4583.87,4595.8,4577.12,4594.25,6489
2025-10-08 11:10:00-04:00,4594.25,4608.45,4592.87,4603.52,5125
2025-10-08 11:15:00-04:00,4603.52,4603.52,4592.63,4596.72,3772
2025-10-08 11:20:00-04:00,4596.72,4597.83,4592.87,4594.48,1430
2025-10-08 11:25:00-04:00,4594.48,4597.17,4591.38,4592.8,1531
2025-10-08 11:30:00-04:00,4592.8,4599.68,4592.8,4598.77,2248
2025-10-08 11:35:00-04:00,4598.77,4605.18,4598.77,4602.84,1511
2025-10-08 11:40:00-04:00,4602.84,4607.26,4601.43,4605.68,1334
2025-10-08 11:45:00-04:00,4605.68,4610.36,4605.47,4607.65,1902
2025-10-08 11:50:00-04:00,4607.65,4611.81,4599.1,4600.34,2431
2025-10-08 11:55:00-04:00,4600.34,4602.86,4580.02,4582.32,3383
2025-10-08 12:00:00-04:00,4582.32,4588.95,4582.32,4586.56,1747
2025-10-08 12:05:00-04:00,4586.56,4590.55,4586.49,4587.46,1444
2025-10-08 12:10:00-04:00,4587.46,4587.46,4580.92,4585.08,1839
2025-10-08 12:15:00-04:00,4585.08,4591.71,4582.47,4589.93,2371
2025-10-08 12:20:00-04:00,4589.93,4596.07,4589.93,4593.78,1879
2025-10-08 12:25:00-04:00,4593.78,4600.33,4592.68,4598.44,1902
2025-10-08 12:30:00-04:00,4598.44,4600.61,4594.98,4598.96,1728
2025-10-08 12:35:00-04:00,4598.96,4603.57,4597.29,4599.65,1753
2025-10-08 12:40:00-04:00,4599.65,4601.04,4595.53,4597.81,1856
2025-10-08 12:45:00-04:00,4597.81,4601.65,4596.92,4599.21,1554
2025-10-08 12:50:00-04:00,4599.21,4602.33,4589.45,4591.47,6465
2025-10-08 12:55:00-04:00,4591.47,4593.48,4585.76,4591.41,3086
2025-10-08 13:00:00-04:00,4591.41,4595.87,4589.85,4590.86,1733
2025-10-08 13:05:00-04:00,4590.86,4598.22,4589.47,4595.9,1828
2025-10-08 13:10:00-04:00,4595.9,4599.84,4594.64,4597.66,2012
2025-10-08 13:15:00-04:00,4597.66,4603.9,4596.89,4602.71,1843
2025-10-08 13:20:00-04:00,4602.71,4620.48,4602.71,4619.16,3986
2025-10-08 13:25:00-04:00,4619.16,4636.73,4617.45,4634.69,3613
2025-10-08 13:30:00-04:00,4634.69,4638.88,4633.74,4634.63,2036
2025-10-08 13:35:00-04:00,4634.63,4636.06,4627.78,4631.9,2870
2025-10-08 13:40:00-04:00,4631.9,4638.92,4623.41,4625.85,6993
2025-10-08 13:45:00-04:00,4625.85,4628.69,4611.09,4614.73,5804
2025-10-08 13:50:00-04:00,4614.73,4619.73,4610.43,4617.41,3130
2025-10-08 13:55:00-04:00,4617.41,4623.32,4613.49,4617.19,2971
2025-10-08 14:00:00-04:00,4617.19,4620.98,4613.8,4617.42,3406
2025-10-08 14:05:00-04:00,4617.42,4626.69,4616.97,4624.18,2931
2025-10-08 14:10:00-04:00,4624.18,4628.54,4622.16,4625.79,2801
2025-10-08 14:15:00-04:00,4625.79,4626.24,4619.72,4622.05,2818
2025-10-08 14:20:00-04:00,4622.05,4628.83,4622.05,4625.62,2788
2025-10-08 14:25:00-04:00,4625.62,4652.94,4623.04,4650.02,10315
2025-10-08 14:30:00-04:00,4650.02,4662.87,4649.79,4660.17,4157
2025-10-08 14:35:00-04:00,4660.17,4671.97,4658.64,4670.56,4940
2025-10-08 14:40:00-04:00,4670.56,4675.84,4665.45,4670.28,3387
2025-10-08 14:45:00-04:00,4670.28,4671.93,4659.4,4662.87,3308
2025-10-08 14:50:00-04:00,4662.87,4674.83,4662.63,4672.18,5267
2025-10-08 14:55:00-04:00,4672.18,4676.4,4668.81,4675.49,3350
2025-10-08 15:00:00-04:00,4675.49,4678.73,4671.67,4674.15,2558
2025-10-08 15:05:00-04:00,4674.15,4678.41,4670.1,4676.61,2981
2025-10-08 15:10:00-04:00,4676.61,4678.08,4668.93,4671.03,2635
2025-10-08 15:15:00-04:00,4671.03,4676.6,4666.63,4671.81,2891
2025-10-08 15:20:00-04:00,4671.81,4674.1,4667.52,4667.57,2990
2025-10-08 15:25:00-04:00,4667.57,4674.41,4663.8,4673.5,3122
2025-10-08 15:30:00-04:00,4673.5,4680.96,4673.5,4676.17,3619
2025-10-08 15:35:00-04:00,4676.17,4682.36,4670.71,4673.99,4209
2025-10-08 15:40:00-04:00,4673.99,4681.22,4673.12,4679.37,3575
2025-10-08 15:45:00-04:00,4679.37,4687.82,4676.29,4685.72,2996
2025-10-08 15:50:00-04:00,4685.72,4693.73,4683.89,4690.58,3420
2025-10-08 15:55:00-04:00,4690.58,4704.96,4687.64,4703.95,8210
2025-10-08 16:00:00-04:00,4703.95,4703.95,4690.53,4694.54,3654
2025-10-08 16:05:00-04:00,4694.54,4696.91,4687.66,4695.94,2503
2025-10-08 16:10:00-04:00,4695.94,4695.94,4681.67,4685.47,3042
2025-10-08 16:15:00-04:00,4685.47,4685.47,4666.42,4671.37,3729
2025-10-08 16:20:00-04:00,4671.37,4677.13,4661.12,4668.69,5389
2025-10-08 16:25:00-04:00,4668.69,4677.88,4665.54,4673.59,5543
2025-10-08 16:30:00-04:00,4673.59,4680.89,4667.4,4677.35,6195
2025-10-08 16:35:00-04:00,4677.35,4688.99,4672.48,4687.92,7789
2025-10-08 16:40:00-04:00,4687.92,4700.65,4686.09,4691.89,7612
2025-10-08 16:45:00-04:00,4691.89,4695.26,4683.99,4689.92,6336
2025-10-08 16:50:00-04:00,4689.92,4689.92,4684.02,4685.41,1136
2025-10-09 09:30:00-04:00,4671.66,4681.6,4667.12,4673.22,5383
2025-10-09 09:35:00-04:00,4673.22,4678.21,4662.55,4666.21,5341
2025-10-09 09:40:00-04:00,4666.21,4669.92,4652.4,4657.14,6001
2025-10-09 09:45:00-04:00,4657.14,4674.89,4654.11,4665.83,5623
2025-10-09 09:50:00-04:00,4665.83,4670.15,4654.42,4662.91,4939
2025-10-09 09:55:00-04:00,4662.91,4665.71,4653.2,4658.01,6622
2025-10-09 10:00:00-04:00,4658.01,4675.48,4658.01,4671.03,3206
2025-10-09 10:05:00-04:00,4671.03,4681.24,4664.23,4679.17,4095
2025-10-09 10:10:00-04:00,4679.17,4692.02,4677.47,4690.03,5195
2025-10-09 10:15:00-04:00,4690.03,4698.24,4686.8,4694.15,3252
2025-10-09 10:20:00-04:00,4694.15,4694.15,4678.7,4679.89,5704
2025-10-09 10:25:00-04:00,4679.89,4682.42,4663.74,4672.02,8540
2025-10-09 10:30:00-04:00,4672.02,4686.04,4670.7,4683.43,10103
2025-10-09 10:35:00-04:00,4683.43,4691.31,4681.04,4686.79,2835
2025-10-09 10:40:00-04:00,4686.79,4693.82,4684.66,4687.96,3137
2025-10-09 10:45:00-04:00,4687.96,4701.1,4687.96,4699.69,2505
2025-10-09 10:50:00-04:00,4699.69,4702.9,4686.91,4690.36,2643
2025-10-09 10:55:00-04:00,4690.36,4694.09,4683.76,4683.88,2850
2025-10-09 11:00:00-04:00,4683.88,4685.61,4677.86,4681.93,3622
2025-10-09 11:05:00-04:00,4681.93,4684.68,4672.22,4676.54,2965
2025-10-09 11:10:00-04:00,4676.54,4676.54,4670.61,4673.8,1926
2025-10-09 11:15:00-04:00,4673.8,4676.15,4672.14,4674.45,1830
2025-10-09 11:20:00-04:00,4674.45,4675.62,4670.1,4673.52,1849
2025-10-09 11:25:00-04:00,4673.52,4676.29,4667.62,4670.32,1767
2025-10-09 11:30:00-04:00,4670.32,4676.23,4669.07,4672.98,2586
2025-10-09 11:35:00-04:00,4672.98,4679.52,4671.19,4677.87,1936
2025-10-09 11:40:00-04:00,4677.87,4681.77,4675.9,4681.26,1759
2025-10-09 11:45:00-04:00,4681.26,4683.63,4677.24,4681.7,1878
2025-10-09 11:50:00-04:00,4681.7,4683.62,4678.49,4682.87,1692
2025-10-09 11:55:00-04:00,4682.87,4685.93,4675.23,4676.85,3109
2025-10-09 12:00:00-04:00,4676.85,4679.77,4663.36,4665.82,3854
2025-10-09 12:05:00-04:00,4665.82,4667.12,4660.38,4663.01,1594
2025-10-09 12:10:00-04:00,4663.01,4665.81,4660.07,4662.32,1589
2025-10-09 12:15:00-04:00,4662.32,4668.26,4661.82,4667.64,1787
2025-10-09 12:20:00-04:00,4667.64,4674.62,4666.28,4671.88,1686
2025-10-09 12:25:00-04:00,4671.88,4676.12,4670.3,4673.81,1785
2025-10-09 12:30:00-04:00,4673.81,4675.67,4668.65,4672.29,1647
2025-10-09 12:35:00-04:00,4672.29,4680.86,4670.66,4678.53,1478
2025-10-09 12:40:00-04:00,4678.53,4682.4,4675.81,4676.89,1424
2025-10-09 12:45:00-04:00,4676.89,4679.28,4671.28,4673.03,2409
2025-10-09 12:50:00-04:00,4673.03,4673.88,4667.96,4671.73,1704
2025-10-09 12:55:00-04:00,4671.73,4674.69,4666.38,4668.24,1877
2025-10-09 13:00:00-04:00,4668.24,4668.24,4660.11,4662.25,2568
2025-10-09 13:05:00-04:00,4662.25,4662.69,4655.67,4658.56,1613
2025-10-09 13:10:00-04:00,4658.56,4665.0,4658.56,4662.25,1824
2025-10-09 13:15:00-04:00,4662.25,4665.25,4659.05,4662.21,2940
2025-10-09 13:20:00-04:00,4662.21,4670.75,4662.21,4667.5,3332
2025-10-09 13:25:00-04:00,4667.5,4679.49,4662.97,4678.38,8656
2025-10-09 13:30:00-04:00,4678.38,4679.22,4671.14,4675.34,3574
2025-10-09 13:35:00-04:00,4675.34,4677.88,4668.58,4676.05,2932
2025-10-09 13:40:00-04:00,4676.05,4682.16,4667.23,4670.73,3271
2025-10-09 13:45:00-04:00,4670.73,4688.32,4668.61,4685.68,6986
2025-10-09 13:50:00-04:00,4685.68,4697.8,4683.55,4691.5,5608
2025-10-09 13:55:00-04:00,4691.5,4699.42,4691.5,4696.27,2871
2025-10-09 14:00:00-04:00,4696.27,4700.26,4690.59,4694.8,3059
2025-10-09 14:05:00-04:00,4694.8,4697.22,4690.61,4694.03,3046
2025-10-09 14:10:00-04:00,4694.03,4697.06,4687.17,4693.96,3309
2025-10-09 14:15:00-04:00,4693.96,4702.69,4691.5,4701.36,2742
2025-10-09 14:20:00-04:00,4701.36,4701.78,4694.91,4698.99,3421
2025-10-09 14:25:00-04:00,4698.99,4701.47,4684.9,4686.62,9285
2025-10-09 14:30:00-04:00,4686.62,4694.37,4684.88,4686.11,3250
2025-10-09 14:35:00-04:00,4686.11,4686.11,4678.46,4679.21,2409
2025-10-09 14:40:00-04:00,4679.21,4681.92,4671.94,4678.19,4154
2025-10-09 14:45:00-04:00,4678.19,4682.99,4677.18,4682.85,2762
2025-10-09 14:50:00-04:00,4682.85,4684.31,4675.66,4682.35,3457
2025-10-09 14:55:00-04:00,4682.35,4691.66,4682.35,4683.52,3515
2025-10-09 15:00:00-04:00,4683.52,4684.96,4669.66,4672.68,2947
2025-10-09 15:05:00-04:00,4672.68,4673.99,4648.24,4651.87,6240
2025-10-09 15:10:00-04:00,4651.87,4656.26,4649.53,4650.77,4839
2025-10-09 15:15:00-04:00,4650.77,4653.4,4639.78,4642.08,8860
2025-10-09 15:20:00-04:00,4642.08,4667.56,4640.48,4664.44,5124
2025-10-09 15:25:00-04:00,4664.44,4669.03,4657.62,4668.21,3552
2025-10-09 15:30:00-04:00,4668.21,4670.93,4665.35,4668.41,3008
2025-10-09 15:35:00-04:00,4668.41,4680.66,4668.41,4675.49,2711
2025-10-09 15:40:00-04:00,4675.49,4679.52,4667.2,4676.46,2908
2025-10-09 15:45:00-04:00,4676.46,4684.42,4674.59,4676.49,2630
2025-10-09 15:50:00-04:00,4676.49,4683.19,4666.14,4671.45,3120
2025-10-09 15:55:00-04:00,4671.45,4676.89,4663.58,4669.4,2621
2025-10-09 16:00:00-04:00,4669.4,4677.74,4665.14,4671.41,3437
2025-10-09 16:05:00-04:00,4671.41,4678.16,4668.76,4669.17,2635
2025-10-09 16:10:00-04:00,4669.17,4684.02,4668.99,4679.22,6662
2025-10-09 16:15:00-04:00,4679.22,4681.14,4662.76,4664.51,11518
2025-10-09 16:20:00-04:00,4664.51,4672.96,4662.55,4667.06,5234
2025-10-09 16:25:00-04:00,4667.06,4684.9,4663.33,4682.51,17167
2025-10-09 16:30:00-04:00,4682.51,4705.19,4679.73,4705.13,9393
2025-10-09 16:35:00-04:00,4705.13,4712.51,4698.11,4704.6,5930
2025-10-09 16:40:00-04:00,4704.6,4712.0,4703.03,4706.87,6545
2025-10-09 16:45:00-04:00,4706.87,4709.41,4700.87,4707.54,2445
2025-10-10 09:30:00-04:00,4718.26,4727.51,4705.63,4721.37,6790
2025-10-10 09:35:00-04:00,4721.37,4732.65,4709.44,4716.31,6591
2025-10-10 09:40:00-04:00,4716.31,4724.73,4699.35,4706.76,6697
2025-10-10 09:45:00-04:00,4706.76,4715.45,4698.14,4707.76,4255
2025-10-10 09:50:00-04:00,4707.76,4712.74,4703.85,4704.62,5804
2025-10-10 09:55:00-04:00,4704.62,4722.93,4702.2,4715.99,12903
2025-10-10 10:00:00-04:00,4715.99,4723.75,4710.14,4715.48,4445
2025-10-10 10:05:00-04:00,4715.48,4722.94,4713.93,4716.7,3208
2025-10-10 10:10:00-04:00,4716.7,4719.15,4705.62,4708.56,3418
2025-10-10 10:15:00-04:00,4708.56,4712.19,4704.92,4710.37,3432
2025-10-10 10:20:00-04:00,4710.37,4713.91,4701.45,4707.36,3607
2025-10-10 10:25:00-04:00,4707.36,4710.31,4700.79,4705.19,2730
2025-10-10 10:30:00-04:00,4705.19,4711.03,4701.13,4704.68,2597
2025-10-10 10:35:00-04:00,4704.68,4715.04,4704.68,4711.25,2223
2025-10-10 10:40:00-04:00,4711.25,4719.38,4709.95,4713.73,3057
2025-10-10 10:45:00-04:00,4713.73,4723.3,4713.73,4721.29,2343
2025-10-10 10:50:00-04:00,4721.29,4723.94,4713.38,4715.65,3121
2025-10-10 10:55:00-04:00,4715.65,4719.68,4708.04,4711.62,2608
2025-10-10 11:00:00-04:00,4711.62,4715.7,4710.04,4714.21,2679
2025-10-10 11:05:00-04:00,4714.21,4717.44,4711.78,4714.6,1645
2025-10-10 11:10:00-04:00,4714.6,4719.62,4713.86,4717.84,1486
2025-10-10 11:15:00-04:00,4717.84,4723.47,4716.6,4720.32,2399
2025-10-10 11:20:00-04:00,4720.32,4722.71,4717.53,4719.68,1517
2025-10-10 11:25:00-04:00,4719.68,4721.74,4717.6,4720.09,1841
2025-10-10 11:30:00-04:00,4720.09,4727.12,4717.78,4725.49,1938
2025-10-10 11:35:00-04:00,4725.49,4730.71,4723.36,4724.37,2656
2025-10-10 11:40:00-04:00,4724.37,4727.92,4721.13,4726.16,1700
2025-10-10 11:45:00-04:00,4726.16,4730.16,4723.83,4728.3,2411
2025-10-10 11:50:00-04:00,4728.3,4730.74,4724.57,4726.56,2144
2025-10-10 11:55:00-04:00,4726.56,4730.3,4722.98,4729.66,1767
2025-10-10 12:00:00-04:00,4729.66,4735.57,4726.52,4733.29,1563
2025-10-10 12:05:00-04:00,4733.29,4733.29,4727.61,4730.52,1803
2025-10-10 12:10:00-04:00,4730.52,4733.69,4726.92,4728.9,2103
2025-10-10 12:15:00-04:00,4728.9,4728.9,4722.73,4725.09,1882
2025-10-10 12:20:00-04:00,4725.09,4727.15,4721.65,4722.44,1626
2025-10-10 12:25:00-04:00,4722.44,4726.05,4717.71,4720.53,1571
2025-10-10 12:30:00-04:00,4720.53,4725.01,4717.9,4722.55,2052
2025-10-10 12:35:00-04:00,4722.55,4725.04,4706.32,4707.43,3758
2025-10-10 12:40:00-04:00,4707.43,4709.55,4701.45,4707.0,2152
2025-10-10 12:45:00-04:00,4707.0,4712.16,4705.93,4709.66,1299
2025-10-10 12:50:00-04:00,4709.66,4710.2,4704.95,4709.37,1630
2025-10-10 12:55:00-04:00,4709.37,4709.37,4699.75,4702.07,2649
2025-10-10 13:00:00-04:00,4702.07,4705.2,4697.28,4703.26,1992
2025-10-10 13:05:00-04:00,4703.26,4712.12,4698.98,4708.54,2749
2025-10-10 13:10:00-04:00,4708.54,4711.3,4702.13,4705.46,2979
2025-10-10 13:15:00-04:00,4705.46,4705.46,4694.82,4697.76,2959
2025-10-10 13:20:00-04:00,4697.76,4698.32,4691.21,4697.1,2560
2025-10-10 13:25:00-04:00,4697.1,4703.32,4694.51,4701.38,3063
2025-10-10 13:30:00-04:00,4701.38,4705.15,4699.54,4703.26,3191
2025-10-10 13:35:00-04:00,4703.26,4708.73,4700.07,4704.41,2783
2025-10-10 13:40:00-04:00,4704.41,4705.86,4698.17,4701.8,2956
2025-10-10 13:45:00-04:00,4701.8,4707.16,4697.53,4704.85,2526
2025-10-10 13:50:00-04:00,4704.85,4705.22,4695.71,4698.78,3826
2025-10-10 13:55:00-04:00,4698.78,4705.49,4697.34,4701.6,3027
2025-10-10 14:00:00-04:00,4701.6,4706.69,4699.27,4703.21,2665
2025-10-10 14:05:00-04:00,4703.21,4706.1,4700.42,4703.54,2788
2025-10-10 14:10:00-04:00,4703.54,4709.2,4702.1,4705.19,3043
2025-10-10 14:15:00-04:00,4705.19,4710.84,4703.13,4708.62,3373
2025-10-10 14:20:00-04:00,4708.62,4713.27,4706.4,4712.38,2794
2025-10-10 14:25:00-04:00,4712.38,4723.59,4708.73,4720.9,8522
2025-10-10 14:30:00-04:00,4720.9,4732.92,4719.25,4730.25,6626
2025-10-10 14:35:00-04:00,4730.25,4732.74,4725.71,4728.55,2371
2025-10-10 14:40:00-04:00,4728.55,4732.73,4723.34,4727.91,2913
2025-10-10 14:45:00-04:00,4727.91,4729.33,4723.29,4726.54,3250
2025-10-10 14:50:00-04:00,4726.54,4729.05,4720.29,4728.32,3035
2025-10-10 14:55:00-04:00,4728.32,4728.32,4720.64,4723.88,3189
2025-10-10 15:00:00-04:00,4723.88,4743.36,4721.01,4740.64,4853
2025-10-10 15:05:00-04:00,4740.64,4748.58,4738.37,4745.3,3651
2025-10-10 15:10:00-04:00,4745.3,4752.13,4741.62,4746.34,2914
2025-10-10 15:15:00-04:00,4746.34,4749.52,4731.05,4733.21,2992
2025-10-10 15:20:00-04:00,4733.21,4736.58,4727.67,4732.08,2734
2025-10-10 15:25:00-04:00,4732.08,4742.31,4727.55,4730.75,3971
2025-10-10 15:30:00-04:00,4730.75,4740.0,4726.61,4733.81,2809
2025-10-10 15:35:00-04:00,4733.81,4741.66,4731.31,4739.13,2384
2025-10-10 15:40:00-04:00,4739.13,4749.07,4733.74,4746.9,5826
2025-10-10 15:45:00-04:00,4746.9,4762.96,4745.08,4756.49,6898
2025-10-10 15:50:00-04:00,4756.49,4764.03,4749.45,4754.96,5185
2025-10-10 15:55:00-04:00,4754.96,4766.18,4749.32,4764.57,16547
2025-10-10 16:00:00-04:00,4764.57,4775.13,4762.35,4770.27,8263
2025-10-10 16:05:00-04:00,4770.27,4780.91,4769.3,4772.27,6068
2025-10-10 16:10:00-04:00,4772.27,4772.88,4758.2,4762.66,6240
2025-10-10 16:15:00-04:00,4762.66,4767.59,4755.36,4759.16,6065
2025-10-10 16:20:00-04:00,4759.16,4760.74,4745.51,4749.01,8147
2025-10-13 09:30:00-04:00,4760.94,4772.51,4748.29,4757.05,5483
2025-10-13 09:35:00-04:00,4757.05,4762.46,4746.23,4748.72,5146
2025-10-13 09:40:00-04:00,4748.72,4750.3,4725.69,4731.81,6512
2025-10-13 09:45:00-04:00,4731.81,4731.81,4710.88,4717.17,5905
2025-10-13 09:50:00-04:00,4717.17,4728.08,4710.88,4721.67,5835
2025-10-13 09:55:00-04:00,4721.67,4727.58,4708.81,4722.78,8060
2025-10-13 10:00:00-04:00,4722.78,4740.84,4719.99,4738.01,13117
2025-10-13 10:05:00-04:00,4738.01,4740.05,4729.93,4732.64,4224
2025-10-13 10:10:00-04:00,4732.64,4734.77,4716.9,4722.57,6223
2025-10-13 10:15:00-04:00,4722.57,4729.29,4717.31,4724.45,4117
2025-10-13 10:20:00-04:00,4724.45,4734.94,4722.62,4730.42,3810
2025-10-13 10:25:00-04:00,4730.42,4738.44,4728.85,4734.12,3252
2025-10-13 10:30:00-04:00,4734.12,4735.22,4723.99,4726.37,3415
2025-10-13 10:35:00-04:00,4726.37,4731.99,4723.64,4728.06,2837
2025-10-13 10:40:00-04:00,4728.06,4737.27,4722.96,4732.11,3425
2025-10-13 10:45:00-04:00,4732.11,4735.84,4727.38,4729.62,3846
2025-10-13 10:50:00-04:00,4729.62,4734.7,4723.4,4730.28,3372
2025-10-13 10:55:00-04:00,4730.28,4730.28,4721.08,4721.51,2719
2025-10-13 11:00:00-04:00,4721.51,4722.99,4708.55,4710.21,2962
2025-10-13 11:05:00-04:00,4710.21,4716.63,4707.56,4712.59,1746
2025-10-13 11:10:00-04:00,4712.59,4714.27,4707.9,4712.27,1557
2025-10-13 11:15:00-04:00,4712.27,4713.55,4700.56,4702.46,3362
2025-10-13 11:20:00-04:00,4702.46,4704.39,4695.13,4697.39,1862
2025-10-13 11:25:00-04:00,4697.39,4697.39,4692.25,4694.47,1867
2025-10-13 11:30:00-04:00,4694.47,4701.09,4693.06,4698.47,1738
2025-10-13 11:35:00-04:00,4698.47,4703.5,4698.3,4700.78,1460
2025-10-13 11:40:00-04:00,4700.78,4704.25,4699.23,4700.31,2079
2025-10-13 11:45:00-04:00,4700.31,4705.51,4697.48,4698.62,2316
2025-10-13 11:50:00-04:00,4698.62,4703.29,4697.31,4702.78,2172
2025-10-13 11:55:00-04:00,4702.78,4707.9,4702.05,4703.63,1912
2025-10-13 12:00:00-04:00,4703.63,4705.32,4699.81,4701.53,1940
2025-10-13 12:05:00-04:00,4701.53,4706.28,4700.84,4703.96,1647
2025-10-13 12:10:00-04:00,4703.96,4709.14,4700.1,4708.21,1907
2025-10-13 12:15:00-04:00,4708.21,4709.11,4703.16,4705.23,1699
2025-10-13 12:20:00-04:00,4705.23,4709.17,4704.48,4705.86,1334
2025-10-13 12:25:00-04:00,4705.86,4717.76,4701.3,4715.8,2412
2025-10-13 12:30:00-04:00,4715.8,4735.75,4713.65,4733.36,3294
2025-10-13 12:35:00-04:00,4733.36,4735.57,4732.07,4733.22,1643
2025-10-13 12:40:00-04:00,4733.22,4734.75,4727.11,4728.38,2301
2025-10-13 12:45:00-04:00,4728.38,4729.87,4716.4,4717.67,3510
2025-10-13 12:50:00-04:00,4717.67,4721.41,4715.11,4718.43,1958
2025-10-13 12:55:00-04:00,4718.43,4720.89,4715.93,4719.05,1694
2025-10-13 13:00:00-04:00,4719.05,4721.74,4715.72,4716.48,2017
2025-10-13 13:05:00-04:00,4716.48,4717.54,4709.68,4711.22,2078
2025-10-13 13:10:00-04:00,4711.22,4715.95,4709.9,4713.73,1539
2025-10-13 13:15:00-04:00,4713.73,4719.31,4713.73,4715.7,1557
2025-10-13 13:20:00-04:00,4715.7,4717.58,4711.58,4714.56,2265
2025-10-13 13:25:00-04:00,4714.56,4714.56,4705.71,4712.15,3462
2025-10-13 13:30:00-04:00,4712.15,4720.21,4709.09,4718.13,4168
2025-10-13 13:35:00-04:00,4718.13,4721.12,4712.53,4715.38,2992
2025-10-13 13:40:00-04:00,4715.38,4719.74,4712.1,4716.82,2753
2025-10-13 13:45:00-04:00,4716.82,4717.78,4712.25,4715.23,3393
2025-10-13 13:50:00-04:00,4715.23,4721.89,4712.71,4720.22,3052
2025-10-13 13:55:00-04:00,4720.22,4723.73,4716.98,4720.97,2994
2025-10-13 14:00:00-04:00,4720.97,4727.31,4718.73,4719.82,4721
2025-10-13 14:05:00-04:00,4719.82,4724.65,4712.8,4722.48,3130
2025-10-13 14:10:00-04:00,4722.48,4726.77,4722.15,4723.9,3391
2025-10-13 14:15:00-04:00,4723.9,4730.74,4720.83,4727.2,3526
2025-10-13 14:20:00-04:00,4727.2,4730.76,4724.76,4728.39,3309
2025-10-13 14:25:00-04:00,4728.39,4732.86,4724.43,4726.97,3196
2025-10-13 14:30:00-04:00,4726.97,4735.42,4725.13,4728.47,2941
2025-10-13 14:35:00-04:00,4728.47,4730.84,4722.64,4727.97,3445
2025-10-13 14:40:00-04:00,4727.97,4734.49,4727.86,4731.94,2967
2025-10-13 14:45:00-04:00,4731.94,4734.99,4726.15,4732.0,3378
2025-10-13 14:50:00-04:00,4732.0,4735.83,4721.41,4723.57,4723
2025-10-13 14:55:00-04:00,4723.57,4724.82,4706.93,4713.06,6467
2025-10-13 15:00:00-04:00,4713.06,4720.41,4711.6,4716.75,3065
2025-10-13 15:05:00-04:00,4716.75,4720.14,4709.14,4712.63,3557
2025-10-13 15:10:00-04:00,4712.63,4721.75,4709.82,4718.32,3682
2025-10-13 15:15:00-04:00,4718.32,4726.42,4715.67,4721.75,2670
2025-10-13 15:20:00-04:00,4721.75,4730.04,4718.87,4723.53,3294
2025-10-13 15:25:00-04:00,4723.53,4728.58,4720.98,4725.35,3060
2025-10-13 15:30:00-04:00,4725.35,4728.87,4713.99,4725.54,2467
2025-10-13 15:35:00-04:00,4725.54,4735.78,4716.0,4731.58,3044
2025-10-13 15:40:00-04:00,4731.58,4739.87,4727.01,4735.3,3630
2025-10-13 15:45:00-04:00,4735.3,4746.53,4731.94,4733.32,2818
2025-10-13 15:50:00-04:00,4733.32,4744.9,4732.52,4739.9,2732
2025-10-13 15:55:00-04:00,4739.9,4739.9,4724.65,4727.92,4655
2025-10-13 16:00:00-04:00,4727.92,4744.82,4724.43,4739.9,6030
2025-10-13 16:05:00-04:00,4739.9,4744.82,4733.33,4735.71,6535
2025-10-13 16:10:00-04:00,4735.71,4742.45,4729.29,4734.51,7097
2025-10-13 16:15:00-04:00,4734.51,4742.28,4726.64,4741.43,8836
2025-10-13 16:20:00-04:00,4741.43,4745.92,4735.98,4740.83,5683
2025-10-13 16:25:00-04:00,4740.83,4748.89,4739.47,4746.01,3203
2025-10-14 09:30:00-04:00,4738.51,4738.51,4723.48,4728.12,6085
2025-10-14 09:35:00-04:00,4728.12,4728.12,4709.3,4715.11,7160
2025-10-14 09:40:00-04:00,4715.11,4725.27,4706.29,4711.89,5240
2025-10-14 09:45:00-04:00,4711.89,4719.15,4704.41,4712.43,6662
2025-10-14 09:50:00-04:00,4712.43,4712.52,4701.94,4705.31,6111
2025-10-14 09:55:00-04:00,4705.31,4719.57,4700.82,4715.42,5729
2025-10-14 10:00:00-04:00,4715.42,4723.63,4710.86,4714.55,2862
2025-10-14 10:05:00-04:00,4714.55,4718.42,4710.52,4713.58,3585
2025-10-14 10:10:00-04:00,4713.58,4718.3,4707.75,4710.01,3303
2025-10-14 10:15:00-04:00,4710.01,4716.3,4704.9,4711.99,3197
2025-10-14 10:20:00-04:00,4711.99,4712.87,4703.42,4707.94,2656
2025-10-14 10:25:00-04:00,4707.94,4710.0,4699.71,4703.82,2911
2025-10-14 10:30:00-04:00,4703.82,4711.16,4692.73,4696.6,3394
2025-10-14 10:35:00-04:00,4696.6,4703.5,4695.35,4698.75,2766
2025-10-14 10:40:00-04:00,4698.75,4700.11,4684.26,4688.24,3193
2025-10-14 10:45:00-04:00,4688.24,4690.87,4675.57,4679.34,3337
2025-10-14 10:50:00-04:00,4679.34,4682.76,4671.97,4678.67,4604
2025-10-14 10:55:00-04:00,4678.67,4685.88,4678.67,4682.59,2874
2025-10-14 11:00:00-04:00,4682.59,4685.04,4662.95,4665.25,2551
2025-10-14 11:05:00-04:00,4665.25,4669.79,4662.59,4669.36,1660
2025-10-14 11:10:00-04:00,4669.36,4670.55,4665.38,4667.95,1472
2025-10-14 11:15:00-04:00,4667.95,4667.95,4659.31,4660.83,1864
2025-10-14 11:20:00-04:00,4660.83,4666.93,4660.64,4665.34,1645
2025-10-14 11:25:00-04:00,4665.34,4666.9,4662.19,4664.46,1973
2025-10-14 11:30:00-04:00,4664.46,4665.39,4661.44,4663.32,1731
2025-10-14 11:35:00-04:00,4663.32,4669.6,4663.24,4667.09,1706
2025-10-14 11:40:00-04:00,4667.09,4670.2,4664.4,4668.08,1768
2025-10-14 11:45:00-04:00,4668.08,4670.38,4664.15,4667.03,1547
2025-10-14 11:50:00-04:00,4667.03,4675.41,4665.91,4671.79,2268
2025-10-14 11:55:00-04:00,4671.79,4675.63,4669.39,4673.19,1824
2025-10-14 12:00:00-04:00,4673.19,4676.67,4671.64,4674.32,2000
2025-10-14 12:05:00-04:00,4674.32,4676.78,4672.65,4674.19,1875
2025-10-14 12:10:00-04:00,4674.19,4677.26,4670.61,4673.26,2564
2025-10-14 12:15:00-04:00,4673.26,4675.19,4662.37,4665.24,4670
2025-10-14 12:20:00-04:00,4665.24,4670.03,4663.39,4668.62,1893
2025-10-14 12:25:00-04:00,4668.62,4672.63,4667.49,4669.57,1497
2025-10-14 12:30:00-04:00,4669.57,4682.59,4666.9,4679.93,4221
2025-10-14 12:35:00-04:00,4679.93,4690.92,4678.47,4687.52,3752
2025-10-14 12:40:00-04:00,4687.52,4694.97,4680.65,4693.59,4114
2025-10-14 12:45:00-04:00,4693.59,4710.25,4692.22,4707.66,3372
2025-10-14 12:50:00-04:00,4707.66,4720.23,4703.32,4718.34,4433
2025-10-14 12:55:00-04:00,4718.34,4722.77,4717.17,4719.86,2581
2025-10-14 13:00:00-04:00,4719.86,4722.31,4716.2,4721.24,1430
2025-10-14 13:05:00-04:00,4721.24,4724.37,4718.27,4722.03,2024
2025-10-14 13:10:00-04:00,4722.03,4726.7,4720.24,4723.26,1931
2025-10-14 13:15:00-04:00,4723.26,4725.41,4719.85,4724.27,2147
2025-10-14 13:20:00-04:00,4724.27,4724.63,4720.42,4724.11,1992
2025-10-14 13:25:00-04:00,4724.11,4724.11,4715.53,4720.31,3457
2025-10-14 13:30:00-04:00,4720.31,4731.15,4720.31,4727.49,2812
2025-10-14 13:35:00-04:00,4727.49,4729.48,4719.54,4725.99,2773
2025-10-14 13:40:00-04:00,4725.99,4731.09,4724.98,4727.92,3115
2025-10-14 13:45:00-04:00,4727.92,4728.29,4720.51,4722.65,3179
2025-10-14 13:50:00-04:00,4722.65,4728.14,4720.55,4720.56,2955
2025-10-14 13:55:00-04:00,4720.56,4725.0,4718.83,4721.56,3326
2025-10-14 14:00:00-04:00,4721.56,4728.68,4719.15,4725.46,2841
2025-10-14 14:05:00-04:00,4725.46,4734.16,4722.95,4730.92,3313
2025-10-14 14:10:00-04:00,4730.92,4744.58,4730.92,4742.39,5282
2025-10-14 14:15:00-04:00,4742.39,4747.64,4739.01,4741.21,3900
2025-10-14 14:20:00-04:00,4741.21,4749.81,4741.03,4749.37,3442
2025-10-14 14:25:00-04:00,4749.37,4755.83,4745.91,4755.12,3405
2025-10-14 14:30:00-04:00,4755.12,4761.47,4754.81,4757.73,3631
2025-10-14 14:35:00-04:00,4757.73,4760.05,4753.41,4758.21,3368
2025-10-14 14:40:00-04:00,4758.21,4763.58,4755.88,4758.67,3068
2025-10-14 14:45:00-04:00,4758.67,4760.0,4752.5,4759.12,2707
2025-10-14 14:50:00-04:00,4759.12,4763.09,4756.46,4757.61,2971
2025-10-14 14:55:00-04:00,4757.61,4759.58,4751.86,4752.27,2825
2025-10-14 15:00:00-04:00,4752.27,4754.55,4746.85,4751.16,2588
2025-10-14 15:05:00-04:00,4751.16,4751.16,4744.5,4747.03,3562
2025-10-14 15:10:00-04:00,4747.03,4752.86,4745.18,4749.19,2981
2025-10-14 15:15:00-04:00,4749.19,4755.62,4745.93,4753.38,2509
2025-10-14 15:20:00-04:00,4753.38,4757.65,4747.1,4749.75,3522
2025-10-14 15:25:00-04:00,4749.75,4756.1,4742.6,4752.87,3618
2025-10-14 15:30:00-04:00,4752.87,4759.68,4747.35,4750.05,3505
2025-10-14 15:35:00-04:00,4750.05,4752.57,4742.68,4747.0,3062
2025-10-14 15:40:00-04:00,4747.0,4749.1,4723.12,4727.91,6312
2025-10-14 15:45:00-04:00,4727.91,4732.06,4720.74,4729.2,2921
2025-10-14 15:50:00-04:00,4729.2,4736.48,4719.61,4731.88,2581
2025-10-14 15:55:00-04:00,4731.88,4753.7,4729.87,4748.38,5090
2025-10-14 16:00:00-04:00,4748.38,4753.83,4740.83,4746.47,5161
2025-10-14 16:05:00-04:00,4746.47,4747.67,4733.34,4739.37,5546
2025-10-14 16:10:00-04:00,4739.37,4744.03,4733.61,4736.21,4934
2025-10-14 16:15:00-04:00,4736.21,4745.98,4729.4,4734.7,6802
2025-10-14 16:20:00-04:00,4734.7,4745.62,4734.7,4741.87,4836
2025-10-14 16:25:00-04:00,4741.87,4766.37,4738.75,4764.41,15087
2025-10-14 16:30:00-04:00,4764.41,4765.6,4751.33,4754.03,4364
2025-10-15 09:30:00-04:00,4747.5,4755.63,4740.2,4747.2,6164
2025-10-15 09:35:00-04:00,4747.2,4758.65,4739.07,4743.14,6258
2025-10-15 09:40:00-04:00,4743.14,4751.91,4736.39,4746.64,5971
2025-10-15 09:45:00-04:00,4746.64,4754.34,4738.39,4746.92,6167
2025-10-15 09:50:00-04:00,4746.92,4757.47,4728.42,4734.52,7325
2025-10-15 09:55:00-04:00,4734.52,4735.77,4719.44,4730.14,5217
2025-10-15 10:00:00-04:00,4730.14,4735.71,4726.86,4730.08,3665
2025-10-15 10:05:00-04:00,4730.08,4730.76,4721.11,4724.92,3189
2025-10-15 10:10:00-04:00,4724.92,4725.15,4716.03,4719.9,2764
2025-10-15 10:15:00-04:00,4719.9,4731.46,4719.9,4725.7,3373
2025-10-15 10:20:00-04:00,4725.7,4728.32,4721.04,4724.14,3005
2025-10-15 10:25:00-04:00,4724.14,4731.22,4723.06,4727.46,3155
2025-10-15 10:30:00-04:00,4727.46,4733.53,4724.38,4729.32,2515
2025-10-15 10:35:00-04:00,4729.32,4730.96,4718.62,4719.9,3181
2025-10-15 10:40:00-04:00,4719.9,4723.25,4714.56,4717.08,2844
2025-10-15 10:45:00-04:00,4717.08,4718.9,4709.59,4714.81,2659
2025-10-15 10:50:00-04:00,4714.81,4717.07,4705.02,4710.08,2511
2025-10-15 10:55:00-04:00,4710.08,4710.77,4700.92,4702.64,2692
2025-10-15 11:00:00-04:00,4702.64,4705.8,4700.16,4703.09,2225
2025-10-15 11:05:00-04:00,4703.09,4706.92,4702.65,4705.3,1651
2025-10-15 11:10:00-04:00,4705.3,4709.61,4704.28,4708.74,1703
2025-10-15 11:15:00-04:00,4708.74,4715.82,4708.62,4715.45,2219
2025-10-15 11:20:00-04:00,4715.45,4720.51,4714.86,4720.11,1487
2025-10-15 11:25:00-04:00,4720.11,4722.79,4718.98,4721.72,1643
2025-10-15 11:30:00-04:00,4721.72,4724.73,4719.04,4720.62,1921
2025-10-15 11:35:00-04:00,4720.62,4724.36,4719.02,4721.38,1651
2025-10-15 11:40:00-04:00,4721.38,4724.35,4719.18,4723.14,1624
2025-10-15 11:45:00-04:00,4723.14,4727.96,4722.02,4725.32,1462
2025-10-15 11:50:00-04:00,4725.32,4737.75,4722.83,4736.38,2446
2025-10-15 11:55:00-04:00,4736.38,4744.29,4733.79,4741.34,2346
2025-10-15 12:00:00-04:00,4741.34,4749.72,4741.34,4747.34,2554
2025-10-15 12:05:00-04:00,4747.34,4750.48,4742.8,4745.55,1579
2025-10-15 12:10:00-04:00,4745.55,4749.27,4742.89,4746.86,2102
2025-10-15 12:15:00-04:00,4746.86,4751.03,4744.45,4748.79,1528
2025-10-15 12:20:00-04:00,4748.79,4751.1,4744.8,4748.22,1954
2025-10-15 12:25:00-04:00,4748.22,4751.45,4745.1,4748.53,1784
2025-10-15 12:30:00-04:00,4748.53,4754.11,4746.69,4752.35,1726
2025-10-15 12:35:00-04:00,4752.35,4753.78,4749.1,4750.66,1581
2025-10-15 12:40:00-04:00,4750.66,4756.62,4747.73,4749.96,2132
2025-10-15 12:45:00-04:00,4749.96,4754.34,4749.72,4751.74,1646
2025-10-15 12:50:00-04:00,4751.74,4755.0,4749.1,4749.58,1933
2025-10-15 12:55:00-04:00,4749.58,4757.88,4746.28,4755.24,1521
2025-10-15 13:00:00-04:00,4755.24,4758.72,4753.17,4755.68,1870
2025-10-15 13:05:00-04:00,4755.68,4765.35,4754.34,4764.04,2242
2025-10-15 13:10:00-04:00,4764.04,4769.76,4762.75,4767.06,3342
2025-10-15 13:15:00-04:00,4767.06,4776.16,4767.06,4771.32,2806
2025-10-15 13:20:00-04:00,4771.32,4779.32,4770.03,4776.93,2845
2025-10-15 13:25:00-04:00,4776.93,4776.96,4770.48,4775.19,3037
2025-10-15 13:30:00-04:00,4775.19,4777.24,4769.81,4773.6,2689
2025-10-15 13:35:00-04:00,4773.6,4775.75,4766.52,4772.25,3585
2025-10-15 13:40:00-04:00,4772.25,4773.63,4765.08,4771.08,3742
2025-10-15 13:45:00-04:00,4771.08,4777.39,4770.55,4773.62,2926
2025-10-15 13:50:00-04:00,4773.62,4776.63,4770.65,4772.69,3182
2025-10-15 13:55:00-04:00,4772.69,4774.5,4766.54,4768.26,3009
2025-10-15 14:00:00-04:00,4768.26,4769.21,4762.56,4767.75,2943
2025-10-15 14:05:00-04:00,4767.75,4769.47,4760.53,4764.16,2695
2025-10-15 14:10:00-04:00,4764.16,4774.71,4761.81,4771.41,3048
2025-10-15 14:15:00-04:00,4771.41,4777.33,4768.12,4775.64,2953
2025-10-15 14:20:00-04:00,4775.64,4783.35,4773.35,4774.74,3105
2025-10-15 14:25:00-04:00,4774.74,4783.14,4774.74,4777.9,3910
2025-10-15 14:30:00-04:00,4777.9,4787.66,4776.82,4785.88,3933
2025-10-15 14:35:00-04:00,4785.88,4791.01,4783.62,4786.36,3221
2025-10-15 14:40:00-04:00,4786.36,4810.76,4785.08,4809.61,9449
2025-10-15 14:45:00-04:00,4809.61,4817.2,4804.62,4807.0,5128
2025-10-15 14:50:00-04:00,4807.0,4809.0,4797.97,4803.69,3384
2025-10-15 14:55:00-04:00,4803.69,4804.76,4793.6,4796.28,2920
2025-10-15 15:00:00-04:00,4796.28,4805.16,4794.64,4803.27,2221
2025-10-15 15:05:00-04:00,4803.27,4807.57,4798.61,4803.38,2766
2025-10-15 15:10:00-04:00,4803.38,4811.84,4803.38,4808.93,2976
2025-10-15 15:15:00-04:00,4808.93,4812.45,4801.41,4808.92,2549
2025-10-15 15:20:00-04:00,4808.92,4818.45,4804.04,4817.88,3252
2025-10-15 15:25:00-04:00,4817.88,4826.63,4816.12,4822.08,3229
2025-10-15 15:30:00-04:00,4822.08,4827.86,4817.18,4820.31,2706
2025-10-15 15:35:00-04:00,4820.31,4823.69,4808.71,4812.54,2656
2025-10-15 15:40:00-04:00,4812.54,4819.94,4806.55,4816.83,8120
2025-10-15 15:45:00-04:00,4816.83,4821.42,4810.14,4812.42,6290
2025-10-15 15:50:00-04:00,4812.42,4812.42,4804.04,4809.41,5747
2025-10-15 15:55:00-04:00,4809.41,4818.86,4802.84,4809.96,6240
2025-10-15 16:00:00-04:00,4809.96,4812.78,4799.59,4806.85,5482
2025-10-15 16:05:00-04:00,4806.85,4811.91,4802.62,4804.35,5512
2025-10-16 09:30:00-04:00,4794.93,4794.93,4762.29,4770.25,8226
2025-10-16 09:35:00-04:00,4770.25,4783.15,4767.39,4775.06,6099
2025-10-16 09:40:00-04:00,4775.06,4781.0,4767.37,4774.66,5570
2025-10-16 09:45:00-04:00,4774.66,4779.83,4759.49,4763.74,6232
2025-10-16 09:50:00-04:00,4763.74,4785.1,4759.25,4779.25,5887
2025-10-16 09:55:00-04:00,4779.25,4787.8,4763.41,4764.92,13022
2025-10-16 10:00:00-04:00,4764.92,4767.37,4746.81,4748.4,7692
2025-10-16 10:05:00-04:00,4748.4,4752.94,4743.79,4752.08,3390
2025-10-16 10:10:00-04:00,4752.08,4758.16,4744.4,4757.06,4185
2025-10-16 10:15:00-04:00,4757.06,4781.4,4755.12,4779.44,6781
2025-10-16 10:20:00-04:00,4779.44,4797.94,4776.56,4794.34,5152
2025-10-16 10:25:00-04:00,4794.34,4802.12,4792.37,4794.86,3090
2025-10-16 10:30:00-04:00,4794.86,4800.15,4789.87,4792.43,3199
2025-10-16 10:35:00-04:00,4792.43,4807.22,4791.23,4804.45,3202
2025-10-16 10:40:00-04:00,4804.45,4805.56,4794.34,4797.58,2558
2025-10-16 10:45:00-04:00,4797.58,4809.4,4797.58,4804.54,3498
2025-10-16 10:50:00-04:00,4804.54,4813.84,4800.76,4803.88,2896
2025-10-16 10:55:00-04:00,4803.88,4807.07,4796.46,4802.62,3058
2025-10-16 11:00:00-04:00,4802.62,4817.57,4802.62,4814.06,3316
2025-10-16 11:05:00-04:00,4814.06,4815.34,4806.34,4811.78,2661
2025-10-16 11:10:00-04:00,4811.78,4814.68,4808.12,4812.78,1187
2025-10-16 11:15:00-04:00,4812.78,4816.29,4812.1,4814.25,1758
2025-10-16 11:20:00-04:00,4814.25,4832.63,4809.24,4831.29,3592
2025-10-16 11:25:00-04:00,4831.29,4843.75,4828.37,4842.53,2137
2025-10-16 11:30:00-04:00,4842.53,4848.39,4841.41,4845.68,1825
2025-10-16 11:35:00-04:00,4845.68,4851.68,4844.94,4847.51,1887
2025-10-16 11:40:00-04:00,4847.51,4852.4,4845.68,4850.85,1852
2025-10-16 11:45:00-04:00,4850.85,4851.91,4844.84,4849.65,2011
2025-10-16 11:50:00-04:00,4849.65,4854.27,4848.1,4852.48,2187
2025-10-16 11:55:00-04:00,4852.48,4859.77,4850.57,4854.09,2226
2025-10-16 12:00:00-04:00,4854.09,4856.59,4848.18,4852.22,1930
2025-10-16 12:05:00-04:00,4852.22,4857.89,4849.4,4855.24,1826
2025-10-16 12:10:00-04:00,4855.24,4858.08,4852.23,4855.23,2226
2025-10-16 12:15:00-04:00,4855.23,4856.28,4848.48,4855.48,2488
2025-10-16 12:20:00-04:00,4855.48,4856.23,4851.25,4853.59,1833
2025-10-16 12:25:00-04:00,4853.59,4858.23,4839.57,4841.33,3652
2025-10-16 12:30:00-04:00,4841.33,4846.62,4840.35,4842.88,1517
2025-10-16 12:35:00-04:00,4842.88,4845.08,4839.38,4841.62,1769
2025-10-16 12:40:00-04:00,4841.62,4842.29,4836.29,4839.47,2111
2025-10-16 12:45:00-04:00,4839.47,4845.65,4836.64,4843.24,1765
2025-10-16 12:50:00-04:00,4843.24,4848.95,4842.09,4844.03,3075
2025-10-16 12:55:00-04:00,4844.03,4848.45,4843.64,4847.15,1935
2025-10-16 13:00:00-04:00,4847.15,4848.97,4843.23,4847.49,2142
2025-10-16 13:05:00-04:00,4847.49,4849.62,4842.65,4847.7,1571
2025-10-16 13:10:00-04:00,4847.7,4851.69,4846.81,4847.41,1704
2025-10-16 13:15:00-04:00,4847.41,4851.45,4841.53,4848.4,2389
2025-10-16 13:20:00-04:00,4848.4,4850.26,4842.23,4846.53,2891
2025-10-16 13:25:00-04:00,4846.53,4850.48,4842.08,4847.4,2918
2025-10-16 13:30:00-04:00,4847.4,4851.1,4845.42,4846.72,2877
2025-10-16 13:35:00-04:00,4846.72,4851.77,4842.63,4845.24,3337
2025-10-16 13:40:00-04:00,4845.24,4848.46,4838.85,4843.71,3191
2025-10-16 13:45:00-04:00,4843.71,4847.19,4837.63,4841.3,3357
2025-10-16 13:50:00-04:00,4841.3,4843.78,4836.24,4840.34,3287
2025-10-16 13:55:00-04:00,4840.34,4844.6,4838.92,4840.53,3163
2025-10-16 14:00:00-04:00,4840.53,4842.24,4834.46,4839.96,2521
2025-10-16 14:05:00-04:00,4839.96,4842.77,4832.91,4839.76,5010
2025-10-16 14:10:00-04:00,4839.76,4845.89,4837.99,4841.31,3030
2025-10-16 14:15:00-04:00,4841.31,4843.98,4836.18,4837.55,4569
2025-10-16 14:20:00-04:00,4837.55,4840.04,4821.96,4826.06,7198
2025-10-16 14:25:00-04:00,4826.06,4828.31,4821.62,4825.4,2803
2025-10-16 14:30:00-04:00,4825.4,4828.92,4823.09,4828.35,2341
2025-10-16 14:35:00-04:00,4828.35,4834.41,4825.79,4828.62,3555
2025-10-16 14:40:00-04:00,4828.62,4833.4,4823.41,4829.96,2661
2025-10-16 14:45:00-04:00,4829.96,4837.61,4829.96,4835.35,3628
2025-10-16 14:50:00-04:00,4835.35,4840.66,4834.86,4835.76,2808
2025-10-16 14:55:00-04:00,4835.76,4835.76,4822.69,4824.23,3793
2025-10-16 15:00:00-04:00,4824.23,4829.79,4823.49,4827.09,3879
2025-10-16 15:05:00-04:00,4827.09,4830.56,4823.14,4829.94,2977
2025-10-16 15:10:00-04:00,4829.94,4829.94,4822.87,4823.16,3483
2025-10-16 15:15:00-04:00,4823.16,4827.24,4819.49,4822.86,2799
2025-10-16 15:20:00-04:00,4822.86,4840.0,4819.06,4834.42,2752
2025-10-16 15:25:00-04:00,4834.42,4839.33,4825.52,4829.19,2557
2025-10-16 15:30:00-04:00,4829.19,4833.72,4821.96,4829.94,2724
2025-10-16 15:35:00-04:00,4829.94,4844.27,4826.93,4839.56,3122
2025-10-16 15:40:00-04:00,4839.56,4848.21,4835.15,4835.63,3160
2025-10-16 15:45:00-04:00,4835.63,4853.76,4835.34,4848.6,3738
2025-10-16 15:50:00-04:00,4848.6,4867.33,4848.6,4861.86,4166
2025-10-16 15:55:00-04:00,4861.86,4869.89,4860.81,4864.67,6110
2025-10-16 16:00:00-04:00,4864.67,4871.34,4859.33,4862.41,4107
2025-10-16 16:05:00-04:00,4862.41,4862.41,4835.97,4840.38,7624
2025-10-16 16:10:00-04:00,4840.38,4840.38,4827.45,4827.7,6698
2025-10-16 16:15:00-04:00,4827.7,4834.69,4819.25,4829.26,5837
2025-10-16 16:20:00-04:00,4829.26,4829.26,4823.22,4825.63,2236
2025-10-17 09:30:00-04:00,4827.65,4842.9,4821.71,4834.55,6007
2025-10-17 09:35:00-04:00,4834.55,4855.31,4828.47,4850.8,6042
2025-10-17 09:40:00-04:00,4850.8,4857.42,4843.6,4848.56,5825
2025-10-17 09:45:00-04:00,4848.56,4848.56,4831.87,4838.38,5849
2025-10-17 09:50:00-04:00,4838.38,4848.53,4838.38,4844.57,4572
2025-10-17 09:55:00-04:00,4844.57,4844.57,4828.42,4835.19,5942
2025-10-17 10:00:00-04:00,4835.19,4845.02,4831.97,4841.14,3064
2025-10-17 10:05:00-04:00,4841.14,4847.49,4837.46,4842.47,2823
2025-10-17 10:10:00-04:00,4842.47,4845.94,4832.91,4839.9,2277
2025-10-17 10:15:00-04:00,4839.9,4839.9,4831.3,4835.67,3059
2025-10-17 10:20:00-04:00,4835.67,4840.49,4826.81,4834.3,3823
2025-10-17 10:25:00-04:00,4834.3,4834.35,4823.73,4826.23,2785
2025-10-17 10:30:00-04:00,4826.23,4833.42,4823.75,4828.93,2605
2025-10-17 10:35:00-04:00,4828.93,4839.54,4826.76,4836.53,2883
2025-10-17 10:40:00-04:00,4836.53,4836.53,4828.47,4832.33,2804
2025-10-17 10:45:00-04:00,4832.33,4839.52,4830.05,4833.18,2518
2025-10-17 10:50:00-04:00,4833.18,4835.83,4826.38,4829.97,2659
2025-10-17 10:55:00-04:00,4829.97,4839.01,4824.84,4836.36,3596
2025-10-17 11:00:00-04:00,4836.36,4839.32,4831.2,4833.89,1779
2025-10-17 11:05:00-04:00,4833.89,4839.02,4832.51,4834.63,1924
2025-10-17 11:10:00-04:00,4834.63,4838.29,4832.28,4835.93,2009
2025-10-17 11:15:00-04:00,4835.93,4836.01,4830.08,4833.11,1932
2025-10-17 11:20:00-04:00,4833.11,4837.01,4830.8,4836.28,2103
2025-10-17 11:25:00-04:00,4836.28,4839.96,4835.52,4838.16,1419
2025-10-17 11:30:00-04:00,4838.16,4839.83,4832.54,4836.43,2216
2025-10-17 11:35:00-04:00,4836.43,4840.67,4834.6,4836.91,2081
2025-10-17 11:40:00-04:00,4836.91,4838.48,4832.21,4835.87,1663
2025-10-17 11:45:00-04:00,4835.87,4838.98,4833.45,4835.72,1955
2025-10-17 11:50:00-04:00,4835.72,4837.37,4831.99,4834.94,1903
2025-10-17 11:55:00-04:00,4834.94,4834.94,4826.63,4827.45,2373
2025-10-17 12:00:00-04:00,4827.45,4828.97,4824.58,4825.5,1866
2025-10-17 12:05:00-04:00,4825.5,4829.62,4823.7,4824.68,1587
2025-10-17 12:10:00-04:00,4824.68,4825.65,4818.59,4821.4,1946
2025-10-17 12:15:00-04:00,4821.4,4824.07,4808.53,4811.09,6285
2025-10-17 12:20:00-04:00,4811.09,4815.15,4808.74,4810.42,1709
2025-10-17 12:25:00-04:00,4810.42,4814.56,4808.16,4811.02,2001
2025-10-17 12:30:00-04:00,4811.02,4815.02,4809.43,4813.25,1863
2025-10-17 12:35:00-04:00,4813.25,4815.84,4811.42,4814.74,1951
2025-10-17 12:40:00-04:00,4814.74,4816.06,4797.97,4801.0,3150
2025-10-17 12:45:00-04:00,4801.0,4808.31,4791.88,4793.94,2473
2025-10-17 12:50:00-04:00,4793.94,4795.49,4786.72,4792.37,2108
2025-10-17 12:55:00-04:00,4792.37,4795.7,4790.81,4793.76,1618
2025-10-17 13:00:00-04:00,4793.76,4797.17,4791.47,4794.48,2095
2025-10-17 13:05:00-04:00,4794.48,4797.54,4790.67,4795.66,2064
2025-10-17 13:10:00-04:00,4795.66,4796.5,4787.22,4789.58,2279
2025-10-17 13:15:00-04:00,4789.58,4796.6,4785.01,4792.84,2725
2025-10-17 13:20:00-04:00,4792.84,4815.12,4791.08,4814.11,8309
2025-10-17 13:25:00-04:00,4814.11,4816.92,4809.5,4812.33,3140
2025-10-17 13:30:00-04:00,4812.33,4815.17,4799.59,4802.48,6560
2025-10-17 13:35:00-04:00,4802.48,4804.89,4788.93,4793.11,7716
2025-10-17 13:40:00-04:00,4793.11,4798.33,4791.42,4796.11,2990
2025-10-17 13:45:00-04:00,4796.11,4801.57,4792.27,4795.08,2763
2025-10-17 13:50:00-04:00,4795.08,4798.06,4789.73,4794.83,3517
2025-10-17 13:55:00-04:00,4794.83,4803.96,4791.78,4801.39,3314
2025-10-17 14:00:00-04:00,4801.39,4807.25,4798.8,4802.64,3190
2025-10-17 14:05:00-04:00,4802.64,4803.93,4796.37,4799.38,2697
2025-10-17 14:10:00-04:00,4799.38,4805.21,4791.95,4802.75,2937
2025-10-17 14:15:00-04:00,4802.75,4825.29,4801.54,4822.53,4207
2025-10-17 14:20:00-04:00,4822.53,4828.68,4820.26,4823.72,4106
2025-10-17 14:25:00-04:00,4823.72,4829.08,4817.67,4820.52,2891
2025-10-17 14:30:00-04:00,4820.52,4829.19,4820.52,4827.2,3099
2025-10-17 14:35:00-04:00,4827.2,4835.48,4825.91,4832.59,2344
2025-10-17 14:40:00-04:00,4832.59,4839.42,4831.44,4831.68,2607
2025-10-17 14:45:00-04:00,4831.68,4831.7,4824.1,4826.81,3174
2025-10-17 14:50:00-04:00,4826.81,4827.72,4816.64,4820.09,2949
2025-10-17 14:55:00-04:00,4820.09,4822.57,4816.82,4819.99,3232
2025-10-17 15:00:00-04:00,4819.99,4821.11,4812.99,4816.08,2821
2025-10-17 15:05:00-04:00,4816.08,4826.1,4814.67,4822.61,3478
2025-10-17 15:10:00-04:00,4822.61,4831.03,4822.61,4827.79,2547
2025-10-17 15:15:00-04:00,4827.79,4832.06,4825.05,4827.94,3271
2025-10-17 15:20:00-04:00,4827.94,4829.38,4817.96,4818.7,3064
2025-10-17 15:25:00-04:00,4818.7,4822.21,4798.79,4806.67,4246
2025-10-17 15:30:00-04:00,4806.67,4806.67,4795.62,4804.33,3186
2025-10-17 15:35:00-04:00,4804.33,4816.14,4801.51,4805.77,3428
2025-10-17 15:40:00-04:00,4805.77,4813.02,4800.63,4808.01,3688
2025-10-17 15:45:00-04:00,4808.01,4809.77,4797.31,4799.99,3255
2025-10-17 15:50:00-04:00,4799.99,4809.56,4798.71,4802.94,3630
2025-10-17 15:55:00-04:00,4802.94,4810.48,4799.37,4807.53,5333
2025-10-17 16:00:00-04:00,4807.53,4809.44,4799.29,4804.32,7046
2025-10-17 16:05:00-04:00,4804.32,4830.17,4802.2,4828.3,19925
2025-10-17 16:10:00-04:00,4828.3,4833.5,4821.2,4821.5,8192
2025-10-17 16:15:00-04:00,4821.5,4826.6,4811.83,4824.31,8467
2025-10-17 16:20:00-04:00,4824.31,4831.12,4819.84,4828.65,6563
2025-10-17 16:25:00-04:00,4828.65,4836.08,4824.28,4830.57,4187
2025-10-20 09:30:00-04:00,4831.1,4842.06,4824.46,4838.13,5933
2025-10-20 09:35:00-04:00,4838.13,4851.58,4828.05,4838.25,5952
2025-10-20 09:40:00-04:00,4838.25,4846.51,4828.92,4835.53,5644
2025-10-20 09:45:00-04:00,4835.53,4839.59,4825.51,4833.66,5285
2025-10-20 09:50:00-04:00,4833.66,4833.66,4801.26,4804.1,13658
2025-10-20 09:55:00-04:00,4804.1,4812.66,4799.25,4803.51,6017
2025-10-20 10:00:00-04:00,4803.51,4811.76,4798.23,4807.22,5227
2025-10-20 10:05:00-04:00,4807.22,4815.96,4802.97,4804.57,2824
2025-10-20 10:10:00-04:00,4804.57,4809.67,4800.42,4803.96,2820
2025-10-20 10:15:00-04:00,4803.96,4807.72,4798.39,4800.45,3008
2025-10-20 10:20:00-04:00,4800.45,4804.38,4796.5,4801.41,2183
2025-10-20 10:25:00-04:00,4801.41,4806.31,4798.26,4802.29,3505
2025-10-20 10:30:00-04:00,4802.29,4804.5,4772.71,4777.12,8364
2025-10-20 10:35:00-04:00,4777.12,4779.28,4765.62,4770.13,3020
2025-10-20 10:40:00-04:00,4770.13,4775.54,4767.11,4769.88,3007
2025-10-20 10:45:00-04:00,4769.88,4770.44,4757.48,4765.93,3313
2025-10-20 10:50:00-04:00,4765.93,4774.88,4753.49,4757.39,3853
2025-10-20 10:55:00-04:00,4757.39,4764.05,4754.57,4759.9,2781
2025-10-20 11:00:00-04:00,4759.9,4763.31,4754.67,4756.75,2903
2025-10-20 11:05:00-04:00,4756.75,4764.46,4756.43,4761.56,1868
2025-10-20 11:10:00-04:00,4761.56,4766.65,4761.56,4763.82,2122
2025-10-20 11:15:00-04:00,4763.82,4766.33,4760.65,4761.29,1596
2025-10-20 11:20:00-04:00,4761.29,4769.17,4760.54,4768.19,1898
2025-10-20 11:25:00-04:00,4768.19,4771.62,4765.85,4769.27,1650
2025-10-20 11:30:00-04:00,4769.27,4774.32,4768.28,4769.99,1555
2025-10-20 11:35:00-04:00,4769.99,4774.92,4769.69,4772.37,1903
2025-10-20 11:40:00-04:00,4772.37,4774.88,4770.11,4773.16,1812
2025-10-20 11:45:00-04:00,4773.16,4788.57,4769.44,4786.4,3073
2025-10-20 11:50:00-04:00,4786.4,4788.89,4782.94,4785.48,1703
2025-10-20 11:55:00-04:00,4785.48,4788.64,4781.5,4783.18,1881
2025-10-20 12:00:00-04:00,4783.18,4785.11,4778.68,4780.41,1575
2025-10-20 12:05:00-04:00,4780.41,4784.06,4779.31,4781.13,2338
2025-10-20 12:10:00-04:00,4781.13,4783.14,4775.89,4779.39,1774
2025-10-20 12:15:00-04:00,4779.39,4784.11,4775.51,4777.04,2980
2025-10-20 12:20:00-04:00,4777.04,4779.7,4757.65,4758.95,4258
2025-10-20 12:25:00-04:00,4758.95,4761.83,4740.76,4745.31,2835
2025-10-20 12:30:00-04:00,4745.31,4747.7,4742.87,4743.86,1796
2025-10-20 12:35:00-04:00,4743.86,4745.6,4738.0,4741.91,1595
2025-10-20 12:40:00-04:00,4741.91,4746.47,4738.27,4740.52,1902
2025-10-20 12:45:00-04:00,4740.52,4744.13,4735.87,4737.28,1932
2025-10-20 12:50:00-04:00,4737.28,4738.19,4731.89,4737.36,2168
2025-10-20 12:55:00-04:00,4737.36,4740.65,4735.34,4740.6,1833
2025-10-20 13:00:00-04:00,4740.6,4745.15,4739.35,4741.69,1910
2025-10-20 13:05:00-04:00,4741.69,4746.59,4739.97,4745.2,1523
2025-10-20 13:10:00-04:00,4745.2,4747.96,4742.33,4746.07,1423
2025-10-20 13:15:00-04:00,4746.07,4765.29,4744.46,4764.25,4830
2025-10-20 13:20:00-04:00,4764.25,4771.04,4761.53,4763.26,4113
2025-10-20 13:25:00-04:00,4763.26,4766.29,4760.5,4764.23,2890
2025-10-20 13:30:00-04:00,4764.23,4765.06,4757.33,4759.8,2764
2025-10-20 13:35:00-04:00,4759.8,4770.22,4758.67,4764.42,3645
2025-10-20 13:40:00-04:00,4764.42,4770.85,4761.6,4767.57,2522
2025-10-20 13:45:00-04:00,4767.57,4769.01,4761.07,4765.9,3042
2025-10-20 13:50:00-04:00,4765.9,4769.74,4761.48,4767.7,3151
2025-10-20 13:55:00-04:00,4767.7,4768.66,4762.75,4766.88,2854
2025-10-20 14:00:00-04:00,4766.88,4775.93,4764.94,4769.5,2899
2025-10-20 14:05:00-04:00,4769.5,4774.43,4768.22,4770.69,3663
2025-10-20 14:10:00-04:00,4770.69,4773.76,4763.84,4767.14,2833
2025-10-20 14:15:00-04:00,4767.14,4769.62,4759.66,4762.48,2833
2025-10-20 14:20:00-04:00,4762.48,4774.48,4758.96,4772.45,7936
2025-10-20 14:25:00-04:00,4772.45,4789.11,4769.79,4784.45,11192
2025-10-20 14:30:00-04:00,4784.45,4787.23,4780.36,4783.27,3593
2025-10-20 14:35:00-04:00,4783.27,4784.88,4775.66,4780.26,3264
2025-10-20 14:40:00-04:00,4780.26,4780.26,4769.67,4770.66,2934
2025-10-20 14:45:00-04:00,4770.66,4779.62,4769.25,4776.78,4363
2025-10-20 14:50:00-04:00,4776.78,4776.83,4768.38,4769.94,2383
2025-10-20 14:55:00-04:00,4769.94,4778.92,4766.02,4776.19,3124
2025-10-20 15:00:00-04:00,4776.19,4776.19,4769.75,4772.57,3103
2025-10-20 15:05:00-04:00,4772.57,4774.1,4765.43,4769.95,2431
2025-10-20 15:10:00-04:00,4769.95,4782.54,4769.54,4779.28,3174
2025-10-20 15:15:00-04:00,4779.28,4780.19,4773.58,4774.58,3341
2025-10-20 15:20:00-04:00,4774.58,4799.73,4774.36,4798.36,5318
2025-10-20 15:25:00-04:00,4798.36,4799.5,4782.03,4784.65,8555
2025-10-20 15:30:00-04:00,4784.65,4784.65,4767.51,4767.76,4361
2025-10-20 15:35:00-04:00,4767.76,4769.87,4761.45,4762.64,2974
2025-10-20 15:40:00-04:00,4762.64,4775.08,4762.64,4774.82,2748
2025-10-20 15:45:00-04:00,4774.82,4786.68,4769.62,4784.99,3844
2025-10-20 15:50:00-04:00,4784.99,4795.04,4782.13,4789.5,3512
2025-10-20 15:55:00-04:00,4789.5,4791.79,4781.36,4782.45,3493
2025-10-20 16:00:00-04:00,4782.45,4785.33,4772.04,4775.43,5670
2025-10-20 16:05:00-04:00,4775.43,4780.22,4770.09,4776.2,5448
2025-10-20 16:10:00-04:00,4776.2,4779.37,4764.35,4770.64,5435
2025-10-20 16:15:00-04:00,4770.64,4770.64,4765.67,4767.0,5920
2025-10-20 16:20:00-04:00,4767.0,4772.71,4762.26,4770.06,5917
2025-10-20 16:25:00-04:00,4770.06,4770.06,4752.64,4754.66,13240
2025-10-20 16:30:00-04:00,4754.66,4760.76,4747.85,4751.88,3645
2025-10-21 09:30:00-04:00,4739.85,4751.0,4737.77,4744.37,6192
2025-10-21 09:35:00-04:00,4744.37,4764.55,4744.37,4758.86,6564
2025-10-21 09:40:00-04:00,4758.86,4767.7,4752.95,4755.95,5556
2025-10-21 09:45:00-04:00,4755.95,4767.16,4746.05,4757.61,6757
2025-10-21 09:50:00-04:00,4757.61,4773.64,4752.23,4767.81,5841
2025-10-21 09:55:00-04:00,4767.81,4779.88,4763.46,4774.12,6230
2025-10-21 10:00:00-04:00,4774.12,4774.12,4761.8,4765.35,3158
2025-10-21 10:05:00-04:00,4765.35,4773.13,4762.88,4765.51,2884
2025-10-21 10:10:00-04:00,4765.51,4769.05,4753.84,4758.56,3011
2025-10-21 10:15:00-04:00,4758.56,4761.04,4753.05,4754.53,2484
2025-10-21 10:20:00-04:00,4754.53,4760.59,4753.23,4756.22,2905
2025-10-21 10:25:00-04:00,4756.22,4764.16,4755.19,4759.62,3353
2025-10-21 10:30:00-04:00,4759.62,4761.78,4746.14,4748.53,5163
2025-10-21 10:35:00-04:00,4748.53,4750.45,4734.75,4737.25,4351
2025-10-21 10:40:00-04:00,4737.25,4739.16,4731.31,4736.98,2751
2025-10-21 10:45:00-04:00,4736.98,4739.24,4731.5,4733.36,3196
2025-10-21 10:50:00-04:00,4733.36,4733.62,4725.2,4731.5,2250
2025-10-21 10:55:00-04:00,4731.5,4743.46,4731.5,4742.0,3641
2025-10-21 11:00:00-04:00,4742.0,4745.88,4737.44,4739.16,3089
2025-10-21 11:05:00-04:00,4739.16,4741.65,4735.84,4739.64,1589
2025-10-21 11:10:00-04:00,4739.64,4747.67,4738.06,4745.17,2269
2025-10-21 11:15:00-04:00,4745.17,4746.72,4740.68,4742.34,1995
2025-10-21 11:20:00-04:00,4742.34,4745.0,4739.57,4742.27,1620
2025-10-21 11:25:00-04:00,4742.27,4747.22,4741.05,4744.49,1365
2025-10-21 11:30:00-04:00,4744.49,4746.57,4743.05,4744.64,1898
2025-10-21 11:35:00-04:00,4744.64,4748.39,4744.28,4746.29,1699
2025-10-21 11:40:00-04:00,4746.29,4748.71,4744.0,4748.33,1919
2025-10-21 11:45:00-04:00,4748.33,4758.15,4746.76,4755.68,2392
2025-10-21 11:50:00-04:00,4755.68,4759.02,4750.57,4757.77,1850
2025-10-21 11:55:00-04:00,4757.77,4762.27,4755.57,4759.86,2251
2025-10-21 12:00:00-04:00,4759.86,4763.62,4757.97,4759.92,1611
2025-10-21 12:05:00-04:00,4759.92,4759.92,4756.03,4758.85,1757
2025-10-21 12:10:00-04:00,4758.85,4762.58,4755.59,4760.32,1769
2025-10-21 12:15:00-04:00,4760.32,4761.48,4757.84,4760.26,1790
2025-10-21 12:20:00-04:00,4760.26,4763.32,4757.37,4759.65,1550
2025-10-21 12:25:00-04:00,4759.65,4763.85,4759.02,4759.99,1608
2025-10-21 12:30:00-04:00,4759.99,4767.8,4759.99,4767.23,2522
2025-10-21 12:35:00-04:00,4767.23,4767.68,4761.09,4761.86,1392
2025-10-21 12:40:00-04:00,4761.86,4767.71,4759.17,4766.72,2747
2025-10-21 12:45:00-04:00,4766.72,4767.19,4760.2,4761.22,1946
2025-10-21 12:50:00-04:00,4761.22,4765.01,4758.11,4761.02,1987
2025-10-21 12:55:00-04:00,4761.02,4765.35,4759.18,4761.46,1949
2025-10-21 13:00:00-04:00,4761.46,4763.59,4757.5,4759.75,1879
2025-10-21 13:05:00-04:00,4759.75,4761.54,4753.38,4756.45,3627
2025-10-21 13:10:00-04:00,4756.45,4764.89,4754.6,4761.5,2804
2025-10-21 13:15:00-04:00,4761.5,4769.9,4759.15,4763.44,2858
2025-10-21 13:20:00-04:00,4763.44,4774.23,4762.31,4771.31,3492
2025-10-21 13:25:00-04:00,4771.31,4771.31,4760.32,4762.48,3680
2025-10-21 13:30:00-04:00,4762.48,4766.78,4759.42,4763.35,3135
2025-10-21 13:35:00-04:00,4763.35,4766.23,4758.64,4762.1,2864
2025-10-21 13:40:00-04:00,4762.1,4769.34,4760.45,4765.54,2875
2025-10-21 13:45:00-04:00,4765.54,4768.73,4761.41,4762.72,2383
2025-10-21 13:50:00-04:00,4762.72,4765.29,4755.12,4755.31,2834
2025-10-21 13:55:00-04:00,4755.31,4760.54,4755.05,4758.21,2987
2025-10-21 14:00:00-04:00,4758.21,4766.88,4754.21,4764.12,3372
2025-10-21 14:05:00-04:00,4764.12,4770.21,4762.38,4765.57,3478
2025-10-21 14:10:00-04:00,4765.57,4771.82,4763.52,4768.29,3107
2025-10-21 14:15:00-04:00,4768.29,4771.53,4766.96,4769.65,2666
2025-10-21 14:20:00-04:00,4769.65,4775.97,4765.59,4775.15,3282
2025-10-21 14:25:00-04:00,4775.15,4782.31,4775.15,4778.75,3231
2025-10-21 14:30:00-04:00,4778.75,4787.22,4777.89,4784.86,3175
2025-10-21 14:35:00-04:00,4784.86,4789.17,4778.9,4784.83,2983
2025-10-21 14:40:00-04:00,4784.83,4794.1,4784.07,4792.92,2582
2025-10-21 14:45:00-04:00,4792.92,4808.05,4790.25,4801.97,7866
2025-10-21 14:50:00-04:00,4801.97,4803.84,4795.03,4802.17,2422
2025-10-21 14:55:00-04:00,4802.17,4805.17,4798.3,4803.23,2557
2025-10-21 15:00:00-04:00,4803.23,4806.59,4798.73,4801.44,3167
2025-10-21 15:05:00-04:00,4801.44,4803.58,4789.43,4795.17,3270
2025-10-21 15:10:00-04:00,4795.17,4796.82,4783.58,4786.75,2325
2025-10-21 15:15:00-04:00,4786.75,4794.6,4784.29,4791.01,3592
2025-10-21 15:20:00-04:00,4791.01,4794.33,4774.44,4776.17,6551
2025-10-21 15:25:00-04:00,4776.17,4793.91,4776.17,4790.24,3254
2025-10-21 15:30:00-04:00,4790.24,4790.24,4776.88,4782.41,3138
2025-10-21 15:35:00-04:00,4782.41,4792.2,4779.43,4786.91,2495
2025-10-21 15:40:00-04:00,4786.91,4795.88,4783.1,4792.16,4132
2025-10-21 15:45:00-04:00,4792.16,4798.67,4785.29,4793.11,7064
2025-10-21 15:50:00-04:00,4793.11,4803.51,4786.47,4801.83,9784
2025-10-21 15:55:00-04:00,4801.83,4811.63,4797.43,4801.1,8227
2025-10-21 16:00:00-04:00,4801.1,4801.1,4780.4,4784.51,6673
2025-10-21 16:05:00-04:00,4784.51,4784.51,4767.93,4773.38,5176
2025-10-21 16:10:00-04:00,4773.38,4778.14,4768.13,4776.54,5464
2025-10-21 16:15:00-04:00,4776.54,4781.5,4774.31,4780.37,2521
2025-10-22 09:30:00-04:00,4772.75,4778.54,4762.06,4768.78,6581
2025-10-22 09:35:00-04:00,4768.78,4772.31,4757.91,4765.54,5809
2025-10-22 09:40:00-04:00,4765.54,4786.0,4765.54,4779.21,5823
2025-10-22 09:45:00-04:00,4779.21,4797.78,4777.51,4793.46,6368
2025-10-22 09:50:00-04:00,4793.46,4794.67,4784.1,4787.96,6855
2025-10-22 09:55:00-04:00,4787.96,4801.51,4783.42,4796.77,5862
2025-10-22 10:00:00-04:00,4796.77,4798.94,4789.73,4794.27,3356
2025-10-22 10:05:00-04:00,4794.27,4802.96,4790.45,4795.08,4249
2025-10-22 10:10:00-04:00,4795.08,4801.2,4791.93,4792.3,2331
2025-10-22 10:15:00-04:00,4792.3,4802.23,4792.12,4802.22,4839
2025-10-22 10:20:00-04:00,4802.22,4806.81,4797.57,4799.43,2855
2025-10-22 10:25:00-04:00,4799.43,4805.08,4791.82,4795.04,3008
2025-10-22 10:30:00-04:00,4795.04,4802.42,4789.74,4793.67,2869
2025-10-22 10:35:00-04:00,4793.67,4803.38,4789.79,4800.22,3237
2025-10-22 10:40:00-04:00,4800.22,4807.13,4795.8,4803.74,2476
2025-10-22 10:45:00-04:00,4803.74,4809.89,4798.94,4806.25,3095
2025-10-22 10:50:00-04:00,4806.25,4815.47,4805.8,4812.74,2724
2025-10-22 10:55:00-04:00,4812.74,4821.07,4805.98,4810.14,3870
2025-10-22 11:00:00-04:00,4810.14,4813.11,4805.43,4806.42,2137
2025-10-22 11:05:00-04:00,4806.42,4813.49,4806.42,4809.34,1719
2025-10-22 11:10:00-04:00,4809.34,4811.03,4793.48,4795.82,2656
2025-10-22 11:15:00-04:00,4795.82,4800.56,4794.04,4799.83,1604
2025-10-22 11:20:00-04:00,4799.83,4805.82,4798.81,4803.02,1910
2025-10-22 11:25:00-04:00,4803.02,4806.13,4800.83,4804.2,1646
2025-10-22 11:30:00-04:00,4804.2,4806.65,4801.38,4804.53,1854
2025-10-22 11:35:00-04:00,4804.53,4810.42,4802.07,4807.53,1699
2025-10-22 11:40:00-04:00,4807.53,4812.77,4806.06,4808.47,2221
2025-10-22 11:45:00-04:00,4808.47,4808.47,4798.86,4800.35,1547
2025-10-22 11:50:00-04:00,4800.35,4810.63,4796.62,4808.79,2989
2025-10-22 11:55:00-04:00,4808.79,4816.71,4806.43,4814.53,2650
2025-10-22 12:00:00-04:00,4814.53,4818.47,4807.81,4809.87,2745
2025-10-22 12:05:00-04:00,4809.87,4810.91,4806.13,4808.43,1425
2025-10-22 12:10:00-04:00,4808.43,4812.74,4804.42,4806.51,1802
2025-10-22 12:15:00-04:00,4806.51,4815.46,4803.82,4813.05,3220
2025-10-22 12:20:00-04:00,4813.05,4826.3,4810.71,4822.35,3707
2025-10-22 12:25:00-04:00,4822.35,4825.2,4818.96,4821.39,1952
2025-10-22 12:30:00-04:00,4821.39,4824.22,4818.01,4820.16,1501
2025-10-22 12:35:00-04:00,4820.16,4826.39,4818.45,4822.32,1738
2025-10-22 12:40:00-04:00,4822.32,4826.34,4820.18,4825.42,1950
2025-10-22 12:45:00-04:00,4825.42,4829.3,4823.54,4826.82,1916
2025-10-22 12:50:00-04:00,4826.82,4838.15,4823.68,4835.45,1981
2025-10-22 12:55:00-04:00,4835.45,4853.68,4833.45,4851.79,2934
2025-10-22 13:00:00-04:00,4851.79,4872.51,4847.39,4870.77,2948
2025-10-22 13:05:00-04:00,4870.77,4877.58,4869.29,4877.11,1518
2025-10-22 13:10:00-04:00,4877.11,4883.23,4875.26,4878.89,2555
2025-10-22 13:15:00-04:00,4878.89,4881.38,4874.76,4878.63,1568
2025-10-22 13:20:00-04:00,4878.63,4881.93,4871.04,4874.11,3007
2025-10-22 13:25:00-04:00,4874.11,4875.24,4868.84,4871.83,3196
2025-10-22 13:30:00-04:00,4871.83,4877.47,4869.53,4872.87,3610
2025-10-22 13:35:00-04:00,4872.87,4875.29,4867.94,4872.85,2556
2025-10-22 13:40:00-04:00,4872.85,4880.12,4866.03,4869.71,2921
2025-10-22 13:45:00-04:00,4869.71,4869.71,4864.33,4867.6,2735
2025-10-22 13:50:00-04:00,4867.6,4870.16,4861.74,4867.28,2995
2025-10-22 13:55:00-04:00,4867.28,4869.06,4862.27,4867.75,2735
2025-10-22 14:00:00-04:00,4867.75,4867.8,4860.68,4864.46,2841
2025-10-22 14:05:00-04:00,4864.46,4866.35,4859.97,4864.02,2756
2025-10-22 14:10:00-04:00,4864.02,4868.29,4855.55,4861.15,2878
2025-10-22 14:15:00-04:00,4861.15,4862.39,4854.72,4857.75,3134
2025-10-22 14:20:00-04:00,4857.75,4868.34,4857.75,4867.88,3978
2025-10-22 14:25:00-04:00,4867.88,4875.52,4865.67,4870.95,2578
2025-10-22 14:30:00-04:00,4870.95,4872.58,4860.47,4863.49,3236
2025-10-22 14:35:00-04:00,4863.49,4868.35,4860.08,4865.32,2715
2025-10-22 14:40:00-04:00,4865.32,4869.61,4860.45,4865.59,4238
2025-10-22 14:45:00-04:00,4865.59,4872.68,4863.95,4869.85,2955
2025-10-22 14:50:00-04:00,4869.85,4879.94,4869.85,4877.31,3405
2025-10-22 14:55:00-04:00,4877.31,4880.18,4870.17,4873.79,3230
2025-10-22 15:00:00-04:00,4873.79,4877.81,4871.86,4875.64,3200
2025-10-22 15:05:00-04:00,4875.64,4878.42,4873.12,4876.21,2820
2025-10-22 15:10:00-04:00,4876.21,4877.53,4871.81,4875.51,3442
2025-10-22 15:15:00-04:00,4875.51,4879.66,4870.12,4876.59,3146
2025-10-22 15:20:00-04:00,4876.59,4888.46,4874.46,4886.3,4037
2025-10-22 15:25:00-04:00,4886.3,4907.14,4883.73,4905.32,6658
2025-10-22 15:30:00-04:00,4905.32,4912.07,4884.21,4887.2,5073
2025-10-22 15:35:00-04:00,4887.2,4905.94,4887.2,4898.41,4954
2025-10-22 15:40:00-04:00,4898.41,4902.66,4892.81,4901.86,2934
2025-10-22 15:45:00-04:00,4901.86,4910.69,4897.97,4907.95,3604
2025-10-22 15:50:00-04:00,4907.95,4914.53,4901.35,4908.76,2848
2025-10-22 15:55:00-04:00,4908.76,4917.78,4905.63,4909.83,4154
2025-10-22 16:00:00-04:00,4909.83,4914.53,4900.2,4904.13,5409
2025-10-22 16:05:00-04:00,4904.13,4909.18,4898.15,4904.3,5742
2025-10-22 16:10:00-04:00,4904.3,4906.4,4895.79,4902.05,4936
2025-10-22 16:15:00-04:00,4902.05,4904.49,4894.43,4900.63,5423
2025-10-22 16:20:00-04:00,4900.63,4900.83,4886.66,4894.12,6652
2025-10-22 16:25:00-04:00,4894.12,4902.37,4891.86,4897.59,2124
2025-10-23 09:30:00-04:00,4902.83,4924.22,4897.64,4922.02,6973
2025-10-23 09:35:00-04:00,4922.02,4936.9,4917.14,4934.44,6491
2025-10-23 09:40:00-04:00,4934.44,4943.71,4922.58,4937.93,4827
2025-10-23 09:45:00-04:00,4937.93,4946.99,4935.28,4945.16,5131
2025-10-23 09:50:00-04:00,4945.16,4952.68,4936.93,4947.91,5618
2025-10-23 09:55:00-04:00,4947.91,4954.09,4935.47,4947.49,5324
2025-10-23 10:00:00-04:00,4947.49,4954.4,4941.47,4944.9,2986
2025-10-23 10:05:00-04:00,4944.9,4950.46,4937.58,4942.07,3173
2025-10-23 10:10:00-04:00,4942.07,4942.07,4929.63,4934.33,3249
2025-10-23 10:15:00-04:00,4934.33,4959.79,4932.33,4954.48,9583
2025-10-23 10:20:00-04:00,4954.48,4959.68,4946.92,4951.71,3196
2025-10-23 10:25:00-04:00,4951.71,4962.87,4949.45,4961.79,11525
2025-10-23 10:30:00-04:00,4961.79,4963.05,4952.47,4955.92,3078
2025-10-23 10:35:00-04:00,4955.92,4961.7,4949.64,4956.47,3128
2025-10-23 10:40:00-04:00,4956.47,4965.24,4955.29,4960.34,2344
2025-10-23 10:45:00-04:00,4960.34,4965.31,4958.15,4965.16,2686
2025-10-23 10:50:00-04:00,4965.16,4971.67,4960.66,4963.83,3810
2025-10-23 10:55:00-04:00,4963.83,4967.7,4959.69,4963.71,3227
2025-10-23 11:00:00-04:00,4963.71,4968.56,4956.76,4961.87,3507
2025-10-23 11:05:00-04:00,4961.87,4968.58,4951.78,4954.23,6224
2025-10-23 11:10:00-04:00,4954.23,4955.3,4940.29,4945.08,5666
2025-10-23 11:15:00-04:00,4945.08,4946.57,4939.45,4941.17,1726
2025-10-23 11:20:00-04:00,4941.17,4943.15,4937.21,4939.31,1777
2025-10-23 11:25:00-04:00,4939.31,4943.42,4937.47,4940.33,1930
2025-10-23 11:30:00-04:00,4940.33,4942.46,4936.69,4941.08,2192
2025-10-23 11:35:00-04:00,4941.08,4946.65,4937.69,4944.37,1650
2025-10-23 11:40:00-04:00,4944.37,4944.37,4936.99,4937.27,1839
2025-10-23 11:45:00-04:00,4937.27,4941.64,4921.75,4924.42,3255
2025-10-23 11:50:00-04:00,4924.42,4926.75,4912.37,4914.91,2638
2025-10-23 11:55:00-04:00,4914.91,4917.91,4912.24,4915.41,2005
2025-10-23 12:00:00-04:00,4915.41,4919.58,4913.69,4917.76,1797
2025-10-23 12:05:00-04:00,4917.76,4923.03,4913.77,4921.01,1684
2025-10-23 12:10:00-04:00,4921.01,4921.01,4911.46,4914.44,2070
2025-10-23 12:15:00-04:00,4914.44,4914.44,4904.58,4907.6,2165
2025-10-23 12:20:00-04:00,4907.6,4910.55,4886.1,4888.82,8018
2025-10-23 12:25:00-04:00,4888.82,4891.64,4885.12,4886.98,1892
2025-10-23 12:30:00-04:00,4886.98,4895.66,4886.98,4895.55,1781
2025-10-23 12:35:00-04:00,4895.55,4895.55,4879.38,4881.04,4395
2025-10-23 12:40:00-04:00,4881.04,4884.84,4873.1,4880.05,2653
2025-10-23 12:45:00-04:00,4880.05,4883.2,4878.63,4880.94,1840
2025-10-23 12:50:00-04:00,4880.94,4882.79,4877.18,4881.11,1703
2025-10-23 12:55:00-04:00,4881.11,4885.71,4879.46,4881.96,1724
2025-10-23 13:00:00-04:00,4881.96,4886.42,4879.67,4882.25,1700
2025-10-23 13:05:00-04:00,4882.25,4889.8,4882.25,4885.18,1781
2025-10-23 13:10:00-04:00,4885.18,4887.78,4881.11,4884.92,1654
2025-10-23 13:15:00-04:00,4884.92,4885.89,4877.05,4877.33,2132
2025-10-23 13:20:00-04:00,4877.33,4880.5,4874.6,4876.96,1940
2025-10-23 13:25:00-04:00,4876.96,4880.85,4869.89,4876.01,3556
2025-10-23 13:30:00-04:00,4876.01,4885.62,4874.77,4879.5,2680
2025-10-23 13:35:00-04:00,4879.5,4886.5,4878.86,4884.89,2904
2025-10-23 13:40:00-04:00,4884.89,4889.36,4883.36,4887.72,3023
2025-10-23 13:45:00-04:00,4887.72,4900.33,4885.46,4898.48,5081
2025-10-23 13:50:00-04:00,4898.48,4911.27,4895.86,4906.32,4684
2025-10-23 13:55:00-04:00,4906.32,4906.97,4899.49,4902.9,2940
2025-10-23 14:00:00-04:00,4902.9,4906.96,4901.03,4903.2,3259
2025-10-23 14:05:00-04:00,4903.2,4904.51,4898.34,4901.76,3156
2025-10-23 14:10:00-04:00,4901.76,4905.78,4898.33,4901.09,3088
2025-10-23 14:15:00-04:00,4901.09,4907.01,4896.41,4905.75,3188
2025-10-23 14:20:00-04:00,4905.75,4916.71,4905.75,4910.94,2832
2025-10-23 14:25:00-04:00,4910.94,4923.38,4910.94,4920.1,4263
2025-10-23 14:30:00-04:00,4920.1,4929.66,4920.1,4927.03,2721
2025-10-23 14:35:00-04:00,4927.03,4931.76,4919.97,4920.99,3782
2025-10-23 14:40:00-04:00,4920.99,4930.0,4920.41,4926.81,3544
2025-10-23 14:45:00-04:00,4926.81,4934.43,4921.96,4930.69,2999
2025-10-23 14:50:00-04:00,4930.69,4933.75,4924.89,4925.93,2821
2025-10-23 14:55:00-04:00,4925.93,4935.38,4923.37,4932.54,3826
2025-10-23 15:00:00-04:00,4932.54,4932.54,4926.22,4930.72,2650
2025-10-23 15:05:00-04:00,4930.72,4940.08,4930.46,4933.96,3282
2025-10-23 15:10:00-04:00,4933.96,4939.33,4930.19,4935.56,2577
2025-10-23 15:15:00-04:00,4935.56,4940.03,4931.27,4932.6,3578
2025-10-23 15:20:00-04:00,4932.6,4932.6,4922.5,4926.39,2835
2025-10-23 15:25:00-04:00,4926.39,4932.22,4917.85,4922.75,2928
2025-10-23 15:30:00-04:00,4922.75,4931.15,4920.95,4924.62,3058
2025-10-23 15:35:00-04:00,4924.62,4930.23,4919.48,4920.6,2685
2025-10-23 15:40:00-04:00,4920.6,4924.12,4911.58,4918.7,3039
2025-10-23 15:45:00-04:00,4918.7,4923.72,4911.25,4917.07,2737
2025-10-23 15:50:00-04:00,4917.07,4925.12,4916.71,4920.46,3006
2025-10-23 15:55:00-04:00,4920.46,4930.4,4915.48,4927.16,4868
2025-10-23 16:00:00-04:00,4927.16,4933.91,4918.82,4929.93,6785
2025-10-23 16:05:00-04:00,4929.93,4932.56,4920.46,4925.71,5715
2025-10-23 16:10:00-04:00,4925.71,4933.04,4917.51,4929.44,6151
2025-10-23 16:15:00-04:00,4929.44,4934.18,4921.91,4929.19,5835
2025-10-23 16:20:00-04:00,4929.19,4929.19,4918.39,4920.03,4416
2025-10-23 16:25:00-04:00,4920.03,4928.64,4920.03,4923.02,965
2025-10-24 09:30:00-04:00,4909.51,4920.62,4899.44,4914.24,5866
2025-10-24 09:35:00-04:00,4914.24,4920.51,4903.24,4910.79,5904
2025-10-24 09:40:00-04:00,4910.79,4922.84,4905.89,4917.66,6342
2025-10-24 09:45:00-04:00,4917.66,4939.82,4917.66,4937.1,13932
2025-10-24 09:50:00-04:00,4937.1,4943.4,4929.05,4930.87,10763
2025-10-24 09:55:00-04:00,4930.87,4945.01,4923.99,4942.86,15410
2025-10-24 10:00:00-04:00,4942.86,4958.72,4938.13,4951.72,5149
2025-10-24 10:05:00-04:00,4951.72,4958.31,4946.01,4948.43,8754
2025-10-24 10:10:00-04:00,4948.43,4949.6,4930.24,4935.43,10195
2025-10-24 10:15:00-04:00,4935.43,4948.09,4935.43,4943.9,3309
2025-10-24 10:20:00-04:00,4943.9,4945.15,4930.19,4934.85,3738
2025-10-24 10:25:00-04:00,4934.85,4942.62,4931.78,4939.35,3832
2025-10-24 10:30:00-04:00,4939.35,4943.85,4929.8,4933.84,2968
2025-10-24 10:35:00-04:00,4933.84,4942.72,4933.74,4936.17,2823
2025-10-24 10:40:00-04:00,4936.17,4940.64,4930.84,4936.07,3367
2025-10-24 10:45:00-04:00,4936.07,4947.18,4931.95,4939.25,2344
2025-10-24 10:50:00-04:00,4939.25,4951.42,4937.07,4949.04,3063
2025-10-24 10:55:00-04:00,4949.04,4957.97,4947.52,4955.35,2741
2025-10-24 11:00:00-04:00,4955.35,4955.57,4930.23,4932.01,7980
2025-10-24 11:05:00-04:00,4932.01,4938.26,4921.57,4922.59,2532
2025-10-24 11:10:00-04:00,4922.59,4926.57,4910.45,4914.19,3288
2025-10-24 11:15:00-04:00,4914.19,4917.69,4910.72,4914.43,2305
2025-10-24 11:20:00-04:00,4914.43,4914.7,4907.77,4911.31,1872
2025-10-24 11:25:00-04:00,4911.31,4916.12,4907.92,4915.55,1634
2025-10-24 11:30:00-04:00,4915.55,4915.55,4908.57,4914.27,1210
2025-10-24 11:35:00-04:00,4914.27,4917.03,4911.29,4915.01,1715
2025-10-24 11:40:00-04:00,4915.01,4915.01,4907.46,4909.39,1812
2025-10-24 11:45:00-04:00,4909.39,4915.08,4904.89,4908.1,2094
2025-10-24 11:50:00-04:00,4908.1,4911.16,4903.99,4909.67,1533
2025-10-24 11:55:00-04:00,4909.67,4912.79,4905.28,4910.58,1697
2025-10-24 12:00:00-04:00,4910.58,4914.92,4909.04,4910.8,1744
2025-10-24 12:05:00-04:00,4910.8,4915.75,4909.64,4912.27,1855
2025-10-24 12:10:00-04:00,4912.27,4915.3,4901.78,4903.97,3586
2025-10-24 12:15:00-04:00,4903.97,4905.45,4890.79,4891.85,4244
2025-10-24 12:20:00-04:00,4891.85,4895.9,4881.94,4884.59,3276
2025-10-24 12:25:00-04:00,4884.59,4886.82,4880.03,4884.51,1882
2025-10-24 12:30:00-04:00,4884.51,4894.55,4883.12,4891.63,1536
2025-10-24 12:35:00-04:00,4891.63,4896.75,4891.63,4895.01,2105
2025-10-24 12:40:00-04:00,4895.01,4899.12,4894.23,4896.19,1778
2025-10-24 12:45:00-04:00,4896.19,4896.97,4891.13,4892.57,1552
2025-10-24 12:50:00-04:00,4892.57,4893.03,4887.37,4891.75,1477
2025-10-24 12:55:00-04:00,4891.75,4896.66,4891.56,4893.82,1993
2025-10-24 13:00:00-04:00,4893.82,4900.67,4893.27,4898.04,1781
2025-10-24 13:05:00-04:00,4898.04,4898.07,4891.49,4895.39,1841
2025-10-24 13:10:00-04:00,4895.39,4898.94,4892.3,4894.65,1894
2025-10-24 13:15:00-04:00,4894.65,4897.94,4880.25,4881.72,3811
2025-10-24 13:20:00-04:00,4881.72,4884.42,4867.87,4869.75,2967
2025-10-24 13:25:00-04:00,4869.75,4871.6,4866.17,4867.95,1811
2025-10-24 13:30:00-04:00,4867.95,4867.95,4859.1,4864.03,2828
2025-10-24 13:35:00-04:00,4864.03,4873.73,4859.02,4870.49,3520
2025-10-24 13:40:00-04:00,4870.49,4870.49,4862.31,4863.58,3044
2025-10-24 13:45:00-04:00,4863.58,4868.39,4853.02,4856.45,3400
2025-10-24 13:50:00-04:00,4856.45,4860.15,4853.88,4857.2,2581
2025-10-24 13:55:00-04:00,4857.2,4867.09,4856.47,4863.55,3556
2025-10-24 14:00:00-04:00,4863.55,4866.18,4858.91,4863.29,3370
2025-10-24 14:05:00-04:00,4863.29,4869.2,4861.29,4864.59,2983
2025-10-24 14:10:00-04:00,4864.59,4867.55,4862.32,4866.41,3083
2025-10-24 14:15:00-04:00,4866.41,4866.62,4858.86,4862.58,4249
2025-10-24 14:20:00-04:00,4862.58,4873.32,4859.96,4870.42,5263
2025-10-24 14:25:00-04:00,4870.42,4880.86,4868.53,4878.23,4553
2025-10-24 14:30:00-04:00,4878.23,4880.98,4870.25,4872.37,2372
2025-10-24 14:35:00-04:00,4872.37,4876.11,4863.75,4872.2,3554
2025-10-24 14:40:00-04:00,4872.2,4874.78,4863.96,4866.56,2889
2025-10-24 14:45:00-04:00,4866.56,4868.79,4859.55,4861.84,2652
2025-10-24 14:50:00-04:00,4861.84,4870.46,4857.43,4867.06,3314
2025-10-24 14:55:00-04:00,4867.06,4875.89,4867.06,4871.75,3066
2025-10-24 15:00:00-04:00,4871.75,4875.28,4865.16,4867.24,3028
2025-10-24 15:05:00-04:00,4867.24,4870.51,4857.9,4859.1,4476
2025-10-24 15:10:00-04:00,4859.1,4861.43,4852.43,4856.94,4032
2025-10-24 15:15:00-04:00,4856.94,4859.32,4850.69,4855.54,2802
2025-10-24 15:20:00-04:00,4855.54,4859.61,4843.95,4845.6,5696
2025-10-24 15:25:00-04:00,4845.6,4856.69,4841.47,4853.54,3624
2025-10-24 15:30:00-04:00,4853.54,4861.61,4851.75,4858.26,2916
2025-10-24 15:35:00-04:00,4858.26,4869.31,4857.58,4868.35,3544
2025-10-24 15:40:00-04:00,4868.35,4879.34,4867.82,4869.61,4487
2025-10-24 15:45:00-04:00,4869.61,4875.51,4863.06,4870.48,3406
2025-10-24 15:50:00-04:00,4870.48,4899.21,4868.33,4894.1,6242
2025-10-24 15:55:00-04:00,4894.1,4905.64,4892.74,4901.46,3183
2025-10-24 16:00:00-04:00,4901.46,4905.72,4889.47,4892.71,3474
2025-10-24 16:05:00-04:00,4892.71,4899.88,4889.98,4893.93,2878
2025-10-24 16:10:00-04:00,4893.93,4897.73,4884.5,4890.1,3613
2025-10-24 16:15:00-04:00,4890.1,4898.53,4881.08,4886.91,2934
2025-10-24 16:20:00-04:00,4886.91,4887.82,4875.19,4885.59,6232
2025-10-24 16:25:00-04:00,4885.59,4898.02,4884.76,4892.29,5326
2025-10-24 16:30:00-04:00,4892.29,4902.87,4888.54,4897.04,5634
2025-10-24 16:35:00-04:00,4897.04,4905.9,4892.27,4898.89,6489
2025-10-24 16:40:00-04:00,4898.89,4912.29,4895.74,4907.12,7731
2025-10-24 16:45:00-04:00,4907.12,4907.12,4901.9,4905.55,2294
2025-10-27 09:30:00-04:00,4913.16,4918.19,4890.85,4891.88,20425
2025-10-27 09:35:00-04:00,4891.88,4894.09,4874.08,4882.18,15579
2025-10-27 09:40:00-04:00,4882.18,4897.9,4880.71,4894.04,6197
2025-10-27 09:45:00-04:00,4894.04,4908.29,4886.0,4903.76,6007
2025-10-27 09:50:00-04:00,4903.76,4918.75,4897.26,4911.66,5859
2025-10-27 09:55:00-04:00,4911.66,4929.81,4908.65,4917.49,5444
2025-10-27 10:00:00-04:00,4917.49,4932.61,4911.37,4916.9,5594
2025-10-27 10:05:00-04:00,4916.9,4921.23,4911.44,4912.19,2285
2025-10-27 10:10:00-04:00,4912.19,4918.94,4909.5,4917.23,3051
2025-10-27 10:15:00-04:00,4917.23,4921.57,4911.63,4912.49,3470
2025-10-27 10:20:00-04:00,4912.49,4913.26,4905.16,4910.15,2531
2025-10-27 10:25:00-04:00,4910.15,4923.4,4907.88,4920.08,2998
2025-10-27 10:30:00-04:00,4920.08,4921.4,4913.28,4918.02,3215
2025-10-27 10:35:00-04:00,4918.02,4925.37,4913.2,4919.57,3189
2025-10-27 10:40:00-04:00,4919.57,4926.17,4910.85,4914.65,4169
2025-10-27 10:45:00-04:00,4914.65,4915.81,4905.51,4910.44,2681
2025-10-27 10:50:00-04:00,4910.44,4922.54,4910.44,4917.34,3824
2025-10-27 10:55:00-04:00,4917.34,4923.73,4910.07,4921.18,3280
2025-10-27 11:00:00-04:00,4921.18,4929.31,4918.96,4926.09,3535
2025-10-27 11:05:00-04:00,4926.09,4927.94,4920.49,4925.16,2213
2025-10-27 11:10:00-04:00,4925.16,4931.08,4921.99,4929.41,2191
2025-10-27 11:15:00-04:00,4929.41,4939.0,4926.65,4938.33,2533
2025-10-27 11:20:00-04:00,4938.33,4942.24,4934.31,4937.09,1696
2025-10-27 11:25:00-04:00,4937.09,4941.79,4935.57,4936.15,2007
2025-10-27 11:30:00-04:00,4936.15,4939.92,4931.01,4932.94,2020
2025-10-27 11:35:00-04:00,4932.94,4936.26,4925.78,4928.42,1801
2025-10-27 11:40:00-04:00,4928.42,4932.65,4926.98,4930.6,2282
2025-10-27 11:45:00-04:00,4930.6,4933.21,4928.36,4932.06,1976
2025-10-27 11:50:00-04:00,4932.06,4938.91,4932.06,4936.74,1368
2025-10-27 11:55:00-04:00,4936.74,4938.79,4930.83,4931.65,1597
2025-10-27 12:00:00-04:00,4931.65,4931.77,4924.85,4926.05,1621
2025-10-27 12:05:00-04:00,4926.05,4928.81,4920.79,4922.47,1814
2025-10-27 12:10:00-04:00,4922.47,4923.23,4917.36,4919.35,1733
2025-10-27 12:15:00-04:00,4919.35,4920.36,4914.9,4919.46,2917
2025-10-27 12:20:00-04:00,4919.46,4922.51,4915.27,4918.7,1699
2025-10-27 12:25:00-04:00,4918.7,4926.63,4916.71,4918.58,2326
2025-10-27 12:30:00-04:00,4918.58,4920.15,4898.51,4898.54,3567
2025-10-27 12:35:00-04:00,4898.54,4899.99,4891.56,4892.89,1703
2025-10-27 12:40:00-04:00,4892.89,4894.75,4887.35,4890.47,1798
2025-10-27 12:45:00-04:00,4890.47,4892.22,4884.04,4885.83,1738
2025-10-27 12:50:00-04:00,4885.83,4890.73,4882.84,4885.33,1644
2025-10-27 12:55:00-04:00,4885.33,4886.79,4881.76,4883.8,1930
2025-10-27 13:00:00-04:00,4883.8,4888.95,4883.23,4887.03,1563
2025-10-27 13:05:00-04:00,4887.03,4889.22,4883.65,4886.8,1576
2025-10-27 13:10:00-04:00,4886.8,4889.66,4884.04,4887.12,2281
2025-10-27 13:15:00-04:00,4887.12,4890.18,4877.84,4882.28,2577
2025-10-27 13:20:00-04:00,4882.28,4890.72,4878.52,4889.42,3336
2025-10-27 13:25:00-04:00,4889.42,4898.01,4889.42,4894.88,3324
2025-10-27 13:30:00-04:00,4894.88,4896.44,4888.4,4889.8,2884
2025-10-27 13:35:00-04:00,4889.8,4891.07,4883.41,4887.86,3587
2025-10-27 13:40:00-04:00,4887.86,4888.42,4877.27,4879.56,3366
2025-10-27 13:45:00-04:00,4879.56,4879.56,4868.23,4871.98,3468
2025-10-27 13:50:00-04:00,4871.98,4871.98,4864.4,4868.67,2889
2025-10-27 13:55:00-04:00,4868.67,4875.04,4867.75,4870.5,2405
2025-10-27 14:00:00-04:00,4870.5,4874.28,4866.23,4869.9,3184
2025-10-27 14:05:00-04:00,4869.9,4875.98,4865.04,4871.73,3800
2025-10-27 14:10:00-04:00,4871.73,4880.72,4871.73,4880.11,3592
2025-10-27 14:15:00-04:00,4880.11,4883.47,4876.62,4879.24,2850
2025-10-27 14:20:00-04:00,4879.24,4886.4,4875.1,4878.12,3648
2025-10-27 14:25:00-04:00,4878.12,4879.59,4872.46,4874.3,3208
2025-10-27 14:30:00-04:00,4874.3,4875.24,4867.01,4868.2,2761
2025-10-27 14:35:00-04:00,4868.2,4876.23,4867.83,4875.05,2375
2025-10-27 14:40:00-04:00,4875.05,4885.73,4866.86,4883.13,7498
2025-10-27 14:45:00-04:00,4883.13,4898.06,4880.56,4896.09,6186
2025-10-27 14:50:00-04:00,4896.09,4896.52,4888.01,4890.59,3465
2025-10-27 14:55:00-04:00,4890.59,4896.45,4887.8,4889.73,3203
2025-10-27 15:00:00-04:00,4889.73,4895.24,4887.09,4890.21,2804
2025-10-27 15:05:00-04:00,4890.21,4895.4,4884.57,4887.23,3342
2025-10-27 15:10:00-04:00,4887.23,4893.81,4882.61,4886.32,4727
2025-10-27 15:15:00-04:00,4886.32,4891.86,4881.42,4886.9,3019
2025-10-27 15:20:00-04:00,4886.9,4887.2,4876.11,4881.53,2798
2025-10-27 15:25:00-04:00,4881.53,4889.8,4873.9,4880.24,3225
2025-10-27 15:30:00-04:00,4880.24,4894.0,4880.24,4888.85,3076
2025-10-27 15:35:00-04:00,4888.85,4888.85,4868.71,4873.8,2755
2025-10-27 15:40:00-04:00,4873.8,4882.39,4871.73,4879.69,2891
2025-10-27 15:45:00-04:00,4879.69,4881.47,4868.48,4872.5,2752
2025-10-27 15:50:00-04:00,4872.5,4873.72,4864.22,4870.44,5249
2025-10-27 15:55:00-04:00,4870.44,4894.64,4868.56,4890.46,13314
2025-10-27 16:00:00-04:00,4890.46,4893.66,4885.07,4888.92,5352
2025-10-27 16:05:00-04:00,4888.92,4893.97,4877.83,4883.09,7486
2025-10-27 16:10:00-04:00,4883.09,4899.88,4878.23,4897.77,6322
2025-10-27 16:15:00-04:00,4897.77,4901.98,4888.14,4888.33,5020
2025-10-27 16:20:00-04:00,4888.33,4890.59,4884.4,4886.21,2297
2025-10-28 09:30:00-04:00,4899.74,4904.17,4889.49,4896.6,6245
2025-10-28 09:35:00-04:00,4896.6,4903.18,4883.48,4897.49,7456
2025-10-28 09:40:00-04:00,4897.49,4902.92,4877.23,4879.29,6935
2025-10-28 09:45:00-04:00,4879.29,4893.26,4873.86,4885.18,6419
2025-10-28 09:50:00-04:00,4885.18,4888.85,4874.75,4882.05,4944
2025-10-28 09:55:00-04:00,4882.05,4884.07,4869.28,4871.13,5637
2025-10-28 10:00:00-04:00,4871.13,4875.14,4860.25,4865.96,3531
2025-10-28 10:05:00-04:00,4865.96,4882.05,4864.86,4877.56,2622
2025-10-28 10:10:00-04:00,4877.56,4880.64,4871.56,4872.05,2785
2025-10-28 10:15:00-04:00,4872.05,4888.42,4869.54,4887.34,6700
2025-10-28 10:20:00-04:00,4887.34,4892.86,4881.48,4890.68,2868
2025-10-28 10:25:00-04:00,4890.68,4901.56,4887.08,4897.87,2806
2025-10-28 10:30:00-04:00,4897.87,4900.44,4890.1,4891.68,3267
2025-10-28 10:35:00-04:00,4891.68,4898.36,4885.84,4890.23,4010
2025-10-28 10:40:00-04:00,4890.23,4890.23,4878.28,4883.69,3667
2025-10-28 10:45:00-04:00,4883.69,4886.97,4878.04,4882.99,3001
2025-10-28 10:50:00-04:00,4882.99,4883.69,4870.79,4875.72,2769
2025-10-28 10:55:00-04:00,4875.72,4885.09,4872.46,4879.15,3986
2025-10-28 11:00:00-04:00,4879.15,4879.61,4873.07,4874.48,3115
2025-10-28 11:05:00-04:00,4874.48,4883.38,4874.48,4882.65,2268
2025-10-28 11:10:00-04:00,4882.65,4890.46,4881.06,4889.8,2234
2025-10-28 11:15:00-04:00,4889.8,4890.98,4866.32,4869.8,3974
2025-10-28 11:20:00-04:00,4869.8,4871.18,4858.72,4862.5,1889
2025-10-28 11:25:00-04:00,4862.5,4867.23,4862.18,4864.69,1686
2025-10-28 11:30:00-04:00,4864.69,4870.4,4861.27,4868.1,1599
2025-10-28 11:35:00-04:00,4868.1,4874.95,4865.47,4872.62,2474
2025-10-28 11:40:00-04:00,4872.62,4872.62,4866.56,4871.15,1697
2025-10-28 11:45:00-04:00,4871.15,4871.15,4862.34,4864.32,2216
2025-10-28 11:50:00-04:00,4864.32,4868.44,4862.96,4866.91,1637
2025-10-28 11:55:00-04:00,4866.91,4866.91,4860.04,4862.84,2000
2025-10-28 12:00:00-04:00,4862.84,4863.73,4858.21,4860.02,1504
2025-10-28 12:05:00-04:00,4860.02,4862.0,4857.68,4861.11,1649
2025-10-28 12:10:00-04:00,4861.11,4863.16,4856.98,4860.26,1687
2025-10-28 12:15:00-04:00,4860.26,4867.1,4860.26,4863.79,2783
2025-10-28 12:20:00-04:00,4863.79,4868.22,4860.65,4863.02,2082
2025-10-28 12:25:00-04:00,4863.02,4864.46,4854.63,4856.95,1580
2025-10-28 12:30:00-04:00,4856.95,4860.66,4854.4,4858.21,1539
2025-10-28 12:35:00-04:00,4858.21,4865.22,4858.21,4862.44,1455
2025-10-28 12:40:00-04:00,4862.44,4868.92,4860.47,4866.13,2159
2025-10-28 12:45:00-04:00,4866.13,4868.38,4862.95,4866.56,1578
2025-10-28 12:50:00-04:00,4866.56,4873.61,4866.56,4870.73,1877
2025-10-28 12:55:00-04:00,4870.73,4872.36,4865.42,4866.63,1917
2025-10-28 13:00:00-04:00,4866.63,4866.63,4856.66,4859.12,1920
2025-10-28 13:05:00-04:00,4859.12,4861.1,4850.33,4854.1,2669
2025-10-28 13:10:00-04:00,4854.1,4858.87,4852.36,4855.21,2812
2025-10-28 13:15:00-04:00,4855.21,4865.2,4851.52,4863.85,3489
2025-10-28 13:20:00-04:00,4863.85,4874.51,4863.57,4871.3,3170
2025-10-28 13:25:00-04:00,4871.3,4875.13,4865.94,4869.81,2660
2025-10-28 13:30:00-04:00,4869.81,4873.99,4866.1,4870.05,3077
2025-10-28 13:35:00-04:00,4870.05,4874.86,4863.71,4871.54,4201
2025-10-28 13:40:00-04:00,4871.54,4884.16,4869.41,4881.24,5552
2025-10-28 13:45:00-04:00,4881.24,4884.77,4877.95,4880.18,2530
2025-10-28 13:50:00-04:00,4880.18,4889.48,4878.29,4886.78,8359
2025-10-28 13:55:00-04:00,4886.78,4895.44,4885.05,4893.2,6207
2025-10-28 14:00:00-04:00,4893.2,4905.49,4893.2,4901.34,2933
2025-10-28 14:05:00-04:00,4901.34,4902.58,4895.88,4900.11,2931
2025-10-28 14:10:00-04:00,4900.11,4903.13,4890.91,4894.82,3223
2025-10-28 14:15:00-04:00,4894.82,4898.58,4887.08,4889.37,4883
2025-10-28 14:20:00-04:00,4889.37,4891.07,4874.94,4879.77,7980
2025-10-28 14:25:00-04:00,4879.77,4887.3,4876.05,4879.12,3060
2025-10-28 14:30:00-04:00,4879.12,4885.75,4875.63,4880.4,3317
2025-10-28 14:35:00-04:00,4880.4,4898.34,4878.91,4896.81,5331
2025-10-28 14:40:00-04:00,4896.81,4907.55,4896.1,4906.21,4230
2025-10-28 14:45:00-04:00,4906.21,4909.47,4902.09,4904.97,2916
2025-10-28 14:50:00-04:00,4904.97,4909.26,4897.34,4905.79,2969
2025-10-28 14:55:00-04:00,4905.79,4909.26,4900.92,4905.79,3114
2025-10-28 15:00:00-04:00,4905.79,4905.97,4899.15,4903.46,4806
2025-10-28 15:05:00-04:00,4903.46,4907.91,4896.38,4899.76,4010
2025-10-28 15:10:00-04:00,4899.76,4908.06,4899.35,4904.82,3627
2025-10-28 15:15:00-04:00,4904.82,4910.35,4898.51,4905.4,3092
2025-10-28 15:20:00-04:00,4905.4,4912.01,4901.78,4907.17,2820
2025-10-28 15:25:00-04:00,4907.17,4914.13,4898.43,4909.06,3180
2025-10-28 15:30:00-04:00,4909.06,4922.25,4902.86,4920.34,4104
2025-10-28 15:35:00-04:00,4920.34,4933.43,4918.72,4930.87,3302
2025-10-28 15:40:00-04:00,4930.87,4940.66,4927.31,4935.05,3300
2025-10-28 15:45:00-04:00,4935.05,4939.17,4920.04,4925.57,3017
2025-10-28 15:50:00-04:00,4925.57,4930.48,4918.74,4923.93,3007
2025-10-28 15:55:00-04:00,4923.93,4930.04,4909.96,4914.75,4634
2025-10-28 16:00:00-04:00,4914.75,4920.29,4907.87,4915.51,5552
2025-10-28 16:05:00-04:00,4915.51,4918.61,4908.66,4916.79,9846
2025-10-28 16:10:00-04:00,4916.79,4926.45,4914.32,4924.13,11165
2025-10-28 16:15:00-04:00,4924.13,4929.42,4915.01,4920.01,5042
2025-10-28 16:20:00-04:00,4920.01,4924.23,4908.16,4910.11,5472
2025-10-28 16:25:00-04:00,4910.11,4919.28,4903.82,4913.39,5839
2025-10-28 16:30:00-04:00,4913.39,4913.39,4906.38,4907.09,2390
2025-10-29 09:30:00-04:00,4902.2,4906.1,4881.23,4887.27,7052
2025-10-29 09:35:00-04:00,4887.27,4900.67,4882.64,4892.34,6291
2025-10-29 09:40:00-04:00,4892.34,4895.02,4869.99,4878.42,6973
2025-10-29 09:45:00-04:00,4878.42,4878.42,4862.98,4874.49,6664
2025-10-29 09:50:00-04:00,4874.49,4879.32,4864.28,4874.33,5639
2025-10-29 09:55:00-04:00,4874.33,4879.24,4864.91,4874.78,6690
2025-10-29 10:00:00-04:00,4874.78,4889.14,4873.54,4885.39,3400
2025-10-29 10:05:00-04:00,4885.39,4895.79,4885.3,4894.25,2731
2025-10-29 10:10:00-04:00,4894.25,4904.73,4893.8,4897.19,2674
2025-10-29 10:15:00-04:00,4897.19,4901.92,4893.83,4900.36,2543
2025-10-29 10:20:00-04:00,4900.36,4906.89,4895.57,4897.46,2889
2025-10-29 10:25:00-04:00,4897.46,4901.78,4892.51,4896.18,2952
2025-10-29 10:30:00-04:00,4896.18,4899.57,4886.15,4889.07,3061
2025-10-29 10:35:00-04:00,4889.07,4901.29,4889.07,4896.74,3218
2025-10-29 10:40:00-04:00,4896.74,4921.16,4895.66,4916.35,5236
2025-10-29 10:45:00-04:00,4916.35,4924.48,4911.37,4915.32,3389
2025-10-29 10:50:00-04:00,4915.32,4925.33,4911.5,4920.03,2990
2025-10-29 10:55:00-04:00,4920.03,4930.49,4919.34,4929.67,3465
2025-10-29 11:00:00-04:00,4929.67,4935.24,4927.89,4930.66,1649
2025-10-29 11:05:00-04:00,4930.66,4935.25,4930.66,4934.85,1491
2025-10-29 11:10:00-04:00,4934.85,4938.27,4932.27,4935.24,1806
2025-10-29 11:15:00-04:00,4935.24,4936.05,4929.97,4932.77,1581
2025-10-29 11:20:00-04:00,4932.77,4936.41,4928.56,4932.21,1673
2025-10-29 11:25:00-04:00,4932.21,4937.25,4928.49,4932.21,1767
2025-10-29 11:30:00-04:00,4932.21,4934.73,4929.13,4932.17,1895
2025-10-29 11:35:00-04:00,4932.17,4932.17,4924.07,4925.95,1830
2025-10-29 11:40:00-04:00,4925.95,4928.97,4922.52,4927.39,1483
2025-10-29 11:45:00-04:00,4927.39,4933.8,4925.63,4931.95,2057
2025-10-29 11:50:00-04:00,4931.95,4935.53,4930.44,4931.84,1611
2025-10-29 11:55:00-04:00,4931.84,4935.68,4929.37,4934.93,1999
2025-10-29 12:00:00-04:00,4934.93,4939.28,4933.07,4936.32,2074
2025-10-29 12:05:00-04:00,4936.32,4937.87,4931.05,4933.73,1507
2025-10-29 12:10:00-04:00,4933.73,4937.07,4932.0,4932.59,1875
2025-10-29 12:15:00-04:00,4932.59,4936.48,4929.23,4934.29,1862
2025-10-29 12:20:00-04:00,4934.29,4938.33,4933.07,4934.71,1886
2025-10-29 12:25:00-04:00,4934.71,4939.29,4933.99,4938.17,1516
2025-10-29 12:30:00-04:00,4938.17,4943.03,4936.93,4938.28,1717
2025-10-29 12:35:00-04:00,4938.28,4945.04,4936.16,4942.47,1844
2025-10-29 12:40:00-04:00,4942.47,4944.79,4939.91,4942.01,1658
2025-10-29 12:45:00-04:00,4942.01,4946.01,4941.27,4942.33,1467
2025-10-29 12:50:00-04:00,4942.33,4942.33,4935.78,4939.91,2247
2025-10-29 12:55:00-04:00,4939.91,4942.04,4934.69,4940.88,2159
2025-10-29 13:00:00-04:00,4940.88,4949.31,4936.84,4945.38,2382
2025-10-29 13:05:00-04:00,4945.38,4947.11,4939.64,4942.74,3156
2025-10-29 13:10:00-04:00,4942.74,4945.72,4935.05,4936.91,3019
2025-10-29 13:15:00-04:00,4936.91,4944.58,4934.52,4941.54,2668
2025-10-29 13:20:00-04:00,4941.54,4949.39,4936.77,4946.18,3601
2025-10-29 13:25:00-04:00,4946.18,4954.54,4942.87,4950.76,2926
2025-10-29 13:30:00-04:00,4950.76,4953.24,4945.03,4950.03,3916
2025-10-29 13:35:00-04:00,4950.03,4953.61,4946.78,4949.83,2451
2025-10-29 13:40:00-04:00,4949.83,4952.77,4945.89,4951.23,2660
2025-10-29 13:45:00-04:00,4951.23,4955.42,4945.81,4948.16,4451
2025-10-29 13:50:00-04:00,4948.16,4951.15,4926.13,4929.6,8913
2025-10-29 13:55:00-04:00,4929.6,4932.7,4919.31,4923.06,2963
2025-10-29 14:00:00-04:00,4923.06,4928.24,4920.85,4924.1,2570
2025-10-29 14:05:00-04:00,4924.1,4933.81,4920.33,4930.72,3145
2025-10-29 14:10:00-04:00,4930.72,4935.87,4928.0,4935.14,3059
2025-10-29 14:15:00-04:00,4935.14,4937.24,4930.84,4935.06,2472
2025-10-29 14:20:00-04:00,4935.06,4938.71,4929.78,4935.36,3049
2025-10-29 14:25:00-04:00,4935.36,4939.03,4931.99,4935.52,2888
2025-10-29 14:30:00-04:00,4935.52,4935.52,4923.64,4927.96,3272
2025-10-29 14:35:00-04:00,4927.96,4932.09,4923.52,4926.99,2532
2025-10-29 14:40:00-04:00,4926.99,4926.99,4914.19,4917.29,3016
2025-10-29 14:45:00-04:00,4917.29,4923.17,4915.42,4917.2,3380
2025-10-29 14:50:00-04:00,4917.2,4922.05,4915.52,4917.64,2799
2025-10-29 14:55:00-04:00,4917.64,4919.09,4907.62,4910.16,3767
2025-10-29 15:00:00-04:00,4910.16,4915.2,4892.4,4894.93,5422
2025-10-29 15:05:00-04:00,4894.93,4896.83,4887.05,4890.03,4350
2025-10-29 15:10:00-04:00,4890.03,4892.2,4874.71,4880.45,5521
2025-10-29 15:15:00-04:00,4880.45,4886.28,4872.44,4880.67,2899
2025-10-29 15:20:00-04:00,4880.67,4886.68,4874.38,4877.49,2725
2025-10-29 15:25:00-04:00,4877.49,4877.49,4866.04,4873.07,3476
2025-10-29 15:30:00-04:00,4873.07,4876.13,4865.52,4870.34,2730
2025-10-29 15:35:00-04:00,4870.34,4880.36,4865.49,4878.5,3263
2025-10-29 15:40:00-04:00,4878.5,4886.63,4872.51,4883.76,3942
2025-10-29 15:45:00-04:00,4883.76,4891.5,4878.08,4889.04,5670
2025-10-29 15:50:00-04:00,4889.04,4889.77,4873.44,4879.13,6204
2025-10-29 15:55:00-04:00,4879.13,4895.45,4869.1,4886.24,9077
2025-10-29 16:00:00-04:00,4886.24,4886.24,4873.65,4877.67,6024
2025-10-29 16:05:00-04:00,4877.67,4880.74,4867.11,4872.12,6290
2025-10-29 16:10:00-04:00,4872.12,4887.14,4872.12,4881.49,3372
2025-10-30 09:30:00-04:00,4894.69,4902.93,4887.29,4893.28,6320
2025-10-30 09:35:00-04:00,4893.28,4928.09,4892.69,4925.63,15300
2025-10-30 09:40:00-04:00,4925.63,4951.52,4925.63,4945.46,5997
2025-10-30 09:45:00-04:00,4945.46,4947.13,4916.64,4919.06,13988
2025-10-30 09:50:00-04:00,4919.06,4925.83,4914.88,4921.12,4761
2025-10-30 09:55:00-04:00,4921.12,4926.76,4910.37,4916.88,6300
2025-10-30 10:00:00-04:00,4916.88,4923.51,4907.95,4912.96,4579
2025-10-30 10:05:00-04:00,4912.96,4921.49,4909.39,4913.18,3201
2025-10-30 10:10:00-04:00,4913.18,4922.99,4911.76,4918.52,2123
2025-10-30 10:15:00-04:00,4918.52,4918.69,4912.17,4915.08,2833
2025-10-30 10:20:00-04:00,4915.08,4924.08,4907.33,4912.04,3089
2025-10-30 10:25:00-04:00,4912.04,4921.69,4909.68,4914.34,3194
2025-10-30 10:30:00-04:00,4914.34,4919.12,4910.19,4915.52,2804
2025-10-30 10:35:00-04:00,4915.52,4919.79,4911.44,4913.15,2892
2025-10-30 10:40:00-04:00,4913.15,4913.15,4903.58,4906.12,3238
2025-10-30 10:45:00-04:00,4906.12,4912.77,4903.14,4909.47,3254
2025-10-30 10:50:00-04:00,4909.47,4914.46,4902.91,4903.91,5245
2025-10-30 10:55:00-04:00,4903.91,4906.78,4882.53,4886.33,6604
2025-10-30 11:00:00-04:00,4886.33,4889.65,4879.3,4884.08,2470
2025-10-30 11:05:00-04:00,4884.08,4884.08,4869.12,4871.58,3959
2025-10-30 11:10:00-04:00,4871.58,4876.08,4871.32,4871.91,1944
2025-10-30 11:15:00-04:00,4871.91,4878.34,4871.38,4877.68,1493
2025-10-30 11:20:00-04:00,4877.68,4884.69,4875.84,4883.82,1689
2025-10-30 11:25:00-04:00,4883.82,4892.08,4882.15,4889.74,2242
2025-10-30 11:30:00-04:00,4889.74,4890.17,4884.26,4885.26,2016
2025-10-30 11:35:00-04:00,4885.26,4890.07,4869.68,4870.74,3174
2025-10-30 11:40:00-04:00,4870.74,4873.36,4862.65,4864.74,2580
2025-10-30 11:45:00-04:00,4864.74,4870.47,4861.51,4863.98,1457
2025-10-30 11:50:00-04:00,4863.98,4876.19,4863.33,4874.6,3876
2025-10-30 11:55:00-04:00,4874.6,4879.61,4872.05,4875.02,2409
2025-10-30 12:00:00-04:00,4875.02,4877.28,4870.06,4873.3,1377
2025-10-30 12:05:00-04:00,4873.3,4874.27,4866.08,4868.25,2114
2025-10-30 12:10:00-04:00,4868.25,4871.83,4864.63,4864.68,1845
2025-10-30 12:15:00-04:00,4864.68,4868.5,4862.73,4868.19,2081
2025-10-30 12:20:00-04:00,4868.19,4869.98,4863.29,4866.1,2026
2025-10-30 12:25:00-04:00,4866.1,4869.8,4863.93,4867.39,1572
2025-10-30 12:30:00-04:00,4867.39,4869.49,4862.02,4864.03,2122
2025-10-30 12:35:00-04:00,4864.03,4866.98,4860.9,4863.76,1605
2025-10-30 12:40:00-04:00,4863.76,4866.0,4860.24,4864.87,1628
2025-10-30 12:45:00-04:00,4864.87,4868.67,4863.56,4865.57,1774
2025-10-30 12:50:00-04:00,4865.57,4867.81,4860.7,4866.23,1980
2025-10-30 12:55:00-04:00,4866.23,4871.98,4862.6,4869.88,2133
2025-10-30 13:00:00-04:00,4869.88,4887.92,4867.99,4883.78,2669
2025-10-30 13:05:00-04:00,4883.78,4886.51,4881.9,4884.26,1455
2025-10-30 13:10:00-04:00,4884.26,4892.1,4883.6,4889.72,1565
2025-10-30 13:15:00-04:00,4889.72,4895.48,4887.12,4894.26,1850
2025-10-30 13:20:00-04:00,4894.26,4895.44,4885.37,4886.16,2383
2025-10-30 13:25:00-04:00,4886.16,4891.5,4884.4,4886.62,2710
2025-10-30 13:30:00-04:00,4886.62,4894.44,4882.55,4884.78,3426
2025-10-30 13:35:00-04:00,4884.78,4887.42,4880.69,4881.36,3545
2025-10-30 13:40:00-04:00,4881.36,4884.07,4874.74,4880.4,3010
2025-10-30 13:45:00-04:00,4880.4,4882.98,4859.96,4862.71,7148
2025-10-30 13:50:00-04:00,4862.71,4869.47,4857.11,4866.21,2355
2025-10-30 13:55:00-04:00,4866.21,4867.59,4858.41,4863.47,2942
2025-10-30 14:00:00-04:00,4863.47,4870.97,4859.65,4870.83,3242
2025-10-30 14:05:00-04:00,4870.83,4887.31,4870.83,4883.43,4357
2025-10-30 14:10:00-04:00,4883.43,4885.4,4877.12,4880.69,2907
2025-10-30 14:15:00-04:00,4880.69,4881.98,4872.54,4877.03,2690
2025-10-30 14:20:00-04:00,4877.03,4880.93,4869.15,4874.43,3501
2025-10-30 14:25:00-04:00,4874.43,4879.88,4873.28,4876.75,3060
2025-10-30 14:30:00-04:00,4876.75,4880.47,4872.91,4877.6,2839
2025-10-30 14:35:00-04:00,4877.6,4881.12,4873.58,4877.24,2481
2025-10-30 14:40:00-04:00,4877.24,4883.5,4872.94,4880.22,3085
2025-10-30 14:45:00-04:00,4880.22,4881.61,4873.85,4879.24,2726
2025-10-30 14:50:00-04:00,4879.24,4882.97,4873.87,4879.91,3249
2025-10-30 14:55:00-04:00,4879.91,4889.09,4879.91,4882.69,3082
2025-10-30 15:00:00-04:00,4882.69,4893.17,4882.69,4890.11,3109
2025-10-30 15:05:00-04:00,4890.11,4894.55,4885.06,4891.12,3107
2025-10-30 15:10:00-04:00,4891.12,4894.45,4883.12,4884.82,2917
2025-10-30 15:15:00-04:00,4884.82,4893.84,4875.75,4892.09,7007
2025-10-30 15:20:00-04:00,4892.09,4901.59,4889.42,4897.75,5082
2025-10-30 15:25:00-04:00,4897.75,4903.6,4891.76,4895.53,4328
2025-10-30 15:30:00-04:00,4895.53,4898.29,4875.17,4876.32,7560
2025-10-30 15:35:00-04:00,4876.32,4882.36,4871.87,4878.34,3678
2025-10-30 15:40:00-04:00,4878.34,4881.27,4864.94,4867.4,10268
2025-10-30 15:45:00-04:00,4867.4,4880.59,4861.2,4875.81,2485
2025-10-30 15:50:00-04:00,4875.81,4883.5,4872.91,4878.26,2707
2025-10-30 15:55:00-04:00,4878.26,4878.26,4863.7,4867.14,3548
2025-10-30 16:00:00-04:00,4867.14,4870.82,4860.93,4865.8,3260
2025-10-30 16:05:00-04:00,4865.8,4876.7,4859.64,4874.23,5286
2025-10-30 16:10:00-04:00,4874.23,4899.07,4872.85,4896.19,4892
2025-10-30 16:15:00-04:00,4896.19,4905.53,4891.1,4895.32,4898
2025-10-30 16:20:00-04:00,4895.32,4902.32,4889.05,4894.85,5134
2025-10-30 16:25:00-04:00,4894.85,4899.46,4888.32,4890.44,8751
2025-10-30 16:30:00-04:00,4890.44,4891.76,4882.95,4890.92,9344
2025-10-30 16:35:00-04:00,4890.92,4890.92,4869.1,4870.67,15569
2025-10-30 16:40:00-04:00,4870.67,4872.4,4858.11,4861.91,8272
2025-10-30 16:45:00-04:00,4861.91,4864.21,4847.99,4849.62,9733
2025-10-30 16:50:00-04:00,4849.62,4851.93,4837.72,4845.65,12929
2025-10-30 16:55:00-04:00,4845.65,4854.55,4842.61,4851.46,3838
2025-10-31 09:30:00-04:00,4840.34,4858.65,4839.5,4852.72,6359
2025-10-31 09:35:00-04:00,4852.72,4862.57,4844.75,4855.72,5566
2025-10-31 09:40:00-04:00,4855.72,4862.35,4842.03,4859.83,6376
2025-10-31 09:45:00-04:00,4859.83,4860.69,4846.35,4851.92,6232
2025-10-31 09:50:00-04:00,4851.92,4859.92,4844.44,4853.92,6423
2025-10-31 09:55:00-04:00,4853.92,4863.39,4842.71,4850.04,4978
2025-10-31 10:00:00-04:00,4850.04,4850.98,4842.2,4845.18,3641
2025-10-31 10:05:00-04:00,4845.18,4854.18,4841.79,4849.07,2975
2025-10-31 10:10:00-04:00,4849.07,4856.57,4843.95,4852.9,2693
2025-10-31 10:15:00-04:00,4852.9,4854.38,4845.47,4850.73,3476
2025-10-31 10:20:00-04:00,4850.73,4850.73,4836.48,4841.22,3608
2025-10-31 10:25:00-04:00,4841.22,4845.63,4828.93,4830.89,7765
2025-10-31 10:30:00-04:00,4830.89,4833.13,4819.69,4823.01,4810
2025-10-31 10:35:00-04:00,4823.01,4823.95,4813.31,4820.52,3067
2025-10-31 10:40:00-04:00,4820.52,4829.66,4819.51,4824.35,2731
2025-10-31 10:45:00-04:00,4824.35,4827.21,4819.76,4823.24,2727
2025-10-31 10:50:00-04:00,4823.24,4829.36,4808.03,4811.94,3561
2025-10-31 10:55:00-04:00,4811.94,4813.05,4804.05,4807.8,2777
2025-10-31 11:00:00-04:00,4807.8,4810.99,4799.16,4801.56,3813
2025-10-31 11:05:00-04:00,4801.56,4811.29,4800.21,4808.62,2154
2025-10-31 11:10:00-04:00,4808.62,4808.7,4802.36,4806.56,2175
2025-10-31 11:15:00-04:00,4806.56,4812.0,4804.72,4810.15,2067
2025-10-31 11:20:00-04:00,4810.15,4816.31,4806.8,4814.98,2548
2025-10-31 11:25:00-04:00,4814.98,4824.9,4812.26,4820.77,2574
2025-10-31 11:30:00-04:00,4820.77,4824.13,4818.9,4822.42,1593
2025-10-31 11:35:00-04:00,4822.42,4824.3,4819.38,4821.12,2055
2025-10-31 11:40:00-04:00,4821.12,4823.29,4817.43,4820.64,1978
2025-10-31 11:45:00-04:00,4820.64,4822.92,4817.53,4820.04,1512
2025-10-31 11:50:00-04:00,4820.04,4825.33,4819.31,4821.06,2221
2025-10-31 11:55:00-04:00,4821.06,4824.23,4812.9,4814.87,2563
2025-10-31 12:00:00-04:00,4814.87,4817.43,4796.18,4797.69,4146
2025-10-31 12:05:00-04:00,4797.69,4800.97,4793.64,4797.34,1644
2025-10-31 12:10:00-04:00,4797.34,4800.84,4788.19,4790.52,4019
2025-10-31 12:15:00-04:00,4790.52,4791.58,4784.72,4787.44,2223
2025-10-31 12:20:00-04:00,4787.44,4791.82,4785.79,4788.76,1469
2025-10-31 12:25:00-04:00,4788.76,4797.13,4788.76,4794.37,1845
2025-10-31 12:30:00-04:00,4794.37,4800.5,4789.39,4799.43,2042
2025-10-31 12:35:00-04:00,4799.43,4817.95,4796.73,4813.37,3978
2025-10-31 12:40:00-04:00,4813.37,4815.07,4809.65,4811.3,1726
2025-10-31 12:45:00-04:00,4811.3,4813.06,4807.3,4809.86,2390
2025-10-31 12:50:00-04:00,4809.86,4813.68,4804.89,4811.33,1774
2025-10-31 12:55:00-04:00,4811.33,4815.14,4807.75,4808.75,2123
2025-10-31 13:00:00-04:00,4808.75,4810.66,4802.32,4805.15,1837
2025-10-31 13:05:00-04:00,4805.15,4807.59,4801.12,4806.05,2381
2025-10-31 13:10:00-04:00,4806.05,4811.22,4804.68,4810.21,1935
2025-10-31 13:15:00-04:00,4810.21,4814.29,4808.95,4811.16,1580
2025-10-31 13:20:00-04:00,4811.16,4812.71,4804.16,4806.51,2081
2025-10-31 13:25:00-04:00,4806.51,4808.7,4799.61,4802.4,2736
2025-10-31 13:30:00-04:00,4802.4,4816.6,4800.1,4815.03,8358
2025-10-31 13:35:00-04:00,4815.03,4815.03,4802.3,4805.93,2995
2025-10-31 13:40:00-04:00,4805.93,4808.44,4789.59,4792.35,7143
2025-10-31 13:45:00-04:00,4792.35,4794.43,4780.32,4781.37,5138
2025-10-31 13:50:00-04:00,4781.37,4785.95,4779.55,4783.97,2859
2025-10-31 13:55:00-04:00,4783.97,4784.65,4779.12,4781.43,2714
2025-10-31 14:00:00-04:00,4781.43,4784.71,4777.7,4780.91,3442
2025-10-31 14:05:00-04:00,4780.91,4782.58,4772.79,4774.87,3905
2025-10-31 14:10:00-04:00,4774.87,4790.04,4772.51,4787.45,5893
2025-10-31 14:15:00-04:00,4787.45,4795.75,4785.0,4788.25,4578
2025-10-31 14:20:00-04:00,4788.25,4793.44,4782.0,4789.64,3283
2025-10-31 14:25:00-04:00,4789.64,4801.94,4785.49,4800.24,8509
2025-10-31 14:30:00-04:00,4800.24,4806.09,4798.9,4801.3,4183
2025-10-31 14:35:00-04:00,4801.3,4807.19,4797.75,4804.83,3155
2025-10-31 14:40:00-04:00,4804.83,4806.05,4799.3,4802.09,2703
2025-10-31 14:45:00-04:00,4802.09,4808.37,4800.69,4802.74,3259
2025-10-31 14:50:00-04:00,4802.74,4805.55,4796.34,4798.76,2933
2025-10-31 14:55:00-04:00,4798.76,4803.63,4796.88,4799.05,3198
2025-10-31 15:00:00-04:00,4799.05,4800.46,4794.13,4798.65,2994
2025-10-31 15:05:00-04:00,4798.65,4799.12,4792.13,4796.73,2519
2025-10-31 15:10:00-04:00,4796.73,4804.51,4796.73,4797.11,2380
2025-10-31 15:15:00-04:00,4797.11,4805.64,4796.23,4803.48,3396
2025-10-31 15:20:00-04:00,4803.48,4808.59,4797.17,4798.91,3725
2025-10-31 15:25:00-04:00,4798.91,4806.6,4792.35,4793.88,4386
2025-10-31 15:30:00-04:00,4793.88,4796.2,4783.48,4784.51,5421
2025-10-31 15:35:00-04:00,4784.51,4788.23,4783.46,4785.87,2758
2025-10-31 15:40:00-04:00,4785.87,4795.5,4785.04,4790.93,3926
2025-10-31 15:45:00-04:00,4790.93,4800.11,4784.68,4795.04,3922
2025-10-31 15:50:00-04:00,4795.04,4805.02,4794.92,4798.66,3239
2025-10-31 15:55:00-04:00,4798.66,4803.07,4792.31,4800.02,3372
2025-10-31 16:00:00-04:00,4800.02,4809.26,4790.82,4803.68,3707
2025-10-31 16:05:00-04:00,4803.68,4813.34,4798.62,4802.87,5802
2025-10-31 16:10:00-04:00,4802.87,4809.31,4797.97,4806.25,5711
2025-10-31 16:15:00-04:00,4806.25,4817.88,4803.0,4812.2,6021
2025-10-31 16:20:00-04:00,4812.2,4819.55,4805.12,4811.81,6478
2025-10-31 16:25:00-04:00,4811.81,4822.35,4806.97,4815.04,5870
2025-10-31 16:30:00-04:00,4815.04,4821.51,4809.67,4815.82,6371
2025-10-31 16:35:00-04:00,4815.82,4829.45,4815.27,4823.15,11101
2025-11-03 09:30:00-05:00,4814.53,4835.07,4805.17,4833.92,9430
2025-11-03 09:35:00-05:00,4833.92,4834.19,4821.92,4827.09,5718
2025-11-03 09:40:00-05:00,4827.09,4840.1,4824.54,4836.31,6657
2025-11-03 09:45:00-05:00,4836.31,4840.1,4826.03,4833.14,5716
2025-11-03 09:50:00-05:00,4833.14,4837.49,4816.18,4823.75,6825
2025-11-03 09:55:00-05:00,4823.75,4833.81,4817.41,4828.71,6929
2025-11-03 10:00:00-05:00,4828.71,4854.09,4826.11,4846.61,12927
2025-11-03 10:05:00-05:00,4846.61,4849.88,4842.39,4846.44,3597
2025-11-03 10:10:00-05:00,4846.44,4850.12,4841.2,4843.81,2810
2025-11-03 10:15:00-05:00,4843.81,4852.59,4841.38,4849.36,3288
2025-11-03 10:20:00-05:00,4849.36,4858.83,4846.46,4855.17,3856
2025-11-03 10:25:00-05:00,4855.17,4863.64,4852.33,4861.94,2686
2025-11-03 10:30:00-05:00,4861.94,4878.39,4861.16,4873.02,3183
2025-11-03 10:35:00-05:00,4873.02,4879.32,4870.55,4872.34,2583
2025-11-03 10:40:00-05:00,4872.34,4879.86,4869.46,4876.32,3850
2025-11-03 10:45:00-05:00,4876.32,4877.43,4859.31,4862.26,8853
2025-11-03 10:50:00-05:00,4862.26,4869.26,4861.92,4864.42,3156
2025-11-03 10:55:00-05:00,4864.42,4870.76,4852.34,4857.03,2991
2025-11-03 11:00:00-05:00,4857.03,4866.28,4854.42,4861.8,3158
2025-11-03 11:05:00-05:00,4861.8,4868.09,4857.82,4861.09,3122
2025-11-03 11:10:00-05:00,4861.09,4871.29,4860.21,4869.66,2911
2025-11-03 11:15:00-05:00,4869.66,4881.88,4866.79,4878.97,3669
2025-11-03 11:20:00-05:00,4878.97,4882.24,4876.8,4879.47,1608
2025-11-03 11:25:00-05:00,4879.47,4884.51,4878.02,4883.09,1904
2025-11-03 11:30:00-05:00,4883.09,4886.27,4880.42,4884.49,1437
2025-11-03 11:35:00-05:00,4884.49,4892.66,4883.53,4888.65,2058
2025-11-03 11:40:00-05:00,4888.65,4897.33,4888.21,4894.84,1509
2025-11-03 11:45:00-05:00,4894.84,4897.22,4892.54,4896.3,1424
2025-11-03 11:50:00-05:00,4896.3,4901.95,4895.08,4899.31,1729
2025-11-03 11:55:00-05:00,4899.31,4902.27,4895.77,4899.96,2074
2025-11-03 12:00:00-05:00,4899.96,4902.65,4897.3,4900.7,1513
2025-11-03 12:05:00-05:00,4900.7,4903.45,4897.26,4901.29,1672
2025-11-03 12:10:00-05:00,4901.29,4901.29,4895.04,4897.19,2709
2025-11-03 12:15:00-05:00,4897.19,4901.82,4896.08,4900.98,1641
2025-11-03 12:20:00-05:00,4900.98,4901.26,4891.03,4892.32,2247
2025-11-03 12:25:00-05:00,4892.32,4895.55,4889.54,4891.65,1561
2025-11-03 12:30:00-05:00,4891.65,4895.59,4887.25,4893.19,3055
2025-11-03 12:35:00-05:00,4893.19,4907.13,4890.72,4903.98,4489
2025-11-03 12:40:00-05:00,4903.98,4909.06,4902.21,4905.57,1816
2025-11-03 12:45:00-05:00,4905.57,4906.81,4900.89,4904.05,1712
2025-11-03 12:50:00-05:00,4904.05,4907.72,4901.83,4905.04,2026
2025-11-03 12:55:00-05:00,4905.04,4906.6,4903.04,4905.51,1378
2025-11-03 13:00:00-05:00,4905.51,4908.14,4900.22,4903.16,1750
2025-11-03 13:05:00-05:00,4903.16,4905.42,4900.64,4903.43,2370
2025-11-03 13:10:00-05:00,4903.43,4907.13,4902.54,4903.55,1847
2025-11-03 13:15:00-05:00,4903.55,4909.73,4901.0,4904.45,2652
2025-11-03 13:20:00-05:00,4904.45,4907.17,4885.12,4887.0,4545
2025-11-03 13:25:00-05:00,4887.0,4891.36,4881.21,4887.37,3154
2025-11-03 13:30:00-05:00,4887.37,4889.42,4880.24,4887.15,3078
2025-11-03 13:35:00-05:00,4887.15,4897.59,4887.15,4892.35,3688
2025-11-03 13:40:00-05:00,4892.35,4897.69,4890.49,4894.98,2677
2025-11-03 13:45:00-05:00,4894.98,4896.93,4889.51,4894.21,2353
2025-11-03 13:50:00-05:00,4894.21,4894.79,4888.72,4892.12,2959
2025-11-03 13:55:00-05:00,4892.12,4895.3,4887.2,4891.43,3147
2025-11-03 14:00:00-05:00,4891.43,4895.54,4885.74,4889.26,2863
2025-11-03 14:05:00-05:00,4889.26,4893.79,4884.36,4891.52,2728
2025-11-03 14:10:00-05:00,4891.52,4895.81,4887.88,4891.69,3199
2025-11-03 14:15:00-05:00,4891.69,4903.23,4891.02,4900.48,2533
2025-11-03 14:20:00-05:00,4900.48,4905.05,4895.5,4903.55,3112
2025-11-03 14:25:00-05:00,4903.55,4911.69,4902.76,4906.39,2882
2025-11-03 14:30:00-05:00,4906.39,4914.48,4906.38,4910.92,3396
2025-11-03 14:35:00-05:00,4910.92,4920.97,4910.92,4917.17,2684
2025-11-03 14:40:00-05:00,4917.17,4919.7,4912.51,4913.86,2781
2025-11-03 14:45:00-05:00,4913.86,4918.26,4911.32,4915.14,3225
2025-11-03 14:50:00-05:00,4915.14,4922.81,4913.43,4916.77,3017
2025-11-03 14:55:00-05:00,4916.77,4925.24,4915.44,4922.12,3541
2025-11-03 15:00:00-05:00,4922.12,4928.15,4917.06,4924.26,3204
2025-11-03 15:05:00-05:00,4924.26,4928.33,4922.01,4923.4,2518
2025-11-03 15:10:00-05:00,4923.4,4928.83,4920.4,4924.17,2759
2025-11-03 15:15:00-05:00,4924.17,4927.98,4920.72,4925.63,2964
2025-11-03 15:20:00-05:00,4925.63,4940.13,4925.63,4934.71,3617
2025-11-03 15:25:00-05:00,4934.71,4938.27,4926.52,4937.94,2534
2025-11-03 15:30:00-05:00,4937.94,4959.73,4935.41,4954.27,2707
2025-11-03 15:35:00-05:00,4954.27,4961.35,4950.08,4955.88,3075
2025-11-03 15:40:00-05:00,4955.88,4955.88,4941.62,4944.11,3520
2025-11-03 15:45:00-05:00,4944.11,4950.53,4936.1,4941.57,3025
2025-11-03 15:50:00-05:00,4941.57,4941.57,4927.74,4930.19,4091
2025-11-03 15:55:00-05:00,4930.19,4936.27,4915.07,4917.9,18232
2025-11-03 16:00:00-05:00,4917.9,4925.68,4910.04,4924.37,10047
2025-11-03 16:05:00-05:00,4924.37,4935.46,4920.23,4933.75,8309
2025-11-03 16:10:00-05:00,4933.75,4951.99,4931.84,4949.53,9086
2025-11-03 16:15:00-05:00,4949.53,4962.32,4947.78,4953.53,5744
2025-11-03 16:20:00-05:00,4953.53,4967.0,4950.14,4958.8,7818
2025-11-03 16:25:00-05:00,4958.8,4966.44,4954.36,4961.04,4943
2025-11-03 16:30:00-05:00,4961.04,4961.04,4954.52,4958.48,2737
2025-11-04 09:30:00-05:00,4954.8,4971.33,4949.95,4952.41,12953
2025-11-04 09:35:00-05:00,4952.41,4960.93,4946.64,4955.22,9127
2025-11-04 09:40:00-05:00,4955.22,4956.26,4943.53,4952.79,6481
2025-11-04 09:45:00-05:00,4952.79,4954.6,4930.83,4932.67,11533
2025-11-04 09:50:00-05:00,4932.67,4934.03,4916.55,4922.72,7753
2025-11-04 09:55:00-05:00,4922.72,4934.94,4918.0,4931.63,5533
2025-11-04 10:00:00-05:00,4931.63,4940.38,4920.91,4928.57,5238
2025-11-04 10:05:00-05:00,4928.57,4942.42,4928.57,4938.75,5346
2025-11-04 10:10:00-05:00,4938.75,4949.35,4938.16,4944.54,3375
2025-11-04 10:15:00-05:00,4944.54,4951.99,4942.3,4946.61,3380
2025-11-04 10:20:00-05:00,4946.61,4958.07,4945.4,4954.56,2923
2025-11-04 10:25:00-05:00,4954.56,4969.95,4952.58,4967.01,9390
2025-11-04 10:30:00-05:00,4967.01,4967.02,4958.52,4963.44,2864
2025-11-04 10:35:00-05:00,4963.44,4976.24,4958.93,4973.59,3963
2025-11-04 10:40:00-05:00,4973.59,4983.73,4972.96,4978.99,2925
2025-11-04 10:45:00-05:00,4978.99,4987.59,4978.18,4986.92,3059
2025-11-04 10:50:00-05:00,4986.92,4987.88,4978.75,4981.85,2923
2025-11-04 10:55:00-05:00,4981.85,4987.7,4979.53,4984.78,2956
2025-11-04 11:00:00-05:00,4984.78,4989.3,4979.77,4986.1,2676
2025-11-04 11:05:00-05:00,4986.1,4998.23,4985.32,4997.33,3533
2025-11-04 11:10:00-05:00,4997.33,4997.37,4989.72,4993.75,2008
2025-11-04 11:15:00-05:00,4993.75,4999.37,4993.11,4995.12,1365
2025-11-04 11:20:00-05:00,4995.12,4998.24,4993.13,4995.55,1906
2025-11-04 11:25:00-05:00,4995.55,4995.55,4986.16,4988.62,1690
2025-11-04 11:30:00-05:00,4988.62,4993.87,4986.13,4990.5,1889
2025-11-04 11:35:00-05:00,4990.5,5008.26,4990.5,5005.66,3205
2025-11-04 11:40:00-05:00,5005.66,5014.33,5003.5,5010.97,2301
2025-11-04 11:45:00-05:00,5010.97,5013.42,5008.8,5010.8,1892
2025-11-04 11:50:00-05:00,5010.8,5016.11,5005.35,5013.4,2049
2025-11-04 11:55:00-05:00,5013.4,5019.62,5013.4,5015.81,2014
2025-11-04 12:00:00-05:00,5015.81,5023.36,5014.6,5017.27,1926
2025-11-04 12:05:00-05:00,5017.27,5023.8,5016.61,5018.7,1442
2025-11-04 12:10:00-05:00,5018.7,5021.05,5012.78,5015.66,1835
2025-11-04 12:15:00-05:00,5015.66,5015.79,5008.53,5009.34,1695
2025-11-04 12:20:00-05:00,5009.34,5011.36,5004.42,5007.39,1647
2025-11-04 12:25:00-05:00,5007.39,5014.44,5005.98,5008.51,2470
2025-11-04 12:30:00-05:00,5008.51,5008.51,5003.95,5007.61,1572
2025-11-04 12:35:00-05:00,5007.61,5009.08,5001.65,5003.03,1291
2025-11-04 12:40:00-05:00,5003.03,5008.93,5002.43,5005.73,1709
2025-11-04 12:45:00-05:00,5005.73,5011.11,5003.76,5009.02,1772
2025-11-04 12:50:00-05:00,5009.02,5017.73,5007.44,5014.97,1689
2025-11-04 12:55:00-05:00,5014.97,5018.69,5013.01,5014.43,1853
2025-11-04 13:00:00-05:00,5014.43,5021.49,5014.15,5016.48,1908
2025-11-04 13:05:00-05:00,5016.48,5016.96,5009.05,5010.21,1854
2025-11-04 13:10:00-05:00,5010.21,5016.76,5006.95,5010.7,1829
2025-11-04 13:15:00-05:00,5010.7,5014.47,5003.16,5006.79,2618
2025-11-04 13:20:00-05:00,5006.79,5009.7,5002.8,5006.48,2792
2025-11-04 13:25:00-05:00,5006.48,5007.73,4998.13,5002.85,2612
2025-11-04 13:30:00-05:00,5002.85,5002.85,4990.65,4993.31,3127
2025-11-04 13:35:00-05:00,4993.31,4999.43,4990.31,4996.44,3463
2025-11-04 13:40:00-05:00,4996.44,5003.83,4995.97,5002.49,2413
2025-11-04 13:45:00-05:00,5002.49,5005.2,4997.85,5000.01,3385
2025-11-04 13:50:00-05:00,5000.01,5002.24,4988.14,4991.99,3188
2025-11-04 13:55:00-05:00,4991.99,4996.5,4987.23,4989.28,2452
2025-11-04 14:00:00-05:00,4989.28,4992.37,4984.52,4988.39,2891
2025-11-04 14:05:00-05:00,4988.39,4994.05,4984.3,4984.95,4316
2025-11-04 14:10:00-05:00,4984.95,4990.33,4978.63,4987.63,3606
2025-11-04 14:15:00-05:00,4987.63,5008.71,4985.65,5005.33,4802
2025-11-04 14:20:00-05:00,5005.33,5013.22,5004.54,5009.21,3220
2025-11-04 14:25:00-05:00,5009.21,5012.42,5004.63,5008.47,2942
2025-11-04 14:30:00-05:00,5008.47,5015.85,5008.31,5012.83,3360
2025-11-04 14:35:00-05:00,5012.83,5013.65,5005.52,5009.49,2853
2025-11-04 14:40:00-05:00,5009.49,5013.66,5004.28,5009.71,2756
2025-11-04 14:45:00-05:00,5009.71,5013.01,5006.52,5010.24,2736
2025-11-04 14:50:00-05:00,5010.24,5013.35,5005.6,5011.86,2847
2025-11-04 14:55:00-05:00,5011.86,5016.73,5007.86,5013.05,3245
2025-11-04 15:00:00-05:00,5013.05,5019.27,5010.91,5017.45,3100
2025-11-04 15:05:00-05:00,5017.45,5020.49,5012.81,5016.54,3080
2025-11-04 15:10:00-05:00,5016.54,5023.8,5013.69,5020.26,2963
2025-11-04 15:15:00-05:00,5020.26,5026.22,5016.89,5025.31,2934
2025-11-04 15:20:00-05:00,5025.31,5031.04,5018.27,5025.71,2795
2025-11-04 15:25:00-05:00,5025.71,5037.29,5021.88,5030.75,4161
2025-11-04 15:30:00-05:00,5030.75,5036.76,5027.93,5034.18,2730
2025-11-04 15:35:00-05:00,5034.18,5042.08,5030.79,5039.08,2627
2025-11-04 15:40:00-05:00,5039.08,5045.08,5035.61,5038.31,3135
2025-11-04 15:45:00-05:00,5038.31,5044.92,5029.53,5030.9,6008
2025-11-04 15:50:00-05:00,5030.9,5032.31,5015.59,5017.05,5708
2025-11-04 15:55:00-05:00,5017.05,5022.17,5012.15,5020.78,6819
2025-11-04 16:00:00-05:00,5020.78,5026.73,5007.23,5016.14,6355
2025-11-04 16:05:00-05:00,5016.14,5017.95,4997.35,5001.36,5522
2025-11-04 16:10:00-05:00,5001.36,5004.58,4992.32,4996.6,5983
2025-11-04 16:15:00-05:00,4996.6,5004.53,4991.49,4998.42,6058
2025-11-04 16:20:00-05:00,4998.42,5000.06,4992.07,4996.2,2012
2025-11-05 09:30:00-05:00,4982.97,4998.91,4977.91,4988.69,6681
2025-11-05 09:35:00-05:00,4988.69,5002.21,4986.85,4994.6,6772
2025-11-05 09:40:00-05:00,4994.6,4997.03,4980.08,4982.2,5527
2025-11-05 09:45:00-05:00,4982.2,4983.69,4969.56,4972.24,5216
2025-11-05 09:50:00-05:00,4972.24,4977.51,4958.47,4968.76,5766
2025-11-05 09:55:00-05:00,4968.76,4971.13,4958.03,4966.2,5539
2025-11-05 10:00:00-05:00,4966.2,4969.83,4959.79,4965.17,3192
2025-11-05 10:05:00-05:00,4965.17,4969.31,4949.87,4952.48,5607
2025-11-05 10:10:00-05:00,4952.48,4954.1,4943.14,4952.63,3955
2025-11-05 10:15:00-05:00,4952.63,4958.61,4939.05,4943.23,2847
2025-11-05 10:20:00-05:00,4943.23,4950.89,4943.23,4946.23,3662
2025-11-05 10:25:00-05:00,4946.23,4952.54,4939.45,4947.77,2546
2025-11-05 10:30:00-05:00,4947.77,4957.58,4939.03,4954.99,8153
2025-11-05 10:35:00-05:00,4954.99,4966.94,4952.77,4962.56,5908
2025-11-05 10:40:00-05:00,4962.56,4963.9,4956.0,4961.38,3109
2025-11-05 10:45:00-05:00,4961.38,4964.86,4955.49,4960.78,3453
2025-11-05 10:50:00-05:00,4960.78,4972.76,4956.24,4968.45,3186
2025-11-05 10:55:00-05:00,4968.45,4969.89,4956.83,4963.21,3885
2025-11-05 11:00:00-05:00,4963.21,4972.3,4962.84,4970.73,3204
2025-11-05 11:05:00-05:00,4970.73,4976.16,4970.33,4975.4,2716
2025-11-05 11:10:00-05:00,4975.4,4980.56,4970.89,4978.25,2735
2025-11-05 11:15:00-05:00,4978.25,4992.79,4975.84,4990.9,3906
2025-11-05 11:20:00-05:00,4990.9,4998.81,4988.76,4996.54,2081
2025-11-05 11:25:00-05:00,4996.54,4999.81,4996.45,4996.54,2238
2025-11-05 11:30:00-05:00,4996.54,5003.88,4996.54,5002.29,1725
2025-11-05 11:35:00-05:00,5002.29,5008.91,5001.46,5004.97,1818
2025-11-05 11:40:00-05:00,5004.97,5016.48,5003.98,5015.23,1575
2025-11-05 11:45:00-05:00,5015.23,5016.27,5009.77,5012.62,1597
2025-11-05 11:50:00-05:00,5012.62,5022.58,5012.62,5020.02,2035
2025-11-05 11:55:00-05:00,5020.02,5021.96,5008.45,5011.43,1629
2025-11-05 12:00:00-05:00,5011.43,5015.93,5009.09,5014.17,2123
2025-11-05 12:05:00-05:00,5014.17,5018.99,5012.41,5018.28,1574
2025-11-05 12:10:00-05:00,5018.28,5021.37,5015.46,5018.37,1609
2025-11-05 12:15:00-05:00,5018.37,5019.94,5014.99,5016.22,1631
2025-11-05 12:20:00-05:00,5016.22,5019.13,4998.76,4999.93,4088
2025-11-05 12:25:00-05:00,4999.93,5002.55,4985.19,4987.13,5387
2025-11-05 12:30:00-05:00,4987.13,4988.65,4977.66,4984.98,3847
2025-11-05 12:35:00-05:00,4984.98,4991.31,4983.78,4989.6,1587
2025-11-05 12:40:00-05:00,4989.6,4990.45,4971.5,4973.49,5532
2025-11-05 12:45:00-05:00,4973.49,4976.19,4967.21,4972.11,3051
2025-11-05 12:50:00-05:00,4972.11,4976.88,4971.05,4974.2,2129
2025-11-05 12:55:00-05:00,4974.2,4979.79,4974.2,4976.95,1910
2025-11-05 13:00:00-05:00,4976.95,4976.95,4970.79,4972.03,1923
2025-11-05 13:05:00-05:00,4972.03,4973.15,4968.37,4971.75,2259
2025-11-05 13:10:00-05:00,4971.75,4974.27,4967.49,4971.6,2134
2025-11-05 13:15:00-05:00,4971.6,4976.06,4969.37,4971.59,1673
2025-11-05 13:20:00-05:00,4971.59,4978.27,4971.59,4974.54,1884
2025-11-05 13:25:00-05:00,4974.54,4979.09,4972.63,4976.35,3040
2025-11-05 13:30:00-05:00,4976.35,4987.13,4973.57,4985.88,7784
2025-11-05 13:35:00-05:00,4985.88,4995.51,4984.02,4993.57,6101
2025-11-05 13:40:00-05:00,4993.57,5008.72,4990.73,5004.99,4573
2025-11-05 13:45:00-05:00,5004.99,5011.44,4999.6,5009.73,3396
2025-11-05 13:50:00-05:00,5009.73,5014.53,5006.08,5009.46,3497
2025-11-05 13:55:00-05:00,5009.46,5013.89,5003.68,5007.16,2734
2025-11-05 14:00:00-05:00,5007.16,5013.79,5004.86,5007.63,3386
2025-11-05 14:05:00-05:00,5007.63,5009.19,4992.26,4994.53,5745
2025-11-05 14:10:00-05:00,4994.53,4995.75,4981.98,4985.17,4488
2025-11-05 14:15:00-05:00,4985.17,4986.14,4977.63,4983.96,3474
2025-11-05 14:20:00-05:00,4983.96,4990.67,4976.91,4978.43,4569
2025-11-05 14:25:00-05:00,4978.43,4984.31,4976.22,4979.71,3023
2025-11-05 14:30:00-05:00,4979.71,4982.11,4973.91,4976.9,2174
2025-11-05 14:35:00-05:00,4976.9,4983.33,4976.9,4979.22,2271
2025-11-05 14:40:00-05:00,4979.22,4982.14,4975.14,4977.8,3266
2025-11-05 14:45:00-05:00,4977.8,4982.37,4977.35,4980.86,2499
2025-11-05 14:50:00-05:00,4980.86,4987.84,4975.14,4978.65,3100
2025-11-05 14:55:00-05:00,4978.65,4982.79,4975.68,4979.83,3426
2025-11-05 15:00:00-05:00,4979.83,4983.69,4975.08,4978.43,2983
2025-11-05 15:05:00-05:00,4978.43,4981.67,4974.7,4975.68,2980
2025-11-05 15:10:00-05:00,4975.68,4975.68,4964.59,4972.09,3913
2025-11-05 15:15:00-05:00,4972.09,4973.18,4964.27,4966.16,2596
2025-11-05 15:20:00-05:00,4966.16,4971.41,4962.7,4963.37,2990
2025-11-05 15:25:00-05:00,4963.37,4971.04,4963.34,4968.08,2834
2025-11-05 15:30:00-05:00,4968.08,4976.42,4964.96,4968.88,3011
2025-11-05 15:35:00-05:00,4968.88,4972.11,4960.09,4965.71,3192
2025-11-05 15:40:00-05:00,4965.71,4966.77,4953.16,4960.82,2713
2025-11-05 15:45:00-05:00,4960.82,4969.33,4956.11,4963.36,3134
2025-11-05 15:50:00-05:00,4963.36,4974.95,4954.84,4968.62,3419
2025-11-05 15:55:00-05:00,4968.62,4976.58,4958.58,4963.54,3324
2025-11-05 16:00:00-05:00,4963.54,4969.66,4959.22,4966.1,2675
2025-11-05 16:05:00-05:00,4966.1,4978.08,4965.89,4971.89,5431
2025-11-05 16:10:00-05:00,4971.89,4978.09,4970.76,4976.39,5714
2025-11-05 16:15:00-05:00,4976.39,4986.32,4973.62,4981.75,6296
2025-11-05 16:20:00-05:00,4981.75,4999.51,4981.75,4992.48,6182
2025-11-05 16:25:00-05:00,4992.48,5001.31,4985.1,4993.56,8964
2025-11-05 16:30:00-05:00,4993.56,4995.02,4973.07,4976.39,14842
2025-11-05 16:35:00-05:00,4976.39,4987.17,4973.98,4981.96,3950
2025-11-06 09:30:00-05:00,4996.64,5020.83,4987.94,5013.26,6876
2025-11-06 09:35:00-05:00,5013.26,5024.94,4996.68,5004.19,6446
2025-11-06 09:40:00-05:00,5004.19,5008.74,4986.32,4990.51,5948
2025-11-06 09:45:00-05:00,4990.51,4991.39,4977.77,4982.11,5855
2025-11-06 09:50:00-05:00,4982.11,4985.02,4968.15,4980.21,6464
2025-11-06 09:55:00-05:00,4980.21,4985.54,4971.85,4978.01,4858
2025-11-06 10:00:00-05:00,4978.01,4979.43,4964.95,4967.25,2631
2025-11-06 10:05:00-05:00,4967.25,4969.16,4955.76,4960.08,2958
2025-11-06 10:10:00-05:00,4960.08,4972.15,4958.77,4963.52,3554
2025-11-06 10:15:00-05:00,4963.52,4971.48,4963.52,4968.01,2922
2025-11-06 10:20:00-05:00,4968.01,4973.2,4964.76,4970.29,3455
2025-11-06 10:25:00-05:00,4970.29,4974.28,4962.88,4966.9,2875
2025-11-06 10:30:00-05:00,4966.9,4975.74,4963.44,4972.63,3122
2025-11-06 10:35:00-05:00,4972.63,4972.63,4963.31,4965.56,2852
2025-11-06 10:40:00-05:00,4965.56,4967.87,4954.79,4957.76,2487
2025-11-06 10:45:00-05:00,4957.76,4963.38,4949.39,4957.27,3094
2025-11-06 10:50:00-05:00,4957.27,4966.1,4953.75,4962.53,3069
2025-11-06 10:55:00-05:00,4962.53,4965.48,4955.03,4963.64,3260
2025-11-06 11:00:00-05:00,4963.64,4992.13,4963.31,4990.78,2732
2025-11-06 11:05:00-05:00,4990.78,4999.61,4990.78,4994.2,2124
2025-11-06 11:10:00-05:00,4994.2,4997.03,4990.65,4993.69,1717
2025-11-06 11:15:00-05:00,4993.69,4999.63,4993.69,4995.79,2309
2025-11-06 11:20:00-05:00,4995.79,5000.95,4993.32,4999.31,1540
2025-11-06 11:25:00-05:00,4999.31,5005.93,4997.64,5004.29,1609
2025-11-06 11:30:00-05:00,5004.29,5008.61,5000.95,5006.08,1844
2025-11-06 11:35:00-05:00,5006.08,5010.01,5004.14,5006.34,1449
2025-11-06 11:40:00-05:00,5006.34,5009.66,5003.48,5009.15,1796
2025-11-06 11:45:00-05:00,5009.15,5012.12,5005.98,5007.62,1771
2025-11-06 11:50:00-05:00,5007.62,5014.96,5004.1,5012.81,1685
2025-11-06 11:55:00-05:00,5012.81,5012.81,5005.07,5006.7,2028
2025-11-06 12:00:00-05:00,5006.7,5008.39,5001.07,5001.73,2012
2025-11-06 12:05:00-05:00,5001.73,5004.11,4998.31,5001.24,1732
2025-11-06 12:10:00-05:00,5001.24,5005.71,5000.17,5000.95,1561
2025-11-06 12:15:00-05:00,5000.95,5009.08,5000.95,5005.78,1892
2025-11-06 12:20:00-05:00,5005.78,5010.7,5002.83,5005.91,2047
2025-11-06 12:25:00-05:00,5005.91,5009.82,5005.91,5009.04,1689
2025-11-06 12:30:00-05:00,5009.04,5016.27,5007.76,5010.35,2417
2025-11-06 12:35:00-05:00,5010.35,5014.21,5008.67,5011.61,1593
2025-11-06 12:40:00-05:00,5011.61,5013.03,5003.51,5004.89,4452
2025-11-06 12:45:00-05:00,5004.89,5007.87,4997.03,4997.66,3626
2025-11-06 12:50:00-05:00,4997.66,5002.27,4995.13,4997.13,1959
2025-11-06 12:55:00-05:00,4997.13,5010.53,4996.76,5009.36,3738
2025-11-06 13:00:00-05:00,5009.36,5014.89,5007.47,5014.44,1712
2025-11-06 13:05:00-05:00,5014.44,5023.45,5014.44,5020.61,2379
2025-11-06 13:10:00-05:00,5020.61,5026.11,5017.46,5020.51,2301
2025-11-06 13:15:00-05:00,5020.51,5021.75,5015.29,5017.14,3163
2025-11-06 13:20:00-05:00,5017.14,5021.48,5014.15,5017.76,2717
2025-11-06 13:25:00-05:00,5017.76,5033.61,5015.83,5031.49,9590
2025-11-06 13:30:00-05:00,5031.49,5034.54,5006.15,5008.09,5346
2025-11-06 13:35:00-05:00,5008.09,5013.85,5004.35,5007.94,3391
2025-11-06 13:40:00-05:00,5007.94,5022.55,5005.93,5021.03,6019
2025-11-06 13:45:00-05:00,5021.03,5027.5,5018.73,5023.73,3045
2025-11-06 13:50:00-05:00,5023.73,5030.36,5021.83,5025.62,2707
2025-11-06 13:55:00-05:00,5025.62,5027.39,5017.87,5019.29,2721
2025-11-06 14:00:00-05:00,5019.29,5023.21,5013.35,5013.74,2756
2025-11-06 14:05:00-05:00,5013.74,5016.82,5008.12,5012.89,3152
2025-11-06 14:10:00-05:00,5012.89,5017.63,5008.31,5014.1,2594
2025-11-06 14:15:00-05:00,5014.1,5020.25,5002.46,5004.93,8493
2025-11-06 14:20:00-05:00,5004.93,5012.32,5002.8,5009.88,2433
2025-11-06 14:25:00-05:00,5009.88,5009.88,5000.2,5003.2,3260
2025-11-06 14:30:00-05:00,5003.2,5006.08,4996.42,4999.95,3178
2025-11-06 14:35:00-05:00,4999.95,5006.56,4997.95,5000.74,3046
2025-11-06 14:40:00-05:00,5000.74,5000.74,4990.01,4992.25,3075
2025-11-06 14:45:00-05:00,4992.25,4996.59,4986.5,4989.35,2979
2025-11-06 14:50:00-05:00,4989.35,4993.97,4984.08,4992.86,3029
2025-11-06 14:55:00-05:00,4992.86,4995.2,4987.41,4989.76,2900
2025-11-06 15:00:00-05:00,4989.76,4989.81,4982.49,4985.62,3178
2025-11-06 15:05:00-05:00,4985.62,4994.13,4984.87,4991.58,3320
2025-11-06 15:10:00-05:00,4991.58,4999.27,4987.25,4995.89,2610
2025-11-06 15:15:00-05:00,4995.89,5008.28,4993.78,5001.88,6734
2025-11-06 15:20:00-05:00,5001.88,5006.19,4995.95,4996.79,3444
2025-11-06 15:25:00-05:00,4996.79,5000.08,4991.35,4994.91,3193
2025-11-06 15:30:00-05:00,4994.91,5012.03,4994.91,5009.83,2802
2025-11-06 15:35:00-05:00,5009.83,5022.09,5007.95,5014.62,3758
2025-11-06 15:40:00-05:00,5014.62,5025.79,5010.8,5019.36,3247
2025-11-06 15:45:00-05:00,5019.36,5032.47,5015.48,5023.91,3862
2025-11-06 15:50:00-05:00,5023.91,5026.44,5011.48,5013.48,3030
2025-11-06 15:55:00-05:00,5013.48,5018.79,5006.14,5013.91,3027
2025-11-06 16:00:00-05:00,5013.91,5016.64,5005.21,5010.95,4804
2025-11-06 16:05:00-05:00,5010.95,5021.06,5006.67,5015.12,4857
2025-11-06 16:10:00-05:00,5015.12,5018.98,5004.26,5007.16,7424
2025-11-06 16:15:00-05:00,5007.16,5010.79,4999.47,5005.98,4718
2025-11-06 16:20:00-05:00,5005.98,5012.82,4998.71,4999.87,7212
2025-11-06 16:25:00-05:00,4999.87,5000.93,4980.93,4983.88,9292
2025-11-06 16:30:00-05:00,4983.88,4990.36,4973.39,4977.3,4966
2025-11-07 09:30:00-05:00,4978.78,4983.88,4963.78,4969.71,6444
2025-11-07 09:35:00-05:00,4969.71,4983.37,4959.43,4960.89,19725
2025-11-07 09:40:00-05:00,4960.89,4965.6,4948.58,4963.56,17563
2025-11-07 09:45:00-05:00,4963.56,4975.08,4952.06,4971.13,7662
2025-11-07 09:50:00-05:00,4971.13,4973.78,4957.18,4962.3,5708
2025-11-07 09:55:00-05:00,4962.3,4969.45,4951.54,4959.33,5995
2025-11-07 10:00:00-05:00,4959.33,4977.74,4954.84,4962.27,5451
2025-11-07 10:05:00-05:00,4962.27,4963.01,4954.18,4959.97,2971
2025-11-07 10:10:00-05:00,4959.97,4965.68,4955.32,4958.04,5982
2025-11-07 10:15:00-05:00,4958.04,4960.1,4949.01,4953.59,7654
2025-11-07 10:20:00-05:00,4953.59,4962.52,4951.78,4959.85,2926
2025-11-07 10:25:00-05:00,4959.85,4964.36,4946.87,4947.77,3644
2025-11-07 10:30:00-05:00,4947.77,4948.59,4933.99,4938.29,2854
2025-11-07 10:35:00-05:00,4938.29,4943.83,4934.04,4939.48,2921
2025-11-07 10:40:00-05:00,4939.48,4946.26,4932.42,4942.18,4398
2025-11-07 10:45:00-05:00,4942.18,4960.21,4939.95,4955.17,6362
2025-11-07 10:50:00-05:00,4955.17,4960.32,4942.89,4946.45,3141
2025-11-07 10:55:00-05:00,4946.45,4950.45,4943.91,4948.24,3249
2025-11-07 11:00:00-05:00,4948.24,4948.24,4937.12,4941.15,3247
2025-11-07 11:05:00-05:00,4941.15,4948.12,4934.86,4944.78,3280
2025-11-07 11:10:00-05:00,4944.78,4949.51,4939.41,4941.19,5953
2025-11-07 11:15:00-05:00,4941.19,4942.22,4919.15,4924.07,6965
2025-11-07 11:20:00-05:00,4924.07,4930.47,4922.85,4925.89,1771
2025-11-07 11:25:00-05:00,4925.89,4928.21,4922.42,4925.86,1446
2025-11-07 11:30:00-05:00,4925.86,4928.57,4923.37,4924.01,2279
2025-11-07 11:35:00-05:00,4924.01,4926.53,4920.3,4922.52,1471
2025-11-07 11:40:00-05:00,4922.52,4922.52,4917.39,4920.13,1598
2025-11-07 11:45:00-05:00,4920.13,4924.03,4918.07,4923.19,1961
2025-11-07 11:50:00-05:00,4923.19,4923.19,4917.81,4920.64,2158
2025-11-07 11:55:00-05:00,4920.64,4925.8,4920.34,4924.05,2178
2025-11-07 12:00:00-05:00,4924.05,4927.55,4922.18,4925.62,1989
2025-11-07 12:05:00-05:00,4925.62,4929.33,4919.84,4921.97,1685
2025-11-07 12:10:00-05:00,4921.97,4925.54,4919.51,4923.14,1695
2025-11-07 12:15:00-05:00,4923.14,4927.57,4922.17,4925.24,1932
2025-11-07 12:20:00-05:00,4925.24,4929.14,4921.43,4927.61,2100
2025-11-07 12:25:00-05:00,4927.61,4944.04,4926.21,4943.6,6564
2025-11-07 12:30:00-05:00,4943.6,4945.83,4936.7,4940.36,1827
2025-11-07 12:35:00-05:00,4940.36,4942.2,4936.19,4938.16,1683
2025-11-07 12:40:00-05:00,4938.16,4943.64,4937.0,4941.44,1653
2025-11-07 12:45:00-05:00,4941.44,4944.01,4940.75,4941.28,1715
2025-11-07 12:50:00-05:00,4941.28,4953.59,4938.82,4950.78,2684
2025-11-07 12:55:00-05:00,4950.78,4957.6,4949.32,4954.08,2007
2025-11-07 13:00:00-05:00,4954.08,4959.06,4954.0,4957.19,2008
2025-11-07 13:05:00-05:00,4957.19,4961.19,4955.72,4958.99,1497
2025-11-07 13:10:00-05:00,4958.99,4964.06,4957.76,4960.08,1355
2025-11-07 13:15:00-05:00,4960.08,4960.08,4943.83,4946.44,2667
2025-11-07 13:20:00-05:00,4946.44,4948.7,4925.48,4927.22,4161
2025-11-07 13:25:00-05:00,4927.22,4928.27,4924.43,4925.29,1893
2025-11-07 13:30:00-05:00,4925.29,4928.61,4916.75,4920.56,2404
2025-11-07 13:35:00-05:00,4920.56,4930.99,4919.39,4928.15,3473
2025-11-07 13:40:00-05:00,4928.15,4938.04,4928.15,4935.52,3644
2025-11-07 13:45:00-05:00,4935.52,4938.21,4929.98,4937.13,3039
2025-11-07 13:50:00-05:00,4937.13,4939.58,4932.92,4935.49,3582
2025-11-07 13:55:00-05:00,4935.49,4939.0,4929.96,4933.16,3206
2025-11-07 14:00:00-05:00,4933.16,4942.81,4933.01,4939.42,2825
2025-11-07 14:05:00-05:00,4939.42,4942.88,4932.8,4934.8,3214
2025-11-07 14:10:00-05:00,4934.8,4942.85,4934.03,4940.75,3149
2025-11-07 14:15:00-05:00,4940.75,4946.45,4938.23,4943.16,4637
2025-11-07 14:20:00-05:00,4943.16,4948.28,4941.6,4946.6,3101
2025-11-07 14:25:00-05:00,4946.6,4952.65,4944.7,4946.81,3021
2025-11-07 14:30:00-05:00,4946.81,4950.41,4940.97,4943.82,3412
2025-11-07 14:35:00-05:00,4943.82,4949.62,4938.64,4942.53,3309
2025-11-07 14:40:00-05:00,4942.53,4953.83,4942.28,4950.68,2930
2025-11-07 14:45:00-05:00,4950.68,4954.14,4944.34,4946.85,3605
2025-11-07 14:50:00-05:00,4946.85,4950.97,4943.11,4947.98,3002
2025-11-07 14:55:00-05:00,4947.98,4951.54,4941.72,4944.66,3370
2025-11-07 15:00:00-05:00,4944.66,4944.66,4930.58,4932.37,6486
2025-11-07 15:05:00-05:00,4932.37,4934.25,4918.37,4920.37,5053
2025-11-07 15:10:00-05:00,4920.37,4922.34,4915.36,4916.37,2834
2025-11-07 15:15:00-05:00,4916.37,4920.52,4912.71,4915.0,3197
2025-11-07 15:20:00-05:00,4915.0,4920.75,4910.49,4912.74,2341
2025-11-07 15:25:00-05:00,4912.74,4916.62,4908.71,4910.41,2733
2025-11-07 15:30:00-05:00,4910.41,4915.03,4901.23,4902.76,9052
2025-11-07 15:35:00-05:00,4902.76,4902.76,4893.18,4896.39,3155
2025-11-07 15:40:00-05:00,4896.39,4899.21,4891.03,4894.07,2735
2025-11-07 15:45:00-05:00,4894.07,4896.73,4886.76,4890.51,2718
2025-11-07 15:50:00-05:00,4890.51,4890.51,4881.4,4886.37,2676
2025-11-07 15:55:00-05:00,4886.37,4891.15,4878.0,4883.99,2922
2025-11-07 16:00:00-05:00,4883.99,4888.58,4877.38,4882.77,3066
2025-11-07 16:05:00-05:00,4882.77,4893.45,4878.05,4890.61,4690
2025-11-07 16:10:00-05:00,4890.61,4911.3,4888.57,4907.73,5439
2025-11-07 16:15:00-05:00,4907.73,4919.01,4907.47,4916.63,3319
2025-11-07 16:20:00-05:00,4916.63,4926.84,4910.54,4919.31,4831
2025-11-07 16:25:00-05:00,4919.31,4921.98,4905.03,4908.0,10885
2025-11-07 16:30:00-05:00,4908.0,4910.56,4893.96,4896.48,17551
2025-11-07 16:35:00-05:00,4896.48,4904.56,4886.25,4899.69,12692
2025-11-07 16:40:00-05:00,4899.69,4907.78,4894.09,4904.03,5970
2025-11-07 16:45:00-05:00,4904.03,4907.5,4894.2,4902.8,6265
2025-11-07 16:50:00-05:00,4902.8,4911.5,4901.13,4904.29,5621
