timestamp,Open,High,Low,Close,Volume
2025-09-29 09:30:00-04:00,4500.0,4512.89,4498.95,4506.03,117194
2025-09-29 09:35:00-04:00,4506.03,4515.09,4501.9,4504.12,140263
2025-09-29 09:40:00-04:00,4504.12,4506.49,4496.52,4499.09,108693
2025-09-29 09:45:00-04:00,4499.09,4510.06,4488.27,4490.98,98431
2025-09-29 09:50:00-04:00,4490.98,4497.32,4476.45,4483.02,147435
2025-09-29 09:55:00-04:00,4483.02,4494.49,4479.43,4481.2,91394
2025-09-29 10:00:00-04:00,4481.2,4488.87,4479.88,4485.13,38792
2025-09-29 10:05:00-04:00,4485.13,4487.83,4483.76,4485.07,53483
2025-09-29 10:10:00-04:00,4485.07,4489.89,4481.38,4485.15,49457
2025-09-29 10:15:00-04:00,4485.15,4491.33,4472.81,4474.39,70757
2025-09-29 10:20:00-04:00,4474.39,4479.07,4454.33,4455.1,41534
2025-09-29 10:25:00-04:00,4455.1,4458.7,4453.76,4458.19,53247
2025-09-29 10:30:00-04:00,4458.19,4463.22,4457.16,4459.56,69099
2025-09-29 10:35:00-04:00,4459.56,4462.67,4459.26,4460.14,79216
2025-09-29 10:40:00-04:00,4460.14,4460.76,4456.66,4460.15,78190
2025-09-29 10:45:00-04:00,4460.15,4461.45,4454.82,4456.8,43986
2025-09-29 10:50:00-04:00,4456.8,4462.03,4456.33,4459.12,52662
2025-09-29 10:55:00-04:00,4459.12,4462.36,4456.52,4461.98,53599
2025-09-29 11:00:00-04:00,4461.98,4471.25,4459.86,4468.74,40965
2025-09-29 11:05:00-04:00,4468.74,4476.81,4466.49,4476.65,77716
2025-09-29 11:10:00-04:00,4476.65,4478.41,4471.3,4472.67,53419
2025-09-29 11:15:00-04:00,4472.67,4477.53,4470.34,4474.36,75151
2025-09-29 11:20:00-04:00,4474.36,4475.31,4469.11,4471.06,63827
2025-09-29 11:25:00-04:00,4471.06,4481.79,4469.7,4481.49,57890
2025-09-29 11:30:00-04:00,4481.49,4486.53,4480.91,4483.93,33627
2025-09-29 11:35:00-04:00,4483.93,4487.7,4483.46,4485.54,48047
2025-09-29 11:40:00-04:00,4485.54,4486.28,4481.72,4482.6,57251
2025-09-29 11:45:00-04:00,4482.6,4485.62,4473.95,4476.24,51959
2025-09-29 11:50:00-04:00,4476.24,4482.82,4468.12,4470.57,30663
2025-09-29 11:55:00-04:00,4470.57,4475.22,4469.67,4474.86,60303
2025-09-29 12:00:00-04:00,4474.86,4476.28,4470.36,4470.38,47675
2025-09-29 12:05:00-04:00,4470.38,4470.54,4468.51,4470.52,53664
2025-09-29 12:10:00-04:00,4470.52,4470.61,4468.35,4469.73,76717
2025-09-29 12:15:00-04:00,4469.73,4469.77,4465.44,4466.74,68559
2025-09-29 12:20:00-04:00,4466.74,4473.14,4466.5,4471.76,42688
2025-09-29 12:25:00-04:00,4471.76,4472.66,4468.88,4470.42,70545
2025-09-29 12:30:00-04:00,4470.42,4474.38,4469.32,4471.93,45708
2025-09-29 12:35:00-04:00,4471.93,4472.4,4469.91,4470.87,77011
2025-09-29 12:40:00-04:00,4470.87,4471.5,4470.14,4471.09,48227
2025-09-29 12:45:00-04:00,4471.09,4471.25,4467.86,4468.55,53078
2025-09-29 12:50:00-04:00,4468.55,4468.91,4466.1,4467.0,61065
2025-09-29 12:55:00-04:00,4467.0,4467.02,4464.03,4464.45,75936
2025-09-29 13:00:00-04:00,4464.45,4464.91,4459.99,4463.2,72642
2025-09-29 13:05:00-04:00,4463.2,4469.88,4462.54,4468.72,36295
2025-09-29 13:10:00-04:00,4468.72,4473.54,4467.26,4473.03,78354
2025-09-29 13:15:00-04:00,4473.03,4479.43,4472.66,4478.16,32200
2025-09-29 13:20:00-04:00,4478.16,4487.78,4475.5,4486.72,54736
2025-09-29 13:25:00-04:00,4486.72,4489.88,4485.86,4489.87,51295
2025-09-29 13:30:00-04:00,4489.87,4496.37,4488.91,4493.52,74064
2025-09-29 13:35:00-04:00,4493.52,4499.38,4486.65,4497.95,75525
2025-09-29 13:40:00-04:00,4497.95,4499.79,4493.98,4494.15,40677
2025-09-29 13:45:00-04:00,4494.15,4496.2,4492.19,4495.88,78404
2025-09-29 13:50:00-04:00,4495.88,4508.59,4492.72,4508.38,70764
2025-09-29 13:55:00-04:00,4508.38,4514.7,4508.31,4508.42,74080
2025-09-29 14:00:00-04:00,4508.42,4508.97,4499.85,4500.59,63828
2025-09-29 14:05:00-04:00,4500.59,4503.35,4498.92,4503.07,75236
2025-09-29 14:10:00-04:00,4503.07,4504.9,4502.58,4504.78,65743
2025-09-29 14:15:00-04:00,4504.78,4505.79,4500.92,4502.84,56641
2025-09-29 14:20:00-04:00,4502.84,4506.45,4501.42,4506.24,66631
2025-09-29 14:25:00-04:00,4506.24,4515.82,4503.81,4514.39,48070
2025-09-29 14:30:00-04:00,4514.39,4517.43,4513.58,4514.85,70864
2025-09-29 14:35:00-04:00,4514.85,4518.53,4513.21,4517.59,69974
2025-09-29 14:40:00-04:00,4517.59,4523.24,4516.9,4521.88,38716
2025-09-29 14:45:00-04:00,4521.88,4525.92,4520.76,4523.24,42039
2025-09-29 14:50:00-04:00,4523.24,4529.23,4522.53,4527.76,43403
2025-09-29 14:55:00-04:00,4527.76,4534.93,4523.23,4531.4,63621
2025-09-29 15:00:00-04:00,4531.4,4533.46,4521.45,4523.32,34777
2025-09-29 15:05:00-04:00,4523.32,4531.05,4518.4,4528.91,32491
2025-09-29 15:10:00-04:00,4528.91,4540.19,4523.43,4537.87,62093
2025-09-29 15:15:00-04:00,4537.87,4547.6,4533.82,4536.7,37987
2025-09-29 15:20:00-04:00,4536.7,4545.73,4521.15,4525.03,62217
2025-09-29 15:25:00-04:00,4525.03,4536.34,4517.52,4532.84,31081
2025-09-29 15:30:00-04:00,4532.84,4536.61,4530.55,4531.99,100056
2025-09-29 15:35:00-04:00,4531.99,4537.71,4526.18,4530.34,83343
2025-09-29 15:40:00-04:00,4530.34,4550.92,4522.84,4549.88,147215
2025-09-29 15:45:00-04:00,4549.88,4552.98,4544.68,4545.87,124078
2025-09-29 15:50:00-04:00,4545.87,4554.38,4543.83,4543.92,142752
2025-09-29 15:55:00-04:00,4543.92,4553.52,4533.39,4535.65,103049
2025-09-30 09:30:00-04:00,4535.65,4555.13,4533.07,4553.25,110977
2025-09-30 09:35:00-04:00,4553.25,4554.97,4551.49,4554.65,140890
2025-09-30 09:40:00-04:00,4554.65,4564.96,4549.94,4560.25,118304
2025-09-30 09:45:00-04:00,4560.25,4567.4,4557.55,4562.17,100764
2025-09-30 09:50:00-04:00,4562.17,4563.12,4553.76,4557.79,145953
2025-09-30 09:55:00-04:00,4557.79,4557.92,4545.8,4553.62,118513
2025-09-30 10:00:00-04:00,4553.62,4563.27,4549.92,4561.87,57384
2025-09-30 10:05:00-04:00,4561.87,4577.8,4555.53,4567.67,65735
2025-09-30 10:10:00-04:00,4567.67,4573.25,4548.35,4551.4,37357
2025-09-30 10:15:00-04:00,4551.4,4569.03,4549.75,4562.04,50150
2025-09-30 10:20:00-04:00,4562.04,4573.34,4556.08,4569.63,30698
2025-09-30 10:25:00-04:00,4569.63,4571.67,4569.06,4569.88,62307
2025-09-30 10:30:00-04:00,4569.88,4581.11,4565.78,4578.68,53576
2025-09-30 10:35:00-04:00,4578.68,4581.97,4576.07,4576.69,31167
2025-09-30 10:40:00-04:00,4576.69,4576.71,4568.77,4573.55,68102
2025-09-30 10:45:00-04:00,4573.55,4585.86,4572.62,4581.7,67614
2025-09-30 10:50:00-04:00,4581.7,4584.95,4579.82,4583.66,31542
2025-09-30 10:55:00-04:00,4583.66,4588.13,4582.78,4584.83,57569
2025-09-30 11:00:00-04:00,4584.83,4585.01,4575.21,4577.64,47749
2025-09-30 11:05:00-04:00,4577.64,4580.43,4577.15,4578.79,36588
2025-09-30 11:10:00-04:00,4578.79,4587.63,4576.97,4585.61,45485
2025-09-30 11:15:00-04:00,4585.61,4586.31,4580.29,4580.3,39435
2025-09-30 11:20:00-04:00,4580.3,4588.72,4578.82,4587.64,72918
2025-09-30 11:25:00-04:00,4587.64,4591.35,4584.13,4590.16,30504
2025-09-30 11:30:00-04:00,4590.16,4592.1,4582.8,4583.58,79285
2025-09-30 11:35:00-04:00,4583.58,4590.09,4582.21,4585.74,50559
2025-09-30 11:40:00-04:00,4585.74,4586.86,4585.52,4586.83,43843
2025-09-30 11:45:00-04:00,4586.83,4588.44,4581.13,4583.34,72356
2025-09-30 11:50:00-04:00,4583.34,4586.84,4578.45,4579.29,64121
2025-09-30 11:55:00-04:00,4579.29,4585.32,4577.44,4580.31,59703
2025-09-30 12:00:00-04:00,4580.31,4582.62,4578.76,4581.43,63307
2025-09-30 12:05:00-04:00,4581.43,4583.62,4579.79,4580.21,65547
2025-09-30 12:10:00-04:00,4580.21,4580.67,4576.86,4578.79,40136
2025-09-30 12:15:00-04:00,4578.79,4579.59,4574.73,4574.88,53793
2025-09-30 12:20:00-04:00,4574.88,4575.1,4570.53,4572.13,64961
2025-09-30 12:25:00-04:00,4572.13,4574.08,4569.61,4571.16,50309
2025-09-30 12:30:00-04:00,4571.16,4573.22,4570.91,4571.81,62606
2025-09-30 12:35:00-04:00,4571.81,4572.18,4570.54,4570.76,53574
2025-09-30 12:40:00-04:00,4570.76,4571.48,4568.57,4569.79,75106
2025-09-30 12:45:00-04:00,4569.79,4570.79,4568.76,4569.53,34544
2025-09-30 12:50:00-04:00,4569.53,4573.77,4568.58,4572.01,44489
2025-09-30 12:55:00-04:00,4572.01,4575.99,4571.07,4571.37,79922
2025-09-30 13:00:00-04:00,4571.37,4576.98,4566.66,4576.82,54285
2025-09-30 13:05:00-04:00,4576.82,4585.87,4573.75,4584.92,49198
2025-09-30 13:10:00-04:00,4584.92,4593.82,4583.92,4591.8,43051
2025-09-30 13:15:00-04:00,4591.8,4591.93,4589.74,4590.29,38017
2025-09-30 13:20:00-04:00,4590.29,4594.97,4584.3,4584.92,61703
2025-09-30 13:25:00-04:00,4584.92,4588.87,4583.69,4588.27,73088
2025-09-30 13:30:00-04:00,4588.27,4590.1,4587.62,4588.26,57169
2025-09-30 13:35:00-04:00,4588.26,4591.76,4577.92,4580.68,69037
2025-09-30 13:40:00-04:00,4580.68,4582.22,4573.93,4574.77,75415
2025-09-30 13:45:00-04:00,4574.77,4576.49,4566.7,4570.53,48271
2025-09-30 13:50:00-04:00,4570.53,4580.71,4569.5,4579.98,53954
2025-09-30 13:55:00-04:00,4579.98,4581.13,4575.47,4577.86,67545
2025-09-30 14:00:00-04:00,4577.86,4580.23,4576.16,4577.43,56329
2025-09-30 14:05:00-04:00,4577.43,4577.66,4571.91,4572.0,40488
2025-09-30 14:10:00-04:00,4572.0,4581.49,4569.2,4581.04,34432
2025-09-30 14:15:00-04:00,4581.04,4583.24,4579.62,4581.29,44178
2025-09-30 14:20:00-04:00,4581.29,4582.61,4578.29,4578.92,58699
2025-09-30 14:25:00-04:00,4578.92,4580.36,4563.43,4568.44,46748
2025-09-30 14:30:00-04:00,4568.44,4572.12,4567.36,4570.33,31531
2025-09-30 14:35:00-04:00,4570.33,4573.66,4568.15,4573.36,69650
2025-09-30 14:40:00-04:00,4573.36,4573.88,4567.68,4569.44,31062
2025-09-30 14:45:00-04:00,4569.44,4574.56,4567.94,4572.13,79277
2025-09-30 14:50:00-04:00,4572.13,4581.92,4572.11,4579.9,56734
2025-09-30 14:55:00-04:00,4579.9,4590.32,4578.63,4586.74,42910
2025-09-30 15:00:00-04:00,4586.74,4594.0,4580.98,4582.76,49123
2025-09-30 15:05:00-04:00,4582.76,4587.0,4567.95,4576.69,40167
2025-09-30 15:10:00-04:00,4576.69,4576.79,4554.91,4557.72,36767
2025-09-30 15:15:00-04:00,4557.72,4559.46,4544.42,4546.3,40589
2025-09-30 15:20:00-04:00,4546.3,4550.58,4545.07,4546.8,68110
2025-09-30 15:25:00-04:00,4546.8,4547.59,4542.28,4546.41,58746
2025-09-30 15:30:00-04:00,4546.41,4549.87,4543.11,4548.62,93234
2025-09-30 15:35:00-04:00,4548.62,4551.2,4540.06,4543.84,90954
2025-09-30 15:40:00-04:00,4543.84,4546.31,4525.72,4528.72,122101
2025-09-30 15:45:00-04:00,4528.72,4538.08,4525.83,4533.95,125587
2025-09-30 15:50:00-04:00,4533.95,4535.34,4522.95,4529.85,81828
2025-09-30 15:55:00-04:00,4529.85,4540.6,4529.8,4537.14,127362
2025-10-01 09:30:00-04:00,4537.14,4540.59,4526.68,4531.69,106614
2025-10-01 09:35:00-04:00,4531.69,4539.67,4530.97,4538.7,92219
2025-10-01 09:40:00-04:00,4538.7,4540.66,4536.48,4540.25,85951
2025-10-01 09:45:00-04:00,4540.25,4557.26,4538.0,4554.62,138596
2025-10-01 09:50:00-04:00,4554.62,4556.59,4548.4,4550.19,103930
2025-10-01 09:55:00-04:00,4550.19,4553.57,4545.27,4546.37,96984
2025-10-01 10:00:00-04:00,4546.37,4550.68,4542.8,4543.93,58173
2025-10-01 10:05:00-04:00,4543.93,4556.91,4540.27,4555.77,35984
2025-10-01 10:10:00-04:00,4555.77,4563.59,4554.28,4555.95,75558
2025-10-01 10:15:00-04:00,4555.95,4559.36,4553.72,4553.97,56727
2025-10-01 10:20:00-04:00,4553.97,4555.28,4545.18,4545.93,54519
2025-10-01 10:25:00-04:00,4545.93,4555.13,4543.6,4551.12,35788
2025-10-01 10:30:00-04:00,4551.12,4558.97,4549.23,4558.89,62154
2025-10-01 10:35:00-04:00,4558.89,4566.96,4557.98,4563.51,76714
2025-10-01 10:40:00-04:00,4563.51,4564.11,4556.55,4561.67,36359
2025-10-01 10:45:00-04:00,4561.67,4564.9,4555.96,4564.77,50103
2025-10-01 10:50:00-04:00,4564.77,4566.03,4560.64,4562.84,46478
2025-10-01 10:55:00-04:00,4562.84,4570.33,4558.28,4567.29,63561
2025-10-01 11:00:00-04:00,4567.29,4570.14,4559.72,4563.77,30814
2025-10-01 11:05:00-04:00,4563.77,4572.48,4560.35,4570.62,40457
2025-10-01 11:10:00-04:00,4570.62,4577.5,4570.15,4571.46,63595
2025-10-01 11:15:00-04:00,4571.46,4573.69,4570.99,4571.69,45343
2025-10-01 11:20:00-04:00,4571.69,4574.41,4569.88,4573.9,71563
2025-10-01 11:25:00-04:00,4573.9,4577.51,4573.48,4576.07,50530
2025-10-01 11:30:00-04:00,4576.07,4577.16,4575.87,4576.93,41053
2025-10-01 11:35:00-04:00,4576.93,4581.96,4575.8,4580.52,77523
2025-10-01 11:40:00-04:00,4580.52,4583.3,4576.64,4580.79,39524
2025-10-01 11:45:00-04:00,4580.79,4590.27,4579.45,4587.81,66980
2025-10-01 11:50:00-04:00,4587.81,4588.38,4581.22,4583.63,37973
2025-10-01 11:55:00-04:00,4583.63,4586.58,4579.54,4582.51,66368
2025-10-01 12:00:00-04:00,4582.51,4582.6,4581.29,4581.51,75080
2025-10-01 12:05:00-04:00,4581.51,4585.33,4581.45,4582.24,52359
2025-10-01 12:10:00-04:00,4582.24,4585.44,4581.2,4584.64,46241
2025-10-01 12:15:00-04:00,4584.64,4585.8,4582.41,4583.0,76163
2025-10-01 12:20:00-04:00,4583.0,4590.1,4582.87,4588.23,50806
2025-10-01 12:25:00-04:00,4588.23,4591.61,4588.06,4590.84,56838
2025-10-01 12:30:00-04:00,4590.84,4594.33,4590.32,4593.95,57952
2025-10-01 12:35:00-04:00,4593.95,4593.99,4588.46,4589.09,58071
2025-10-01 12:40:00-04:00,4589.09,4589.89,4585.04,4585.31,36645
2025-10-01 12:45:00-04:00,4585.31,4591.88,4583.89,4589.5,68565
2025-10-01 12:50:00-04:00,4589.5,4589.77,4588.04,4588.69,78770
2025-10-01 12:55:00-04:00,4588.69,4590.31,4587.31,4588.2,40093
2025-10-01 13:00:00-04:00,4588.2,4595.0,4587.61,4594.71,75368
2025-10-01 13:05:00-04:00,4594.71,4601.05,4593.04,4599.43,40682
2025-10-01 13:10:00-04:00,4599.43,4611.62,4597.56,4611.27,69986
2025-10-01 13:15:00-04:00,4611.27,4614.09,4600.97,4602.61,37970
2025-10-01 13:20:00-04:00,4602.61,4608.54,4602.07,4606.38,71124
2025-10-01 13:25:00-04:00,4606.38,4608.19,4603.94,4607.56,30822
2025-10-01 13:30:00-04:00,4607.56,4611.62,4597.02,4599.88,64177
2025-10-01 13:35:00-04:00,4599.88,4600.63,4595.91,4596.14,44596
2025-10-01 13:40:00-04:00,4596.14,4603.14,4593.95,4601.6,73861
2025-10-01 13:45:00-04:00,4601.6,4602.42,4599.36,4599.95,78285
2025-10-01 13:50:00-04:00,4599.95,4604.51,4599.18,4604.44,65954
2025-10-01 13:55:00-04:00,4604.44,4614.57,4604.24,4610.65,66801
2025-10-01 14:00:00-04:00,4610.65,4612.37,4604.06,4604.45,71401
2025-10-01 14:05:00-04:00,4604.45,4605.14,4602.19,4603.62,38996
2025-10-01 14:10:00-04:00,4603.62,4606.79,4602.68,4604.54,61896
2025-10-01 14:15:00-04:00,4604.54,4608.71,4596.66,4596.71,78756
2025-10-01 14:20:00-04:00,4596.71,4607.79,4594.4,4604.18,41664
2025-10-01 14:25:00-04:00,4604.18,4610.78,4601.23,4606.54,66397
2025-10-01 14:30:00-04:00,4606.54,4607.0,4601.65,4604.95,54063
2025-10-01 14:35:00-04:00,4604.95,4608.17,4603.96,4607.64,61463
2025-10-01 14:40:00-04:00,4607.64,4613.71,4602.15,4603.28,53863
2025-10-01 14:45:00-04:00,4603.28,4605.55,4599.79,4604.15,45850
2025-10-01 14:50:00-04:00,4604.15,4608.31,4599.27,4605.89,65111
2025-10-01 14:55:00-04:00,4605.89,4605.97,4600.21,4604.29,39130
2025-10-01 15:00:00-04:00,4604.29,4614.89,4591.08,4595.61,36960
2025-10-01 15:05:00-04:00,4595.61,4601.67,4589.12,4590.16,31341
2025-10-01 15:10:00-04:00,4590.16,4605.13,4586.31,4601.96,35319
2025-10-01 15:15:00-04:00,4601.96,4614.89,4594.32,4614.57,41918
2025-10-01 15:20:00-04:00,4614.57,4615.13,4610.54,4611.97,59711
2025-10-01 15:25:00-04:00,4611.97,4616.83,4611.35,4613.05,74813
2025-10-01 15:30:00-04:00,4613.05,4619.08,4612.16,4616.37,121786
2025-10-01 15:35:00-04:00,4616.37,4616.55,4611.81,4614.96,134237
2025-10-01 15:40:00-04:00,4614.96,4618.02,4604.25,4614.36,132375
2025-10-01 15:45:00-04:00,4614.36,4619.52,4612.93,4617.51,82983
2025-10-01 15:50:00-04:00,4617.51,4623.44,4592.18,4598.32,124547
2025-10-01 15:55:00-04:00,4598.32,4604.25,4593.52,4601.26,107345
2025-10-02 09:30:00-04:00,4601.26,4605.84,4597.35,4598.53,109430
2025-10-02 09:35:00-04:00,4598.53,4600.54,4592.17,4597.62,93919
2025-10-02 09:40:00-04:00,4597.62,4611.3,4595.28,4608.15,92984
2025-10-02 09:45:00-04:00,4608.15,4615.55,4581.92,4584.53,90616
2025-10-02 09:50:00-04:00,4584.53,4591.19,4572.49,4579.72,112733
2025-10-02 09:55:00-04:00,4579.72,4579.76,4573.6,4574.21,104951
2025-10-02 10:00:00-04:00,4574.21,4579.02,4555.47,4564.29,53895
2025-10-02 10:05:00-04:00,4564.29,4567.25,4548.9,4552.55,62123
2025-10-02 10:10:00-04:00,4552.55,4561.78,4552.33,4560.8,64636
2025-10-02 10:15:00-04:00,4560.8,4566.92,4557.8,4566.24,78988
2025-10-02 10:20:00-04:00,4566.24,4583.6,4559.07,4576.19,79976
2025-10-02 10:25:00-04:00,4576.19,4579.04,4573.6,4576.14,44199
2025-10-02 10:30:00-04:00,4576.14,4576.53,4572.3,4573.16,55425
2025-10-02 10:35:00-04:00,4573.16,4575.06,4566.0,4567.07,58831
2025-10-02 10:40:00-04:00,4567.07,4578.09,4561.94,4576.57,73642
2025-10-02 10:45:00-04:00,4576.57,4577.81,4569.35,4571.83,45585
2025-10-02 10:50:00-04:00,4571.83,4574.7,4561.1,4563.12,76681
2025-10-02 10:55:00-04:00,4563.12,4564.37,4557.97,4558.06,39903
2025-10-02 11:00:00-04:00,4558.06,4558.57,4554.95,4554.99,77327
2025-10-02 11:05:00-04:00,4554.99,4561.76,4554.91,4559.69,31591
2025-10-02 11:10:00-04:00,4559.69,4566.06,4558.75,4561.46,50695
2025-10-02 11:15:00-04:00,4561.46,4565.0,4558.93,4563.65,77456
2025-10-02 11:20:00-04:00,4563.65,4564.26,4559.05,4561.72,56292
2025-10-02 11:25:00-04:00,4561.72,4564.02,4554.13,4557.62,32469
2025-10-02 11:30:00-04:00,4557.62,4558.15,4557.52,4557.79,77638
2025-10-02 11:35:00-04:00,4557.79,4560.13,4557.44,4559.61,56705
2025-10-02 11:40:00-04:00,4559.61,4561.71,4559.09,4560.8,51727
2025-10-02 11:45:00-04:00,4560.8,4561.37,4558.74,4560.1,64832
2025-10-02 11:50:00-04:00,4560.1,4562.11,4557.2,4558.09,74486
2025-10-02 11:55:00-04:00,4558.09,4559.32,4554.21,4554.32,31435
2025-10-02 12:00:00-04:00,4554.32,4555.21,4553.82,4554.99,77295
2025-10-02 12:05:00-04:00,4554.99,4555.41,4554.52,4554.72,38073
2025-10-02 12:10:00-04:00,4554.72,4554.77,4550.12,4552.42,51427
2025-10-02 12:15:00-04:00,4552.42,4554.2,4549.95,4550.02,59241
2025-10-02 12:20:00-04:00,4550.02,4550.91,4548.55,4550.85,47482
2025-10-02 12:25:00-04:00,4550.85,4552.13,4548.89,4550.39,52042
2025-10-02 12:30:00-04:00,4550.39,4551.03,4544.15,4545.47,41425
2025-10-02 12:35:00-04:00,4545.47,4546.89,4541.0,4542.64,68158
2025-10-02 12:40:00-04:00,4542.64,4549.53,4542.17,4547.65,66444
2025-10-02 12:45:00-04:00,4547.65,4548.45,4545.02,4545.84,76765
2025-10-02 12:50:00-04:00,4545.84,4545.86,4543.54,4544.28,35655
2025-10-02 12:55:00-04:00,4544.28,4545.92,4543.48,4545.7,30526
2025-10-02 13:00:00-04:00,4545.7,4545.81,4539.45,4540.3,64531
2025-10-02 13:05:00-04:00,4540.3,4543.68,4535.43,4536.15,35109
2025-10-02 13:10:00-04:00,4536.15,4543.38,4535.48,4539.48,66935
2025-10-02 13:15:00-04:00,4539.48,4543.93,4537.71,4538.58,59009
2025-10-02 13:20:00-04:00,4538.58,4550.22,4536.26,4549.09,50581
2025-10-02 13:25:00-04:00,4549.09,4549.68,4542.33,4543.4,33762
2025-10-02 13:30:00-04:00,4543.4,4544.32,4536.04,4541.49,78787
2025-10-02 13:35:00-04:00,4541.49,4544.18,4539.18,4540.68,79153
2025-10-02 13:40:00-04:00,4540.68,4544.82,4537.53,4544.61,45525
2025-10-02 13:45:00-04:00,4544.61,4548.69,4537.41,4538.86,46369
2025-10-02 13:50:00-04:00,4538.86,4540.05,4535.0,4539.75,56015
2025-10-02 13:55:00-04:00,4539.75,4546.16,4539.36,4545.32,66679
2025-10-02 14:00:00-04:00,4545.32,4550.12,4542.93,4548.67,56630
2025-10-02 14:05:00-04:00,4548.67,4550.15,4541.03,4545.52,41653
2025-10-02 14:10:00-04:00,4545.52,4548.52,4543.0,4543.91,59545
2025-10-02 14:15:00-04:00,4543.91,4556.95,4542.87,4553.12,37179
2025-10-02 14:20:00-04:00,4553.12,4554.22,4548.71,4549.44,50022
2025-10-02 14:25:00-04:00,4549.44,4554.45,4548.97,4550.65,58380
2025-10-02 14:30:00-04:00,4550.65,4555.32,4543.9,4552.75,69825
2025-10-02 14:35:00-04:00,4552.75,4555.74,4548.87,4551.6,32920
2025-10-02 14:40:00-04:00,4551.6,4551.63,4543.93,4547.05,46309
2025-10-02 14:45:00-04:00,4547.05,4549.53,4543.92,4544.18,79310
2025-10-02 14:50:00-04:00,4544.18,4549.23,4541.03,4548.6,66221
2025-10-02 14:55:00-04:00,4548.6,4551.85,4546.22,4551.34,36563
2025-10-02 15:00:00-04:00,4551.34,4553.03,4543.0,4549.87,41171
2025-10-02 15:05:00-04:00,4549.87,4571.54,4547.26,4564.08,47778
2025-10-02 15:10:00-04:00,4564.08,4570.3,4552.2,4555.26,49342
2025-10-02 15:15:00-04:00,4555.26,4558.67,4530.48,4533.73,56723
2025-10-02 15:20:00-04:00,4533.73,4537.27,4526.24,4535.95,60523
2025-10-02 15:25:00-04:00,4535.95,4543.26,4527.32,4534.78,65046
2025-10-02 15:30:00-04:00,4534.78,4552.4,4533.14,4544.49,147649
2025-10-02 15:35:00-04:00,4544.49,4552.29,4526.63,4533.6,92588
2025-10-02 15:40:00-04:00,4533.6,4537.05,4525.26,4525.94,99816
2025-10-02 15:45:00-04:00,4525.94,4541.3,4524.0,4534.24,103499
2025-10-02 15:50:00-04:00,4534.24,4536.6,4522.09,4525.92,89847
2025-10-02 15:55:00-04:00,4525.92,4537.92,4520.05,4536.28,147278
2025-10-03 09:30:00-04:00,4536.28,4538.33,4533.2,4533.88,81058
2025-10-03 09:35:00-04:00,4533.88,4537.2,4529.7,4530.07,109856
2025-10-03 09:40:00-04:00,4530.07,4530.11,4524.62,4525.25,95398
2025-10-03 09:45:00-04:00,4525.25,4534.39,4512.14,4529.86,148785
2025-10-03 09:50:00-04:00,4529.86,4543.73,4526.55,4534.26,103196
2025-10-03 09:55:00-04:00,4534.26,4544.23,4533.52,4539.36,128320
2025-10-03 10:00:00-04:00,4539.36,4548.69,4534.99,4539.6,61463
2025-10-03 10:05:00-04:00,4539.6,4544.74,4538.33,4542.91,67208
2025-10-03 10:10:00-04:00,4542.91,4558.88,4540.01,4553.48,49508
2025-10-03 10:15:00-04:00,4553.48,4557.3,4535.34,4543.59,38125
2025-10-03 10:20:00-04:00,4543.59,4554.39,4542.04,4553.24,30488
2025-10-03 10:25:00-04:00,4553.24,4568.21,4549.66,4566.83,65941
2025-10-03 10:30:00-04:00,4566.83,4575.59,4565.47,4572.79,63768
2025-10-03 10:35:00-04:00,4572.79,4578.32,4571.89,4576.51,33712
2025-10-03 10:40:00-04:00,4576.51,4579.94,4573.59,4577.59,39108
2025-10-03 10:45:00-04:00,4577.59,4579.59,4565.66,4570.59,47824
2025-10-03 10:50:00-04:00,4570.59,4573.61,4564.44,4568.19,55537
2025-10-03 10:55:00-04:00,4568.19,4578.47,4566.63,4573.33,58441
2025-10-03 11:00:00-04:00,4573.33,4573.72,4560.87,4566.39,56966
2025-10-03 11:05:00-04:00,4566.39,4567.75,4562.53,4564.48,43178
2025-10-03 11:10:00-04:00,4564.48,4571.22,4562.39,4571.02,57764
2025-10-03 11:15:00-04:00,4571.02,4571.6,4569.92,4570.81,38906
2025-10-03 11:20:00-04:00,4570.81,4571.91,4562.58,4565.77,76413
2025-10-03 11:25:00-04:00,4565.77,4569.72,4565.55,4565.86,58211
2025-10-03 11:30:00-04:00,4565.86,4569.24,4560.25,4568.77,79257
2025-10-03 11:35:00-04:00,4568.77,4577.22,4567.0,4573.76,74976
2025-10-03 11:40:00-04:00,4573.76,4573.91,4568.69,4569.44,33654
2025-10-03 11:45:00-04:00,4569.44,4573.94,4567.93,4571.77,38636
2025-10-03 11:50:00-04:00,4571.77,4578.85,4570.45,4578.68,43673
2025-10-03 11:55:00-04:00,4578.68,4580.06,4573.53,4579.5,39435
2025-10-03 12:00:00-04:00,4579.5,4580.25,4576.81,4578.41,39852
2025-10-03 12:05:00-04:00,4578.41,4583.14,4578.11,4582.94,65993
2025-10-03 12:10:00-04:00,4582.94,4584.15,4580.71,4581.5,61910
2025-10-03 12:15:00-04:00,4581.5,4583.84,4581.18,4583.07,46035
2025-10-03 12:20:00-04:00,4583.07,4584.36,4582.52,4583.04,47633
2025-10-03 12:25:00-04:00,4583.04,4585.86,4580.05,4582.22,71621
2025-10-03 12:30:00-04:00,4582.22,4583.01,4581.11,4582.84,39160
2025-10-03 12:35:00-04:00,4582.84,4590.1,4580.91,4588.43,37421
2025-10-03 12:40:00-04:00,4588.43,4589.22,4586.04,4587.96,62117
2025-10-03 12:45:00-04:00,4587.96,4592.56,4587.48,4590.6,74311
2025-10-03 12:50:00-04:00,4590.6,4594.3,4590.16,4592.43,75799
2025-10-03 12:55:00-04:00,4592.43,4593.79,4590.46,4592.49,46456
2025-10-03 13:00:00-04:00,4592.49,4594.12,4586.61,4587.96,36704
2025-10-03 13:05:00-04:00,4587.96,4589.09,4585.36,4587.58,32475
2025-10-03 13:10:00-04:00,4587.58,4592.74,4586.82,4589.17,70747
2025-10-03 13:15:00-04:00,4589.17,4596.22,4586.34,4593.52,62581
2025-10-03 13:20:00-04:00,4593.52,4594.74,4588.91,4593.39,30661
2025-10-03 13:25:00-04:00,4593.39,4594.67,4590.85,4591.03,72828
2025-10-03 13:30:00-04:00,4591.03,4599.17,4590.28,4597.57,53197
2025-10-03 13:35:00-04:00,4597.57,4601.21,4591.92,4592.63,59328
2025-10-03 13:40:00-04:00,4592.63,4593.77,4580.7,4582.43,46669
2025-10-03 13:45:00-04:00,4582.43,4591.89,4581.52,4586.57,56342
2025-10-03 13:50:00-04:00,4586.57,4590.76,4583.73,4588.46,46163
2025-10-03 13:55:00-04:00,4588.46,4591.55,4586.42,4589.1,48792
2025-10-03 14:00:00-04:00,4589.1,4590.26,4578.67,4581.2,66035
2025-10-03 14:05:00-04:00,4581.2,4582.03,4568.65,4571.86,35435
2025-10-03 14:10:00-04:00,4571.86,4572.92,4569.62,4570.62,75033
2025-10-03 14:15:00-04:00,4570.62,4577.09,4569.88,4576.47,58495
2025-10-03 14:20:00-04:00,4576.47,4580.84,4575.48,4579.64,37373
2025-10-03 14:25:00-04:00,4579.64,4579.76,4577.29,4577.68,35656
2025-10-03 14:30:00-04:00,4577.68,4583.69,4572.81,4574.89,61552
2025-10-03 14:35:00-04:00,4574.89,4578.07,4566.83,4568.11,44716
2025-10-03 14:40:00-04:00,4568.11,4570.2,4566.94,4569.94,78519
2025-10-03 14:45:00-04:00,4569.94,4577.2,4562.2,4575.02,61822
2025-10-03 14:50:00-04:00,4575.02,4577.02,4574.86,4575.81,41916
2025-10-03 14:55:00-04:00,4575.81,4580.22,4574.76,4578.55,48268
2025-10-03 15:00:00-04:00,4578.55,4580.58,4572.55,4579.53,43828
2025-10-03 15:05:00-04:00,4579.53,4580.5,4558.93,4565.74,66618
2025-10-03 15:10:00-04:00,4565.74,4578.44,4563.01,4572.16,74936
2025-10-03 15:15:00-04:00,4572.16,4574.96,4555.38,4556.76,61823
2025-10-03 15:20:00-04:00,4556.76,4572.77,4550.95,4565.82,73108
2025-10-03 15:25:00-04:00,4565.82,4579.08,4561.66,4572.06,71779
2025-10-03 15:30:00-04:00,4572.06,4583.23,4568.05,4581.28,137022
2025-10-03 15:35:00-04:00,4581.28,4594.25,4580.25,4587.97,106715
2025-10-03 15:40:00-04:00,4587.97,4588.32,4574.5,4576.41,142646
2025-10-03 15:45:00-04:00,4576.41,4579.05,4564.15,4576.01,103177
2025-10-03 15:50:00-04:00,4576.01,4578.66,4560.44,4567.44,139353
2025-10-03 15:55:00-04:00,4567.44,4581.95,4567.3,4577.4,90634
2025-10-06 09:30:00-04:00,4577.4,4581.83,4575.37,4577.55,113361
2025-10-06 09:35:00-04:00,4577.55,4588.1,4567.83,4569.86,106035
2025-10-06 09:40:00-04:00,4569.86,4574.55,4566.14,4567.47,144641
2025-10-06 09:45:00-04:00,4567.47,4574.77,4559.35,4561.2,100281
2025-10-06 09:50:00-04:00,4561.2,4572.23,4561.12,4568.99,108602
2025-10-06 09:55:00-04:00,4568.99,4588.3,4567.73,4581.38,87099
2025-10-06 10:00:00-04:00,4581.38,4591.66,4578.62,4591.06,58758
2025-10-06 10:05:00-04:00,4591.06,4592.73,4589.92,4590.77,54034
2025-10-06 10:10:00-04:00,4590.77,4596.73,4579.32,4583.81,75454
2025-10-06 10:15:00-04:00,4583.81,4588.75,4563.92,4572.05,71732
2025-10-06 10:20:00-04:00,4572.05,4586.6,4567.5,4583.3,65144
2025-10-06 10:25:00-04:00,4583.3,4589.04,4574.48,4576.78,41824
2025-10-06 10:30:00-04:00,4576.78,4578.79,4571.04,4573.24,76857
2025-10-06 10:35:00-04:00,4573.24,4574.88,4571.12,4573.41,51991
2025-10-06 10:40:00-04:00,4573.41,4575.97,4573.32,4573.65,59921
2025-10-06 10:45:00-04:00,4573.65,4578.69,4571.73,4577.86,53953
2025-10-06 10:50:00-04:00,4577.86,4580.79,4571.57,4575.54,69896
2025-10-06 10:55:00-04:00,4575.54,4576.71,4565.3,4567.04,44291
2025-10-06 11:00:00-04:00,4567.04,4567.67,4565.74,4566.44,42258
2025-10-06 11:05:00-04:00,4566.44,4573.34,4563.85,4570.57,79190
2025-10-06 11:10:00-04:00,4570.57,4576.67,4567.8,4574.81,53911
2025-10-06 11:15:00-04:00,4574.81,4577.77,4574.04,4574.58,72719
2025-10-06 11:20:00-04:00,4574.58,4578.78,4573.66,4575.82,54858
2025-10-06 11:25:00-04:00,4575.82,4575.85,4572.02,4573.24,76486
2025-10-06 11:30:00-04:00,4573.24,4577.57,4567.98,4575.92,38706
2025-10-06 11:35:00-04:00,4575.92,4582.54,4571.89,4581.25,59725
2025-10-06 11:40:00-04:00,4581.25,4585.22,4579.82,4583.16,71321
2025-10-06 11:45:00-04:00,4583.16,4588.81,4582.6,4585.76,55860
2025-10-06 11:50:00-04:00,4585.76,4587.16,4583.98,4584.54,74522
2025-10-06 11:55:00-04:00,4584.54,4587.07,4582.08,4584.05,69213
2025-10-06 12:00:00-04:00,4584.05,4584.56,4580.35,4581.72,49363
2025-10-06 12:05:00-04:00,4581.72,4583.38,4579.47,4580.73,64546
2025-10-06 12:10:00-04:00,4580.73,4582.3,4579.51,4580.9,39596
2025-10-06 12:15:00-04:00,4580.9,4582.71,4580.19,4581.32,31013
2025-10-06 12:20:00-04:00,4581.32,4582.99,4575.92,4577.84,44537
2025-10-06 12:25:00-04:00,4577.84,4579.59,4575.09,4576.53,63848
2025-10-06 12:30:00-04:00,4576.53,4578.43,4573.6,4573.64,33586
2025-10-06 12:35:00-04:00,4573.64,4576.65,4572.85,4576.51,59750
2025-10-06 12:40:00-04:00,4576.51,4576.63,4573.48,4576.36,44226
2025-10-06 12:45:00-04:00,4576.36,4577.25,4575.36,4575.99,74848
2025-10-06 12:50:00-04:00,4575.99,4576.43,4572.91,4574.13,51817
2025-10-06 12:55:00-04:00,4574.13,4577.56,4573.35,4576.48,78831
2025-10-06 13:00:00-04:00,4576.48,4577.33,4565.52,4566.34,40720
2025-10-06 13:05:00-04:00,4566.34,4566.53,4563.83,4564.11,49194
2025-10-06 13:10:00-04:00,4564.11,4568.93,4562.04,4567.34,42448
2025-10-06 13:15:00-04:00,4567.34,4576.83,4564.88,4572.57,60447
2025-10-06 13:20:00-04:00,4572.57,4577.63,4571.88,4575.47,38329
2025-10-06 13:25:00-04:00,4575.47,4575.8,4565.54,4569.58,48284
2025-10-06 13:30:00-04:00,4569.58,4570.79,4566.53,4568.11,72963
2025-10-06 13:35:00-04:00,4568.11,4568.55,4555.2,4558.36,73363
2025-10-06 13:40:00-04:00,4558.36,4562.69,4554.58,4558.65,72821
2025-10-06 13:45:00-04:00,4558.65,4559.27,4554.69,4556.97,31619
2025-10-06 13:50:00-04:00,4556.97,4559.27,4554.75,4558.99,30162
2025-10-06 13:55:00-04:00,4558.99,4561.01,4553.75,4555.33,62591
2025-10-06 14:00:00-04:00,4555.33,4559.74,4549.77,4550.87,71800
2025-10-06 14:05:00-04:00,4550.87,4555.72,4550.83,4554.52,32643
2025-10-06 14:10:00-04:00,4554.52,4564.36,4551.53,4559.73,60682
2025-10-06 14:15:00-04:00,4559.73,4561.41,4554.5,4555.14,44289
2025-10-06 14:20:00-04:00,4555.14,4561.0,4552.5,4557.15,66727
2025-10-06 14:25:00-04:00,4557.15,4559.17,4553.75,4555.84,48745
2025-10-06 14:30:00-04:00,4555.84,4557.23,4549.54,4552.43,59055
2025-10-06 14:35:00-04:00,4552.43,4554.3,4547.58,4547.95,63365
2025-10-06 14:40:00-04:00,4547.95,4559.05,4547.28,4552.99,74629
2025-10-06 14:45:00-04:00,4552.99,4559.04,4550.85,4554.09,42485
2025-10-06 14:50:00-04:00,4554.09,4556.71,4552.5,4553.42,76136
2025-10-06 14:55:00-04:00,4553.42,4554.44,4545.23,4549.8,60575
2025-10-06 15:00:00-04:00,4549.8,4566.25,4545.5,4565.06,60651
2025-10-06 15:05:00-04:00,4565.06,4565.39,4559.08,4559.18,64622
2025-10-06 15:10:00-04:00,4559.18,4559.35,4539.55,4540.14,39283
2025-10-06 15:15:00-04:00,4540.14,4550.78,4532.76,4550.22,36519
2025-10-06 15:20:00-04:00,4550.22,4557.7,4547.96,4553.88,57624
2025-10-06 15:25:00-04:00,4553.88,4561.09,4546.29,4548.02,59118
2025-10-06 15:30:00-04:00,4548.02,4548.54,4534.53,4540.35,130729
2025-10-06 15:35:00-04:00,4540.35,4544.77,4532.36,4532.39,128563
2025-10-06 15:40:00-04:00,4532.39,4537.09,4512.24,4512.81,82551
2025-10-06 15:45:00-04:00,4512.81,4518.55,4502.12,4505.3,137828
2025-10-06 15:50:00-04:00,4505.3,4518.84,4501.85,4516.41,117991
2025-10-06 15:55:00-04:00,4516.41,4528.87,4510.28,4515.08,117711
2025-10-07 09:30:00-04:00,4515.08,4517.0,4497.12,4506.42,85906
2025-10-07 09:35:00-04:00,4506.42,4507.28,4495.67,4496.76,134400
2025-10-07 09:40:00-04:00,4496.76,4499.31,4491.59,4499.1,81283
2025-10-07 09:45:00-04:00,4499.1,4515.84,4497.47,4511.95,88004
2025-10-07 09:50:00-04:00,4511.95,4534.34,4509.34,4522.63,112994
2025-10-07 09:55:00-04:00,4522.63,4527.07,4521.29,4525.54,89587
2025-10-07 10:00:00-04:00,4525.54,4531.32,4520.51,4528.0,76037
2025-10-07 10:05:00-04:00,4528.0,4530.26,4515.87,4520.36,71945
2025-10-07 10:10:00-04:00,4520.36,4521.72,4515.09,4516.19,48099
2025-10-07 10:15:00-04:00,4516.19,4517.31,4510.1,4512.0,59009
2025-10-07 10:20:00-04:00,4512.0,4524.53,4505.15,4518.85,36980
2025-10-07 10:25:00-04:00,4518.85,4532.0,4517.12,4530.05,62602
2025-10-07 10:30:00-04:00,4530.05,4530.79,4523.25,4525.92,39127
2025-10-07 10:35:00-04:00,4525.92,4532.32,4523.64,4531.26,51447
2025-10-07 10:40:00-04:00,4531.26,4536.01,4529.91,4535.15,67396
2025-10-07 10:45:00-04:00,4535.15,4536.32,4529.21,4529.61,46843
2025-10-07 10:50:00-04:00,4529.61,4534.02,4527.67,4532.67,52746
2025-10-07 10:55:00-04:00,4532.67,4536.39,4532.33,4534.2,45223
2025-10-07 11:00:00-04:00,4534.2,4535.51,4526.05,4528.2,76738
2025-10-07 11:05:00-04:00,4528.2,4529.42,4526.59,4526.79,53383
2025-10-07 11:10:00-04:00,4526.79,4530.09,4524.88,4528.51,40412
2025-10-07 11:15:00-04:00,4528.51,4532.73,4527.32,4530.71,43074
2025-10-07 11:20:00-04:00,4530.71,4536.5,4530.21,4532.34,36816
2025-10-07 11:25:00-04:00,4532.34,4536.61,4530.04,4530.71,59492
2025-10-07 11:30:00-04:00,4530.71,4533.13,4523.75,4525.9,35374
2025-10-07 11:35:00-04:00,4525.9,4533.84,4525.52,4533.6,61600
2025-10-07 11:40:00-04:00,4533.6,4537.44,4529.1,4531.04,31492
2025-10-07 11:45:00-04:00,4531.04,4532.7,4527.81,4527.89,74900
2025-10-07 11:50:00-04:00,4527.89,4528.43,4521.45,4523.66,79879
2025-10-07 11:55:00-04:00,4523.66,4527.06,4523.11,4525.88,36581
2025-10-07 12:00:00-04:00,4525.88,4529.58,4524.88,4529.18,53132
2025-10-07 12:05:00-04:00,4529.18,4531.28,4528.87,4529.66,42466
2025-10-07 12:10:00-04:00,4529.66,4531.61,4529.38,4529.79,79068
2025-10-07 12:15:00-04:00,4529.79,4530.03,4525.86,4527.85,72752
2025-10-07 12:20:00-04:00,4527.85,4529.6,4526.27,4526.39,34378
2025-10-07 12:25:00-04:00,4526.39,4526.88,4524.51,4525.29,54000
2025-10-07 12:30:00-04:00,4525.29,4528.23,4521.42,4522.05,47839
2025-10-07 12:35:00-04:00,4522.05,4528.18,4521.3,4527.16,36796
2025-10-07 12:40:00-04:00,4527.16,4529.89,4526.62,4529.75,60502
2025-10-07 12:45:00-04:00,4529.75,4531.83,4528.23,4531.47,42605
2025-10-07 12:50:00-04:00,4531.47,4531.6,4529.34,4530.27,34912
2025-10-07 12:55:00-04:00,4530.27,4531.28,4528.61,4528.92,65634
2025-10-07 13:00:00-04:00,4528.92,4532.01,4528.77,4529.76,74199
2025-10-07 13:05:00-04:00,4529.76,4533.85,4523.46,4527.05,42743
2025-10-07 13:10:00-04:00,4527.05,4528.94,4518.95,4521.66,63755
2025-10-07 13:15:00-04:00,4521.66,4527.37,4521.33,4526.27,65820
2025-10-07 13:20:00-04:00,4526.27,4527.58,4522.09,4524.53,54995
2025-10-07 13:25:00-04:00,4524.53,4529.18,4523.84,4527.17,40651
2025-10-07 13:30:00-04:00,4527.17,4531.55,4523.38,4531.3,44376
2025-10-07 13:35:00-04:00,4531.3,4531.68,4526.19,4527.2,50584
2025-10-07 13:40:00-04:00,4527.2,4531.51,4527.07,4530.82,34658
2025-10-07 13:45:00-04:00,4530.82,4542.79,4529.1,4542.32,76619
2025-10-07 13:50:00-04:00,4542.32,4546.77,4541.84,4544.33,63154
2025-10-07 13:55:00-04:00,4544.33,4554.56,4544.08,4551.96,43392
2025-10-07 14:00:00-04:00,4551.96,4557.69,4550.05,4553.36,31998
2025-10-07 14:05:00-04:00,4553.36,4557.82,4551.18,4552.85,37446
2025-10-07 14:10:00-04:00,4552.85,4558.35,4551.17,4557.58,64888
2025-10-07 14:15:00-04:00,4557.58,4559.86,4555.25,4556.78,66027
2025-10-07 14:20:00-04:00,4556.78,4559.81,4549.19,4554.18,33134
2025-10-07 14:25:00-04:00,4554.18,4554.36,4547.08,4547.86,72903
2025-10-07 14:30:00-04:00,4547.86,4548.8,4540.35,4542.86,56167
2025-10-07 14:35:00-04:00,4542.86,4543.38,4537.04,4541.84,47297
2025-10-07 14:40:00-04:00,4541.84,4544.6,4535.05,4535.39,41120
2025-10-07 14:45:00-04:00,4535.39,4537.58,4528.45,4532.11,30929
2025-10-07 14:50:00-04:00,4532.11,4535.93,4529.99,4533.31,35744
2025-10-07 14:55:00-04:00,4533.31,4534.01,4530.71,4533.91,72359
2025-10-07 15:00:00-04:00,4533.91,4536.02,4525.9,4534.12,48693
2025-10-07 15:05:00-04:00,4534.12,4535.3,4513.7,4520.93,32169
2025-10-07 15:10:00-04:00,4520.93,4528.7,4515.62,4527.19,48800
2025-10-07 15:15:00-04:00,4527.19,4531.41,4523.67,4530.5,44973
2025-10-07 15:20:00-04:00,4530.5,4537.23,4514.12,4516.51,33236
2025-10-07 15:25:00-04:00,4516.51,4528.4,4489.93,4498.05,38556
2025-10-07 15:30:00-04:00,4498.05,4506.01,4489.95,4503.75,136882
2025-10-07 15:35:00-04:00,4503.75,4503.89,4492.88,4498.82,142443
2025-10-07 15:40:00-04:00,4498.82,4506.79,4493.24,4504.5,110654
2025-10-07 15:45:00-04:00,4504.5,4506.73,4499.51,4505.96,138478
2025-10-07 15:50:00-04:00,4505.96,4508.5,4498.02,4501.22,137169
2025-10-07 15:55:00-04:00,4501.22,4513.84,4492.4,4508.87,138342
2025-10-08 09:30:00-04:00,4508.87,4539.46,4507.73,4532.64,81708
2025-10-08 09:35:00-04:00,4532.64,4539.28,4532.42,4536.81,124789
2025-10-08 09:40:00-04:00,4536.81,4538.08,4530.43,4533.45,146093
2025-10-08 09:45:00-04:00,4533.45,4541.37,4530.48,4541.29,140011
2025-10-08 09:50:00-04:00,4541.29,4551.67,4533.23,4551.44,138954
2025-10-08 09:55:00-04:00,4551.44,4565.77,4548.14,4562.85,100878
2025-10-08 10:00:00-04:00,4562.85,4570.4,4556.63,4569.54,78077
2025-10-08 10:05:00-04:00,4569.54,4579.59,4554.05,4561.86,52190
2025-10-08 10:10:00-04:00,4561.86,4572.38,4556.55,4565.57,66703
2025-10-08 10:15:00-04:00,4565.57,4569.14,4558.7,4563.63,51826
2025-10-08 10:20:00-04:00,4563.63,4582.4,4560.63,4568.97,63905
2025-10-08 10:25:00-04:00,4568.97,4579.61,4567.86,4570.67,51162
2025-10-08 10:30:00-04:00,4570.67,4573.42,4567.41,4570.95,47611
2025-10-08 10:35:00-04:00,4570.95,4578.29,4568.98,4576.85,79847
2025-10-08 10:40:00-04:00,4576.85,4583.72,4574.09,4583.4,50620
2025-10-08 10:45:00-04:00,4583.4,4585.23,4575.0,4576.72,37295
2025-10-08 10:50:00-04:00,4576.72,4577.8,4575.3,4577.47,58182
2025-10-08 10:55:00-04:00,4577.47,4580.7,4577.41,4578.83,78511
2025-10-08 11:00:00-04:00,4578.83,4585.15,4576.31,4580.9,40207
2025-10-08 11:05:00-04:00,4580.9,4593.78,4580.41,4589.44,45271
2025-10-08 11:10:00-04:00,4589.44,4593.15,4587.71,4588.73,40350
2025-10-08 11:15:00-04:00,4588.73,4589.71,4584.41,4585.19,32951
2025-10-08 11:20:00-04:00,4585.19,4586.27,4578.86,4581.49,45592
2025-10-08 11:25:00-04:00,4581.49,4583.63,4578.32,4582.7,77829
2025-10-08 11:30:00-04:00,4582.7,4587.31,4582.38,4585.36,54035
2025-10-08 11:35:00-04:00,4585.36,4591.77,4584.93,4590.28,30159
2025-10-08 11:40:00-04:00,4590.28,4594.41,4576.86,4578.62,61566
2025-10-08 11:45:00-04:00,4578.62,4581.04,4567.49,4573.8,63996
2025-10-08 11:50:00-04:00,4573.8,4575.74,4571.24,4574.76,45649
2025-10-08 11:55:00-04:00,4574.76,4575.53,4571.03,4573.2,76154
2025-10-08 12:00:00-04:00,4573.2,4574.96,4570.81,4571.62,74757
2025-10-08 12:05:00-04:00,4571.62,4574.04,4571.44,4573.67,44087
2025-10-08 12:10:00-04:00,4573.67,4574.96,4571.32,4571.63,62402
2025-10-08 12:15:00-04:00,4571.63,4572.85,4569.56,4569.77,35571
2025-10-08 12:20:00-04:00,4569.77,4570.52,4568.8,4570.3,78695
2025-10-08 12:25:00-04:00,4570.3,4570.37,4567.64,4569.9,74859
2025-10-08 12:30:00-04:00,4569.9,4574.14,4568.8,4573.08,54427
2025-10-08 12:35:00-04:00,4573.08,4576.26,4572.16,4575.83,39821
2025-10-08 12:40:00-04:00,4575.83,4577.82,4575.32,4575.32,45206
2025-10-08 12:45:00-04:00,4575.32,4578.56,4573.01,4573.03,31519
2025-10-08 12:50:00-04:00,4573.03,4574.42,4571.11,4571.69,50456
2025-10-08 12:55:00-04:00,4571.69,4571.94,4569.76,4571.28,76179
2025-10-08 13:00:00-04:00,4571.28,4572.38,4568.54,4569.38,64773
2025-10-08 13:05:00-04:00,4569.38,4580.45,4566.94,4578.92,72156
2025-10-08 13:10:00-04:00,4578.92,4579.91,4578.07,4578.39,38547
2025-10-08 13:15:00-04:00,4578.39,4580.68,4575.57,4576.76,40293
2025-10-08 13:20:00-04:00,4576.76,4577.03,4565.21,4568.7,72965
2025-10-08 13:25:00-04:00,4568.7,4569.1,4563.25,4563.44,47058
2025-10-08 13:30:00-04:00,4563.44,4563.88,4546.18,4551.67,54087
2025-10-08 13:35:00-04:00,4551.67,4556.57,4550.83,4555.16,31401
2025-10-08 13:40:00-04:00,4555.16,4564.77,4552.76,4564.28,41950
2025-10-08 13:45:00-04:00,4564.28,4565.29,4560.13,4560.9,33866
2025-10-08 13:50:00-04:00,4560.9,4561.21,4553.87,4557.34,60116
2025-10-08 13:55:00-04:00,4557.34,4559.57,4549.4,4551.09,34025
2025-10-08 14:00:00-04:00,4551.09,4556.67,4547.06,4553.88,50963
2025-10-08 14:05:00-04:00,4553.88,4564.51,4553.58,4562.17,50936
2025-10-08 14:10:00-04:00,4562.17,4568.26,4558.63,4567.85,41308
2025-10-08 14:15:00-04:00,4567.85,4575.03,4565.96,4571.37,54770
2025-10-08 14:20:00-04:00,4571.37,4573.07,4569.96,4572.72,68011
2025-10-08 14:25:00-04:00,4572.72,4585.25,4572.63,4583.65,76681
2025-10-08 14:30:00-04:00,4583.65,4594.32,4581.73,4593.32,79429
2025-10-08 14:35:00-04:00,4593.32,4605.25,4591.91,4602.35,37659
2025-10-08 14:40:00-04:00,4602.35,4606.68,4601.29,4606.1,62082
2025-10-08 14:45:00-04:00,4606.1,4610.76,4605.25,4610.01,43379
2025-10-08 14:50:00-04:00,4610.01,4619.56,4608.14,4617.21,53091
2025-10-08 14:55:00-04:00,4617.21,4620.08,4609.26,4611.33,72552
2025-10-08 15:00:00-04:00,4611.33,4617.16,4606.31,4614.29,41185
2025-10-08 15:05:00-04:00,4614.29,4619.07,4609.15,4612.78,49167
2025-10-08 15:10:00-04:00,4612.78,4631.4,4611.9,4631.37,49029
2025-10-08 15:15:00-04:00,4631.37,4632.67,4620.72,4627.98,73309
2025-10-08 15:20:00-04:00,4627.98,4628.36,4621.75,4622.68,41691
2025-10-08 15:25:00-04:00,4622.68,4624.08,4608.04,4611.21,54272
2025-10-08 15:30:00-04:00,4611.21,4613.93,4599.81,4607.18,143064
2025-10-08 15:35:00-04:00,4607.18,4615.15,4601.11,4611.36,114064
2025-10-08 15:40:00-04:00,4611.36,4614.16,4610.96,4611.52,116191
2025-10-08 15:45:00-04:00,4611.52,4616.4,4596.53,4599.98,136746
2025-10-08 15:50:00-04:00,4599.98,4602.15,4584.29,4591.1,107691
2025-10-08 15:55:00-04:00,4591.1,4597.13,4590.15,4594.29,116777
2025-10-09 09:30:00-04:00,4594.29,4607.26,4590.41,4606.95,146732
2025-10-09 09:35:00-04:00,4606.95,4608.6,4596.35,4599.33,120695
2025-10-09 09:40:00-04:00,4599.33,4638.18,4588.95,4631.4,83696
2025-10-09 09:45:00-04:00,4631.4,4639.3,4626.51,4628.47,133521
2025-10-09 09:50:00-04:00,4628.47,4635.92,4607.64,4611.35,144789
2025-10-09 09:55:00-04:00,4611.35,4620.02,4608.18,4618.14,143043
2025-10-09 10:00:00-04:00,4618.14,4627.3,4601.3,4603.83,40521
2025-10-09 10:05:00-04:00,4603.83,4628.84,4603.03,4628.0,44534
2025-10-09 10:10:00-04:00,4628.0,4632.26,4625.57,4626.16,77857
2025-10-09 10:15:00-04:00,4626.16,4641.96,4620.03,4640.06,69464
2025-10-09 10:20:00-04:00,4640.06,4654.45,4639.63,4646.89,50954
2025-10-09 10:25:00-04:00,4646.89,4659.0,4642.94,4643.87,78407
2025-10-09 10:30:00-04:00,4643.87,4649.69,4641.41,4647.96,46673
2025-10-09 10:35:00-04:00,4647.96,4648.21,4643.19,4645.64,37415
2025-10-09 10:40:00-04:00,4645.64,4647.68,4643.42,4647.26,67544
2025-10-09 10:45:00-04:00,4647.26,4648.83,4636.84,4636.92,72633
2025-10-09 10:50:00-04:00,4636.92,4638.28,4634.07,4634.13,68578
2025-10-09 10:55:00-04:00,4634.13,4636.7,4630.92,4633.03,75475
2025-10-09 11:00:00-04:00,4633.03,4637.1,4629.03,4636.03,65517
2025-10-09 11:05:00-04:00,4636.03,4637.35,4631.1,4632.8,46589
2025-10-09 11:10:00-04:00,4632.8,4634.71,4629.42,4631.05,54885
2025-10-09 11:15:00-04:00,4631.05,4635.08,4625.22,4627.49,74602
2025-10-09 11:20:00-04:00,4627.49,4635.5,4623.44,4634.33,33551
2025-10-09 11:25:00-04:00,4634.33,4638.54,4632.49,4634.86,62920
2025-10-09 11:30:00-04:00,4634.86,4638.03,4633.21,4635.57,32610
2025-10-09 11:35:00-04:00,4635.57,4641.34,4635.15,4639.94,59783
2025-10-09 11:40:00-04:00,4639.94,4640.81,4637.24,4638.2,49873
2025-10-09 11:45:00-04:00,4638.2,4643.73,4636.95,4642.49,51644
2025-10-09 11:50:00-04:00,4642.49,4647.97,4640.78,4645.38,56732
2025-10-09 11:55:00-04:00,4645.38,4650.61,4643.83,4650.6,69874
2025-10-09 12:00:00-04:00,4650.6,4657.45,4649.67,4653.51,71328
2025-10-09 12:05:00-04:00,4653.51,4653.58,4652.39,4652.91,44211
2025-10-09 12:10:00-04:00,4652.91,4656.35,4652.56,4652.95,68055
2025-10-09 12:15:00-04:00,4652.95,4657.16,4652.19,4657.15,69194
2025-10-09 12:20:00-04:00,4657.15,4657.21,4654.43,4654.65,46835
2025-10-09 12:25:00-04:00,4654.65,4656.83,4653.47,4655.1,49477
2025-10-09 12:30:00-04:00,4655.1,4658.2,4654.31,4657.48,41889
2025-10-09 12:35:00-04:00,4657.48,4657.56,4653.47,4654.21,49581
2025-10-09 12:40:00-04:00,4654.21,4654.72,4650.49,4651.27,40808
2025-10-09 12:45:00-04:00,4651.27,4651.58,4649.76,4650.87,30887
2025-10-09 12:50:00-04:00,4650.87,4651.95,4647.04,4649.14,56049
2025-10-09 12:55:00-04:00,4649.14,4649.73,4646.08,4647.53,69200
2025-10-09 13:00:00-04:00,4647.53,4656.56,4644.77,4653.89,54703
2025-10-09 13:05:00-04:00,4653.89,4657.19,4653.28,4656.23,53580
2025-10-09 13:10:00-04:00,4656.23,4658.51,4655.29,4658.12,40561
2025-10-09 13:15:00-04:00,4658.12,4661.64,4656.41,4657.83,74505
2025-10-09 13:20:00-04:00,4657.83,4658.71,4649.62,4651.47,75833
2025-10-09 13:25:00-04:00,4651.47,4655.53,4651.2,4651.56,68401
2025-10-09 13:30:00-04:00,4651.56,4658.88,4651.36,4655.88,58890
2025-10-09 13:35:00-04:00,4655.88,4658.91,4655.25,4657.64,59267
2025-10-09 13:40:00-04:00,4657.64,4660.13,4654.44,4658.09,64510
2025-10-09 13:45:00-04:00,4658.09,4666.31,4653.11,4662.45,59231
2025-10-09 13:50:00-04:00,4662.45,4671.88,4657.43,4665.99,78442
2025-10-09 13:55:00-04:00,4665.99,4667.28,4660.55,4661.34,77994
2025-10-09 14:00:00-04:00,4661.34,4667.08,4660.17,4664.04,67164
2025-10-09 14:05:00-04:00,4664.04,4667.61,4662.1,4663.3,30082
2025-10-09 14:10:00-04:00,4663.3,4664.46,4661.8,4662.7,54351
2025-10-09 14:15:00-04:00,4662.7,4666.08,4660.09,4664.57,67705
2025-10-09 14:20:00-04:00,4664.57,4664.98,4663.85,4664.38,59038
2025-10-09 14:25:00-04:00,4664.38,4665.39,4658.82,4662.57,54473
2025-10-09 14:30:00-04:00,4662.57,4672.9,4660.33,4671.64,40278
2025-10-09 14:35:00-04:00,4671.64,4675.28,4671.09,4674.59,60131
2025-10-09 14:40:00-04:00,4674.59,4676.63,4667.26,4671.24,47568
2025-10-09 14:45:00-04:00,4671.24,4672.59,4669.19,4669.75,56249
2025-10-09 14:50:00-04:00,4669.75,4671.83,4664.13,4668.4,77607
2025-10-09 14:55:00-04:00,4668.4,4669.52,4665.17,4668.05,61552
2025-10-09 15:00:00-04:00,4668.05,4680.62,4661.63,4677.09,54170
2025-10-09 15:05:00-04:00,4677.09,4685.13,4672.5,4673.83,73803
2025-10-09 15:10:00-04:00,4673.83,4684.2,4668.9,4683.08,79831
2025-10-09 15:15:00-04:00,4683.08,4696.42,4679.49,4687.08,35668
2025-10-09 15:20:00-04:00,4687.08,4693.63,4676.26,4683.28,37352
2025-10-09 15:25:00-04:00,4683.28,4685.14,4677.04,4683.2,71094
2025-10-09 15:30:00-04:00,4683.2,4686.43,4680.67,4682.98,136704
2025-10-09 15:35:00-04:00,4682.98,4703.4,4682.58,4696.41,98452
2025-10-09 15:40:00-04:00,4696.41,4708.87,4695.43,4704.37,92356
2025-10-09 15:45:00-04:00,4704.37,4725.03,4695.03,4716.21,137620
2025-10-09 15:50:00-04:00,4716.21,4716.94,4713.04,4713.56,82591
2025-10-09 15:55:00-04:00,4713.56,4717.3,4710.7,4714.66,142061
2025-10-10 09:30:00-04:00,4714.66,4718.67,4711.75,4712.58,146197
2025-10-10 09:35:00-04:00,4712.58,4747.66,4712.08,4740.8,112854
2025-10-10 09:40:00-04:00,4740.8,4743.33,4738.95,4742.54,131925
2025-10-10 09:45:00-04:00,4742.54,4759.47,4733.84,4757.72,103199
2025-10-10 09:50:00-04:00,4757.72,4761.26,4747.41,4747.94,144925
2025-10-10 09:55:00-04:00,4747.94,4765.93,4745.92,4764.59,123939
2025-10-10 10:00:00-04:00,4764.59,4766.2,4757.98,4762.25,33630
2025-10-10 10:05:00-04:00,4762.25,4768.81,4754.8,4757.49,74942
2025-10-10 10:10:00-04:00,4757.49,4769.25,4757.3,4761.84,49744
2025-10-10 10:15:00-04:00,4761.84,4770.44,4750.74,4764.05,44665
2025-10-10 10:20:00-04:00,4764.05,4780.8,4761.1,4778.33,67004
2025-10-10 10:25:00-04:00,4778.33,4779.9,4763.86,4768.27,42207
2025-10-10 10:30:00-04:00,4768.27,4769.71,4766.46,4768.99,67158
2025-10-10 10:35:00-04:00,4768.99,4770.08,4767.07,4769.04,45810
2025-10-10 10:40:00-04:00,4769.04,4772.77,4768.33,4769.31,42816
2025-10-10 10:45:00-04:00,4769.31,4770.31,4767.1,4769.16,62130
2025-10-10 10:50:00-04:00,4769.16,4781.21,4766.55,4778.92,66661
2025-10-10 10:55:00-04:00,4778.92,4783.69,4774.72,4783.02,63272
2025-10-10 11:00:00-04:00,4783.02,4783.82,4780.9,4781.83,59894
2025-10-10 11:05:00-04:00,4781.83,4784.98,4778.21,4778.7,67825
2025-10-10 11:10:00-04:00,4778.7,4784.74,4776.71,4776.8,64872
2025-10-10 11:15:00-04:00,4776.8,4777.46,4773.69,4775.94,68759
2025-10-10 11:20:00-04:00,4775.94,4776.44,4770.27,4773.13,32382
2025-10-10 11:25:00-04:00,4773.13,4773.29,4769.51,4770.87,79154
2025-10-10 11:30:00-04:00,4770.87,4774.38,4764.53,4764.97,52010
2025-10-10 11:35:00-04:00,4764.97,4766.05,4761.81,4762.12,73626
2025-10-10 11:40:00-04:00,4762.12,4763.67,4760.58,4761.33,78008
2025-10-10 11:45:00-04:00,4761.33,4763.51,4757.73,4762.87,78536
2025-10-10 11:50:00-04:00,4762.87,4767.21,4752.18,4755.05,65622
2025-10-10 11:55:00-04:00,4755.05,4770.9,4753.21,4768.22,74386
2025-10-10 12:00:00-04:00,4768.22,4772.69,4767.36,4770.87,65710
2025-10-10 12:05:00-04:00,4770.87,4772.57,4770.31,4772.21,73408
2025-10-10 12:10:00-04:00,4772.21,4775.58,4770.46,4773.83,30489
2025-10-10 12:15:00-04:00,4773.83,4776.05,4771.74,4773.06,49275
2025-10-10 12:20:00-04:00,4773.06,4777.73,4772.05,4777.47,68712
2025-10-10 12:25:00-04:00,4777.47,4778.37,4775.18,4776.0,31629
2025-10-10 12:30:00-04:00,4776.0,4777.82,4775.54,4777.04,48945
2025-10-10 12:35:00-04:00,4777.04,4781.17,4775.74,4780.97,34886
2025-10-10 12:40:00-04:00,4780.97,4784.42,4779.86,4783.7,67102
2025-10-10 12:45:00-04:00,4783.7,4785.28,4780.29,4781.16,52588
2025-10-10 12:50:00-04:00,4781.16,4782.23,4777.73,4778.44,78908
2025-10-10 12:55:00-04:00,4778.44,4779.68,4775.67,4776.26,78564
2025-10-10 13:00:00-04:00,4776.26,4780.48,4774.6,4778.99,55939
2025-10-10 13:05:00-04:00,4778.99,4783.63,4777.04,4781.86,46544
2025-10-10 13:10:00-04:00,4781.86,4782.02,4778.95,4779.75,72500
2025-10-10 13:15:00-04:00,4779.75,4784.53,4778.89,4782.18,50143
2025-10-10 13:20:00-04:00,4782.18,4786.24,4781.39,4785.52,54476
2025-10-10 13:25:00-04:00,4785.52,4793.65,4783.79,4789.11,62001
2025-10-10 13:30:00-04:00,4789.11,4794.17,4783.24,4792.76,49212
2025-10-10 13:35:00-04:00,4792.76,4795.67,4785.78,4787.21,44282
2025-10-10 13:40:00-04:00,4787.21,4789.87,4782.27,4782.36,53993
2025-10-10 13:45:00-04:00,4782.36,4787.17,4774.7,4777.14,62596
2025-10-10 13:50:00-04:00,4777.14,4780.66,4768.87,4769.33,38210
2025-10-10 13:55:00-04:00,4769.33,4773.55,4765.37,4766.55,69850
2025-10-10 14:00:00-04:00,4766.55,4778.98,4765.8,4774.51,76049
2025-10-10 14:05:00-04:00,4774.51,4780.05,4769.49,4779.17,34996
2025-10-10 14:10:00-04:00,4779.17,4785.92,4777.52,4784.6,44026
2025-10-10 14:15:00-04:00,4784.6,4794.58,4783.75,4792.33,37031
2025-10-10 14:20:00-04:00,4792.33,4801.84,4789.91,4801.83,48889
2025-10-10 14:25:00-04:00,4801.83,4812.22,4800.97,4808.36,36982
2025-10-10 14:30:00-04:00,4808.36,4809.25,4801.69,4802.65,53470
2025-10-10 14:35:00-04:00,4802.65,4813.01,4802.48,4811.47,74435
2025-10-10 14:40:00-04:00,4811.47,4814.52,4806.12,4810.7,77269
2025-10-10 14:45:00-04:00,4810.7,4813.06,4801.2,4808.56,35213
2025-10-10 14:50:00-04:00,4808.56,4812.01,4807.49,4809.68,53989
2025-10-10 14:55:00-04:00,4809.68,4819.0,4805.9,4814.77,52439
2025-10-10 15:00:00-04:00,4814.77,4834.19,4813.78,4830.54,69350
2025-10-10 15:05:00-04:00,4830.54,4839.37,4826.68,4837.76,48950
2025-10-10 15:10:00-04:00,4837.76,4842.13,4832.86,4842.13,70150
2025-10-10 15:15:00-04:00,4842.13,4861.01,4839.07,4856.67,58850
2025-10-10 15:20:00-04:00,4856.67,4859.92,4850.87,4859.56,33805
2025-10-10 15:25:00-04:00,4859.56,4861.28,4854.28,4858.48,35750
2025-10-10 15:30:00-04:00,4858.48,4879.38,4856.9,4874.47,114314
2025-10-10 15:35:00-04:00,4874.47,4882.89,4867.81,4880.96,105338
2025-10-10 15:40:00-04:00,4880.96,4882.09,4855.88,4864.16,141799
2025-10-10 15:45:00-04:00,4864.16,4866.81,4853.83,4859.75,126172
2025-10-10 15:50:00-04:00,4859.75,4861.46,4851.37,4855.1,137980
2025-10-10 15:55:00-04:00,4855.1,4859.24,4835.34,4842.61,103741
2025-10-13 09:30:00-04:00,4842.61,4842.7,4824.56,4831.45,126525
2025-10-13 09:35:00-04:00,4831.45,4839.92,4826.45,4839.14,131934
2025-10-13 09:40:00-04:00,4839.14,4850.8,4838.57,4848.13,113455
2025-10-13 09:45:00-04:00,4848.13,4849.19,4842.01,4842.11,89486
2025-10-13 09:50:00-04:00,4842.11,4858.67,4829.79,4856.93,145982
2025-10-13 09:55:00-04:00,4856.93,4885.36,4854.08,4876.37,86587
2025-10-13 10:00:00-04:00,4876.37,4887.58,4868.06,4885.79,74739
2025-10-13 10:05:00-04:00,4885.79,4887.91,4864.08,4876.89,65303
2025-10-13 10:10:00-04:00,4876.89,4885.7,4875.18,4879.58,31630
2025-10-13 10:15:00-04:00,4879.58,4907.85,4879.18,4905.92,76151
2025-10-13 10:20:00-04:00,4905.92,4926.29,4904.85,4920.55,46436
2025-10-13 10:25:00-04:00,4920.55,4925.02,4906.37,4909.88,59932
2025-10-13 10:30:00-04:00,4909.88,4914.66,4906.49,4914.18,48678
2025-10-13 10:35:00-04:00,4914.18,4926.24,4913.64,4923.52,55805
2025-10-13 10:40:00-04:00,4923.52,4925.34,4920.88,4922.16,42100
2025-10-13 10:45:00-04:00,4922.16,4931.59,4919.75,4930.31,56910
2025-10-13 10:50:00-04:00,4930.31,4933.22,4928.25,4932.47,45916
2025-10-13 10:55:00-04:00,4932.47,4933.2,4927.31,4928.23,71235
2025-10-13 11:00:00-04:00,4928.23,4929.73,4920.92,4921.87,78400
2025-10-13 11:05:00-04:00,4921.87,4924.33,4911.88,4913.81,35850
2025-10-13 11:10:00-04:00,4913.81,4915.61,4910.55,4910.72,56096
2025-10-13 11:15:00-04:00,4910.72,4917.05,4908.27,4915.23,47270
2025-10-13 11:20:00-04:00,4915.23,4916.46,4900.57,4901.86,63885
2025-10-13 11:25:00-04:00,4901.86,4913.77,4901.17,4908.8,77764
2025-10-13 11:30:00-04:00,4908.8,4910.59,4907.08,4909.59,61923
2025-10-13 11:35:00-04:00,4909.59,4910.83,4894.56,4904.19,77574
2025-10-13 11:40:00-04:00,4904.19,4906.18,4895.43,4897.34,66639
2025-10-13 11:45:00-04:00,4897.34,4901.48,4895.15,4900.87,48074
2025-10-13 11:50:00-04:00,4900.87,4903.64,4897.86,4898.97,58810
2025-10-13 11:55:00-04:00,4898.97,4909.95,4896.85,4905.26,73423
2025-10-13 12:00:00-04:00,4905.26,4908.38,4903.5,4908.16,55068
2025-10-13 12:05:00-04:00,4908.16,4908.28,4904.12,4905.71,55832
2025-10-13 12:10:00-04:00,4905.71,4907.72,4903.11,4904.34,55662
2025-10-13 12:15:00-04:00,4904.34,4904.48,4900.96,4901.45,40234
2025-10-13 12:20:00-04:00,4901.45,4906.66,4900.39,4905.46,41382
2025-10-13 12:25:00-04:00,4905.46,4905.65,4901.37,4904.48,74757
2025-10-13 12:30:00-04:00,4904.48,4905.68,4901.04,4902.25,68134
2025-10-13 12:35:00-04:00,4902.25,4906.64,4901.88,4904.93,60971
2025-10-13 12:40:00-04:00,4904.93,4905.22,4901.58,4903.59,42497
2025-10-13 12:45:00-04:00,4903.59,4903.61,4902.48,4902.76,43255
2025-10-13 12:50:00-04:00,4902.76,4903.62,4902.13,4902.72,73919
2025-10-13 12:55:00-04:00,4902.72,4903.96,4900.65,4901.8,72358
2025-10-13 13:00:00-04:00,4901.8,4902.99,4897.62,4901.67,61349
2025-10-13 13:05:00-04:00,4901.67,4904.81,4899.76,4901.85,62703
2025-10-13 13:10:00-04:00,4901.85,4903.22,4896.5,4898.09,49738
2025-10-13 13:15:00-04:00,4898.09,4899.64,4893.79,4896.53,45641
2025-10-13 13:20:00-04:00,4896.53,4901.31,4893.41,4900.22,50566
2025-10-13 13:25:00-04:00,4900.22,4901.76,4896.11,4896.89,72229
2025-10-13 13:30:00-04:00,4896.89,4898.1,4892.53,4894.57,35552
2025-10-13 13:35:00-04:00,4894.57,4895.59,4884.48,4885.48,64812
2025-10-13 13:40:00-04:00,4885.48,4886.14,4872.06,4876.73,55901
2025-10-13 13:45:00-04:00,4876.73,4879.53,4872.08,4876.53,46260
2025-10-13 13:50:00-04:00,4876.53,4876.85,4872.44,4874.66,43026
2025-10-13 13:55:00-04:00,4874.66,4880.37,4872.69,4875.71,72946
2025-10-13 14:00:00-04:00,4875.71,4887.64,4873.73,4882.64,64484
2025-10-13 14:05:00-04:00,4882.64,4885.15,4879.05,4879.28,64028
2025-10-13 14:10:00-04:00,4879.28,4880.36,4872.0,4872.47,44011
2025-10-13 14:15:00-04:00,4872.47,4876.31,4871.69,4873.9,69019
2025-10-13 14:20:00-04:00,4873.9,4875.32,4865.38,4865.54,59345
2025-10-13 14:25:00-04:00,4865.54,4868.87,4860.94,4867.87,51031
2025-10-13 14:30:00-04:00,4867.87,4868.63,4866.85,4868.15,64217
2025-10-13 14:35:00-04:00,4868.15,4869.19,4863.35,4864.4,71637
2025-10-13 14:40:00-04:00,4864.4,4865.68,4861.52,4865.22,79317
2025-10-13 14:45:00-04:00,4865.22,4870.01,4858.33,4866.32,36509
2025-10-13 14:50:00-04:00,4866.32,4866.96,4861.35,4864.98,79420
2025-10-13 14:55:00-04:00,4864.98,4871.79,4864.04,4867.24,39275
2025-10-13 15:00:00-04:00,4867.24,4880.18,4867.11,4870.65,41795
2025-10-13 15:05:00-04:00,4870.65,4874.38,4859.74,4865.78,59425
2025-10-13 15:10:00-04:00,4865.78,4868.67,4864.11,4866.49,44719
2025-10-13 15:15:00-04:00,4866.49,4868.66,4858.66,4868.29,54042
2025-10-13 15:20:00-04:00,4868.29,4870.04,4862.33,4869.17,39890
2025-10-13 15:25:00-04:00,4869.17,4881.53,4867.53,4875.88,48279
2025-10-13 15:30:00-04:00,4875.88,4884.94,4862.04,4869.81,141381
2025-10-13 15:35:00-04:00,4869.81,4875.44,4860.21,4866.47,119791
2025-10-13 15:40:00-04:00,4866.47,4871.05,4857.52,4859.74,142653
2025-10-13 15:45:00-04:00,4859.74,4862.54,4857.12,4860.41,85313
2025-10-13 15:50:00-04:00,4860.41,4861.97,4837.32,4845.82,83558
2025-10-13 15:55:00-04:00,4845.82,4847.85,4844.58,4846.13,116343
2025-10-14 09:30:00-04:00,4846.13,4850.9,4833.04,4834.35,118084
2025-10-14 09:35:00-04:00,4834.35,4836.71,4821.4,4827.92,117034
2025-10-14 09:40:00-04:00,4827.92,4833.83,4826.0,4830.2,83164
2025-10-14 09:45:00-04:00,4830.2,4831.1,4825.5,4826.99,99601
2025-10-14 09:50:00-04:00,4826.99,4837.1,4824.58,4829.31,148207
2025-10-14 09:55:00-04:00,4829.31,4830.05,4821.18,4825.96,83722
2025-10-14 10:00:00-04:00,4825.96,4840.25,4820.56,4835.0,71938
2025-10-14 10:05:00-04:00,4835.0,4841.33,4821.53,4827.22,73461
2025-10-14 10:10:00-04:00,4827.22,4828.05,4809.07,4816.23,57386
2025-10-14 10:15:00-04:00,4816.23,4817.09,4794.9,4801.45,77216
2025-10-14 10:20:00-04:00,4801.45,4804.45,4791.07,4791.57,76806
2025-10-14 10:25:00-04:00,4791.57,4797.14,4763.68,4765.03,61980
2025-10-14 10:30:00-04:00,4765.03,4769.75,4754.51,4756.07,58141
2025-10-14 10:35:00-04:00,4756.07,4761.57,4755.53,4759.57,56536
2025-10-14 10:40:00-04:00,4759.57,4760.1,4754.67,4756.18,70149
2025-10-14 10:45:00-04:00,4756.18,4757.35,4752.28,4753.13,77947
2025-10-14 10:50:00-04:00,4753.13,4756.43,4749.01,4750.65,71198
2025-10-14 10:55:00-04:00,4750.65,4755.22,4749.46,4754.99,72316
2025-10-14 11:00:00-04:00,4754.99,4755.03,4753.66,4753.8,34686
2025-10-14 11:05:00-04:00,4753.8,4754.92,4749.13,4749.77,42205
2025-10-14 11:10:00-04:00,4749.77,4750.5,4741.96,4743.62,48211
2025-10-14 11:15:00-04:00,4743.62,4743.88,4735.81,4737.93,56460
2025-10-14 11:20:00-04:00,4737.93,4739.96,4728.27,4730.48,31094
2025-10-14 11:25:00-04:00,4730.48,4730.5,4722.52,4724.07,53324
2025-10-14 11:30:00-04:00,4724.07,4727.93,4715.62,4718.54,51097
2025-10-14 11:35:00-04:00,4718.54,4720.12,4716.18,4718.44,53862
2025-10-14 11:40:00-04:00,4718.44,4718.84,4715.1,4717.0,65733
2025-10-14 11:45:00-04:00,4717.0,4717.19,4709.83,4710.04,71909
2025-10-14 11:50:00-04:00,4710.04,4711.02,4706.73,4708.96,71789
2025-10-14 11:55:00-04:00,4708.96,4714.18,4706.39,4711.2,75896
2025-10-14 12:00:00-04:00,4711.2,4712.89,4708.58,4709.48,71107
2025-10-14 12:05:00-04:00,4709.48,4710.63,4705.54,4706.16,48257
2025-10-14 12:10:00-04:00,4706.16,4706.6,4704.86,4705.84,74331
2025-10-14 12:15:00-04:00,4705.84,4706.89,4703.23,4705.39,65230
2025-10-14 12:20:00-04:00,4705.39,4707.53,4702.56,4704.11,79281
2025-10-14 12:25:00-04:00,4704.11,4709.45,4702.81,4707.64,68751
2025-10-14 12:30:00-04:00,4707.64,4708.16,4705.93,4706.14,32176
2025-10-14 12:35:00-04:00,4706.14,4707.18,4703.29,4706.53,65422
2025-10-14 12:40:00-04:00,4706.53,4710.34,4703.22,4703.87,51684
2025-10-14 12:45:00-04:00,4703.87,4704.78,4699.67,4700.64,62535
2025-10-14 12:50:00-04:00,4700.64,4700.66,4697.72,4698.33,37498
2025-10-14 12:55:00-04:00,4698.33,4698.86,4696.02,4697.07,32537
2025-10-14 13:00:00-04:00,4697.07,4699.79,4694.35,4699.66,71513
2025-10-14 13:05:00-04:00,4699.66,4701.45,4690.12,4693.08,64028
2025-10-14 13:10:00-04:00,4693.08,4698.26,4692.41,4697.5,78449
2025-10-14 13:15:00-04:00,4697.5,4699.85,4686.39,4686.94,75256
2025-10-14 13:20:00-04:00,4686.94,4693.05,4686.8,4691.93,51057
2025-10-14 13:25:00-04:00,4691.93,4700.47,4686.75,4697.08,74439
2025-10-14 13:30:00-04:00,4697.08,4707.53,4696.09,4707.23,71486
2025-10-14 13:35:00-04:00,4707.23,4712.97,4705.02,4712.53,32172
2025-10-14 13:40:00-04:00,4712.53,4713.0,4708.78,4711.64,33981
2025-10-14 13:45:00-04:00,4711.64,4712.69,4710.91,4711.81,59845
2025-10-14 13:50:00-04:00,4711.81,4714.99,4711.27,4713.27,41087
2025-10-14 13:55:00-04:00,4713.27,4715.32,4702.72,4703.89,37697
2025-10-14 14:00:00-04:00,4703.89,4705.08,4695.48,4696.03,35060
2025-10-14 14:05:00-04:00,4696.03,4698.87,4692.66,4696.09,35581
2025-10-14 14:10:00-04:00,4696.09,4696.25,4691.33,4692.82,48748
2025-10-14 14:15:00-04:00,4692.82,4695.62,4691.93,4693.56,55256
2025-10-14 14:20:00-04:00,4693.56,4701.04,4690.95,4692.55,53382
2025-10-14 14:25:00-04:00,4692.55,4694.62,4688.76,4690.45,67710
2025-10-14 14:30:00-04:00,4690.45,4697.04,4687.33,4692.57,70542
2025-10-14 14:35:00-04:00,4692.57,4696.35,4688.85,4693.02,67371
2025-10-14 14:40:00-04:00,4693.02,4696.18,4687.21,4689.87,37754
2025-10-14 14:45:00-04:00,4689.87,4691.73,4688.52,4688.95,32575
2025-10-14 14:50:00-04:00,4688.95,4691.33,4683.79,4685.7,58572
2025-10-14 14:55:00-04:00,4685.7,4686.34,4674.96,4677.43,32994
2025-10-14 15:00:00-04:00,4677.43,4693.02,4673.74,4689.43,77315
2025-10-14 15:05:00-04:00,4689.43,4696.91,4685.59,4692.05,76851
2025-10-14 15:10:00-04:00,4692.05,4693.34,4686.78,4692.54,47883
2025-10-14 15:15:00-04:00,4692.54,4708.58,4687.78,4698.78,40450
2025-10-14 15:20:00-04:00,4698.78,4707.86,4690.29,4700.79,74950
2025-10-14 15:25:00-04:00,4700.79,4707.28,4689.88,4702.01,43331
2025-10-14 15:30:00-04:00,4702.01,4713.16,4701.89,4710.96,135734
2025-10-14 15:35:00-04:00,4710.96,4717.6,4704.98,4714.5,140197
2025-10-14 15:40:00-04:00,4714.5,4715.34,4689.93,4697.32,128994
2025-10-14 15:45:00-04:00,4697.32,4698.94,4675.56,4681.59,145911
2025-10-14 15:50:00-04:00,4681.59,4687.03,4674.2,4674.42,113367
2025-10-14 15:55:00-04:00,4674.42,4682.73,4670.35,4680.32,95989
2025-10-15 09:30:00-04:00,4680.32,4685.41,4665.61,4669.43,107052
2025-10-15 09:35:00-04:00,4669.43,4670.45,4645.45,4650.0,137656
2025-10-15 09:40:00-04:00,4650.0,4650.77,4644.36,4644.72,116386
2025-10-15 09:45:00-04:00,4644.72,4654.32,4622.02,4625.2,115932
2025-10-15 09:50:00-04:00,4625.2,4630.1,4617.18,4624.18,144757
2025-10-15 09:55:00-04:00,4624.18,4640.57,4623.36,4638.13,91350
2025-10-15 10:00:00-04:00,4638.13,4655.76,4636.75,4653.04,59001
2025-10-15 10:05:00-04:00,4653.04,4664.42,4647.44,4649.96,75436
2025-10-15 10:10:00-04:00,4649.96,4652.3,4641.47,4642.41,47027
2025-10-15 10:15:00-04:00,4642.41,4653.42,4636.88,4643.37,75512
2025-10-15 10:20:00-04:00,4643.37,4648.14,4626.45,4635.67,78785
2025-10-15 10:25:00-04:00,4635.67,4643.94,4634.89,4639.01,74062
2025-10-15 10:30:00-04:00,4639.01,4639.41,4632.96,4635.75,37837
2025-10-15 10:35:00-04:00,4635.75,4639.85,4634.24,4637.47,36411
2025-10-15 10:40:00-04:00,4637.47,4641.31,4637.01,4639.99,38448
2025-10-15 10:45:00-04:00,4639.99,4642.27,4636.02,4639.78,37211
2025-10-15 10:50:00-04:00,4639.78,4640.92,4633.44,4639.55,68244
2025-10-15 10:55:00-04:00,4639.55,4643.19,4638.42,4642.27,38346
2025-10-15 11:00:00-04:00,4642.27,4647.24,4637.78,4646.42,75825
2025-10-15 11:05:00-04:00,4646.42,4653.65,4642.86,4650.71,54849
2025-10-15 11:10:00-04:00,4650.71,4655.35,4647.7,4654.86,79056
2025-10-15 11:15:00-04:00,4654.86,4655.85,4651.54,4652.63,45882
2025-10-15 11:20:00-04:00,4652.63,4657.21,4649.98,4654.39,47857
2025-10-15 11:25:00-04:00,4654.39,4655.43,4649.48,4652.04,57832
2025-10-15 11:30:00-04:00,4652.04,4652.32,4651.22,4651.77,42720
2025-10-15 11:35:00-04:00,4651.77,4654.82,4651.09,4651.82,36559
2025-10-15 11:40:00-04:00,4651.82,4655.7,4649.98,4654.39,42070
2025-10-15 11:45:00-04:00,4654.39,4657.73,4648.92,4652.27,56478
2025-10-15 11:50:00-04:00,4652.27,4656.0,4650.98,4654.53,35515
2025-10-15 11:55:00-04:00,4654.53,4655.19,4642.22,4648.03,41410
2025-10-15 12:00:00-04:00,4648.03,4648.7,4647.34,4647.48,72674
2025-10-15 12:05:00-04:00,4647.48,4649.45,4642.29,4644.49,36477
2025-10-15 12:10:00-04:00,4644.49,4646.69,4644.01,4645.14,39706
2025-10-15 12:15:00-04:00,4645.14,4647.04,4642.52,4645.69,66824
2025-10-15 12:20:00-04:00,4645.69,4648.3,4644.62,4647.44,66630
2025-10-15 12:25:00-04:00,4647.44,4649.98,4644.99,4648.85,57281
2025-10-15 12:30:00-04:00,4648.85,4649.43,4646.67,4646.86,76751
2025-10-15 12:35:00-04:00,4646.86,4649.92,4645.75,4646.13,42755
2025-10-15 12:40:00-04:00,4646.13,4646.2,4645.5,4645.56,68679
2025-10-15 12:45:00-04:00,4645.56,4648.02,4643.7,4646.95,33340
2025-10-15 12:50:00-04:00,4646.95,4647.53,4643.18,4644.26,34270
2025-10-15 12:55:00-04:00,4644.26,4646.04,4642.74,4645.0,33786
2025-10-15 13:00:00-04:00,4645.0,4647.11,4642.84,4643.1,44892
2025-10-15 13:05:00-04:00,4643.1,4644.72,4639.91,4643.55,51042
2025-10-15 13:10:00-04:00,4643.55,4650.3,4642.15,4646.94,72939
2025-10-15 13:15:00-04:00,4646.94,4653.82,4646.29,4651.03,75747
2025-10-15 13:20:00-04:00,4651.03,4652.01,4644.6,4647.57,45997
2025-10-15 13:25:00-04:00,4647.57,4647.94,4637.5,4637.52,69439
2025-10-15 13:30:00-04:00,4637.52,4645.18,4636.34,4643.71,32841
2025-10-15 13:35:00-04:00,4643.71,4652.88,4640.98,4651.53,61658
2025-10-15 13:40:00-04:00,4651.53,4659.05,4651.11,4655.19,49680
2025-10-15 13:45:00-04:00,4655.19,4660.44,4653.86,4657.86,64650
2025-10-15 13:50:00-04:00,4657.86,4658.65,4648.8,4651.6,48771
2025-10-15 13:55:00-04:00,4651.6,4654.02,4646.09,4648.94,34340
2025-10-15 14:00:00-04:00,4648.94,4656.32,4647.35,4655.59,43900
2025-10-15 14:05:00-04:00,4655.59,4667.0,4654.18,4662.66,42021
2025-10-15 14:10:00-04:00,4662.66,4674.79,4658.36,4671.35,72481
2025-10-15 14:15:00-04:00,4671.35,4674.11,4670.94,4672.15,69932
2025-10-15 14:20:00-04:00,4672.15,4675.68,4671.89,4675.39,58311
2025-10-15 14:25:00-04:00,4675.39,4677.47,4668.8,4669.57,52499
2025-10-15 14:30:00-04:00,4669.57,4673.79,4669.04,4669.61,60607
2025-10-15 14:35:00-04:00,4669.61,4672.54,4664.37,4665.29,34818
2025-10-15 14:40:00-04:00,4665.29,4667.24,4656.45,4658.38,67344
2025-10-15 14:45:00-04:00,4658.38,4660.31,4651.68,4653.17,31462
2025-10-15 14:50:00-04:00,4653.17,4657.87,4644.48,4648.2,70005
2025-10-15 14:55:00-04:00,4648.2,4657.94,4647.73,4656.26,48982
2025-10-15 15:00:00-04:00,4656.26,4668.53,4653.42,4665.03,57223
2025-10-15 15:05:00-04:00,4665.03,4686.56,4663.19,4680.76,60734
2025-10-15 15:10:00-04:00,4680.76,4691.81,4675.55,4690.36,57856
2025-10-15 15:15:00-04:00,4690.36,4690.86,4676.26,4680.94,30787
2025-10-15 15:20:00-04:00,4680.94,4683.52,4677.04,4682.85,67480
2025-10-15 15:25:00-04:00,4682.85,4690.99,4681.79,4689.42,68498
2025-10-15 15:30:00-04:00,4689.42,4695.81,4682.71,4685.98,104648
2025-10-15 15:35:00-04:00,4685.98,4689.64,4678.88,4683.95,112567
2025-10-15 15:40:00-04:00,4683.95,4688.85,4676.73,4685.86,97118
2025-10-15 15:45:00-04:00,4685.86,4690.48,4671.72,4673.05,83084
2025-10-15 15:50:00-04:00,4673.05,4696.21,4669.24,4691.3,124130
2025-10-15 15:55:00-04:00,4691.3,4713.46,4686.85,4704.53,105791
2025-10-16 09:30:00-04:00,4704.53,4705.59,4702.04,4704.32,81515
2025-10-16 09:35:00-04:00,4704.32,4716.13,4698.88,4709.03,100711
2025-10-16 09:40:00-04:00,4709.03,4720.82,4701.65,4705.32,113798
2025-10-16 09:45:00-04:00,4705.32,4707.72,4702.73,4705.8,141957
2025-10-16 09:50:00-04:00,4705.8,4709.27,4700.46,4708.61,144173
2025-10-16 09:55:00-04:00,4708.61,4720.63,4698.19,4719.87,93386
2025-10-16 10:00:00-04:00,4719.87,4721.48,4712.66,4718.34,76407
2025-10-16 10:05:00-04:00,4718.34,4727.2,4715.07,4725.34,35178
2025-10-16 10:10:00-04:00,4725.34,4726.18,4711.87,4717.84,50213
2025-10-16 10:15:00-04:00,4717.84,4735.31,4715.83,4731.55,30463
2025-10-16 10:20:00-04:00,4731.55,4736.52,4726.31,4727.92,52388
2025-10-16 10:25:00-04:00,4727.92,4733.7,4716.43,4724.44,64980
2025-10-16 10:30:00-04:00,4724.44,4736.49,4721.43,4735.87,44559
2025-10-16 10:35:00-04:00,4735.87,4737.68,4729.15,4734.83,64159
2025-10-16 10:40:00-04:00,4734.83,4738.16,4729.03,4729.88,77766
2025-10-16 10:45:00-04:00,4729.88,4736.11,4727.76,4732.44,35454
2025-10-16 10:50:00-04:00,4732.44,4733.82,4730.25,4731.16,51181
2025-10-16 10:55:00-04:00,4731.16,4733.64,4730.43,4733.31,63751
2025-10-16 11:00:00-04:00,4733.31,4734.13,4732.83,4733.28,78476
2025-10-16 11:05:00-04:00,4733.28,4739.72,4722.81,4725.04,35596
2025-10-16 11:10:00-04:00,4725.04,4725.34,4720.12,4721.55,43668
2025-10-16 11:15:00-04:00,4721.55,4723.9,4705.84,4709.85,67203
2025-10-16 11:20:00-04:00,4709.85,4717.02,4708.64,4716.12,49065
2025-10-16 11:25:00-04:00,4716.12,4718.11,4712.57,4713.52,71401
2025-10-16 11:30:00-04:00,4713.52,4720.83,4711.5,4718.95,53620
2025-10-16 11:35:00-04:00,4718.95,4719.49,4714.97,4716.43,57812
2025-10-16 11:40:00-04:00,4716.43,4719.61,4712.68,4714.36,39637
2025-10-16 11:45:00-04:00,4714.36,4717.91,4713.5,4716.51,56950
2025-10-16 11:50:00-04:00,4716.51,4718.25,4715.55,4715.63,33153
2025-10-16 11:55:00-04:00,4715.63,4715.93,4709.87,4710.4,40400
2025-10-16 12:00:00-04:00,4710.4,4710.78,4707.23,4708.7,36256
2025-10-16 12:05:00-04:00,4708.7,4710.94,4706.62,4707.33,76032
2025-10-16 12:10:00-04:00,4707.33,4707.7,4706.95,4707.67,59991
2025-10-16 12:15:00-04:00,4707.67,4708.74,4706.49,4707.33,69405
2025-10-16 12:20:00-04:00,4707.33,4709.76,4707.03,4709.42,68650
2025-10-16 12:25:00-04:00,4709.42,4709.79,4704.93,4705.07,62439
2025-10-16 12:30:00-04:00,4705.07,4706.28,4702.26,4703.52,34631
2025-10-16 12:35:00-04:00,4703.52,4705.09,4701.16,4701.34,67845
2025-10-16 12:40:00-04:00,4701.34,4701.9,4694.72,4696.87,49989
2025-10-16 12:45:00-04:00,4696.87,4697.18,4691.68,4693.67,36080
2025-10-16 12:50:00-04:00,4693.67,4694.91,4689.79,4690.87,47517
2025-10-16 12:55:00-04:00,4690.87,4691.15,4688.88,4689.4,64678
2025-10-16 13:00:00-04:00,4689.4,4693.0,4688.03,4689.94,38683
2025-10-16 13:05:00-04:00,4689.94,4691.8,4681.19,4687.69,53065
2025-10-16 13:10:00-04:00,4687.69,4694.9,4686.19,4694.74,69725
2025-10-16 13:15:00-04:00,4694.74,4699.75,4687.28,4690.24,62769
2025-10-16 13:20:00-04:00,4690.24,4692.35,4684.13,4687.52,73880
2025-10-16 13:25:00-04:00,4687.52,4689.85,4686.3,4687.29,40740
2025-10-16 13:30:00-04:00,4687.29,4694.17,4685.83,4693.13,35529
2025-10-16 13:35:00-04:00,4693.13,4694.73,4688.29,4690.22,79178
2025-10-16 13:40:00-04:00,4690.22,4690.51,4687.18,4688.11,75240
2025-10-16 13:45:00-04:00,4688.11,4688.19,4677.84,4682.24,44201
2025-10-16 13:50:00-04:00,4682.24,4689.41,4679.44,4688.09,65228
2025-10-16 13:55:00-04:00,4688.09,4690.86,4679.73,4680.85,56502
2025-10-16 14:00:00-04:00,4680.85,4684.7,4679.59,4681.7,65398
2025-10-16 14:05:00-04:00,4681.7,4683.66,4679.54,4682.4,75972
2025-10-16 14:10:00-04:00,4682.4,4683.13,4676.12,4677.56,35801
2025-10-16 14:15:00-04:00,4677.56,4679.24,4673.67,4673.92,71679
2025-10-16 14:20:00-04:00,4673.92,4677.21,4667.87,4669.01,33565
2025-10-16 14:25:00-04:00,4669.01,4676.33,4663.64,4671.18,51118
2025-10-16 14:30:00-04:00,4671.18,4679.51,4670.33,4676.93,75156
2025-10-16 14:35:00-04:00,4676.93,4678.57,4675.35,4675.91,34136
2025-10-16 14:40:00-04:00,4675.91,4676.52,4670.61,4673.09,33720
2025-10-16 14:45:00-04:00,4673.09,4674.91,4671.82,4672.56,53345
2025-10-16 14:50:00-04:00,4672.56,4677.6,4672.23,4673.74,65089
2025-10-16 14:55:00-04:00,4673.74,4680.25,4671.24,4678.08,63324
2025-10-16 15:00:00-04:00,4678.08,4684.99,4664.05,4667.5,53889
2025-10-16 15:05:00-04:00,4667.5,4690.85,4667.2,4678.32,34654
2025-10-16 15:10:00-04:00,4678.32,4686.13,4672.28,4675.75,44259
2025-10-16 15:15:00-04:00,4675.75,4684.89,4667.05,4667.65,37853
2025-10-16 15:20:00-04:00,4667.65,4670.16,4656.5,4666.74,41049
2025-10-16 15:25:00-04:00,4666.74,4675.19,4662.67,4664.92,77691
2025-10-16 15:30:00-04:00,4664.92,4669.9,4654.19,4659.56,99810
2025-10-16 15:35:00-04:00,4659.56,4667.31,4652.32,4657.2,119779
2025-10-16 15:40:00-04:00,4657.2,4662.66,4654.61,4660.89,109813
2025-10-16 15:45:00-04:00,4660.89,4663.48,4650.33,4659.37,83228
2025-10-16 15:50:00-04:00,4659.37,4683.28,4649.57,4680.11,122317
2025-10-16 15:55:00-04:00,4680.11,4686.73,4676.37,4677.39,125254
2025-10-17 09:30:00-04:00,4677.39,4678.59,4658.37,4669.42,129549
2025-10-17 09:35:00-04:00,4669.42,4678.85,4665.04,4675.98,101209
2025-10-17 09:40:00-04:00,4675.98,4694.31,4674.36,4693.25,106905
2025-10-17 09:45:00-04:00,4693.25,4706.17,4676.06,4678.05,122919
2025-10-17 09:50:00-04:00,4678.05,4690.57,4677.2,4685.01,111315
2025-10-17 09:55:00-04:00,4685.01,4705.27,4684.67,4696.31,112355
2025-10-17 10:00:00-04:00,4696.31,4699.78,4679.91,4680.03,31996
2025-10-17 10:05:00-04:00,4680.03,4691.54,4677.46,4686.82,60429
2025-10-17 10:10:00-04:00,4686.82,4689.53,4667.27,4677.15,64899
2025-10-17 10:15:00-04:00,4677.15,4692.66,4675.15,4690.14,69434
2025-10-17 10:20:00-04:00,4690.14,4699.98,4686.28,4697.44,66110
2025-10-17 10:25:00-04:00,4697.44,4705.81,4694.02,4703.77,76233
2025-10-17 10:30:00-04:00,4703.77,4704.34,4700.63,4703.26,79623
2025-10-17 10:35:00-04:00,4703.26,4706.12,4700.71,4704.05,54054
2025-10-17 10:40:00-04:00,4704.05,4705.94,4700.08,4705.54,33240
2025-10-17 10:45:00-04:00,4705.54,4707.73,4704.26,4706.37,50224
2025-10-17 10:50:00-04:00,4706.37,4718.81,4705.43,4715.77,58885
2025-10-17 10:55:00-04:00,4715.77,4716.21,4708.4,4710.49,62786
2025-10-17 11:00:00-04:00,4710.49,4711.07,4707.49,4710.77,57518
2025-10-17 11:05:00-04:00,4710.77,4713.76,4707.28,4712.48,46121
2025-10-17 11:10:00-04:00,4712.48,4718.45,4711.18,4713.55,35127
2025-10-17 11:15:00-04:00,4713.55,4714.85,4707.75,4710.88,40492
2025-10-17 11:20:00-04:00,4710.88,4715.43,4706.17,4707.22,39521
2025-10-17 11:25:00-04:00,4707.22,4710.78,4697.24,4699.12,75465
2025-10-17 11:30:00-04:00,4699.12,4699.88,4685.43,4689.28,39111
2025-10-17 11:35:00-04:00,4689.28,4693.66,4686.47,4690.89,38084
2025-10-17 11:40:00-04:00,4690.89,4702.91,4690.66,4702.03,78570
2025-10-17 11:45:00-04:00,4702.03,4703.67,4692.58,4694.44,30755
2025-10-17 11:50:00-04:00,4694.44,4695.93,4692.02,4692.07,70115
2025-10-17 11:55:00-04:00,4692.07,4692.46,4685.3,4685.39,54600
2025-10-17 12:00:00-04:00,4685.39,4688.32,4684.78,4688.07,53777
2025-10-17 12:05:00-04:00,4688.07,4689.24,4683.91,4684.29,53548
2025-10-17 12:10:00-04:00,4684.29,4685.2,4679.07,4679.87,62427
2025-10-17 12:15:00-04:00,4679.87,4680.46,4677.39,4679.04,71136
2025-10-17 12:20:00-04:00,4679.04,4680.81,4677.8,4679.62,41154
2025-10-17 12:25:00-04:00,4679.62,4683.21,4678.44,4681.87,39145
2025-10-17 12:30:00-04:00,4681.87,4682.99,4679.29,4679.89,76900
2025-10-17 12:35:00-04:00,4679.89,4681.34,4679.09,4679.29,57829
2025-10-17 12:40:00-04:00,4679.29,4680.73,4677.19,4677.41,39465
2025-10-17 12:45:00-04:00,4677.41,4680.43,4677.15,4680.01,34763
2025-10-17 12:50:00-04:00,4680.01,4682.7,4678.76,4682.58,43515
2025-10-17 12:55:00-04:00,4682.58,4682.83,4680.56,4681.74,51691
2025-10-17 13:00:00-04:00,4681.74,4682.7,4676.29,4679.5,78947
2025-10-17 13:05:00-04:00,4679.5,4682.42,4678.75,4680.19,30654
2025-10-17 13:10:00-04:00,4680.19,4686.33,4678.05,4683.69,57200
2025-10-17 13:15:00-04:00,4683.69,4685.25,4678.6,4680.91,73964
2025-10-17 13:20:00-04:00,4680.91,4681.49,4677.65,4680.39,50698
2025-10-17 13:25:00-04:00,4680.39,4681.32,4678.73,4679.82,65450
2025-10-17 13:30:00-04:00,4679.82,4684.34,4675.9,4682.71,43161
2025-10-17 13:35:00-04:00,4682.71,4682.85,4672.5,4673.68,50836
2025-10-17 13:40:00-04:00,4673.68,4674.01,4658.51,4661.65,46482
2025-10-17 13:45:00-04:00,4661.65,4671.12,4658.34,4668.55,72025
2025-10-17 13:50:00-04:00,4668.55,4680.02,4667.24,4677.5,49556
2025-10-17 13:55:00-04:00,4677.5,4679.02,4669.67,4671.56,38412
2025-10-17 14:00:00-04:00,4671.56,4673.38,4661.32,4664.47,70216
2025-10-17 14:05:00-04:00,4664.47,4671.89,4663.25,4668.53,57586
2025-10-17 14:10:00-04:00,4668.53,4673.96,4667.84,4673.04,60328
2025-10-17 14:15:00-04:00,4673.04,4683.42,4671.22,4680.74,38963
2025-10-17 14:20:00-04:00,4680.74,4680.82,4673.57,4675.45,66175
2025-10-17 14:25:00-04:00,4675.45,4675.79,4669.96,4670.71,49177
2025-10-17 14:30:00-04:00,4670.71,4680.16,4670.19,4677.44,78885
2025-10-17 14:35:00-04:00,4677.44,4683.02,4674.88,4682.3,52821
2025-10-17 14:40:00-04:00,4682.3,4689.0,4682.02,4685.2,33815
2025-10-17 14:45:00-04:00,4685.2,4685.86,4684.57,4684.8,71886
2025-10-17 14:50:00-04:00,4684.8,4687.35,4678.15,4680.87,51168
2025-10-17 14:55:00-04:00,4680.87,4682.45,4677.03,4681.01,35580
2025-10-17 15:00:00-04:00,4681.01,4686.18,4668.67,4679.7,33491
2025-10-17 15:05:00-04:00,4679.7,4683.42,4669.75,4674.8,68001
2025-10-17 15:10:00-04:00,4674.8,4680.07,4673.75,4674.16,48231
2025-10-17 15:15:00-04:00,4674.16,4677.08,4665.32,4667.09,70633
2025-10-17 15:20:00-04:00,4667.09,4674.99,4658.4,4669.1,33057
2025-10-17 15:25:00-04:00,4669.1,4672.13,4664.44,4670.06,45761
2025-10-17 15:30:00-04:00,4670.06,4676.62,4669.15,4670.48,119236
2025-10-17 15:35:00-04:00,4670.48,4670.57,4663.18,4664.13,109992
2025-10-17 15:40:00-04:00,4664.13,4682.58,4662.84,4680.97,148685
2025-10-17 15:45:00-04:00,4680.97,4681.43,4670.94,4676.12,83516
2025-10-17 15:50:00-04:00,4676.12,4679.51,4672.97,4675.37,117879
2025-10-17 15:55:00-04:00,4675.37,4676.12,4654.62,4658.98,135390
2025-10-20 09:30:00-04:00,4658.98,4661.65,4630.22,4631.35,108690
2025-10-20 09:35:00-04:00,4631.35,4631.86,4618.74,4621.63,129703
2025-10-20 09:40:00-04:00,4621.63,4627.06,4612.24,4620.12,107307
2025-10-20 09:45:00-04:00,4620.12,4622.37,4617.64,4621.19,104502
2025-10-20 09:50:00-04:00,4621.19,4628.3,4610.73,4614.42,90748
2025-10-20 09:55:00-04:00,4614.42,4614.63,4600.57,4603.14,105616
2025-10-20 10:00:00-04:00,4603.14,4605.79,4598.1,4603.8,61556
2025-10-20 10:05:00-04:00,4603.8,4620.99,4593.3,4611.82,54099
2025-10-20 10:10:00-04:00,4611.82,4613.2,4604.98,4607.43,47106
2025-10-20 10:15:00-04:00,4607.43,4614.67,4599.12,4605.37,79495
2025-10-20 10:20:00-04:00,4605.37,4617.06,4602.6,4607.38,66160
2025-10-20 10:25:00-04:00,4607.38,4620.61,4604.0,4617.89,47929
2025-10-20 10:30:00-04:00,4617.89,4624.1,4616.75,4619.03,37194
2025-10-20 10:35:00-04:00,4619.03,4621.39,4616.02,4619.15,60640
2025-10-20 10:40:00-04:00,4619.15,4624.87,4615.38,4624.41,46198
2025-10-20 10:45:00-04:00,4624.41,4629.94,4623.73,4627.68,44266
2025-10-20 10:50:00-04:00,4627.68,4633.34,4625.92,4632.68,66307
2025-10-20 10:55:00-04:00,4632.68,4634.35,4630.95,4631.71,48625
2025-10-20 11:00:00-04:00,4631.71,4641.76,4629.53,4641.13,57301
2025-10-20 11:05:00-04:00,4641.13,4642.09,4635.94,4637.34,35470
2025-10-20 11:10:00-04:00,4637.34,4637.58,4626.97,4628.35,51387
2025-10-20 11:15:00-04:00,4628.35,4631.87,4624.08,4624.26,52990
2025-10-20 11:20:00-04:00,4624.26,4626.09,4622.46,4625.99,36130
2025-10-20 11:25:00-04:00,4625.99,4627.79,4620.76,4621.23,62886
2025-10-20 11:30:00-04:00,4621.23,4622.17,4617.52,4621.6,50805
2025-10-20 11:35:00-04:00,4621.6,4621.92,4615.05,4617.84,53042
2025-10-20 11:40:00-04:00,4617.84,4627.32,4615.4,4623.79,70166
2025-10-20 11:45:00-04:00,4623.79,4627.05,4621.63,4624.76,79476
2025-10-20 11:50:00-04:00,4624.76,4624.83,4616.55,4619.86,63455
2025-10-20 11:55:00-04:00,4619.86,4622.49,4608.46,4610.52,53147
2025-10-20 12:00:00-04:00,4610.52,4610.68,4607.67,4608.93,63122
2025-10-20 12:05:00-04:00,4608.93,4611.27,4608.11,4610.46,42458
2025-10-20 12:10:00-04:00,4610.46,4611.71,4609.15,4610.46,35065
2025-10-20 12:15:00-04:00,4610.46,4617.15,4609.72,4616.61,33407
2025-10-20 12:20:00-04:00,4616.61,4619.27,4615.68,4617.29,56505
2025-10-20 12:25:00-04:00,4617.29,4619.32,4614.66,4618.94,41975
2025-10-20 12:30:00-04:00,4618.94,4619.73,4618.48,4619.22,73454
2025-10-20 12:35:00-04:00,4619.22,4621.57,4619.1,4619.16,52449
2025-10-20 12:40:00-04:00,4619.16,4626.27,4618.69,4624.03,73333
2025-10-20 12:45:00-04:00,4624.03,4624.73,4619.81,4620.17,49073
2025-10-20 12:50:00-04:00,4620.17,4622.07,4619.56,4621.15,56183
2025-10-20 12:55:00-04:00,4621.15,4623.52,4620.01,4621.37,50245
2025-10-20 13:00:00-04:00,4621.37,4623.12,4618.92,4618.92,40889
2025-10-20 13:05:00-04:00,4618.92,4625.55,4615.17,4624.46,76379
2025-10-20 13:10:00-04:00,4624.46,4625.48,4622.35,4622.54,57304
2025-10-20 13:15:00-04:00,4622.54,4628.76,4621.99,4627.79,43403
2025-10-20 13:20:00-04:00,4627.79,4629.31,4626.25,4628.9,33385
2025-10-20 13:25:00-04:00,4628.9,4633.19,4627.61,4630.2,76505
2025-10-20 13:30:00-04:00,4630.2,4636.96,4630.1,4636.0,77663
2025-10-20 13:35:00-04:00,4636.0,4639.36,4634.77,4638.61,58853
2025-10-20 13:40:00-04:00,4638.61,4641.45,4631.77,4632.52,36240
2025-10-20 13:45:00-04:00,4632.52,4633.59,4628.92,4632.14,47509
2025-10-20 13:50:00-04:00,4632.14,4637.27,4630.1,4634.78,73678
2025-10-20 13:55:00-04:00,4634.78,4638.72,4633.01,4636.78,69978
2025-10-20 14:00:00-04:00,4636.78,4636.95,4632.15,4634.66,59163
2025-10-20 14:05:00-04:00,4634.66,4637.45,4632.13,4632.93,65592
2025-10-20 14:10:00-04:00,4632.93,4638.72,4627.95,4628.41,61819
2025-10-20 14:15:00-04:00,4628.41,4633.18,4628.04,4631.61,49950
2025-10-20 14:20:00-04:00,4631.61,4632.22,4626.54,4631.68,35820
2025-10-20 14:25:00-04:00,4631.68,4633.62,4628.1,4630.52,32302
2025-10-20 14:30:00-04:00,4630.52,4633.14,4625.92,4626.73,39472
2025-10-20 14:35:00-04:00,4626.73,4626.74,4622.35,4623.21,46821
2025-10-20 14:40:00-04:00,4623.21,4627.63,4620.72,4623.63,68104
2025-10-20 14:45:00-04:00,4623.63,4625.8,4622.47,4625.01,42916
2025-10-20 14:50:00-04:00,4625.01,4627.87,4618.2,4619.87,53380
2025-10-20 14:55:00-04:00,4619.87,4620.36,4611.3,4614.02,43560
2025-10-20 15:00:00-04:00,4614.02,4641.42,4608.9,4637.6,50981
2025-10-20 15:05:00-04:00,4637.6,4647.75,4635.29,4645.45,71508
2025-10-20 15:10:00-04:00,4645.45,4649.9,4645.01,4646.99,60733
2025-10-20 15:15:00-04:00,4646.99,4647.28,4639.58,4641.86,68826
2025-10-20 15:20:00-04:00,4641.86,4650.61,4638.74,4646.93,72025
2025-10-20 15:25:00-04:00,4646.93,4654.33,4645.34,4650.29,50269
2025-10-20 15:30:00-04:00,4650.29,4664.17,4647.07,4660.48,117528
2025-10-20 15:35:00-04:00,4660.48,4671.41,4654.69,4662.7,149206
2025-10-20 15:40:00-04:00,4662.7,4673.22,4659.68,4668.43,130387
2025-10-20 15:45:00-04:00,4668.43,4675.29,4663.51,4668.78,109299
2025-10-20 15:50:00-04:00,4668.78,4678.52,4666.21,4675.3,139180
2025-10-20 15:55:00-04:00,4675.3,4677.26,4661.0,4663.69,119451
2025-10-21 09:30:00-04:00,4663.69,4667.62,4655.1,4655.9,116833
2025-10-21 09:35:00-04:00,4655.9,4671.16,4653.39,4664.32,141554
2025-10-21 09:40:00-04:00,4664.32,4665.68,4647.63,4648.64,96559
2025-10-21 09:45:00-04:00,4648.64,4654.22,4647.4,4651.01,92191
2025-10-21 09:50:00-04:00,4651.01,4653.29,4649.71,4650.41,132224
2025-10-21 09:55:00-04:00,4650.41,4657.41,4650.15,4653.81,120733
2025-10-21 10:00:00-04:00,4653.81,4658.06,4650.07,4652.01,74565
2025-10-21 10:05:00-04:00,4652.01,4662.92,4650.41,4655.07,61076
2025-10-21 10:10:00-04:00,4655.07,4673.35,4645.89,4667.47,65199
2025-10-21 10:15:00-04:00,4667.47,4673.18,4654.52,4671.2,67960
2025-10-21 10:20:00-04:00,4671.2,4675.31,4644.73,4653.78,50409
2025-10-21 10:25:00-04:00,4653.78,4658.86,4646.73,4650.42,40195
2025-10-21 10:30:00-04:00,4650.42,4652.13,4645.42,4646.08,50619
2025-10-21 10:35:00-04:00,4646.08,4650.94,4645.95,4647.43,67899
2025-10-21 10:40:00-04:00,4647.43,4654.06,4647.12,4652.26,50104
2025-10-21 10:45:00-04:00,4652.26,4653.37,4646.25,4651.58,60728
2025-10-21 10:50:00-04:00,4651.58,4653.92,4646.96,4649.36,44670
2025-10-21 10:55:00-04:00,4649.36,4652.73,4642.87,4646.19,68328
2025-10-21 11:00:00-04:00,4646.19,4646.63,4645.04,4645.27,61673
2025-10-21 11:05:00-04:00,4645.27,4647.11,4641.18,4642.51,57608
2025-10-21 11:10:00-04:00,4642.51,4652.35,4642.02,4650.4,37265
2025-10-21 11:15:00-04:00,4650.4,4651.32,4648.9,4649.64,55502
2025-10-21 11:20:00-04:00,4649.64,4650.06,4646.77,4647.14,64929
2025-10-21 11:25:00-04:00,4647.14,4656.92,4645.79,4655.04,49128
2025-10-21 11:30:00-04:00,4655.04,4655.6,4649.59,4652.99,51059
2025-10-21 11:35:00-04:00,4652.99,4655.75,4643.73,4644.42,35419
2025-10-21 11:40:00-04:00,4644.42,4652.18,4642.83,4650.14,38012
2025-10-21 11:45:00-04:00,4650.14,4653.99,4647.37,4653.56,77915
2025-10-21 11:50:00-04:00,4653.56,4654.28,4650.53,4654.19,44621
2025-10-21 11:55:00-04:00,4654.19,4654.65,4649.3,4650.72,70502
2025-10-21 12:00:00-04:00,4650.72,4653.25,4649.4,4652.82,73723
2025-10-21 12:05:00-04:00,4652.82,4654.84,4647.23,4648.95,69897
2025-10-21 12:10:00-04:00,4648.95,4650.9,4648.86,4649.69,70634
2025-10-21 12:15:00-04:00,4649.69,4652.03,4648.25,4649.01,67755
2025-10-21 12:20:00-04:00,4649.01,4651.28,4647.92,4650.95,69754
2025-10-21 12:25:00-04:00,4650.95,4654.35,4650.47,4653.7,70927
2025-10-21 12:30:00-04:00,4653.7,4656.34,4650.55,4650.83,42454
2025-10-21 12:35:00-04:00,4650.83,4651.56,4650.2,4650.71,42516
2025-10-21 12:40:00-04:00,4650.71,4651.61,4648.09,4648.51,67387
2025-10-21 12:45:00-04:00,4648.51,4652.23,4646.2,4651.3,40100
2025-10-21 12:50:00-04:00,4651.3,4652.69,4649.74,4650.44,40912
2025-10-21 12:55:00-04:00,4650.44,4651.2,4649.31,4649.38,42305
2025-10-21 13:00:00-04:00,4649.38,4654.51,4644.69,4651.67,73429
2025-10-21 13:05:00-04:00,4651.67,4653.32,4637.43,4638.36,44385
2025-10-21 13:10:00-04:00,4638.36,4647.23,4637.82,4646.33,69753
2025-10-21 13:15:00-04:00,4646.33,4660.05,4645.12,4658.44,45605
2025-10-21 13:20:00-04:00,4658.44,4659.97,4656.81,4658.51,35782
2025-10-21 13:25:00-04:00,4658.51,4671.14,4658.18,4668.41,46984
2025-10-21 13:30:00-04:00,4668.41,4673.33,4662.41,4664.02,30078
2025-10-21 13:35:00-04:00,4664.02,4669.81,4663.78,4667.09,38417
2025-10-21 13:40:00-04:00,4667.09,4670.97,4661.95,4663.95,40871
2025-10-21 13:45:00-04:00,4663.95,4664.87,4661.7,4663.97,65312
2025-10-21 13:50:00-04:00,4663.97,4667.92,4660.16,4661.25,33675
2025-10-21 13:55:00-04:00,4661.25,4663.26,4660.43,4661.02,41560
2025-10-21 14:00:00-04:00,4661.02,4662.86,4653.31,4655.4,30028
2025-10-21 14:05:00-04:00,4655.4,4662.38,4653.19,4660.52,71787
2025-10-21 14:10:00-04:00,4660.52,4661.15,4654.2,4656.65,59505
2025-10-21 14:15:00-04:00,4656.65,4663.69,4655.43,4661.47,37961
2025-10-21 14:20:00-04:00,4661.47,4664.85,4660.89,4662.78,59844
2025-10-21 14:25:00-04:00,4662.78,4667.35,4659.89,4666.42,70297
2025-10-21 14:30:00-04:00,4666.42,4669.23,4663.6,4666.58,65321
2025-10-21 14:35:00-04:00,4666.58,4673.0,4665.19,4671.58,49157
2025-10-21 14:40:00-04:00,4671.58,4674.11,4661.66,4662.2,38123
2025-10-21 14:45:00-04:00,4662.2,4662.29,4661.2,4661.84,32786
2025-10-21 14:50:00-04:00,4661.84,4663.56,4660.95,4662.26,63108
2025-10-21 14:55:00-04:00,4662.26,4662.45,4654.12,4661.5,66901
2025-10-21 15:00:00-04:00,4661.5,4663.2,4650.42,4653.78,39896
2025-10-21 15:05:00-04:00,4653.78,4661.71,4649.31,4659.81,63586
2025-10-21 15:10:00-04:00,4659.81,4661.91,4652.83,4656.33,72274
2025-10-21 15:15:00-04:00,4656.33,4661.69,4656.17,4658.0,37957
2025-10-21 15:20:00-04:00,4658.0,4664.76,4655.09,4660.56,65031
2025-10-21 15:25:00-04:00,4660.56,4673.49,4651.11,4664.16,76577
2025-10-21 15:30:00-04:00,4664.16,4669.02,4655.25,4655.78,101359
2025-10-21 15:35:00-04:00,4655.78,4659.82,4654.41,4657.33,140091
2025-10-21 15:40:00-04:00,4657.33,4670.97,4654.25,4668.22,108840
2025-10-21 15:45:00-04:00,4668.22,4671.53,4653.39,4656.27,100625
2025-10-21 15:50:00-04:00,4656.27,4663.32,4655.33,4658.56,89215
2025-10-21 15:55:00-04:00,4658.56,4659.13,4644.13,4648.83,105008
2025-10-22 09:30:00-04:00,4648.83,4662.59,4642.61,4652.43,119500
2025-10-22 09:35:00-04:00,4652.43,4658.01,4647.43,4655.37,136096
2025-10-22 09:40:00-04:00,4655.37,4660.8,4651.14,4651.61,121954
2025-10-22 09:45:00-04:00,4651.61,4654.56,4620.46,4631.54,109592
2025-10-22 09:50:00-04:00,4631.54,4633.39,4627.95,4628.48,103769
2025-10-22 09:55:00-04:00,4628.48,4631.26,4622.67,4630.33,124912
2025-10-22 10:00:00-04:00,4630.33,4630.96,4619.3,4629.25,59195
2025-10-22 10:05:00-04:00,4629.25,4650.44,4623.65,4645.63,70874
2025-10-22 10:10:00-04:00,4645.63,4648.92,4630.85,4632.06,62408
2025-10-22 10:15:00-04:00,4632.06,4635.13,4612.39,4616.68,34924
2025-10-22 10:20:00-04:00,4616.68,4624.08,4610.86,4615.48,72084
2025-10-22 10:25:00-04:00,4615.48,4618.52,4602.31,4606.01,40702
2025-10-22 10:30:00-04:00,4606.01,4611.87,4603.78,4611.52,79918
2025-10-22 10:35:00-04:00,4611.52,4615.67,4608.85,4613.51,49049
2025-10-22 10:40:00-04:00,4613.51,4617.59,4612.43,4613.57,43335
2025-10-22 10:45:00-04:00,4613.57,4615.14,4611.0,4611.46,71297
2025-10-22 10:50:00-04:00,4611.46,4612.43,4593.53,4596.81,76314
2025-10-22 10:55:00-04:00,4596.81,4596.95,4593.38,4596.83,42886
2025-10-22 11:00:00-04:00,4596.83,4599.41,4594.36,4597.23,48033
2025-10-22 11:05:00-04:00,4597.23,4600.78,4594.96,4599.39,58942
2025-10-22 11:10:00-04:00,4599.39,4607.46,4594.67,4605.23,44017
2025-10-22 11:15:00-04:00,4605.23,4616.76,4604.12,4615.47,63329
2025-10-22 11:20:00-04:00,4615.47,4616.33,4612.28,4614.52,71894
2025-10-22 11:25:00-04:00,4614.52,4617.86,4613.56,4616.3,47493
2025-10-22 11:30:00-04:00,4616.3,4619.5,4613.04,4619.47,51922
2025-10-22 11:35:00-04:00,4619.47,4619.81,4616.57,4617.77,50991
2025-10-22 11:40:00-04:00,4617.77,4618.7,4611.91,4612.33,64625
2025-10-22 11:45:00-04:00,4612.33,4618.28,4608.45,4616.28,48256
2025-10-22 11:50:00-04:00,4616.28,4616.28,4607.86,4611.08,72399
2025-10-22 11:55:00-04:00,4611.08,4612.65,4605.51,4607.74,57909
2025-10-22 12:00:00-04:00,4607.74,4608.01,4606.21,4606.24,37847
2025-10-22 12:05:00-04:00,4606.24,4606.43,4605.13,4605.58,65863
2025-10-22 12:10:00-04:00,4605.58,4606.99,4604.69,4606.44,78801
2025-10-22 12:15:00-04:00,4606.44,4611.53,4606.26,4609.55,56739
2025-10-22 12:20:00-04:00,4609.55,4611.5,4606.62,4606.62,69220
2025-10-22 12:25:00-04:00,4606.62,4608.57,4603.22,4604.51,63760
2025-10-22 12:30:00-04:00,4604.51,4604.95,4601.34,4602.92,70228
2025-10-22 12:35:00-04:00,4602.92,4603.67,4597.92,4598.99,61933
2025-10-22 12:40:00-04:00,4598.99,4599.14,4597.04,4597.27,52936
2025-10-22 12:45:00-04:00,4597.27,4598.22,4595.13,4595.31,59506
2025-10-22 12:50:00-04:00,4595.31,4595.34,4588.0,4589.17,62214
2025-10-22 12:55:00-04:00,4589.17,4589.28,4583.33,4584.36,32105
2025-10-22 13:00:00-04:00,4584.36,4584.38,4570.59,4571.56,63560
2025-10-22 13:05:00-04:00,4571.56,4572.58,4568.38,4568.93,45762
2025-10-22 13:10:00-04:00,4568.93,4570.29,4565.14,4566.86,50803
2025-10-22 13:15:00-04:00,4566.86,4571.76,4562.68,4564.73,62980
2025-10-22 13:20:00-04:00,4564.73,4567.07,4560.66,4563.81,43777
2025-10-22 13:25:00-04:00,4563.81,4563.81,4560.81,4563.62,58469
2025-10-22 13:30:00-04:00,4563.62,4565.63,4558.54,4561.27,76428
2025-10-22 13:35:00-04:00,4561.27,4571.39,4558.54,4566.36,42470
2025-10-22 13:40:00-04:00,4566.36,4571.38,4563.91,4568.41,51630
2025-10-22 13:45:00-04:00,4568.41,4569.86,4565.54,4569.31,77258
2025-10-22 13:50:00-04:00,4569.31,4570.7,4565.43,4567.98,43072
2025-10-22 13:55:00-04:00,4567.98,4569.08,4566.44,4566.6,54161
2025-10-22 14:00:00-04:00,4566.6,4572.82,4564.29,4570.86,65757
2025-10-22 14:05:00-04:00,4570.86,4573.01,4562.18,4564.74,74682
2025-10-22 14:10:00-04:00,4564.74,4565.68,4558.91,4559.29,71307
2025-10-22 14:15:00-04:00,4559.29,4572.68,4554.18,4571.67,61467
2025-10-22 14:20:00-04:00,4571.67,4579.43,4569.13,4579.14,53664
2025-10-22 14:25:00-04:00,4579.14,4580.43,4568.9,4572.64,51700
2025-10-22 14:30:00-04:00,4572.64,4573.4,4565.54,4572.43,43112
2025-10-22 14:35:00-04:00,4572.43,4578.35,4567.77,4574.7,30968
2025-10-22 14:40:00-04:00,4574.7,4576.0,4572.09,4573.59,60936
2025-10-22 14:45:00-04:00,4573.59,4574.3,4568.7,4572.77,66390
2025-10-22 14:50:00-04:00,4572.77,4573.15,4567.74,4568.26,66981
2025-10-22 14:55:00-04:00,4568.26,4572.36,4562.34,4563.09,78119
2025-10-22 15:00:00-04:00,4563.09,4568.56,4557.8,4565.32,62563
2025-10-22 15:05:00-04:00,4565.32,4570.21,4563.83,4569.42,71802
2025-10-22 15:10:00-04:00,4569.42,4573.6,4557.74,4559.05,54665
2025-10-22 15:15:00-04:00,4559.05,4581.68,4549.74,4572.06,71964
2025-10-22 15:20:00-04:00,4572.06,4575.07,4552.28,4562.19,38817
2025-10-22 15:25:00-04:00,4562.19,4576.31,4557.41,4567.97,71182
2025-10-22 15:30:00-04:00,4567.97,4568.0,4559.91,4560.84,93334
2025-10-22 15:35:00-04:00,4560.84,4570.33,4558.39,4566.99,100842
2025-10-22 15:40:00-04:00,4566.99,4582.17,4565.58,4575.93,83650
2025-10-22 15:45:00-04:00,4575.93,4581.33,4570.41,4580.12,97459
2025-10-22 15:50:00-04:00,4580.12,4592.02,4570.62,4587.11,147067
2025-10-22 15:55:00-04:00,4587.11,4589.08,4582.5,4586.32,118931
2025-10-23 09:30:00-04:00,4586.32,4586.41,4574.76,4582.43,99787
2025-10-23 09:35:00-04:00,4582.43,4583.6,4574.96,4575.93,90150
2025-10-23 09:40:00-04:00,4575.93,4581.65,4557.96,4558.61,117381
2025-10-23 09:45:00-04:00,4558.61,4560.86,4557.29,4560.77,124194
2025-10-23 09:50:00-04:00,4560.77,4577.42,4559.43,4569.37,116495
2025-10-23 09:55:00-04:00,4569.37,4572.9,4560.77,4564.83,143321
2025-10-23 10:00:00-04:00,4564.83,4573.7,4564.55,4570.14,39716
2025-10-23 10:05:00-04:00,4570.14,4571.67,4548.2,4554.94,30132
2025-10-23 10:10:00-04:00,4554.94,4559.96,4553.19,4559.38,74223
2025-10-23 10:15:00-04:00,4559.38,4569.32,4553.75,4565.75,72317
2025-10-23 10:20:00-04:00,4565.75,4585.21,4565.67,4574.57,42062
2025-10-23 10:25:00-04:00,4574.57,4582.78,4567.45,4579.28,40481
2025-10-23 10:30:00-04:00,4579.28,4582.88,4578.25,4582.24,41258
2025-10-23 10:35:00-04:00,4582.24,4582.51,4576.0,4576.79,31067
2025-10-23 10:40:00-04:00,4576.79,4580.91,4576.75,4580.11,67375
2025-10-23 10:45:00-04:00,4580.11,4583.35,4578.57,4583.22,67306
2025-10-23 10:50:00-04:00,4583.22,4584.87,4576.01,4579.23,50968
2025-10-23 10:55:00-04:00,4579.23,4580.14,4577.75,4578.21,79508
2025-10-23 11:00:00-04:00,4578.21,4586.71,4576.28,4581.63,50802
2025-10-23 11:05:00-04:00,4581.63,4591.33,4580.87,4585.96,58754
2025-10-23 11:10:00-04:00,4585.96,4589.98,4585.07,4585.79,62624
2025-10-23 11:15:00-04:00,4585.79,4590.95,4583.91,4587.32,47261
2025-10-23 11:20:00-04:00,4587.32,4590.49,4582.51,4584.71,55112
2025-10-23 11:25:00-04:00,4584.71,4584.9,4581.5,4584.17,57228
2025-10-23 11:30:00-04:00,4584.17,4584.2,4582.66,4583.0,64326
2025-10-23 11:35:00-04:00,4583.0,4584.95,4582.5,4583.54,67207
2025-10-23 11:40:00-04:00,4583.54,4586.99,4583.45,4586.02,59823
2025-10-23 11:45:00-04:00,4586.02,4595.77,4584.38,4592.68,55958
2025-10-23 11:50:00-04:00,4592.68,4594.19,4588.27,4589.59,70524
2025-10-23 11:55:00-04:00,4589.59,4592.72,4588.56,4592.14,52139
2025-10-23 12:00:00-04:00,4592.14,4593.35,4591.03,4591.25,49965
2025-10-23 12:05:00-04:00,4591.25,4594.48,4590.39,4594.09,70473
2025-10-23 12:10:00-04:00,4594.09,4594.34,4593.04,4593.9,79510
2025-10-23 12:15:00-04:00,4593.9,4595.7,4592.23,4594.74,47733
2025-10-23 12:20:00-04:00,4594.74,4596.75,4594.6,4594.74,57250
2025-10-23 12:25:00-04:00,4594.74,4595.65,4591.93,4592.9,76412
2025-10-23 12:30:00-04:00,4592.9,4593.07,4588.18,4588.68,46988
2025-10-23 12:35:00-04:00,4588.68,4589.4,4584.35,4584.76,53184
2025-10-23 12:40:00-04:00,4584.76,4585.39,4581.25,4582.57,64467
2025-10-23 12:45:00-04:00,4582.57,4583.34,4582.49,4583.25,76197
2025-10-23 12:50:00-04:00,4583.25,4585.37,4580.21,4580.35,44605
2025-10-23 12:55:00-04:00,4580.35,4580.99,4579.13,4580.48,63837
2025-10-23 13:00:00-04:00,4580.48,4583.2,4578.68,4582.68,61106
2025-10-23 13:05:00-04:00,4582.68,4583.52,4575.89,4576.38,75009
2025-10-23 13:10:00-04:00,4576.38,4578.09,4565.42,4567.65,71548
2025-10-23 13:15:00-04:00,4567.65,4572.86,4564.37,4572.34,78279
2025-10-23 13:20:00-04:00,4572.34,4580.08,4566.8,4576.59,51182
2025-10-23 13:25:00-04:00,4576.59,4577.34,4573.78,4574.94,75532
2025-10-23 13:30:00-04:00,4574.94,4577.02,4572.96,4574.48,67066
2025-10-23 13:35:00-04:00,4574.48,4580.84,4569.76,4574.92,31353
2025-10-23 13:40:00-04:00,4574.92,4577.96,4574.51,4575.5,46406
2025-10-23 13:45:00-04:00,4575.5,4577.86,4573.73,4577.41,79956
2025-10-23 13:50:00-04:00,4577.41,4578.88,4573.57,4573.64,48482
2025-10-23 13:55:00-04:00,4573.64,4574.19,4558.69,4563.07,78373
2025-10-23 14:00:00-04:00,4563.07,4568.03,4562.6,4566.36,65825
2025-10-23 14:05:00-04:00,4566.36,4568.04,4560.03,4563.83,31587
2025-10-23 14:10:00-04:00,4563.83,4567.57,4558.74,4567.37,42041
2025-10-23 14:15:00-04:00,4567.37,4570.99,4562.7,4563.41,56370
2025-10-23 14:20:00-04:00,4563.41,4572.69,4563.4,4570.8,43932
2025-10-23 14:25:00-04:00,4570.8,4572.68,4565.84,4566.81,51390
2025-10-23 14:30:00-04:00,4566.81,4568.67,4563.82,4565.07,72026
2025-10-23 14:35:00-04:00,4565.07,4566.93,4559.49,4562.07,45754
2025-10-23 14:40:00-04:00,4562.07,4564.01,4552.01,4553.02,54124
2025-10-23 14:45:00-04:00,4553.02,4559.29,4552.07,4558.67,61115
2025-10-23 14:50:00-04:00,4558.67,4559.72,4554.93,4555.76,68157
2025-10-23 14:55:00-04:00,4555.76,4556.36,4549.11,4551.89,47615
2025-10-23 15:00:00-04:00,4551.89,4555.18,4533.96,4539.82,72733
2025-10-23 15:05:00-04:00,4539.82,4565.01,4537.44,4563.4,55762
2025-10-23 15:10:00-04:00,4563.4,4578.65,4560.62,4573.65,33258
2025-10-23 15:15:00-04:00,4573.65,4575.33,4548.75,4554.72,69465
2025-10-23 15:20:00-04:00,4554.72,4563.52,4550.97,4557.33,30055
2025-10-23 15:25:00-04:00,4557.33,4575.68,4550.7,4568.58,45184
2025-10-23 15:30:00-04:00,4568.58,4585.14,4561.74,4583.05,96493
2025-10-23 15:35:00-04:00,4583.05,4592.28,4572.15,4574.72,141607
2025-10-23 15:40:00-04:00,4574.72,4584.47,4567.96,4574.59,96682
2025-10-23 15:45:00-04:00,4574.59,4579.22,4568.09,4571.79,98895
2025-10-23 15:50:00-04:00,4571.79,4584.21,4563.07,4580.79,144839
2025-10-23 15:55:00-04:00,4580.79,4581.61,4561.46,4567.72,81105
2025-10-24 09:30:00-04:00,4567.72,4576.12,4563.78,4571.85,140156
2025-10-24 09:35:00-04:00,4571.85,4581.97,4570.88,4577.01,111113
2025-10-24 09:40:00-04:00,4577.01,4580.2,4554.04,4562.33,85190
2025-10-24 09:45:00-04:00,4562.33,4569.2,4560.39,4567.27,105761
2025-10-24 09:50:00-04:00,4567.27,4569.55,4557.94,4560.28,130617
2025-10-24 09:55:00-04:00,4560.28,4561.86,4549.5,4553.01,143171
2025-10-24 10:00:00-04:00,4553.01,4554.96,4535.74,4543.47,67289
2025-10-24 10:05:00-04:00,4543.47,4548.26,4537.25,4538.42,53296
2025-10-24 10:10:00-04:00,4538.42,4560.37,4533.26,4544.09,57785
2025-10-24 10:15:00-04:00,4544.09,4544.98,4530.9,4535.85,56940
2025-10-24 10:20:00-04:00,4535.85,4537.49,4527.1,4528.54,78880
2025-10-24 10:25:00-04:00,4528.54,4530.22,4521.07,4522.56,58513
2025-10-24 10:30:00-04:00,4522.56,4525.94,4518.66,4521.75,43806
2025-10-24 10:35:00-04:00,4521.75,4524.64,4519.84,4520.42,36853
2025-10-24 10:40:00-04:00,4520.42,4523.68,4519.15,4519.97,67941
2025-10-24 10:45:00-04:00,4519.97,4520.3,4516.25,4517.74,71941
2025-10-24 10:50:00-04:00,4517.74,4534.5,4516.36,4529.4,62449
2025-10-24 10:55:00-04:00,4529.4,4531.82,4526.82,4526.93,60720
2025-10-24 11:00:00-04:00,4526.93,4530.43,4526.87,4530.09,44855
2025-10-24 11:05:00-04:00,4530.09,4530.5,4524.82,4526.13,78506
2025-10-24 11:10:00-04:00,4526.13,4528.35,4516.79,4520.67,60897
2025-10-24 11:15:00-04:00,4520.67,4531.01,4515.75,4528.0,62069
2025-10-24 11:20:00-04:00,4528.0,4536.34,4526.96,4532.99,68015
2025-10-24 11:25:00-04:00,4532.99,4535.89,4530.53,4531.91,42818
2025-10-24 11:30:00-04:00,4531.91,4533.43,4527.92,4529.38,75784
2025-10-24 11:35:00-04:00,4529.38,4530.07,4522.53,4525.37,38859
2025-10-24 11:40:00-04:00,4525.37,4529.0,4521.23,4523.19,57105
2025-10-24 11:45:00-04:00,4523.19,4529.25,4520.66,4528.79,43541
2025-10-24 11:50:00-04:00,4528.79,4533.02,4526.8,4531.5,32024
2025-10-24 11:55:00-04:00,4531.5,4531.65,4526.25,4528.06,67245
2025-10-24 12:00:00-04:00,4528.06,4529.39,4526.78,4526.81,78380
2025-10-24 12:05:00-04:00,4526.81,4530.36,4522.52,4524.17,60958
2025-10-24 12:10:00-04:00,4524.17,4526.01,4523.82,4523.98,57928
2025-10-24 12:15:00-04:00,4523.98,4527.99,4523.28,4527.21,46091
2025-10-24 12:20:00-04:00,4527.21,4530.97,4526.45,4530.24,50707
2025-10-24 12:25:00-04:00,4530.24,4533.59,4529.83,4533.12,45037
2025-10-24 12:30:00-04:00,4533.12,4534.84,4529.48,4530.37,58583
2025-10-24 12:35:00-04:00,4530.37,4533.23,4530.15,4533.03,38627
2025-10-24 12:40:00-04:00,4533.03,4538.91,4532.92,4537.61,62584
2025-10-24 12:45:00-04:00,4537.61,4538.72,4534.98,4536.57,58261
2025-10-24 12:50:00-04:00,4536.57,4539.44,4535.87,4536.99,63012
2025-10-24 12:55:00-04:00,4536.99,4538.55,4536.16,4536.87,37737
2025-10-24 13:00:00-04:00,4536.87,4546.57,4535.39,4541.24,40892
2025-10-24 13:05:00-04:00,4541.24,4542.75,4537.96,4539.67,71002
2025-10-24 13:10:00-04:00,4539.67,4539.71,4537.79,4538.89,70399
2025-10-24 13:15:00-04:00,4538.89,4547.68,4537.32,4543.92,63725
2025-10-24 13:20:00-04:00,4543.92,4545.52,4542.72,4544.16,52030
2025-10-24 13:25:00-04:00,4544.16,4544.65,4541.34,4543.68,40006
2025-10-24 13:30:00-04:00,4543.68,4546.0,4541.0,4541.86,34083
2025-10-24 13:35:00-04:00,4541.86,4551.68,4540.14,4551.37,47325
2025-10-24 13:40:00-04:00,4551.37,4562.03,4547.77,4556.92,42213
2025-10-24 13:45:00-04:00,4556.92,4557.8,4553.23,4555.11,71621
2025-10-24 13:50:00-04:00,4555.11,4558.65,4554.44,4558.51,33414
2025-10-24 13:55:00-04:00,4558.51,4561.03,4555.83,4559.88,50460
2025-10-24 14:00:00-04:00,4559.88,4560.2,4558.58,4558.89,36722
2025-10-24 14:05:00-04:00,4558.89,4564.26,4557.61,4562.26,79882
2025-10-24 14:10:00-04:00,4562.26,4565.95,4554.08,4557.38,59047
2025-10-24 14:15:00-04:00,4557.38,4558.78,4547.74,4552.87,45222
2025-10-24 14:20:00-04:00,4552.87,4554.38,4547.81,4549.53,76246
2025-10-24 14:25:00-04:00,4549.53,4553.05,4544.98,4546.78,32810
2025-10-24 14:30:00-04:00,4546.78,4548.01,4544.59,4545.09,37219
2025-10-24 14:35:00-04:00,4545.09,4546.79,4540.28,4542.21,74433
2025-10-24 14:40:00-04:00,4542.21,4547.89,4539.13,4541.53,58287
2025-10-24 14:45:00-04:00,4541.53,4542.91,4538.2,4539.97,73005
2025-10-24 14:50:00-04:00,4539.97,4544.82,4532.8,4533.96,68379
2025-10-24 14:55:00-04:00,4533.96,4538.68,4530.45,4537.31,51514
2025-10-24 15:00:00-04:00,4537.31,4539.16,4527.75,4528.54,43663
2025-10-24 15:05:00-04:00,4528.54,4539.15,4528.37,4534.37,42676
2025-10-24 15:10:00-04:00,4534.37,4542.94,4530.35,4531.62,52671
2025-10-24 15:15:00-04:00,4531.62,4534.45,4512.53,4515.9,30256
2025-10-24 15:20:00-04:00,4515.9,4526.35,4498.28,4507.27,69534
2025-10-24 15:25:00-04:00,4507.27,4509.2,4498.38,4498.8,62161
2025-10-24 15:30:00-04:00,4498.8,4500.5,4497.34,4500.12,108182
2025-10-24 15:35:00-04:00,4500.12,4503.3,4499.25,4500.3,102620
2025-10-24 15:40:00-04:00,4500.3,4508.76,4496.52,4503.02,141264
2025-10-24 15:45:00-04:00,4503.02,4525.91,4492.56,4521.41,124225
2025-10-24 15:50:00-04:00,4521.41,4539.16,4518.91,4532.18,105651
2025-10-24 15:55:00-04:00,4532.18,4533.52,4522.74,4529.93,93739
2025-10-27 09:30:00-04:00,4529.93,4538.25,4529.26,4533.76,112872
2025-10-27 09:35:00-04:00,4533.76,4535.96,4514.13,4515.6,117412
2025-10-27 09:40:00-04:00,4515.6,4519.07,4513.46,4513.81,91319
2025-10-27 09:45:00-04:00,4513.81,4518.79,4495.62,4501.05,109545
2025-10-27 09:50:00-04:00,4501.05,4502.59,4494.66,4494.87,116821
2025-10-27 09:55:00-04:00,4494.87,4509.62,4490.51,4508.59,81245
2025-10-27 10:00:00-04:00,4508.59,4508.97,4495.22,4496.66,43895
2025-10-27 10:05:00-04:00,4496.66,4502.38,4494.51,4498.15,62031
2025-10-27 10:10:00-04:00,4498.15,4508.98,4496.43,4505.64,42638
2025-10-27 10:15:00-04:00,4505.64,4525.3,4505.14,4524.37,47570
2025-10-27 10:20:00-04:00,4524.37,4532.97,4520.67,4531.74,51586
2025-10-27 10:25:00-04:00,4531.74,4533.18,4529.11,4531.57,57213
2025-10-27 10:30:00-04:00,4531.57,4531.79,4520.11,4522.2,42755
2025-10-27 10:35:00-04:00,4522.2,4527.86,4518.66,4526.49,63371
2025-10-27 10:40:00-04:00,4526.49,4526.53,4509.59,4513.12,33770
2025-10-27 10:45:00-04:00,4513.12,4522.97,4512.45,4519.17,48263
2025-10-27 10:50:00-04:00,4519.17,4525.08,4517.44,4523.85,50140
2025-10-27 10:55:00-04:00,4523.85,4523.86,4519.0,4522.34,39795
2025-10-27 11:00:00-04:00,4522.34,4529.36,4520.7,4528.35,61042
2025-10-27 11:05:00-04:00,4528.35,4535.29,4525.33,4531.37,59381
2025-10-27 11:10:00-04:00,4531.37,4541.15,4528.46,4536.45,51692
2025-10-27 11:15:00-04:00,4536.45,4536.79,4519.86,4520.14,52211
2025-10-27 11:20:00-04:00,4520.14,4522.63,4517.99,4521.5,52117
2025-10-27 11:25:00-04:00,4521.5,4522.8,4518.02,4519.69,51702
2025-10-27 11:30:00-04:00,4519.69,4523.06,4516.48,4517.37,63092
2025-10-27 11:35:00-04:00,4517.37,4519.98,4517.05,4519.34,63754
2025-10-27 11:40:00-04:00,4519.34,4521.18,4515.88,4521.08,49797
2025-10-27 11:45:00-04:00,4521.08,4522.48,4509.44,4510.39,46105
2025-10-27 11:50:00-04:00,4510.39,4510.45,4508.07,4509.4,68216
2025-10-27 11:55:00-04:00,4509.4,4510.05,4506.89,4508.8,37928
2025-10-27 12:00:00-04:00,4508.8,4511.07,4507.93,4510.73,31559
2025-10-27 12:05:00-04:00,4510.73,4516.58,4509.8,4514.75,45524
2025-10-27 12:10:00-04:00,4514.75,4515.17,4514.6,4514.78,52391
2025-10-27 12:15:00-04:00,4514.78,4515.56,4512.66,4514.84,45082
2025-10-27 12:20:00-04:00,4514.84,4515.89,4514.22,4515.6,33747
2025-10-27 12:25:00-04:00,4515.6,4516.73,4510.42,4511.04,73205
2025-10-27 12:30:00-04:00,4511.04,4513.75,4508.51,4510.05,43091
2025-10-27 12:35:00-04:00,4510.05,4510.96,4505.17,4507.3,62140
2025-10-27 12:40:00-04:00,4507.3,4509.93,4506.59,4508.34,78698
2025-10-27 12:45:00-04:00,4508.34,4508.43,4507.14,4508.3,64600
2025-10-27 12:50:00-04:00,4508.3,4515.32,4508.17,4515.01,77680
2025-10-27 12:55:00-04:00,4515.01,4515.33,4514.51,4514.62,52104
2025-10-27 13:00:00-04:00,4514.62,4516.45,4512.6,4515.18,48066
2025-10-27 13:05:00-04:00,4515.18,4520.94,4514.71,4515.82,64743
2025-10-27 13:10:00-04:00,4515.82,4517.85,4505.74,4509.1,51947
2025-10-27 13:15:00-04:00,4509.1,4511.27,4502.32,4503.85,70113
2025-10-27 13:20:00-04:00,4503.85,4506.46,4501.01,4502.71,38983
2025-10-27 13:25:00-04:00,4502.71,4508.0,4498.27,4506.36,41351
2025-10-27 13:30:00-04:00,4506.36,4507.48,4501.1,4504.46,46142
2025-10-27 13:35:00-04:00,4504.46,4513.2,4502.58,4511.63,55818
2025-10-27 13:40:00-04:00,4511.63,4514.1,4508.62,4512.12,42002
2025-10-27 13:45:00-04:00,4512.12,4517.82,4511.5,4512.9,43769
2025-10-27 13:50:00-04:00,4512.9,4515.51,4511.71,4512.77,66880
2025-10-27 13:55:00-04:00,4512.77,4521.11,4512.55,4517.17,72856
2025-10-27 14:00:00-04:00,4517.17,4526.17,4516.48,4523.81,61533
2025-10-27 14:05:00-04:00,4523.81,4530.25,4522.47,4530.24,54532
2025-10-27 14:10:00-04:00,4530.24,4533.76,4529.57,4532.29,75559
2025-10-27 14:15:00-04:00,4532.29,4534.23,4528.06,4530.94,74458
2025-10-27 14:20:00-04:00,4530.94,4533.64,4530.09,4530.37,55034
2025-10-27 14:25:00-04:00,4530.37,4532.87,4516.26,4519.52,68314
2025-10-27 14:30:00-04:00,4519.52,4521.0,4509.9,4511.53,50125
2025-10-27 14:35:00-04:00,4511.53,4515.04,4505.13,4508.97,47288
2025-10-27 14:40:00-04:00,4508.97,4513.48,4507.55,4508.8,67633
2025-10-27 14:45:00-04:00,4508.8,4513.09,4506.1,4510.57,39677
2025-10-27 14:50:00-04:00,4510.57,4520.84,4506.59,4518.71,65434
2025-10-27 14:55:00-04:00,4518.71,4520.35,4518.21,4519.76,70409
2025-10-27 15:00:00-04:00,4519.76,4523.47,4508.69,4509.52,50502
2025-10-27 15:05:00-04:00,4509.52,4511.65,4490.62,4505.47,73242
2025-10-27 15:10:00-04:00,4505.47,4516.17,4498.91,4511.18,42598
2025-10-27 15:15:00-04:00,4511.18,4528.87,4501.21,4527.75,76612
2025-10-27 15:20:00-04:00,4527.75,4536.54,4523.54,4534.68,30671
2025-10-27 15:25:00-04:00,4534.68,4538.71,4526.05,4528.89,76585
2025-10-27 15:30:00-04:00,4528.89,4530.75,4514.2,4520.07,103147
2025-10-27 15:35:00-04:00,4520.07,4548.21,4514.38,4543.29,135479
2025-10-27 15:40:00-04:00,4543.29,4546.46,4532.9,4534.16,107115
2025-10-27 15:45:00-04:00,4534.16,4534.49,4516.69,4522.22,86610
2025-10-27 15:50:00-04:00,4522.22,4526.41,4513.66,4515.17,117251
2025-10-27 15:55:00-04:00,4515.17,4522.37,4505.42,4506.82,131616
2025-10-28 09:30:00-04:00,4506.82,4508.53,4488.99,4492.66,92500
2025-10-28 09:35:00-04:00,4492.66,4496.43,4488.32,4495.97,102821
2025-10-28 09:40:00-04:00,4495.97,4506.46,4489.72,4505.22,148754
2025-10-28 09:45:00-04:00,4505.22,4507.28,4500.8,4501.3,84239
2025-10-28 09:50:00-04:00,4501.3,4512.11,4499.77,4511.36,106016
2025-10-28 09:55:00-04:00,4511.36,4519.3,4505.71,4514.86,116943
2025-10-28 10:00:00-04:00,4514.86,4517.22,4511.26,4515.78,68985
2025-10-28 10:05:00-04:00,4515.78,4521.24,4515.69,4520.25,33770
2025-10-28 10:10:00-04:00,4520.25,4522.0,4511.8,4512.59,55567
2025-10-28 10:15:00-04:00,4512.59,4514.95,4485.29,4486.85,69159
2025-10-28 10:20:00-04:00,4486.85,4490.29,4486.31,4488.18,61212
2025-10-28 10:25:00-04:00,4488.18,4493.03,4479.77,4489.44,48015
2025-10-28 10:30:00-04:00,4489.44,4490.53,4486.94,4488.08,63697
2025-10-28 10:35:00-04:00,4488.08,4498.88,4486.54,4497.44,41136
2025-10-28 10:40:00-04:00,4497.44,4499.37,4488.47,4489.98,46911
2025-10-28 10:45:00-04:00,4489.98,4491.72,4487.96,4491.15,49517
2025-10-28 10:50:00-04:00,4491.15,4498.76,4489.36,4494.29,66859
2025-10-28 10:55:00-04:00,4494.29,4498.08,4489.09,4497.85,30690
2025-10-28 11:00:00-04:00,4497.85,4503.35,4496.21,4501.35,30897
2025-10-28 11:05:00-04:00,4501.35,4502.14,4499.17,4499.63,68546
2025-10-28 11:10:00-04:00,4499.63,4500.15,4497.76,4498.96,66948
2025-10-28 11:15:00-04:00,4498.96,4500.31,4482.98,4485.6,55385
2025-10-28 11:20:00-04:00,4485.6,4487.49,4482.92,4483.65,49945
2025-10-28 11:25:00-04:00,4483.65,4489.62,4483.1,4486.08,65165
2025-10-28 11:30:00-04:00,4486.08,4486.6,4482.55,4482.6,77367
2025-10-28 11:35:00-04:00,4482.6,4499.22,4482.13,4495.47,30632
2025-10-28 11:40:00-04:00,4495.47,4499.14,4492.4,4496.05,35591
2025-10-28 11:45:00-04:00,4496.05,4497.22,4495.41,4497.04,57206
2025-10-28 11:50:00-04:00,4497.04,4501.54,4496.8,4497.48,41219
2025-10-28 11:55:00-04:00,4497.48,4500.79,4494.24,4496.2,50047
2025-10-28 12:00:00-04:00,4496.2,4501.04,4495.93,4500.34,77599
2025-10-28 12:05:00-04:00,4500.34,4503.45,4499.41,4501.86,79608
2025-10-28 12:10:00-04:00,4501.86,4504.18,4500.38,4502.06,76716
2025-10-28 12:15:00-04:00,4502.06,4502.96,4501.2,4501.24,76888
2025-10-28 12:20:00-04:00,4501.24,4503.64,4500.19,4502.79,33409
2025-10-28 12:25:00-04:00,4502.79,4503.55,4499.3,4500.46,55745
2025-10-28 12:30:00-04:00,4500.46,4501.67,4499.99,4501.41,58072
2025-10-28 12:35:00-04:00,4501.41,4503.26,4500.26,4502.51,64622
2025-10-28 12:40:00-04:00,4502.51,4502.55,4501.14,4501.67,74772
2025-10-28 12:45:00-04:00,4501.67,4502.49,4501.17,4502.42,74871
2025-10-28 12:50:00-04:00,4502.42,4502.73,4500.46,4501.42,49669
2025-10-28 12:55:00-04:00,4501.42,4505.63,4501.08,4504.74,50968
2025-10-28 13:00:00-04:00,4504.74,4505.25,4499.81,4501.0,57703
2025-10-28 13:05:00-04:00,4501.0,4502.53,4500.73,4501.82,62349
2025-10-28 13:10:00-04:00,4501.82,4506.81,4499.14,4506.5,75823
2025-10-28 13:15:00-04:00,4506.5,4508.44,4503.52,4504.23,36704
2025-10-28 13:20:00-04:00,4504.23,4512.36,4502.38,4508.54,36403
2025-10-28 13:25:00-04:00,4508.54,4513.39,4507.25,4512.65,68952
2025-10-28 13:30:00-04:00,4512.65,4512.9,4508.55,4511.48,61824
2025-10-28 13:35:00-04:00,4511.48,4517.01,4508.74,4514.46,74239
2025-10-28 13:40:00-04:00,4514.46,4519.48,4511.16,4518.32,49743
2025-10-28 13:45:00-04:00,4518.32,4520.57,4516.27,4516.63,75482
2025-10-28 13:50:00-04:00,4516.63,4517.84,4516.54,4517.1,64052
2025-10-28 13:55:00-04:00,4517.1,4521.01,4515.47,4520.89,48594
2025-10-28 14:00:00-04:00,4520.89,4529.6,4516.88,4528.74,67290
2025-10-28 14:05:00-04:00,4528.74,4531.69,4526.26,4529.14,39628
2025-10-28 14:10:00-04:00,4529.14,4535.6,4528.72,4532.18,34722
2025-10-28 14:15:00-04:00,4532.18,4536.71,4529.89,4534.66,71476
2025-10-28 14:20:00-04:00,4534.66,4541.34,4533.65,4538.43,52515
2025-10-28 14:25:00-04:00,4538.43,4539.24,4538.18,4538.22,49464
2025-10-28 14:30:00-04:00,4538.22,4538.97,4537.51,4538.21,47007
2025-10-28 14:35:00-04:00,4538.21,4540.01,4530.63,4531.62,50156
2025-10-28 14:40:00-04:00,4531.62,4532.88,4530.71,4532.2,77655
2025-10-28 14:45:00-04:00,4532.2,4533.98,4530.78,4533.74,32768
2025-10-28 14:50:00-04:00,4533.74,4536.16,4531.14,4534.49,78583
2025-10-28 14:55:00-04:00,4534.49,4538.87,4531.91,4535.31,40846
2025-10-28 15:00:00-04:00,4535.31,4543.18,4532.48,4542.15,68669
2025-10-28 15:05:00-04:00,4542.15,4544.33,4528.35,4532.57,31079
2025-10-28 15:10:00-04:00,4532.57,4537.39,4514.31,4524.88,67656
2025-10-28 15:15:00-04:00,4524.88,4530.84,4516.5,4517.52,55854
2025-10-28 15:20:00-04:00,4517.52,4519.57,4500.27,4504.08,44780
2025-10-28 15:25:00-04:00,4504.08,4517.89,4494.73,4512.46,63359
2025-10-28 15:30:00-04:00,4512.46,4513.41,4499.12,4506.01,99142
2025-10-28 15:35:00-04:00,4506.01,4512.51,4495.71,4499.42,95926
2025-10-28 15:40:00-04:00,4499.42,4508.27,4497.69,4503.77,109717
2025-10-28 15:45:00-04:00,4503.77,4507.38,4480.35,4485.49,118562
2025-10-28 15:50:00-04:00,4485.49,4486.27,4472.79,4486.17,88007
2025-10-28 15:55:00-04:00,4486.17,4501.06,4479.97,4497.0,129582
2025-10-29 09:30:00-04:00,4497.0,4503.36,4496.71,4502.36,135186
2025-10-29 09:35:00-04:00,4502.36,4505.32,4498.36,4499.07,137320
2025-10-29 09:40:00-04:00,4499.07,4501.84,4491.5,4494.72,114651
2025-10-29 09:45:00-04:00,4494.72,4494.91,4484.25,4491.68,129306
2025-10-29 09:50:00-04:00,4491.68,4493.37,4470.91,4478.41,148960
2025-10-29 09:55:00-04:00,4478.41,4481.99,4477.5,4479.44,135184
2025-10-29 10:00:00-04:00,4479.44,4497.0,4474.35,4495.48,40315
2025-10-29 10:05:00-04:00,4495.48,4497.89,4493.51,4497.16,74152
2025-10-29 10:10:00-04:00,4497.16,4504.71,4483.05,4483.93,47573
2025-10-29 10:15:00-04:00,4483.93,4493.25,4480.25,4481.88,76978
2025-10-29 10:20:00-04:00,4481.88,4500.14,4477.56,4496.2,53869
2025-10-29 10:25:00-04:00,4496.2,4499.73,4489.45,4493.5,34023
2025-10-29 10:30:00-04:00,4493.5,4498.05,4493.45,4495.43,63158
2025-10-29 10:35:00-04:00,4495.43,4504.11,4493.75,4501.23,49515
2025-10-29 10:40:00-04:00,4501.23,4505.49,4497.06,4501.1,73852
2025-10-29 10:45:00-04:00,4501.1,4502.89,4493.27,4494.03,77606
2025-10-29 10:50:00-04:00,4494.03,4496.49,4486.45,4491.6,48799
2025-10-29 10:55:00-04:00,4491.6,4503.59,4488.88,4500.04,49333
2025-10-29 11:00:00-04:00,4500.04,4501.52,4497.59,4499.81,32590
2025-10-29 11:05:00-04:00,4499.81,4504.37,4499.71,4500.43,39422
2025-10-29 11:10:00-04:00,4500.43,4502.51,4490.82,4493.26,59430
2025-10-29 11:15:00-04:00,4493.26,4493.72,4490.96,4491.91,73554
2025-10-29 11:20:00-04:00,4491.91,4495.84,4488.1,4494.06,66659
2025-10-29 11:25:00-04:00,4494.06,4497.89,4491.81,4493.82,72322
2025-10-29 11:30:00-04:00,4493.82,4499.02,4493.16,4497.6,53131
2025-10-29 11:35:00-04:00,4497.6,4499.94,4495.96,4496.01,65877
2025-10-29 11:40:00-04:00,4496.01,4499.69,4491.75,4493.92,75468
2025-10-29 11:45:00-04:00,4493.92,4504.11,4488.09,4501.13,56972
2025-10-29 11:50:00-04:00,4501.13,4511.53,4499.21,4509.13,74918
2025-10-29 11:55:00-04:00,4509.13,4513.09,4508.01,4511.72,68029
2025-10-29 12:00:00-04:00,4511.72,4513.05,4508.62,4509.73,73036
2025-10-29 12:05:00-04:00,4509.73,4509.83,4508.79,4509.47,74725
2025-10-29 12:10:00-04:00,4509.47,4509.84,4505.66,4507.26,47810
2025-10-29 12:15:00-04:00,4507.26,4509.23,4506.54,4509.06,46375
2025-10-29 12:20:00-04:00,4509.06,4510.96,4508.52,4510.4,79907
2025-10-29 12:25:00-04:00,4510.4,4514.74,4508.58,4513.74,70146
2025-10-29 12:30:00-04:00,4513.74,4514.22,4511.41,4511.45,37548
2025-10-29 12:35:00-04:00,4511.45,4514.76,4509.46,4513.56,30296
2025-10-29 12:40:00-04:00,4513.56,4516.84,4512.89,4515.68,69322
2025-10-29 12:45:00-04:00,4515.68,4516.04,4512.7,4514.35,47801
2025-10-29 12:50:00-04:00,4514.35,4517.01,4513.21,4516.47,47502
2025-10-29 12:55:00-04:00,4516.47,4517.82,4512.87,4513.64,71675
2025-10-29 13:00:00-04:00,4513.64,4523.51,4513.39,4518.84,57843
2025-10-29 13:05:00-04:00,4518.84,4523.06,4516.48,4520.72,67528
2025-10-29 13:10:00-04:00,4520.72,4527.66,4516.32,4525.11,63583
2025-10-29 13:15:00-04:00,4525.11,4530.52,4524.75,4529.59,44925
2025-10-29 13:20:00-04:00,4529.59,4540.82,4528.03,4539.04,65318
2025-10-29 13:25:00-04:00,4539.04,4541.18,4532.75,4534.16,41284
2025-10-29 13:30:00-04:00,4534.16,4535.91,4529.06,4531.22,31384
2025-10-29 13:35:00-04:00,4531.22,4532.33,4520.17,4523.36,57475
2025-10-29 13:40:00-04:00,4523.36,4527.55,4522.15,4524.05,40482
2025-10-29 13:45:00-04:00,4524.05,4530.18,4523.39,4529.18,55108
2025-10-29 13:50:00-04:00,4529.18,4530.29,4527.06,4527.97,62779
2025-10-29 13:55:00-04:00,4527.97,4532.37,4526.49,4532.23,47145
2025-10-29 14:00:00-04:00,4532.23,4532.49,4527.76,4528.09,31055
2025-10-29 14:05:00-04:00,4528.09,4528.65,4525.86,4527.39,56624
2025-10-29 14:10:00-04:00,4527.39,4528.51,4519.33,4522.45,66163
2025-10-29 14:15:00-04:00,4522.45,4527.71,4521.67,4527.68,68960
2025-10-29 14:20:00-04:00,4527.68,4528.96,4524.23,4525.41,79945
2025-10-29 14:25:00-04:00,4525.41,4525.87,4522.64,4523.81,50437
2025-10-29 14:30:00-04:00,4523.81,4532.38,4522.09,4531.47,78824
2025-10-29 14:35:00-04:00,4531.47,4533.65,4530.51,4531.79,74296
2025-10-29 14:40:00-04:00,4531.79,4534.76,4528.46,4534.08,42150
2025-10-29 14:45:00-04:00,4534.08,4538.84,4519.62,4522.76,47669
2025-10-29 14:50:00-04:00,4522.76,4524.59,4520.61,4521.0,46059
2025-10-29 14:55:00-04:00,4521.0,4529.31,4517.75,4524.66,50202
2025-10-29 15:00:00-04:00,4524.66,4533.3,4522.42,4530.13,75510
2025-10-29 15:05:00-04:00,4530.13,4530.49,4526.75,4529.06,71187
2025-10-29 15:10:00-04:00,4529.06,4540.17,4520.26,4536.74,42714
2025-10-29 15:15:00-04:00,4536.74,4536.82,4535.02,4536.76,61555
2025-10-29 15:20:00-04:00,4536.76,4549.84,4533.73,4545.64,42696
2025-10-29 15:25:00-04:00,4545.64,4545.82,4540.41,4540.92,47821
2025-10-29 15:30:00-04:00,4540.92,4543.21,4535.29,4537.66,120644
2025-10-29 15:35:00-04:00,4537.66,4551.69,4536.2,4549.84,110531
2025-10-29 15:40:00-04:00,4549.84,4568.12,4545.39,4563.87,108393
2025-10-29 15:45:00-04:00,4563.87,4565.94,4561.21,4561.64,138480
2025-10-29 15:50:00-04:00,4561.64,4563.22,4551.26,4555.88,138734
2025-10-29 15:55:00-04:00,4555.88,4556.92,4542.04,4549.54,124028
2025-10-30 09:30:00-04:00,4549.54,4555.25,4544.55,4552.5,101061
2025-10-30 09:35:00-04:00,4552.5,4558.73,4550.38,4552.58,149812
2025-10-30 09:40:00-04:00,4552.58,4567.38,4538.77,4539.88,97629
2025-10-30 09:45:00-04:00,4539.88,4543.31,4539.2,4541.08,144829
2025-10-30 09:50:00-04:00,4541.08,4542.36,4526.66,4528.94,90599
2025-10-30 09:55:00-04:00,4528.94,4537.15,4523.51,4533.81,102149
2025-10-30 10:00:00-04:00,4533.81,4537.08,4523.71,4530.25,72940
2025-10-30 10:05:00-04:00,4530.25,4541.58,4528.72,4531.37,68203
2025-10-30 10:10:00-04:00,4531.37,4538.66,4529.97,4535.18,44799
2025-10-30 10:15:00-04:00,4535.18,4537.34,4524.54,4531.3,49871
2025-10-30 10:20:00-04:00,4531.3,4531.87,4523.34,4525.06,47572
2025-10-30 10:25:00-04:00,4525.06,4531.9,4508.55,4513.65,55965
2025-10-30 10:30:00-04:00,4513.65,4516.8,4511.26,4516.59,58287
2025-10-30 10:35:00-04:00,4516.59,4517.79,4514.76,4516.26,59084
2025-10-30 10:40:00-04:00,4516.26,4518.5,4500.54,4506.99,34846
2025-10-30 10:45:00-04:00,4506.99,4510.75,4504.94,4508.42,30569
2025-10-30 10:50:00-04:00,4508.42,4509.35,4504.68,4506.42,37641
2025-10-30 10:55:00-04:00,4506.42,4511.07,4499.29,4500.99,68138
2025-10-30 11:00:00-04:00,4500.99,4504.36,4494.58,4499.1,67629
2025-10-30 11:05:00-04:00,4499.1,4504.18,4498.26,4500.56,59693
2025-10-30 11:10:00-04:00,4500.56,4505.83,4499.5,4503.07,48033
2025-10-30 11:15:00-04:00,4503.07,4505.88,4497.69,4499.64,44901
2025-10-30 11:20:00-04:00,4499.64,4502.78,4494.32,4494.94,55378
2025-10-30 11:25:00-04:00,4494.94,4498.34,4490.93,4495.48,57801
2025-10-30 11:30:00-04:00,4495.48,4497.32,4493.83,4493.86,62314
2025-10-30 11:35:00-04:00,4493.86,4496.6,4484.11,4487.3,59928
2025-10-30 11:40:00-04:00,4487.3,4490.2,4481.4,4482.72,38521
2025-10-30 11:45:00-04:00,4482.72,4500.27,4481.96,4494.19,32696
2025-10-30 11:50:00-04:00,4494.19,4495.1,4487.07,4488.96,45858
2025-10-30 11:55:00-04:00,4488.96,4492.21,4486.34,4491.76,60505
2025-10-30 12:00:00-04:00,4491.76,4492.79,4491.11,4491.89,45202
2025-10-30 12:05:00-04:00,4491.89,4493.07,4491.74,4493.01,59873
2025-10-30 12:10:00-04:00,4493.01,4494.79,4492.02,4494.18,76638
2025-10-30 12:15:00-04:00,4494.18,4494.43,4490.86,4491.98,47045
2025-10-30 12:20:00-04:00,4491.98,4493.13,4490.59,4490.9,65497
2025-10-30 12:25:00-04:00,4490.9,4491.1,4484.25,4484.98,42888
2025-10-30 12:30:00-04:00,4484.98,4486.92,4483.74,4486.44,67245
2025-10-30 12:35:00-04:00,4486.44,4487.12,4484.16,4486.49,51876
2025-10-30 12:40:00-04:00,4486.49,4486.63,4484.4,4486.26,53949
2025-10-30 12:45:00-04:00,4486.26,4486.47,4484.64,4485.8,67564
2025-10-30 12:50:00-04:00,4485.8,4487.51,4482.45,4487.45,60776
2025-10-30 12:55:00-04:00,4487.45,4488.78,4484.78,4485.08,78812
2025-10-30 13:00:00-04:00,4485.08,4488.05,4479.76,4484.57,31421
2025-10-30 13:05:00-04:00,4484.57,4488.16,4482.41,4482.55,45487
2025-10-30 13:10:00-04:00,4482.55,4484.71,4476.01,4477.47,72687
2025-10-30 13:15:00-04:00,4477.47,4478.67,4475.19,4477.75,30591
2025-10-30 13:20:00-04:00,4477.75,4488.92,4477.06,4482.53,67211
2025-10-30 13:25:00-04:00,4482.53,4489.88,4480.05,4489.53,58082
2025-10-30 13:30:00-04:00,4489.53,4492.18,4485.35,4488.65,42386
2025-10-30 13:35:00-04:00,4488.65,4492.8,4485.31,4485.94,42938
2025-10-30 13:40:00-04:00,4485.94,4491.08,4484.77,4487.82,63836
2025-10-30 13:45:00-04:00,4487.82,4489.37,4475.58,4475.89,40928
2025-10-30 13:50:00-04:00,4475.89,4479.7,4473.9,4475.71,37045
2025-10-30 13:55:00-04:00,4475.71,4480.8,4473.43,4476.63,56844
2025-10-30 14:00:00-04:00,4476.63,4480.15,4474.19,4480.15,71628
2025-10-30 14:05:00-04:00,4480.15,4490.97,4476.52,4490.83,33621
2025-10-30 14:10:00-04:00,4490.83,4491.54,4480.62,4481.37,39066
2025-10-30 14:15:00-04:00,4481.37,4485.97,4480.38,4484.65,54260
2025-10-30 14:20:00-04:00,4484.65,4495.88,4484.27,4494.84,59881
2025-10-30 14:25:00-04:00,4494.84,4500.29,4494.05,4498.7,44340
2025-10-30 14:30:00-04:00,4498.7,4498.92,4485.35,4486.62,68362
2025-10-30 14:35:00-04:00,4486.62,4487.82,4481.51,4481.99,35914
2025-10-30 14:40:00-04:00,4481.99,4487.29,4479.2,4484.75,59677
2025-10-30 14:45:00-04:00,4484.75,4487.15,4481.6,4483.37,62849
2025-10-30 14:50:00-04:00,4483.37,4484.13,4478.87,4480.09,64248
2025-10-30 14:55:00-04:00,4480.09,4488.81,4479.24,4488.32,70761
2025-10-30 15:00:00-04:00,4488.32,4493.13,4487.28,4492.59,65367
2025-10-30 15:05:00-04:00,4492.59,4496.33,4489.07,4491.9,64269
2025-10-30 15:10:00-04:00,4491.9,4494.74,4487.38,4489.27,67174
2025-10-30 15:15:00-04:00,4489.27,4493.49,4485.12,4490.26,79163
2025-10-30 15:20:00-04:00,4490.26,4504.09,4483.5,4498.8,65814
2025-10-30 15:25:00-04:00,4498.8,4500.61,4498.41,4499.96,51518
2025-10-30 15:30:00-04:00,4499.96,4500.08,4497.71,4499.44,88680
2025-10-30 15:35:00-04:00,4499.44,4502.38,4492.28,4494.76,82419
2025-10-30 15:40:00-04:00,4494.76,4495.94,4490.4,4495.64,86487
2025-10-30 15:45:00-04:00,4495.64,4501.26,4483.69,4484.63,96360
2025-10-30 15:50:00-04:00,4484.63,4490.93,4481.54,4486.12,140124
2025-10-30 15:55:00-04:00,4486.12,4492.34,4483.09,4487.78,146320
2025-10-31 09:30:00-04:00,4487.78,4490.42,4474.36,4480.24,130345
2025-10-31 09:35:00-04:00,4480.24,4491.15,4468.63,4488.9,125971
2025-10-31 09:40:00-04:00,4488.9,4490.86,4473.45,4479.98,139940
2025-10-31 09:45:00-04:00,4479.98,4485.43,4469.06,4479.77,135279
2025-10-31 09:50:00-04:00,4479.77,4491.11,4472.69,4482.62,126104
2025-10-31 09:55:00-04:00,4482.62,4489.05,4469.02,4470.29,142648
2025-10-31 10:00:00-04:00,4470.29,4471.78,4464.0,4467.81,39107
2025-10-31 10:05:00-04:00,4467.81,4483.76,4465.17,4479.13,57370
2025-10-31 10:10:00-04:00,4479.13,4483.53,4461.88,4464.14,53446
2025-10-31 10:15:00-04:00,4464.14,4472.75,4463.14,4469.14,43454
2025-10-31 10:20:00-04:00,4469.14,4470.81,4468.29,4468.38,67097
2025-10-31 10:25:00-04:00,4468.38,4476.35,4466.22,4470.07,79244
2025-10-31 10:30:00-04:00,4470.07,4474.09,4464.9,4466.4,66724
2025-10-31 10:35:00-04:00,4466.4,4474.71,4465.52,4470.88,43864
2025-10-31 10:40:00-04:00,4470.88,4472.66,4462.93,4464.4,60868
2025-10-31 10:45:00-04:00,4464.4,4466.37,4460.13,4462.79,77723
2025-10-31 10:50:00-04:00,4462.79,4463.19,4458.82,4460.81,53880
2025-10-31 10:55:00-04:00,4460.81,4461.61,4457.0,4457.67,57425
2025-10-31 11:00:00-04:00,4457.67,4461.87,4455.65,4458.31,39474
2025-10-31 11:05:00-04:00,4458.31,4462.01,4454.97,4460.58,40170
2025-10-31 11:10:00-04:00,4460.58,4461.91,4456.36,4460.04,78157
2025-10-31 11:15:00-04:00,4460.04,4460.6,4457.39,4460.23,30319
2025-10-31 11:20:00-04:00,4460.23,4460.7,4454.76,4457.47,74078
2025-10-31 11:25:00-04:00,4457.47,4459.37,4453.44,4457.56,54509
2025-10-31 11:30:00-04:00,4457.56,4459.03,4457.4,4458.91,53804
2025-10-31 11:35:00-04:00,4458.91,4469.09,4458.89,4466.41,32611
2025-10-31 11:40:00-04:00,4466.41,4469.74,4463.6,4468.64,44610
2025-10-31 11:45:00-04:00,4468.64,4472.21,4464.86,4465.31,54028
2025-10-31 11:50:00-04:00,4465.31,4466.32,4463.21,4465.19,73714
2025-10-31 11:55:00-04:00,4465.19,4465.21,4461.27,4462.76,57018
2025-10-31 12:00:00-04:00,4462.76,4466.06,4460.93,4465.65,51516
2025-10-31 12:05:00-04:00,4465.65,4465.87,4461.37,4464.7,35239
2025-10-31 12:10:00-04:00,4464.7,4464.84,4462.04,4463.05,66234
2025-10-31 12:15:00-04:00,4463.05,4466.01,4463.05,4464.88,31816
2025-10-31 12:20:00-04:00,4464.88,4471.54,4464.36,4468.94,51612
2025-10-31 12:25:00-04:00,4468.94,4469.45,4468.3,4468.32,48706
2025-10-31 12:30:00-04:00,4468.32,4469.2,4466.09,4468.59,68428
2025-10-31 12:35:00-04:00,4468.59,4473.58,4467.78,4472.97,32093
2025-10-31 12:40:00-04:00,4472.97,4480.77,4470.07,4479.87,72832
2025-10-31 12:45:00-04:00,4479.87,4481.42,4479.74,4480.13,73027
2025-10-31 12:50:00-04:00,4480.13,4481.17,4478.97,4479.83,73989
2025-10-31 12:55:00-04:00,4479.83,4484.97,4478.05,4483.98,32400
2025-10-31 13:00:00-04:00,4483.98,4494.56,4478.51,4492.65,74610
2025-10-31 13:05:00-04:00,4492.65,4497.42,4487.41,4494.9,68665
2025-10-31 13:10:00-04:00,4494.9,4502.08,4492.04,4500.82,31626
2025-10-31 13:15:00-04:00,4500.82,4505.42,4498.93,4504.51,63642
2025-10-31 13:20:00-04:00,4504.51,4510.02,4502.32,4508.62,38308
2025-10-31 13:25:00-04:00,4508.62,4510.13,4502.22,4503.27,65814
2025-10-31 13:30:00-04:00,4503.27,4512.84,4503.25,4512.26,43136
2025-10-31 13:35:00-04:00,4512.26,4519.8,4509.89,4517.19,34971
2025-10-31 13:40:00-04:00,4517.19,4522.63,4515.68,4521.95,62499
2025-10-31 13:45:00-04:00,4521.95,4530.69,4519.36,4529.27,42300
2025-10-31 13:50:00-04:00,4529.27,4532.16,4528.3,4531.22,39032
2025-10-31 13:55:00-04:00,4531.22,4531.65,4530.74,4531.54,77992
2025-10-31 14:00:00-04:00,4531.54,4533.8,4529.14,4530.94,52829
2025-10-31 14:05:00-04:00,4530.94,4532.38,4528.75,4528.97,55714
2025-10-31 14:10:00-04:00,4528.97,4530.45,4528.7,4529.65,32808
2025-10-31 14:15:00-04:00,4529.65,4537.73,4527.75,4537.21,75028
2025-10-31 14:20:00-04:00,4537.21,4541.69,4536.21,4540.21,76499
2025-10-31 14:25:00-04:00,4540.21,4548.55,4538.65,4545.3,55557
2025-10-31 14:30:00-04:00,4545.3,4545.31,4543.14,4543.76,43176
2025-10-31 14:35:00-04:00,4543.76,4554.55,4540.38,4553.33,46788
2025-10-31 14:40:00-04:00,4553.33,4553.98,4549.29,4551.94,53764
2025-10-31 14:45:00-04:00,4551.94,4552.02,4547.84,4550.6,45701
2025-10-31 14:50:00-04:00,4550.6,4553.84,4548.93,4553.58,78043
2025-10-31 14:55:00-04:00,4553.58,4556.07,4549.37,4550.56,40355
2025-10-31 15:00:00-04:00,4550.56,4566.44,4545.61,4560.58,31652
2025-10-31 15:05:00-04:00,4560.58,4584.74,4559.94,4584.22,33810
2025-10-31 15:10:00-04:00,4584.22,4592.45,4581.94,4591.05,46065
2025-10-31 15:15:00-04:00,4591.05,4624.11,4590.71,4607.08,68969
2025-10-31 15:20:00-04:00,4607.08,4622.66,4606.46,4622.01,79713
2025-10-31 15:25:00-04:00,4622.01,4629.37,4605.11,4606.62,37187
2025-10-31 15:30:00-04:00,4606.62,4622.36,4604.64,4620.23,128282
2025-10-31 15:35:00-04:00,4620.23,4620.72,4606.65,4608.5,134816
2025-10-31 15:40:00-04:00,4608.5,4622.63,4603.86,4615.04,127042
2025-10-31 15:45:00-04:00,4615.04,4617.98,4592.03,4598.09,102597
2025-10-31 15:50:00-04:00,4598.09,4601.32,4588.87,4594.99,102725
2025-10-31 15:55:00-04:00,4594.99,4607.34,4589.7,4606.04,91698
2025-11-03 09:30:00-05:00,4606.04,4613.02,4606.03,4612.94,81949
2025-11-03 09:35:00-05:00,4612.94,4615.79,4602.55,4608.02,124387
2025-11-03 09:40:00-05:00,4608.02,4614.72,4607.12,4613.14,94456
2025-11-03 09:45:00-05:00,4613.14,4621.0,4612.32,4618.63,104240
2025-11-03 09:50:00-05:00,4618.63,4618.77,4613.87,4614.74,113910
2025-11-03 09:55:00-05:00,4614.74,4641.85,4608.44,4633.31,98013
2025-11-03 10:00:00-05:00,4633.31,4646.46,4631.82,4646.35,30557
2025-11-03 10:05:00-05:00,4646.35,4659.83,4643.91,4656.19,63607
2025-11-03 10:10:00-05:00,4656.19,4678.77,4653.15,4674.79,41596
2025-11-03 10:15:00-05:00,4674.79,4676.03,4672.28,4673.13,57897
2025-11-03 10:20:00-05:00,4673.13,4680.08,4661.23,4663.15,60552
2025-11-03 10:25:00-05:00,4663.15,4663.25,4650.56,4650.83,64831
2025-11-03 10:30:00-05:00,4650.83,4652.42,4647.98,4650.85,41741
2025-11-03 10:35:00-05:00,4650.85,4651.5,4649.57,4649.57,51182
2025-11-03 10:40:00-05:00,4649.57,4657.9,4647.91,4653.76,48170
2025-11-03 10:45:00-05:00,4653.76,4653.83,4652.97,4653.21,60255
2025-11-03 10:50:00-05:00,4653.21,4663.66,4651.18,4660.53,71241
2025-11-03 10:55:00-05:00,4660.53,4673.9,4659.8,4670.79,40679
2025-11-03 11:00:00-05:00,4670.79,4671.74,4669.8,4669.88,64364
2025-11-03 11:05:00-05:00,4669.88,4670.38,4663.51,4666.44,57794
2025-11-03 11:10:00-05:00,4666.44,4671.37,4662.22,4669.06,63529
2025-11-03 11:15:00-05:00,4669.06,4672.38,4668.31,4669.68,50246
2025-11-03 11:20:00-05:00,4669.68,4670.37,4662.72,4666.49,36021
2025-11-03 11:25:00-05:00,4666.49,4668.93,4660.66,4664.4,66903
2025-11-03 11:30:00-05:00,4664.4,4666.72,4661.33,4665.76,54251
2025-11-03 11:35:00-05:00,4665.76,4666.56,4661.44,4663.09,54918
2025-11-03 11:40:00-05:00,4663.09,4668.17,4662.02,4667.21,66303
2025-11-03 11:45:00-05:00,4667.21,4669.92,4659.8,4660.64,32913
2025-11-03 11:50:00-05:00,4660.64,4662.43,4649.68,4652.28,59119
2025-11-03 11:55:00-05:00,4652.28,4654.72,4645.69,4646.45,71723
2025-11-03 12:00:00-05:00,4646.45,4649.5,4646.0,4648.18,73132
2025-11-03 12:05:00-05:00,4648.18,4649.19,4646.55,4649.02,50133
2025-11-03 12:10:00-05:00,4649.02,4655.47,4647.89,4652.93,77925
2025-11-03 12:15:00-05:00,4652.93,4657.35,4652.01,4657.19,35608
2025-11-03 12:20:00-05:00,4657.19,4661.69,4656.03,4660.11,40412
2025-11-03 12:25:00-05:00,4660.11,4664.93,4658.65,4664.07,70655
2025-11-03 12:30:00-05:00,4664.07,4670.81,4662.37,4669.78,33679
2025-11-03 12:35:00-05:00,4669.78,4670.18,4666.74,4668.19,33996
2025-11-03 12:40:00-05:00,4668.19,4669.48,4665.14,4667.33,57467
2025-11-03 12:45:00-05:00,4667.33,4668.54,4664.98,4667.37,60175
2025-11-03 12:50:00-05:00,4667.37,4669.04,4666.81,4668.03,79648
2025-11-03 12:55:00-05:00,4668.03,4673.81,4667.65,4672.48,59764
2025-11-03 13:00:00-05:00,4672.48,4673.93,4663.62,4665.25,67132
2025-11-03 13:05:00-05:00,4665.25,4665.6,4664.23,4664.75,76597
2025-11-03 13:10:00-05:00,4664.75,4666.8,4659.31,4659.42,46979
2025-11-03 13:15:00-05:00,4659.42,4668.27,4659.34,4665.02,38303
2025-11-03 13:20:00-05:00,4665.02,4667.16,4654.73,4656.84,60472
2025-11-03 13:25:00-05:00,4656.84,4663.91,4655.86,4663.87,40033
2025-11-03 13:30:00-05:00,4663.87,4665.48,4659.48,4660.49,79941
2025-11-03 13:35:00-05:00,4660.49,4664.72,4653.28,4657.11,75320
2025-11-03 13:40:00-05:00,4657.11,4658.15,4655.76,4657.25,73271
2025-11-03 13:45:00-05:00,4657.25,4658.66,4654.2,4658.21,55037
2025-11-03 13:50:00-05:00,4658.21,4661.57,4655.85,4661.18,60306
2025-11-03 13:55:00-05:00,4661.18,4667.83,4658.02,4666.6,36159
2025-11-03 14:00:00-05:00,4666.6,4670.1,4665.88,4669.12,33066
2025-11-03 14:05:00-05:00,4669.12,4670.21,4665.33,4668.91,66210
2025-11-03 14:10:00-05:00,4668.91,4677.55,4667.3,4675.82,35374
2025-11-03 14:15:00-05:00,4675.82,4680.23,4674.96,4679.83,42204
2025-11-03 14:20:00-05:00,4679.83,4687.65,4677.83,4685.83,63740
2025-11-03 14:25:00-05:00,4685.83,4686.64,4683.53,4684.48,63522
2025-11-03 14:30:00-05:00,4684.48,4689.14,4679.4,4679.45,32711
2025-11-03 14:35:00-05:00,4679.45,4681.48,4676.1,4676.34,31919
2025-11-03 14:40:00-05:00,4676.34,4677.75,4672.87,4676.09,44434
2025-11-03 14:45:00-05:00,4676.09,4678.78,4675.52,4678.31,31999
2025-11-03 14:50:00-05:00,4678.31,4679.35,4673.97,4675.3,79772
2025-11-03 14:55:00-05:00,4675.3,4680.93,4672.87,4678.82,33339
2025-11-03 15:00:00-05:00,4678.82,4688.74,4658.71,4660.03,68973
2025-11-03 15:05:00-05:00,4660.03,4667.95,4636.33,4641.69,33691
2025-11-03 15:10:00-05:00,4641.69,4648.44,4632.08,4636.69,57584
2025-11-03 15:15:00-05:00,4636.69,4638.16,4632.85,4635.48,35487
2025-11-03 15:20:00-05:00,4635.48,4654.14,4634.82,4650.62,40547
2025-11-03 15:25:00-05:00,4650.62,4669.19,4643.57,4666.72,68041
2025-11-03 15:30:00-05:00,4666.72,4681.37,4664.17,4680.79,115577
2025-11-03 15:35:00-05:00,4680.79,4682.72,4679.31,4679.7,129684
2025-11-03 15:40:00-05:00,4679.7,4686.98,4669.5,4674.71,135152
2025-11-03 15:45:00-05:00,4674.71,4676.97,4653.71,4658.98,132576
2025-11-03 15:50:00-05:00,4658.98,4663.8,4641.27,4646.57,102320
2025-11-03 15:55:00-05:00,4646.57,4654.39,4639.36,4652.81,128581
2025-11-04 09:30:00-05:00,4652.81,4657.54,4651.33,4657.0,140522
2025-11-04 09:35:00-05:00,4657.0,4664.24,4655.31,4660.13,100102
2025-11-04 09:40:00-05:00,4660.13,4660.41,4653.51,4656.27,126099
2025-11-04 09:45:00-05:00,4656.27,4671.87,4653.03,4668.97,80306
2025-11-04 09:50:00-05:00,4668.97,4670.9,4663.53,4665.71,116776
2025-11-04 09:55:00-05:00,4665.71,4688.05,4657.22,4684.68,131550
2025-11-04 10:00:00-05:00,4684.68,4690.46,4679.32,4685.45,37549
2025-11-04 10:05:00-05:00,4685.45,4686.35,4679.77,4682.85,63717
2025-11-04 10:10:00-05:00,4682.85,4685.93,4677.82,4681.91,44690
2025-11-04 10:15:00-05:00,4681.91,4690.33,4678.19,4683.09,66533
2025-11-04 10:20:00-05:00,4683.09,4698.68,4670.22,4684.38,30730
2025-11-04 10:25:00-05:00,4684.38,4696.02,4676.35,4695.2,69938
2025-11-04 10:30:00-05:00,4695.2,4696.9,4691.12,4692.0,51343
2025-11-04 10:35:00-05:00,4692.0,4696.62,4687.46,4687.56,44063
2025-11-04 10:40:00-05:00,4687.56,4687.66,4681.93,4682.65,78764
2025-11-04 10:45:00-05:00,4682.65,4685.9,4675.3,4675.84,61704
2025-11-04 10:50:00-05:00,4675.84,4678.55,4673.16,4674.67,62668
2025-11-04 10:55:00-05:00,4674.67,4678.53,4672.05,4676.86,66051
2025-11-04 11:00:00-05:00,4676.86,4678.87,4672.31,4673.14,55551
2025-11-04 11:05:00-05:00,4673.14,4682.21,4671.56,4680.5,52191
2025-11-04 11:10:00-05:00,4680.5,4681.56,4675.19,4677.55,44404
2025-11-04 11:15:00-05:00,4677.55,4679.35,4671.06,4672.76,79997
2025-11-04 11:20:00-05:00,4672.76,4675.67,4668.03,4668.86,48030
2025-11-04 11:25:00-05:00,4668.86,4671.92,4660.73,4660.85,70253
2025-11-04 11:30:00-05:00,4660.85,4667.99,4660.0,4664.56,49171
2025-11-04 11:35:00-05:00,4664.56,4676.44,4662.0,4670.67,51326
2025-11-04 11:40:00-05:00,4670.67,4679.8,4670.6,4676.38,35067
2025-11-04 11:45:00-05:00,4676.38,4677.01,4674.05,4675.13,61770
2025-11-04 11:50:00-05:00,4675.13,4675.57,4671.9,4673.17,32369
2025-11-04 11:55:00-05:00,4673.17,4674.91,4669.33,4670.53,60314
2025-11-04 12:00:00-05:00,4670.53,4672.03,4668.46,4668.99,34905
2025-11-04 12:05:00-05:00,4668.99,4674.6,4668.85,4673.53,71911
2025-11-04 12:10:00-05:00,4673.53,4674.39,4670.94,4670.97,47412
2025-11-04 12:15:00-05:00,4670.97,4678.54,4670.63,4677.05,71552
2025-11-04 12:20:00-05:00,4677.05,4678.81,4674.68,4674.76,58287
2025-11-04 12:25:00-05:00,4674.76,4678.81,4674.17,4677.31,38031
2025-11-04 12:30:00-05:00,4677.31,4679.94,4676.09,4678.53,40807
2025-11-04 12:35:00-05:00,4678.53,4683.42,4678.36,4682.01,67367
2025-11-04 12:40:00-05:00,4682.01,4682.78,4678.07,4679.17,30056
2025-11-04 12:45:00-05:00,4679.17,4681.3,4678.71,4680.21,38559
2025-11-04 12:50:00-05:00,4680.21,4680.6,4676.5,4677.16,72548
2025-11-04 12:55:00-05:00,4677.16,4680.27,4676.62,4679.65,67739
2025-11-04 13:00:00-05:00,4679.65,4684.55,4679.34,4682.74,42312
2025-11-04 13:05:00-05:00,4682.74,4685.8,4681.87,4682.68,36907
2025-11-04 13:10:00-05:00,4682.68,4684.38,4677.89,4680.31,54102
2025-11-04 13:15:00-05:00,4680.31,4692.45,4677.83,4690.53,67997
2025-11-04 13:20:00-05:00,4690.53,4690.83,4688.21,4688.6,51996
2025-11-04 13:25:00-05:00,4688.6,4695.36,4684.47,4689.99,32228
2025-11-04 13:30:00-05:00,4689.99,4699.52,4689.41,4698.12,48790
2025-11-04 13:35:00-05:00,4698.12,4700.22,4687.9,4695.02,38367
2025-11-04 13:40:00-05:00,4695.02,4695.94,4689.17,4689.83,76947
2025-11-04 13:45:00-05:00,4689.83,4689.93,4684.28,4687.61,63077
2025-11-04 13:50:00-05:00,4687.61,4695.34,4687.42,4693.5,72460
2025-11-04 13:55:00-05:00,4693.5,4696.42,4687.77,4689.3,79757
2025-11-04 14:00:00-05:00,4689.3,4704.57,4689.09,4698.01,55470
2025-11-04 14:05:00-05:00,4698.01,4704.45,4693.18,4702.16,43587
2025-11-04 14:10:00-05:00,4702.16,4705.44,4700.76,4704.48,67834
2025-11-04 14:15:00-05:00,4704.48,4708.56,4699.02,4700.6,30763
2025-11-04 14:20:00-05:00,4700.6,4703.77,4696.72,4698.14,62360
2025-11-04 14:25:00-05:00,4698.14,4700.96,4697.7,4698.43,58173
2025-11-04 14:30:00-05:00,4698.43,4702.89,4693.97,4696.33,76170
2025-11-04 14:35:00-05:00,4696.33,4699.89,4695.85,4698.46,37433
2025-11-04 14:40:00-05:00,4698.46,4704.08,4695.56,4703.36,37641
2025-11-04 14:45:00-05:00,4703.36,4713.01,4703.23,4709.79,38712
2025-11-04 14:50:00-05:00,4709.79,4717.2,4707.93,4714.92,79167
2025-11-04 14:55:00-05:00,4714.92,4719.44,4712.1,4712.93,74477
2025-11-04 15:00:00-05:00,4712.93,4717.27,4700.4,4708.55,69174
2025-11-04 15:05:00-05:00,4708.55,4721.21,4705.62,4719.51,34473
2025-11-04 15:10:00-05:00,4719.51,4722.47,4710.96,4716.76,47570
2025-11-04 15:15:00-05:00,4716.76,4732.27,4716.51,4721.55,35079
2025-11-04 15:20:00-05:00,4721.55,4724.05,4712.89,4714.13,38998
2025-11-04 15:25:00-05:00,4714.13,4736.81,4710.85,4726.03,71553
2025-11-04 15:30:00-05:00,4726.03,4732.73,4725.59,4732.43,106398
2025-11-04 15:35:00-05:00,4732.43,4736.73,4725.55,4728.15,137865
2025-11-04 15:40:00-05:00,4728.15,4732.19,4712.56,4715.89,130603
2025-11-04 15:45:00-05:00,4715.89,4720.04,4702.16,4708.68,97996
2025-11-04 15:50:00-05:00,4708.68,4720.59,4701.69,4718.69,89982
2025-11-04 15:55:00-05:00,4718.69,4721.95,4699.02,4699.79,149852
2025-11-05 09:30:00-05:00,4699.79,4709.76,4692.18,4695.64,124406
2025-11-05 09:35:00-05:00,4695.64,4695.79,4690.19,4692.62,124839
2025-11-05 09:40:00-05:00,4692.62,4697.95,4686.67,4695.25,140481
2025-11-05 09:45:00-05:00,4695.25,4698.68,4678.97,4685.0,130643
2025-11-05 09:50:00-05:00,4685.0,4703.19,4679.45,4702.97,106119
2025-11-05 09:55:00-05:00,4702.97,4712.92,4700.64,4705.78,118749
2025-11-05 10:00:00-05:00,4705.78,4711.21,4687.31,4691.32,55255
2025-11-05 10:05:00-05:00,4691.32,4702.95,4690.81,4693.7,39088
2025-11-05 10:10:00-05:00,4693.7,4696.17,4686.42,4692.29,66048
2025-11-05 10:15:00-05:00,4692.29,4695.39,4681.19,4683.43,31620
2025-11-05 10:20:00-05:00,4683.43,4688.08,4664.0,4667.32,32837
2025-11-05 10:25:00-05:00,4667.32,4670.62,4660.49,4666.01,69489
2025-11-05 10:30:00-05:00,4666.01,4669.05,4662.53,4667.67,74397
2025-11-05 10:35:00-05:00,4667.67,4667.78,4662.48,4664.55,62535
2025-11-05 10:40:00-05:00,4664.55,4671.56,4664.49,4670.0,30633
2025-11-05 10:45:00-05:00,4670.0,4676.35,4669.92,4676.27,69255
2025-11-05 10:50:00-05:00,4676.27,4681.39,4668.35,4670.78,55208
2025-11-05 10:55:00-05:00,4670.78,4675.79,4668.97,4675.46,65421
2025-11-05 11:00:00-05:00,4675.46,4677.04,4672.97,4674.54,40402
2025-11-05 11:05:00-05:00,4674.54,4681.9,4671.42,4681.15,55936
2025-11-05 11:10:00-05:00,4681.15,4682.34,4679.31,4680.44,50545
2025-11-05 11:15:00-05:00,4680.44,4683.35,4674.13,4676.37,43890
2025-11-05 11:20:00-05:00,4676.37,4683.19,4674.99,4682.19,36439
2025-11-05 11:25:00-05:00,4682.19,4686.61,4681.27,4684.72,47601
2025-11-05 11:30:00-05:00,4684.72,4691.33,4679.01,4689.76,68964
2025-11-05 11:35:00-05:00,4689.76,4696.14,4682.51,4693.58,73083
2025-11-05 11:40:00-05:00,4693.58,4695.3,4683.33,4689.71,34841
2025-11-05 11:45:00-05:00,4689.71,4693.91,4689.07,4693.57,76152
2025-11-05 11:50:00-05:00,4693.57,4695.65,4687.76,4689.43,62210
2025-11-05 11:55:00-05:00,4689.43,4693.78,4683.81,4684.79,79658
2025-11-05 12:00:00-05:00,4684.79,4686.1,4683.2,4683.9,73421
2025-11-05 12:05:00-05:00,4683.9,4684.86,4680.95,4684.06,66446
2025-11-05 12:10:00-05:00,4684.06,4684.07,4681.82,4682.92,38204
2025-11-05 12:15:00-05:00,4682.92,4682.97,4680.89,4681.53,78351
2025-11-05 12:20:00-05:00,4681.53,4683.3,4676.98,4679.38,66145
2025-11-05 12:25:00-05:00,4679.38,4680.22,4675.76,4676.52,37619
2025-11-05 12:30:00-05:00,4676.52,4678.89,4675.85,4676.94,66212
2025-11-05 12:35:00-05:00,4676.94,4680.72,4676.85,4678.31,61740
2025-11-05 12:40:00-05:00,4678.31,4679.46,4676.96,4679.45,68485
2025-11-05 12:45:00-05:00,4679.45,4679.95,4678.62,4679.36,49047
2025-11-05 12:50:00-05:00,4679.36,4680.73,4678.86,4679.09,77403
2025-11-05 12:55:00-05:00,4679.09,4679.35,4675.67,4677.47,56673
2025-11-05 13:00:00-05:00,4677.47,4679.44,4672.9,4674.0,31848
2025-11-05 13:05:00-05:00,4674.0,4676.44,4668.88,4669.38,45203
2025-11-05 13:10:00-05:00,4669.38,4672.59,4665.89,4671.19,66741
2025-11-05 13:15:00-05:00,4671.19,4675.03,4669.13,4670.34,50138
2025-11-05 13:20:00-05:00,4670.34,4672.42,4662.6,4664.96,34606
2025-11-05 13:25:00-05:00,4664.96,4669.28,4664.51,4667.9,34427
2025-11-05 13:30:00-05:00,4667.9,4668.6,4660.58,4664.25,72853
2025-11-05 13:35:00-05:00,4664.25,4666.36,4662.04,4663.93,48688
2025-11-05 13:40:00-05:00,4663.93,4666.15,4661.87,4664.74,48830
2025-11-05 13:45:00-05:00,4664.74,4671.14,4663.97,4670.57,58342
2025-11-05 13:50:00-05:00,4670.57,4674.62,4668.36,4669.66,79780
2025-11-05 13:55:00-05:00,4669.66,4676.44,4668.81,4673.26,56014
2025-11-05 14:00:00-05:00,4673.26,4673.49,4665.04,4665.25,61587
2025-11-05 14:05:00-05:00,4665.25,4668.25,4659.25,4663.02,63593
2025-11-05 14:10:00-05:00,4663.02,4663.24,4659.38,4660.02,35492
2025-11-05 14:15:00-05:00,4660.02,4660.05,4653.22,4656.67,62016
2025-11-05 14:20:00-05:00,4656.67,4657.31,4655.53,4656.99,64333
2025-11-05 14:25:00-05:00,4656.99,4658.93,4656.05,4657.31,31019
2025-11-05 14:30:00-05:00,4657.31,4661.5,4651.49,4652.29,71176
2025-11-05 14:35:00-05:00,4652.29,4655.6,4650.2,4650.89,51494
2025-11-05 14:40:00-05:00,4650.89,4656.99,4650.44,4653.48,76815
2025-11-05 14:45:00-05:00,4653.48,4655.54,4649.68,4653.69,46473
2025-11-05 14:50:00-05:00,4653.69,4656.71,4643.99,4647.04,49325
2025-11-05 14:55:00-05:00,4647.04,4650.72,4647.02,4650.26,54220
2025-11-05 15:00:00-05:00,4650.26,4657.04,4641.88,4649.03,74783
2025-11-05 15:05:00-05:00,4649.03,4654.26,4641.87,4650.87,72261
2025-11-05 15:10:00-05:00,4650.87,4652.93,4644.27,4648.07,64866
2025-11-05 15:15:00-05:00,4648.07,4655.57,4641.76,4653.57,63268
2025-11-05 15:20:00-05:00,4653.57,4666.27,4645.59,4663.22,30045
2025-11-05 15:25:00-05:00,4663.22,4665.26,4657.96,4664.99,53437
2025-11-05 15:30:00-05:00,4664.99,4665.99,4643.86,4645.34,114296
2025-11-05 15:35:00-05:00,4645.34,4648.84,4634.82,4634.99,119293
2025-11-05 15:40:00-05:00,4634.99,4648.82,4634.02,4642.65,117260
2025-11-05 15:45:00-05:00,4642.65,4645.2,4637.98,4641.86,109605
2025-11-05 15:50:00-05:00,4641.86,4652.11,4635.27,4645.96,119015
2025-11-05 15:55:00-05:00,4645.96,4655.13,4633.75,4638.22,96167
2025-11-06 09:30:00-05:00,4638.22,4640.87,4623.63,4630.36,92683
2025-11-06 09:35:00-05:00,4630.36,4637.18,4626.05,4632.65,97116
2025-11-06 09:40:00-05:00,4632.65,4643.48,4627.95,4641.12,98676
2025-11-06 09:45:00-05:00,4641.12,4642.07,4634.92,4637.52,139330
2025-11-06 09:50:00-05:00,4637.52,4644.53,4636.51,4643.27,141517
2025-11-06 09:55:00-05:00,4643.27,4644.55,4633.74,4635.42,84090
2025-11-06 10:00:00-05:00,4635.42,4638.07,4630.88,4632.68,69776
2025-11-06 10:05:00-05:00,4632.68,4635.8,4621.97,4632.8,62994
2025-11-06 10:10:00-05:00,4632.8,4654.31,4627.92,4649.71,33199
2025-11-06 10:15:00-05:00,4649.71,4662.15,4647.33,4656.14,71432
2025-11-06 10:20:00-05:00,4656.14,4664.97,4650.25,4663.24,59006
2025-11-06 10:25:00-05:00,4663.24,4677.04,4662.25,4672.07,46417
2025-11-06 10:30:00-05:00,4672.07,4673.34,4653.77,4658.55,75907
2025-11-06 10:35:00-05:00,4658.55,4659.67,4655.31,4659.05,43898
2025-11-06 10:40:00-05:00,4659.05,4664.74,4656.35,4662.86,30337
2025-11-06 10:45:00-05:00,4662.86,4667.45,4656.53,4666.04,57713
2025-11-06 10:50:00-05:00,4666.04,4672.28,4664.75,4668.78,32673
2025-11-06 10:55:00-05:00,4668.78,4671.86,4663.8,4664.35,66898
2025-11-06 11:00:00-05:00,4664.35,4667.98,4654.91,4657.09,77895
2025-11-06 11:05:00-05:00,4657.09,4661.99,4655.03,4658.24,43222
2025-11-06 11:10:00-05:00,4658.24,4659.82,4657.98,4658.62,50014
2025-11-06 11:15:00-05:00,4658.62,4663.12,4650.08,4651.36,75097
2025-11-06 11:20:00-05:00,4651.36,4655.47,4650.8,4655.39,70888
2025-11-06 11:25:00-05:00,4655.39,4656.57,4654.06,4656.26,63639
2025-11-06 11:30:00-05:00,4656.26,4663.22,4655.31,4661.23,41346
2025-11-06 11:35:00-05:00,4661.23,4663.03,4658.41,4660.23,78714
2025-11-06 11:40:00-05:00,4660.23,4667.38,4659.03,4663.64,69710
2025-11-06 11:45:00-05:00,4663.64,4664.5,4662.83,4663.39,43917
2025-11-06 11:50:00-05:00,4663.39,4671.36,4663.06,4669.94,64678
2025-11-06 11:55:00-05:00,4669.94,4674.45,4668.85,4672.84,38076
2025-11-06 12:00:00-05:00,4672.84,4674.24,4672.49,4673.34,75650
2025-11-06 12:05:00-05:00,4673.34,4675.25,4672.64,4674.88,46108
2025-11-06 12:10:00-05:00,4674.88,4675.47,4671.99,4673.78,75357
2025-11-06 12:15:00-05:00,4673.78,4674.58,4672.19,4674.37,49076
2025-11-06 12:20:00-05:00,4674.37,4680.26,4673.92,4676.68,41573
2025-11-06 12:25:00-05:00,4676.68,4678.99,4674.08,4674.42,72840
2025-11-06 12:30:00-05:00,4674.42,4674.84,4671.0,4672.81,70108
2025-11-06 12:35:00-05:00,4672.81,4676.09,4671.51,4674.56,44604
2025-11-06 12:40:00-05:00,4674.56,4675.7,4673.58,4675.39,51219
2025-11-06 12:45:00-05:00,4675.39,4676.67,4672.14,4674.33,66782
2025-11-06 12:50:00-05:00,4674.33,4674.71,4671.96,4674.27,59790
2025-11-06 12:55:00-05:00,4674.27,4675.86,4673.82,4675.75,41213
2025-11-06 13:00:00-05:00,4675.75,4676.14,4672.01,4672.71,45398
2025-11-06 13:05:00-05:00,4672.71,4673.65,4666.38,4668.86,37450
2025-11-06 13:10:00-05:00,4668.86,4671.51,4663.05,4666.77,77664
2025-11-06 13:15:00-05:00,4666.77,4670.15,4662.74,4669.58,40774
2025-11-06 13:20:00-05:00,4669.58,4670.35,4666.63,4670.24,66181
2025-11-06 13:25:00-05:00,4670.24,4671.49,4660.57,4665.33,43986
2025-11-06 13:30:00-05:00,4665.33,4666.5,4660.63,4660.8,50557
2025-11-06 13:35:00-05:00,4660.8,4671.29,4658.04,4669.4,45802
2025-11-06 13:40:00-05:00,4669.4,4671.06,4668.64,4670.23,33454
2025-11-06 13:45:00-05:00,4670.23,4674.78,4665.68,4672.75,59393
2025-11-06 13:50:00-05:00,4672.75,4678.48,4671.44,4675.4,52787
2025-11-06 13:55:00-05:00,4675.4,4678.0,4673.98,4674.98,69351
2025-11-06 14:00:00-05:00,4674.98,4675.94,4672.83,4673.93,68059
2025-11-06 14:05:00-05:00,4673.93,4675.41,4672.16,4672.6,44239
2025-11-06 14:10:00-05:00,4672.6,4676.38,4671.87,4672.88,56129
2025-11-06 14:15:00-05:00,4672.88,4677.72,4669.8,4677.5,50531
2025-11-06 14:20:00-05:00,4677.5,4693.56,4675.76,4691.69,39616
2025-11-06 14:25:00-05:00,4691.69,4691.99,4682.64,4685.17,58646
2025-11-06 14:30:00-05:00,4685.17,4687.98,4682.23,4683.46,70112
2025-11-06 14:35:00-05:00,4683.46,4687.7,4681.13,4683.36,31031
2025-11-06 14:40:00-05:00,4683.36,4695.64,4683.26,4689.04,40437
2025-11-06 14:45:00-05:00,4689.04,4691.58,4682.94,4683.47,64318
2025-11-06 14:50:00-05:00,4683.47,4686.99,4678.03,4681.33,75682
2025-11-06 14:55:00-05:00,4681.33,4687.19,4675.83,4684.81,33856
2025-11-06 15:00:00-05:00,4684.81,4704.7,4679.2,4698.52,60755
2025-11-06 15:05:00-05:00,4698.52,4698.7,4697.02,4698.15,47932
2025-11-06 15:10:00-05:00,4698.15,4702.6,4679.94,4684.4,40866
2025-11-06 15:15:00-05:00,4684.4,4694.93,4677.04,4691.6,61335
2025-11-06 15:20:00-05:00,4691.6,4697.12,4679.28,4681.26,64954
2025-11-06 15:25:00-05:00,4681.26,4687.46,4672.56,4676.48,67116
2025-11-06 15:30:00-05:00,4676.48,4678.67,4672.84,4678.39,139201
2025-11-06 15:35:00-05:00,4678.39,4678.49,4666.02,4674.96,123168
2025-11-06 15:40:00-05:00,4674.96,4679.77,4660.55,4665.01,140167
2025-11-06 15:45:00-05:00,4665.01,4665.17,4655.73,4657.42,94568
2025-11-06 15:50:00-05:00,4657.42,4674.1,4648.97,4666.58,132948
2025-11-06 15:55:00-05:00,4666.58,4670.61,4652.65,4654.53,102650
